solid OpenSCAD_Model
  facet normal 0.0490904 0.998794 -0
    outer loop
      vertex -22.86 7.69 0.5
      vertex -22.9776 7.69578 1.8
      vertex -22.86 7.69 1.8
    endloop
  endfacet
  facet normal 0.0490904 0.998794 0
    outer loop
      vertex -22.9776 7.69578 1.8
      vertex -22.86 7.69 0.5
      vertex -22.9776 7.69578 0.5
    endloop
  endfacet
  facet normal -0.989151 0.146899 0
    outer loop
      vertex -21.6831 8.65589 0.5
      vertex -21.6658 8.77238 1.8
      vertex -21.6658 8.77238 0.5
    endloop
  endfacet
  facet normal -0.989151 0.146899 0
    outer loop
      vertex -21.6658 8.77238 1.8
      vertex -21.6831 8.65589 0.5
      vertex -21.6831 8.65589 1.8
    endloop
  endfacet
  facet normal -0.998786 0.0492515 0
    outer loop
      vertex -21.6658 8.77238 0.5
      vertex -21.66 8.89 1.8
      vertex -21.66 8.89 0.5
    endloop
  endfacet
  facet normal -0.998786 0.0492515 0
    outer loop
      vertex -21.66 8.89 1.8
      vertex -21.6658 8.77238 0.5
      vertex -21.6658 8.77238 1.8
    endloop
  endfacet
  facet normal -0.970058 0.242875 0
    outer loop
      vertex -21.7117 8.54166 0.5
      vertex -21.6831 8.65589 1.8
      vertex -21.6831 8.65589 0.5
    endloop
  endfacet
  facet normal -0.970058 0.242875 0
    outer loop
      vertex -21.6831 8.65589 1.8
      vertex -21.7117 8.54166 0.5
      vertex -21.7117 8.54166 1.8
    endloop
  endfacet
  facet normal 0.0492599 -0.998786 0
    outer loop
      vertex -22.9776 10.0842 0.5
      vertex -22.86 10.09 1.8
      vertex -22.9776 10.0842 1.8
    endloop
  endfacet
  facet normal 0.0492599 -0.998786 0
    outer loop
      vertex -22.86 10.09 1.8
      vertex -22.9776 10.0842 0.5
      vertex -22.86 10.09 0.5
    endloop
  endfacet
  facet normal -0.803015 0.595958 0
    outer loop
      vertex -21.9324 8.12873 0.5
      vertex -21.8622 8.22332 1.8
      vertex -21.8622 8.22332 0.5
    endloop
  endfacet
  facet normal -0.803015 0.595958 0
    outer loop
      vertex -21.8622 8.22332 1.8
      vertex -21.9324 8.12873 0.5
      vertex -21.9324 8.12873 1.8
    endloop
  endfacet
  facet normal -0.595644 0.803249 0
    outer loop
      vertex -22.0987 7.96239 0.5
      vertex -22.1933 7.89224 1.8
      vertex -22.0987 7.96239 1.8
    endloop
  endfacet
  facet normal -0.595644 0.803249 0
    outer loop
      vertex -22.1933 7.89224 1.8
      vertex -22.0987 7.96239 0.5
      vertex -22.1933 7.89224 0.5
    endloop
  endfacet
  facet normal 0.941742 0.336336 0
    outer loop
      vertex -23.9687 8.43078 1.8
      vertex -24.0083 8.54166 0.5
      vertex -24.0083 8.54166 1.8
    endloop
  endfacet
  facet normal 0.941742 0.336336 0
    outer loop
      vertex -24.0083 8.54166 0.5
      vertex -23.9687 8.43078 1.8
      vertex -23.9687 8.43078 0.5
    endloop
  endfacet
  facet normal -0.998786 -0.0492515 0
    outer loop
      vertex -21.66 8.89 0.5
      vertex -21.6658 9.00762 1.8
      vertex -21.6658 9.00762 0.5
    endloop
  endfacet
  facet normal -0.998786 -0.0492515 0
    outer loop
      vertex -21.6658 9.00762 1.8
      vertex -21.66 8.89 0.5
      vertex -21.66 8.89 1.8
    endloop
  endfacet
  facet normal 0.427481 0.904025 -0
    outer loop
      vertex -23.3192 7.78134 0.5
      vertex -23.4257 7.8317 1.8
      vertex -23.3192 7.78134 1.8
    endloop
  endfacet
  facet normal 0.427481 0.904025 0
    outer loop
      vertex -23.4257 7.8317 1.8
      vertex -23.3192 7.78134 0.5
      vertex -23.4257 7.8317 0.5
    endloop
  endfacet
  facet normal 0.146721 0.989178 -0
    outer loop
      vertex -22.9776 7.69578 0.5
      vertex -23.0941 7.71306 1.8
      vertex -22.9776 7.69578 1.8
    endloop
  endfacet
  facet normal 0.146721 0.989178 0
    outer loop
      vertex -23.0941 7.71306 1.8
      vertex -22.9776 7.69578 0.5
      vertex -23.0941 7.71306 0.5
    endloop
  endfacet
  facet normal 0.7409 0.671616 0
    outer loop
      vertex -23.7085 8.04147 1.8
      vertex -23.7876 8.12873 0.5
      vertex -23.7876 8.12873 1.8
    endloop
  endfacet
  facet normal 0.7409 0.671616 0
    outer loop
      vertex -23.7876 8.12873 0.5
      vertex -23.7085 8.04147 1.8
      vertex -23.7085 8.04147 0.5
    endloop
  endfacet
  facet normal -0.427481 0.904025 0
    outer loop
      vertex -22.2943 7.8317 0.5
      vertex -22.4008 7.78134 1.8
      vertex -22.2943 7.8317 1.8
    endloop
  endfacet
  facet normal -0.427481 0.904025 0
    outer loop
      vertex -22.4008 7.78134 1.8
      vertex -22.2943 7.8317 0.5
      vertex -22.4008 7.78134 0.5
    endloop
  endfacet
  facet normal 0.857867 0.513871 0
    outer loop
      vertex -23.8578 8.22332 1.8
      vertex -23.9183 8.32432 0.5
      vertex -23.9183 8.32432 1.8
    endloop
  endfacet
  facet normal 0.857867 0.513871 0
    outer loop
      vertex -23.9183 8.32432 0.5
      vertex -23.8578 8.22332 1.8
      vertex -23.8578 8.22332 0.5
    endloop
  endfacet
  facet normal -0.336584 -0.941654 0
    outer loop
      vertex -22.5117 10.0383 0.5
      vertex -22.4008 9.99866 1.8
      vertex -22.5117 10.0383 1.8
    endloop
  endfacet
  facet normal -0.336584 -0.941654 -0
    outer loop
      vertex -22.4008 9.99866 1.8
      vertex -22.5117 10.0383 0.5
      vertex -22.4008 9.99866 0.5
    endloop
  endfacet
  facet normal 0.33681 0.941573 -0
    outer loop
      vertex -23.2083 7.74167 0.5
      vertex -23.3192 7.78134 1.8
      vertex -23.2083 7.74167 1.8
    endloop
  endfacet
  facet normal 0.33681 0.941573 0
    outer loop
      vertex -23.3192 7.78134 1.8
      vertex -23.2083 7.74167 0.5
      vertex -23.3192 7.78134 0.5
    endloop
  endfacet
  facet normal 0.595644 0.803249 -0
    outer loop
      vertex -23.5267 7.89224 0.5
      vertex -23.6213 7.96239 1.8
      vertex -23.5267 7.89224 1.8
    endloop
  endfacet
  facet normal 0.595644 0.803249 0
    outer loop
      vertex -23.6213 7.96239 1.8
      vertex -23.5267 7.89224 0.5
      vertex -23.6213 7.96239 0.5
    endloop
  endfacet
  facet normal 0.998786 -0.0492515 0
    outer loop
      vertex -24.06 8.89 1.8
      vertex -24.0542 9.00762 0.5
      vertex -24.0542 9.00762 1.8
    endloop
  endfacet
  facet normal 0.998786 -0.0492515 0
    outer loop
      vertex -24.0542 9.00762 0.5
      vertex -24.06 8.89 1.8
      vertex -24.06 8.89 0.5
    endloop
  endfacet
  facet normal 0.803015 -0.595958 0
    outer loop
      vertex -23.8578 9.55668 1.8
      vertex -23.7876 9.65127 0.5
      vertex -23.7876 9.65127 1.8
    endloop
  endfacet
  facet normal 0.803015 -0.595958 0
    outer loop
      vertex -23.7876 9.65127 0.5
      vertex -23.8578 9.55668 1.8
      vertex -23.8578 9.55668 0.5
    endloop
  endfacet
  facet normal -0.989151 -0.146899 0
    outer loop
      vertex -21.6658 9.00762 0.5
      vertex -21.6831 9.12411 1.8
      vertex -21.6831 9.12411 0.5
    endloop
  endfacet
  facet normal -0.989151 -0.146899 0
    outer loop
      vertex -21.6831 9.12411 1.8
      vertex -21.6658 9.00762 0.5
      vertex -21.6658 9.00762 1.8
    endloop
  endfacet
  facet normal -0.941742 0.336336 0
    outer loop
      vertex -21.7513 8.43078 0.5
      vertex -21.7117 8.54166 1.8
      vertex -21.7117 8.54166 0.5
    endloop
  endfacet
  facet normal -0.941742 0.336336 0
    outer loop
      vertex -21.7117 8.54166 1.8
      vertex -21.7513 8.43078 0.5
      vertex -21.7513 8.43078 1.8
    endloop
  endfacet
  facet normal 0.857867 -0.513871 0
    outer loop
      vertex -23.9183 9.45568 1.8
      vertex -23.8578 9.55668 0.5
      vertex -23.8578 9.55668 1.8
    endloop
  endfacet
  facet normal 0.857867 -0.513871 0
    outer loop
      vertex -23.8578 9.55668 0.5
      vertex -23.9183 9.45568 1.8
      vertex -23.9183 9.45568 0.5
    endloop
  endfacet
  facet normal -0.803015 -0.595958 0
    outer loop
      vertex -21.8622 9.55668 0.5
      vertex -21.9324 9.65127 1.8
      vertex -21.9324 9.65127 0.5
    endloop
  endfacet
  facet normal -0.803015 -0.595958 0
    outer loop
      vertex -21.9324 9.65127 1.8
      vertex -21.8622 9.55668 0.5
      vertex -21.8622 9.55668 1.8
    endloop
  endfacet
  facet normal -0.33681 0.941573 0
    outer loop
      vertex -22.4008 7.78134 0.5
      vertex -22.5117 7.74167 1.8
      vertex -22.4008 7.78134 1.8
    endloop
  endfacet
  facet normal -0.33681 0.941573 0
    outer loop
      vertex -22.5117 7.74167 1.8
      vertex -22.4008 7.78134 0.5
      vertex -22.5117 7.74167 0.5
    endloop
  endfacet
  facet normal -0.7409 0.671616 0
    outer loop
      vertex -22.0115 8.04147 0.5
      vertex -21.9324 8.12873 1.8
      vertex -21.9324 8.12873 0.5
    endloop
  endfacet
  facet normal -0.7409 0.671616 0
    outer loop
      vertex -21.9324 8.12873 1.8
      vertex -22.0115 8.04147 0.5
      vertex -22.0115 8.04147 1.8
    endloop
  endfacet
  facet normal 0.903831 0.427889 0
    outer loop
      vertex -23.9183 8.32432 1.8
      vertex -23.9687 8.43078 0.5
      vertex -23.9687 8.43078 1.8
    endloop
  endfacet
  facet normal 0.903831 0.427889 0
    outer loop
      vertex -23.9687 8.43078 0.5
      vertex -23.9183 8.32432 1.8
      vertex -23.9183 8.32432 0.5
    endloop
  endfacet
  facet normal -0.146721 0.989178 0
    outer loop
      vertex -22.6259 7.71306 0.5
      vertex -22.7424 7.69578 1.8
      vertex -22.6259 7.71306 1.8
    endloop
  endfacet
  facet normal -0.146721 0.989178 0
    outer loop
      vertex -22.7424 7.69578 1.8
      vertex -22.6259 7.71306 0.5
      vertex -22.7424 7.69578 0.5
    endloop
  endfacet
  facet normal -0.514184 -0.85768 0
    outer loop
      vertex -22.2943 9.94831 0.5
      vertex -22.1933 9.88776 1.8
      vertex -22.2943 9.94831 1.8
    endloop
  endfacet
  facet normal -0.514184 -0.85768 -0
    outer loop
      vertex -22.1933 9.88776 1.8
      vertex -22.2943 9.94831 0.5
      vertex -22.1933 9.88776 0.5
    endloop
  endfacet
  facet normal -0.514121 0.857718 0
    outer loop
      vertex -22.1933 7.89224 0.5
      vertex -22.2943 7.8317 1.8
      vertex -22.1933 7.89224 1.8
    endloop
  endfacet
  facet normal -0.514121 0.857718 0
    outer loop
      vertex -22.2943 7.8317 1.8
      vertex -22.1933 7.89224 0.5
      vertex -22.2943 7.8317 0.5
    endloop
  endfacet
  facet normal 0.243015 0.970022 -0
    outer loop
      vertex -23.0941 7.71306 0.5
      vertex -23.2083 7.74167 1.8
      vertex -23.0941 7.71306 1.8
    endloop
  endfacet
  facet normal 0.243015 0.970022 0
    outer loop
      vertex -23.2083 7.74167 1.8
      vertex -23.0941 7.71306 0.5
      vertex -23.2083 7.74167 0.5
    endloop
  endfacet
  facet normal 0.903831 -0.427889 0
    outer loop
      vertex -23.9687 9.34922 1.8
      vertex -23.9183 9.45568 0.5
      vertex -23.9183 9.45568 1.8
    endloop
  endfacet
  facet normal 0.903831 -0.427889 0
    outer loop
      vertex -23.9183 9.45568 0.5
      vertex -23.9687 9.34922 1.8
      vertex -23.9687 9.34922 0.5
    endloop
  endfacet
  facet normal -0.903831 0.427889 0
    outer loop
      vertex -21.8017 8.32432 0.5
      vertex -21.7513 8.43078 1.8
      vertex -21.7513 8.43078 0.5
    endloop
  endfacet
  facet normal -0.903831 0.427889 0
    outer loop
      vertex -21.7513 8.43078 1.8
      vertex -21.8017 8.32432 0.5
      vertex -21.8017 8.32432 1.8
    endloop
  endfacet
  facet normal -0.671776 -0.740754 0
    outer loop
      vertex -22.0987 9.81761 0.5
      vertex -22.0115 9.73853 1.8
      vertex -22.0987 9.81761 1.8
    endloop
  endfacet
  facet normal -0.671776 -0.740754 -0
    outer loop
      vertex -22.0115 9.73853 1.8
      vertex -22.0987 9.81761 0.5
      vertex -22.0115 9.73853 0.5
    endloop
  endfacet
  facet normal 0.998786 0.0492515 0
    outer loop
      vertex -24.0542 8.77238 1.8
      vertex -24.06 8.89 0.5
      vertex -24.06 8.89 1.8
    endloop
  endfacet
  facet normal 0.998786 0.0492515 0
    outer loop
      vertex -24.06 8.89 0.5
      vertex -24.0542 8.77238 1.8
      vertex -24.0542 8.77238 0.5
    endloop
  endfacet
  facet normal 0.989151 -0.146899 0
    outer loop
      vertex -24.0542 9.00762 1.8
      vertex -24.0369 9.12411 0.5
      vertex -24.0369 9.12411 1.8
    endloop
  endfacet
  facet normal 0.989151 -0.146899 0
    outer loop
      vertex -24.0369 9.12411 0.5
      vertex -24.0542 9.00762 1.8
      vertex -24.0542 9.00762 0.5
    endloop
  endfacet
  facet normal 0.595644 -0.803249 0
    outer loop
      vertex -23.6213 9.81761 0.5
      vertex -23.5267 9.88776 1.8
      vertex -23.6213 9.81761 1.8
    endloop
  endfacet
  facet normal 0.595644 -0.803249 0
    outer loop
      vertex -23.5267 9.88776 1.8
      vertex -23.6213 9.81761 0.5
      vertex -23.5267 9.88776 0.5
    endloop
  endfacet
  facet normal -0.146887 -0.989153 0
    outer loop
      vertex -22.7424 10.0842 0.5
      vertex -22.6259 10.0669 1.8
      vertex -22.7424 10.0842 1.8
    endloop
  endfacet
  facet normal -0.146887 -0.989153 -0
    outer loop
      vertex -22.6259 10.0669 1.8
      vertex -22.7424 10.0842 0.5
      vertex -22.6259 10.0669 0.5
    endloop
  endfacet
  facet normal 0.941742 -0.336336 0
    outer loop
      vertex -24.0083 9.23834 1.8
      vertex -23.9687 9.34922 0.5
      vertex -23.9687 9.34922 1.8
    endloop
  endfacet
  facet normal 0.941742 -0.336336 0
    outer loop
      vertex -23.9687 9.34922 0.5
      vertex -24.0083 9.23834 1.8
      vertex -24.0083 9.23834 0.5
    endloop
  endfacet
  facet normal -0.595644 -0.803249 0
    outer loop
      vertex -22.1933 9.88776 0.5
      vertex -22.0987 9.81761 1.8
      vertex -22.1933 9.88776 1.8
    endloop
  endfacet
  facet normal -0.595644 -0.803249 -0
    outer loop
      vertex -22.0987 9.81761 1.8
      vertex -22.1933 9.88776 0.5
      vertex -22.0987 9.81761 0.5
    endloop
  endfacet
  facet normal -0.427411 -0.904057 0
    outer loop
      vertex -22.4008 9.99866 0.5
      vertex -22.2943 9.94831 1.8
      vertex -22.4008 9.99866 1.8
    endloop
  endfacet
  facet normal -0.427411 -0.904057 -0
    outer loop
      vertex -22.2943 9.94831 1.8
      vertex -22.4008 9.99866 0.5
      vertex -22.2943 9.94831 0.5
    endloop
  endfacet
  facet normal 0.7409 -0.671616 0
    outer loop
      vertex -23.7876 9.65127 1.8
      vertex -23.7085 9.73853 0.5
      vertex -23.7085 9.73853 1.8
    endloop
  endfacet
  facet normal 0.7409 -0.671616 0
    outer loop
      vertex -23.7085 9.73853 0.5
      vertex -23.7876 9.65127 1.8
      vertex -23.7876 9.65127 0.5
    endloop
  endfacet
  facet normal 0.671776 -0.740754 0
    outer loop
      vertex -23.7085 9.73853 0.5
      vertex -23.6213 9.81761 1.8
      vertex -23.7085 9.73853 1.8
    endloop
  endfacet
  facet normal 0.671776 -0.740754 0
    outer loop
      vertex -23.6213 9.81761 1.8
      vertex -23.7085 9.73853 0.5
      vertex -23.6213 9.81761 0.5
    endloop
  endfacet
  facet normal 0.242935 -0.970042 0
    outer loop
      vertex -23.2083 10.0383 0.5
      vertex -23.0941 10.0669 1.8
      vertex -23.2083 10.0383 1.8
    endloop
  endfacet
  facet normal 0.242935 -0.970042 0
    outer loop
      vertex -23.0941 10.0669 1.8
      vertex -23.2083 10.0383 0.5
      vertex -23.0941 10.0669 0.5
    endloop
  endfacet
  facet normal -0.0490904 0.998794 0
    outer loop
      vertex -22.7424 7.69578 0.5
      vertex -22.86 7.69 1.8
      vertex -22.7424 7.69578 1.8
    endloop
  endfacet
  facet normal -0.0490904 0.998794 0
    outer loop
      vertex -22.86 7.69 1.8
      vertex -22.7424 7.69578 0.5
      vertex -22.86 7.69 0.5
    endloop
  endfacet
  facet normal -0.903831 -0.427889 0
    outer loop
      vertex -21.7513 9.34922 0.5
      vertex -21.8017 9.45568 1.8
      vertex -21.8017 9.45568 0.5
    endloop
  endfacet
  facet normal -0.903831 -0.427889 0
    outer loop
      vertex -21.8017 9.45568 1.8
      vertex -21.7513 9.34922 0.5
      vertex -21.7513 9.34922 1.8
    endloop
  endfacet
  facet normal 0.514121 0.857718 -0
    outer loop
      vertex -23.4257 7.8317 0.5
      vertex -23.5267 7.89224 1.8
      vertex -23.4257 7.8317 1.8
    endloop
  endfacet
  facet normal 0.514121 0.857718 0
    outer loop
      vertex -23.5267 7.89224 1.8
      vertex -23.4257 7.8317 0.5
      vertex -23.5267 7.89224 0.5
    endloop
  endfacet
  facet normal -0.671776 0.740754 0
    outer loop
      vertex -22.0115 8.04147 0.5
      vertex -22.0987 7.96239 1.8
      vertex -22.0115 8.04147 1.8
    endloop
  endfacet
  facet normal -0.671776 0.740754 0
    outer loop
      vertex -22.0987 7.96239 1.8
      vertex -22.0115 8.04147 0.5
      vertex -22.0987 7.96239 0.5
    endloop
  endfacet
  facet normal 0.970058 0.242875 0
    outer loop
      vertex -24.0083 8.54166 1.8
      vertex -24.0369 8.65589 0.5
      vertex -24.0369 8.65589 1.8
    endloop
  endfacet
  facet normal 0.970058 0.242875 0
    outer loop
      vertex -24.0369 8.65589 0.5
      vertex -24.0083 8.54166 1.8
      vertex -24.0083 8.54166 0.5
    endloop
  endfacet
  facet normal -0.970058 -0.242875 0
    outer loop
      vertex -21.6831 9.12411 0.5
      vertex -21.7117 9.23834 1.8
      vertex -21.7117 9.23834 0.5
    endloop
  endfacet
  facet normal -0.970058 -0.242875 0
    outer loop
      vertex -21.7117 9.23834 1.8
      vertex -21.6831 9.12411 0.5
      vertex -21.6831 9.12411 1.8
    endloop
  endfacet
  facet normal -0.242935 -0.970042 0
    outer loop
      vertex -22.6259 10.0669 0.5
      vertex -22.5117 10.0383 1.8
      vertex -22.6259 10.0669 1.8
    endloop
  endfacet
  facet normal -0.242935 -0.970042 -0
    outer loop
      vertex -22.5117 10.0383 1.8
      vertex -22.6259 10.0669 0.5
      vertex -22.5117 10.0383 0.5
    endloop
  endfacet
  facet normal -0.7409 -0.671616 0
    outer loop
      vertex -21.9324 9.65127 0.5
      vertex -22.0115 9.73853 1.8
      vertex -22.0115 9.73853 0.5
    endloop
  endfacet
  facet normal -0.7409 -0.671616 0
    outer loop
      vertex -22.0115 9.73853 1.8
      vertex -21.9324 9.65127 0.5
      vertex -21.9324 9.65127 1.8
    endloop
  endfacet
  facet normal -0.857867 0.513871 0
    outer loop
      vertex -21.8622 8.22332 0.5
      vertex -21.8017 8.32432 1.8
      vertex -21.8017 8.32432 0.5
    endloop
  endfacet
  facet normal -0.857867 0.513871 0
    outer loop
      vertex -21.8017 8.32432 1.8
      vertex -21.8622 8.22332 0.5
      vertex -21.8622 8.22332 1.8
    endloop
  endfacet
  facet normal -0.0492599 -0.998786 0
    outer loop
      vertex -22.86 10.09 0.5
      vertex -22.7424 10.0842 1.8
      vertex -22.86 10.09 1.8
    endloop
  endfacet
  facet normal -0.0492599 -0.998786 -0
    outer loop
      vertex -22.7424 10.0842 1.8
      vertex -22.86 10.09 0.5
      vertex -22.7424 10.0842 0.5
    endloop
  endfacet
  facet normal 0.970058 -0.242875 0
    outer loop
      vertex -24.0369 9.12411 1.8
      vertex -24.0083 9.23834 0.5
      vertex -24.0083 9.23834 1.8
    endloop
  endfacet
  facet normal 0.970058 -0.242875 0
    outer loop
      vertex -24.0083 9.23834 0.5
      vertex -24.0369 9.12411 1.8
      vertex -24.0369 9.12411 0.5
    endloop
  endfacet
  facet normal 0.671776 0.740754 -0
    outer loop
      vertex -23.6213 7.96239 0.5
      vertex -23.7085 8.04147 1.8
      vertex -23.6213 7.96239 1.8
    endloop
  endfacet
  facet normal 0.671776 0.740754 0
    outer loop
      vertex -23.7085 8.04147 1.8
      vertex -23.6213 7.96239 0.5
      vertex -23.7085 8.04147 0.5
    endloop
  endfacet
  facet normal 0.514184 -0.85768 0
    outer loop
      vertex -23.5267 9.88776 0.5
      vertex -23.4257 9.94831 1.8
      vertex -23.5267 9.88776 1.8
    endloop
  endfacet
  facet normal 0.514184 -0.85768 0
    outer loop
      vertex -23.4257 9.94831 1.8
      vertex -23.5267 9.88776 0.5
      vertex -23.4257 9.94831 0.5
    endloop
  endfacet
  facet normal 0.336584 -0.941654 0
    outer loop
      vertex -23.3192 9.99866 0.5
      vertex -23.2083 10.0383 1.8
      vertex -23.3192 9.99866 1.8
    endloop
  endfacet
  facet normal 0.336584 -0.941654 0
    outer loop
      vertex -23.2083 10.0383 1.8
      vertex -23.3192 9.99866 0.5
      vertex -23.2083 10.0383 0.5
    endloop
  endfacet
  facet normal -0.857867 -0.513871 0
    outer loop
      vertex -21.8017 9.45568 0.5
      vertex -21.8622 9.55668 1.8
      vertex -21.8622 9.55668 0.5
    endloop
  endfacet
  facet normal -0.857867 -0.513871 0
    outer loop
      vertex -21.8622 9.55668 1.8
      vertex -21.8017 9.45568 0.5
      vertex -21.8017 9.45568 1.8
    endloop
  endfacet
  facet normal -0.941742 -0.336336 0
    outer loop
      vertex -21.7117 9.23834 0.5
      vertex -21.7513 9.34922 1.8
      vertex -21.7513 9.34922 0.5
    endloop
  endfacet
  facet normal -0.941742 -0.336336 0
    outer loop
      vertex -21.7513 9.34922 1.8
      vertex -21.7117 9.23834 0.5
      vertex -21.7117 9.23834 1.8
    endloop
  endfacet
  facet normal 0.427411 -0.904057 0
    outer loop
      vertex -23.4257 9.94831 0.5
      vertex -23.3192 9.99866 1.8
      vertex -23.4257 9.94831 1.8
    endloop
  endfacet
  facet normal 0.427411 -0.904057 0
    outer loop
      vertex -23.3192 9.99866 1.8
      vertex -23.4257 9.94831 0.5
      vertex -23.3192 9.99866 0.5
    endloop
  endfacet
  facet normal 0.989151 0.146899 0
    outer loop
      vertex -24.0369 8.65589 1.8
      vertex -24.0542 8.77238 0.5
      vertex -24.0542 8.77238 1.8
    endloop
  endfacet
  facet normal 0.989151 0.146899 0
    outer loop
      vertex -24.0542 8.77238 0.5
      vertex -24.0369 8.65589 1.8
      vertex -24.0369 8.65589 0.5
    endloop
  endfacet
  facet normal -0.243015 0.970022 0
    outer loop
      vertex -22.5117 7.74167 0.5
      vertex -22.6259 7.71306 1.8
      vertex -22.5117 7.74167 1.8
    endloop
  endfacet
  facet normal -0.243015 0.970022 0
    outer loop
      vertex -22.6259 7.71306 1.8
      vertex -22.5117 7.74167 0.5
      vertex -22.6259 7.71306 0.5
    endloop
  endfacet
  facet normal 0.803015 0.595958 0
    outer loop
      vertex -23.7876 8.12873 1.8
      vertex -23.8578 8.22332 0.5
      vertex -23.8578 8.22332 1.8
    endloop
  endfacet
  facet normal 0.803015 0.595958 0
    outer loop
      vertex -23.8578 8.22332 0.5
      vertex -23.7876 8.12873 1.8
      vertex -23.7876 8.12873 0.5
    endloop
  endfacet
  facet normal 0.146887 -0.989153 0
    outer loop
      vertex -23.0941 10.0669 0.5
      vertex -22.9776 10.0842 1.8
      vertex -23.0941 10.0669 1.8
    endloop
  endfacet
  facet normal 0.146887 -0.989153 0
    outer loop
      vertex -22.9776 10.0842 1.8
      vertex -23.0941 10.0669 0.5
      vertex -22.9776 10.0842 0.5
    endloop
  endfacet
  facet normal 0.146672 0.989185 -0
    outer loop
      vertex -23.0854 6.60108 0
      vertex -23.3087 6.63419 0.5
      vertex -23.0854 6.60108 0.5
    endloop
  endfacet
  facet normal 0.146672 0.989185 0
    outer loop
      vertex -23.3087 6.63419 0.5
      vertex -23.0854 6.60108 0
      vertex -23.3087 6.63419 0
    endloop
  endfacet
  facet normal -0.989189 0.146648 0
    outer loop
      vertex -20.6042 8.44129 0
      vertex -20.5711 8.66456 0.5
      vertex -20.5711 8.66456 0
    endloop
  endfacet
  facet normal -0.989189 0.146648 0
    outer loop
      vertex -20.5711 8.66456 0.5
      vertex -20.6042 8.44129 0
      vertex -20.6042 8.44129 0.5
    endloop
  endfacet
  facet normal -0.99879 0.0491775 0
    outer loop
      vertex -20.5711 8.66456 0
      vertex -20.56 8.89 0.5
      vertex -20.56 8.89 0
    endloop
  endfacet
  facet normal -0.99879 0.0491775 0
    outer loop
      vertex -20.56 8.89 0.5
      vertex -20.5711 8.66456 0
      vertex -20.5711 8.66456 0.5
    endloop
  endfacet
  facet normal -0.970075 0.242807 0
    outer loop
      vertex -20.659 8.22235 0
      vertex -20.6042 8.44129 0.5
      vertex -20.6042 8.44129 0
    endloop
  endfacet
  facet normal -0.970075 0.242807 0
    outer loop
      vertex -20.6042 8.44129 0.5
      vertex -20.659 8.22235 0
      vertex -20.659 8.22235 0.5
    endloop
  endfacet
  facet normal -0.99879 -0.0491775 0
    outer loop
      vertex -20.56 8.89 0
      vertex -20.5711 9.11544 0.5
      vertex -20.5711 9.11544 0
    endloop
  endfacet
  facet normal -0.99879 -0.0491775 0
    outer loop
      vertex -20.5711 9.11544 0.5
      vertex -20.56 8.89 0
      vertex -20.56 8.89 0.5
    endloop
  endfacet
  facet normal 0.336915 0.941535 -0
    outer loop
      vertex -23.5277 6.68904 0
      vertex -23.7402 6.76508 0.5
      vertex -23.5277 6.68904 0.5
    endloop
  endfacet
  facet normal 0.336915 0.941535 0
    outer loop
      vertex -23.7402 6.76508 0.5
      vertex -23.5277 6.68904 0
      vertex -23.7402 6.76508 0
    endloop
  endfacet
  facet normal -0.941461 -0.337122 0
    outer loop
      vertex -20.659 9.55765 0
      vertex -20.7351 9.77017 0.5
      vertex -20.7351 9.77017 0
    endloop
  endfacet
  facet normal -0.941461 -0.337122 0
    outer loop
      vertex -20.7351 9.77017 0.5
      vertex -20.659 9.55765 0
      vertex -20.659 9.55765 0.5
    endloop
  endfacet
  facet normal -0.671702 -0.740822 0
    outer loop
      vertex -21.4009 10.6679 0
      vertex -21.2337 10.5163 0.5
      vertex -21.4009 10.6679 0.5
    endloop
  endfacet
  facet normal -0.671702 -0.740822 -0
    outer loop
      vertex -21.2337 10.5163 0.5
      vertex -21.4009 10.6679 0
      vertex -21.2337 10.5163 0
    endloop
  endfacet
  facet normal -0.336915 0.941535 0
    outer loop
      vertex -21.9798 6.76508 0
      vertex -22.1923 6.68904 0.5
      vertex -21.9798 6.76508 0.5
    endloop
  endfacet
  facet normal -0.336915 0.941535 0
    outer loop
      vertex -22.1923 6.68904 0.5
      vertex -21.9798 6.76508 0
      vertex -22.1923 6.68904 0
    endloop
  endfacet
  facet normal -0.80311 0.595831 0
    outer loop
      vertex -21.0821 7.4309 0
      vertex -20.9476 7.61219 0.5
      vertex -20.9476 7.61219 0
    endloop
  endfacet
  facet normal -0.80311 0.595831 0
    outer loop
      vertex -20.9476 7.61219 0.5
      vertex -21.0821 7.4309 0
      vertex -21.0821 7.4309 0.5
    endloop
  endfacet
  facet normal -0.514105 0.857727 0
    outer loop
      vertex -21.5822 6.97762 0
      vertex -21.7758 6.86158 0.5
      vertex -21.5822 6.97762 0.5
    endloop
  endfacet
  facet normal -0.514105 0.857727 0
    outer loop
      vertex -21.7758 6.86158 0.5
      vertex -21.5822 6.97762 0
      vertex -21.7758 6.86158 0
    endloop
  endfacet
  facet normal 0.146629 -0.989192 0
    outer loop
      vertex -23.3087 11.1458 0
      vertex -23.0854 11.1789 0.5
      vertex -23.3087 11.1458 0.5
    endloop
  endfacet
  facet normal 0.146629 -0.989192 0
    outer loop
      vertex -23.0854 11.1789 0.5
      vertex -23.3087 11.1458 0
      vertex -23.0854 11.1789 0
    endloop
  endfacet
  facet normal -0.740822 -0.671702 0
    outer loop
      vertex -21.0821 10.3491 0
      vertex -21.2337 10.5163 0.5
      vertex -21.2337 10.5163 0
    endloop
  endfacet
  facet normal -0.740822 -0.671702 0
    outer loop
      vertex -21.2337 10.5163 0.5
      vertex -21.0821 10.3491 0
      vertex -21.0821 10.3491 0.5
    endloop
  endfacet
  facet normal 0.242952 0.970038 -0
    outer loop
      vertex -23.3087 6.63419 0
      vertex -23.5277 6.68904 0.5
      vertex -23.3087 6.63419 0.5
    endloop
  endfacet
  facet normal 0.242952 0.970038 0
    outer loop
      vertex -23.5277 6.68904 0.5
      vertex -23.3087 6.63419 0
      vertex -23.5277 6.68904 0
    endloop
  endfacet
  facet normal 0.42761 0.903963 -0
    outer loop
      vertex -23.7402 6.76508 0
      vertex -23.9442 6.86158 0.5
      vertex -23.7402 6.76508 0.5
    endloop
  endfacet
  facet normal 0.42761 0.903963 0
    outer loop
      vertex -23.9442 6.86158 0.5
      vertex -23.7402 6.76508 0
      vertex -23.9442 6.86158 0
    endloop
  endfacet
  facet normal -0.903996 -0.427542 0
    outer loop
      vertex -20.7351 9.77017 0
      vertex -20.8316 9.97421 0.5
      vertex -20.8316 9.97421 0
    endloop
  endfacet
  facet normal -0.903996 -0.427542 0
    outer loop
      vertex -20.8316 9.97421 0.5
      vertex -20.7351 9.77017 0
      vertex -20.7351 9.77017 0.5
    endloop
  endfacet
  facet normal 0.803125 -0.59581 0
    outer loop
      vertex -24.7724 10.1678 0.5
      vertex -24.6379 10.3491 0
      vertex -24.6379 10.3491 0.5
    endloop
  endfacet
  facet normal 0.803125 -0.59581 0
    outer loop
      vertex -24.6379 10.3491 0
      vertex -24.7724 10.1678 0.5
      vertex -24.7724 10.1678 0
    endloop
  endfacet
  facet normal -0.989189 -0.146648 0
    outer loop
      vertex -20.5711 9.11544 0
      vertex -20.6042 9.33871 0.5
      vertex -20.6042 9.33871 0
    endloop
  endfacet
  facet normal -0.989189 -0.146648 0
    outer loop
      vertex -20.6042 9.33871 0.5
      vertex -20.5711 9.11544 0
      vertex -20.5711 9.11544 0.5
    endloop
  endfacet
  facet normal 0.513974 -0.857806 0
    outer loop
      vertex -24.1378 10.8024 0
      vertex -23.9442 10.9184 0.5
      vertex -24.1378 10.8024 0.5
    endloop
  endfacet
  facet normal 0.513974 -0.857806 0
    outer loop
      vertex -23.9442 10.9184 0.5
      vertex -24.1378 10.8024 0
      vertex -23.9442 10.9184 0
    endloop
  endfacet
  facet normal -0.0490978 0.998794 0
    outer loop
      vertex -22.6346 6.60108 0
      vertex -22.86 6.59 0.5
      vertex -22.6346 6.60108 0.5
    endloop
  endfacet
  facet normal -0.0490978 0.998794 0
    outer loop
      vertex -22.86 6.59 0.5
      vertex -22.6346 6.60108 0
      vertex -22.86 6.59 0
    endloop
  endfacet
  facet normal -0.671653 0.740866 0
    outer loop
      vertex -21.2337 7.26366 0
      vertex -21.4009 7.11208 0.5
      vertex -21.2337 7.26366 0.5
    endloop
  endfacet
  facet normal -0.671653 0.740866 0
    outer loop
      vertex -21.4009 7.11208 0.5
      vertex -21.2337 7.26366 0
      vertex -21.4009 7.11208 0
    endloop
  endfacet
  facet normal -0.146629 -0.989192 0
    outer loop
      vertex -22.6346 11.1789 0
      vertex -22.4113 11.1458 0.5
      vertex -22.6346 11.1789 0.5
    endloop
  endfacet
  facet normal -0.146629 -0.989192 -0
    outer loop
      vertex -22.4113 11.1458 0.5
      vertex -22.6346 11.1789 0
      vertex -22.4113 11.1458 0
    endloop
  endfacet
  facet normal -0.803125 -0.59581 0
    outer loop
      vertex -20.9476 10.1678 0
      vertex -21.0821 10.3491 0.5
      vertex -21.0821 10.3491 0
    endloop
  endfacet
  facet normal -0.803125 -0.59581 0
    outer loop
      vertex -21.0821 10.3491 0.5
      vertex -20.9476 10.1678 0
      vertex -20.9476 10.1678 0.5
    endloop
  endfacet
  facet normal -0.42761 0.903963 0
    outer loop
      vertex -21.7758 6.86158 0
      vertex -21.9798 6.76508 0.5
      vertex -21.7758 6.86158 0.5
    endloop
  endfacet
  facet normal -0.42761 0.903963 0
    outer loop
      vertex -21.9798 6.76508 0.5
      vertex -21.7758 6.86158 0
      vertex -21.9798 6.76508 0
    endloop
  endfacet
  facet normal -0.59581 -0.803125 0
    outer loop
      vertex -21.5822 10.8024 0
      vertex -21.4009 10.6679 0.5
      vertex -21.5822 10.8024 0.5
    endloop
  endfacet
  facet normal -0.59581 -0.803125 -0
    outer loop
      vertex -21.4009 10.6679 0.5
      vertex -21.5822 10.8024 0
      vertex -21.4009 10.6679 0
    endloop
  endfacet
  facet normal 0.80311 0.595831 0
    outer loop
      vertex -24.6379 7.4309 0.5
      vertex -24.7724 7.61219 0
      vertex -24.7724 7.61219 0.5
    endloop
  endfacet
  facet normal 0.80311 0.595831 0
    outer loop
      vertex -24.7724 7.61219 0
      vertex -24.6379 7.4309 0.5
      vertex -24.6379 7.4309 0
    endloop
  endfacet
  facet normal 0.0491862 -0.99879 0
    outer loop
      vertex -23.0854 11.1789 0
      vertex -22.86 11.19 0.5
      vertex -23.0854 11.1789 0.5
    endloop
  endfacet
  facet normal 0.0491862 -0.99879 0
    outer loop
      vertex -22.86 11.19 0.5
      vertex -23.0854 11.1789 0
      vertex -22.86 11.19 0
    endloop
  endfacet
  facet normal -0.146672 0.989185 0
    outer loop
      vertex -22.4113 6.63419 0
      vertex -22.6346 6.60108 0.5
      vertex -22.4113 6.63419 0.5
    endloop
  endfacet
  facet normal -0.146672 0.989185 0
    outer loop
      vertex -22.6346 6.60108 0.5
      vertex -22.4113 6.63419 0
      vertex -22.6346 6.60108 0
    endloop
  endfacet
  facet normal 0.970075 -0.242807 0
    outer loop
      vertex -25.1158 9.33871 0.5
      vertex -25.061 9.55765 0
      vertex -25.061 9.55765 0.5
    endloop
  endfacet
  facet normal 0.970075 -0.242807 0
    outer loop
      vertex -25.061 9.55765 0
      vertex -25.1158 9.33871 0.5
      vertex -25.1158 9.33871 0
    endloop
  endfacet
  facet normal 0.0490978 0.998794 -0
    outer loop
      vertex -22.86 6.59 0
      vertex -23.0854 6.60108 0.5
      vertex -22.86 6.59 0.5
    endloop
  endfacet
  facet normal 0.0490978 0.998794 0
    outer loop
      vertex -23.0854 6.60108 0.5
      vertex -22.86 6.59 0
      vertex -23.0854 6.60108 0
    endloop
  endfacet
  facet normal 0.857794 -0.513994 0
    outer loop
      vertex -24.8884 9.97421 0.5
      vertex -24.7724 10.1678 0
      vertex -24.7724 10.1678 0.5
    endloop
  endfacet
  facet normal 0.857794 -0.513994 0
    outer loop
      vertex -24.7724 10.1678 0
      vertex -24.8884 9.97421 0.5
      vertex -24.8884 9.97421 0
    endloop
  endfacet
  facet normal -0.740902 0.671614 0
    outer loop
      vertex -21.2337 7.26366 0
      vertex -21.0821 7.4309 0.5
      vertex -21.0821 7.4309 0
    endloop
  endfacet
  facet normal -0.740902 0.671614 0
    outer loop
      vertex -21.0821 7.4309 0.5
      vertex -21.2337 7.26366 0
      vertex -21.2337 7.26366 0.5
    endloop
  endfacet
  facet normal 0.970075 0.242807 0
    outer loop
      vertex -25.061 8.22235 0.5
      vertex -25.1158 8.44129 0
      vertex -25.1158 8.44129 0.5
    endloop
  endfacet
  facet normal 0.970075 0.242807 0
    outer loop
      vertex -25.1158 8.44129 0
      vertex -25.061 8.22235 0.5
      vertex -25.061 8.22235 0
    endloop
  endfacet
  facet normal 0.595696 0.80321 -0
    outer loop
      vertex -24.1378 6.97762 0
      vertex -24.3191 7.11208 0.5
      vertex -24.1378 6.97762 0.5
    endloop
  endfacet
  facet normal 0.595696 0.80321 0
    outer loop
      vertex -24.3191 7.11208 0.5
      vertex -24.1378 6.97762 0
      vertex -24.3191 7.11208 0
    endloop
  endfacet
  facet normal 0.941461 0.337122 0
    outer loop
      vertex -24.9849 8.00983 0.5
      vertex -25.061 8.22235 0
      vertex -25.061 8.22235 0.5
    endloop
  endfacet
  facet normal 0.941461 0.337122 0
    outer loop
      vertex -25.061 8.22235 0
      vertex -24.9849 8.00983 0.5
      vertex -24.9849 8.00983 0
    endloop
  endfacet
  facet normal -0.595696 0.80321 0
    outer loop
      vertex -21.4009 7.11208 0
      vertex -21.5822 6.97762 0.5
      vertex -21.4009 7.11208 0.5
    endloop
  endfacet
  facet normal -0.595696 0.80321 0
    outer loop
      vertex -21.5822 6.97762 0.5
      vertex -21.4009 7.11208 0
      vertex -21.5822 6.97762 0
    endloop
  endfacet
  facet normal -0.42761 -0.903963 0
    outer loop
      vertex -21.9798 11.0149 0
      vertex -21.7758 10.9184 0.5
      vertex -21.9798 11.0149 0.5
    endloop
  endfacet
  facet normal -0.42761 -0.903963 -0
    outer loop
      vertex -21.7758 10.9184 0.5
      vertex -21.9798 11.0149 0
      vertex -21.7758 10.9184 0
    endloop
  endfacet
  facet normal -0.941461 0.337122 0
    outer loop
      vertex -20.7351 8.00983 0
      vertex -20.659 8.22235 0.5
      vertex -20.659 8.22235 0
    endloop
  endfacet
  facet normal -0.941461 0.337122 0
    outer loop
      vertex -20.659 8.22235 0.5
      vertex -20.7351 8.00983 0
      vertex -20.7351 8.00983 0.5
    endloop
  endfacet
  facet normal 0.671653 0.740866 -0
    outer loop
      vertex -24.3191 7.11208 0
      vertex -24.4863 7.26366 0.5
      vertex -24.3191 7.11208 0.5
    endloop
  endfacet
  facet normal 0.671653 0.740866 0
    outer loop
      vertex -24.4863 7.26366 0.5
      vertex -24.3191 7.11208 0
      vertex -24.4863 7.26366 0
    endloop
  endfacet
  facet normal 0.514105 0.857727 -0
    outer loop
      vertex -23.9442 6.86158 0
      vertex -24.1378 6.97762 0.5
      vertex -23.9442 6.86158 0.5
    endloop
  endfacet
  facet normal 0.514105 0.857727 0
    outer loop
      vertex -24.1378 6.97762 0.5
      vertex -23.9442 6.86158 0
      vertex -24.1378 6.97762 0
    endloop
  endfacet
  facet normal -0.903996 0.427542 0
    outer loop
      vertex -20.8316 7.80579 0
      vertex -20.7351 8.00983 0.5
      vertex -20.7351 8.00983 0
    endloop
  endfacet
  facet normal -0.903996 0.427542 0
    outer loop
      vertex -20.7351 8.00983 0.5
      vertex -20.8316 7.80579 0
      vertex -20.8316 7.80579 0.5
    endloop
  endfacet
  facet normal -0.970075 -0.242807 0
    outer loop
      vertex -20.6042 9.33871 0
      vertex -20.659 9.55765 0.5
      vertex -20.659 9.55765 0
    endloop
  endfacet
  facet normal -0.970075 -0.242807 0
    outer loop
      vertex -20.659 9.55765 0.5
      vertex -20.6042 9.33871 0
      vertex -20.6042 9.33871 0.5
    endloop
  endfacet
  facet normal -0.857806 0.513974 0
    outer loop
      vertex -20.9476 7.61219 0
      vertex -20.8316 7.80579 0.5
      vertex -20.8316 7.80579 0
    endloop
  endfacet
  facet normal -0.857806 0.513974 0
    outer loop
      vertex -20.8316 7.80579 0.5
      vertex -20.9476 7.61219 0
      vertex -20.9476 7.61219 0.5
    endloop
  endfacet
  facet normal 0.941461 -0.337122 0
    outer loop
      vertex -25.061 9.55765 0.5
      vertex -24.9849 9.77017 0
      vertex -24.9849 9.77017 0.5
    endloop
  endfacet
  facet normal 0.941461 -0.337122 0
    outer loop
      vertex -24.9849 9.77017 0
      vertex -25.061 9.55765 0.5
      vertex -25.061 9.55765 0
    endloop
  endfacet
  facet normal 0.903996 0.427542 0
    outer loop
      vertex -24.8884 7.80579 0.5
      vertex -24.9849 8.00983 0
      vertex -24.9849 8.00983 0.5
    endloop
  endfacet
  facet normal 0.903996 0.427542 0
    outer loop
      vertex -24.9849 8.00983 0
      vertex -24.8884 7.80579 0.5
      vertex -24.8884 7.80579 0
    endloop
  endfacet
  facet normal -0.242952 0.970038 0
    outer loop
      vertex -22.1923 6.68904 0
      vertex -22.4113 6.63419 0.5
      vertex -22.1923 6.68904 0.5
    endloop
  endfacet
  facet normal -0.242952 0.970038 0
    outer loop
      vertex -22.4113 6.63419 0.5
      vertex -22.1923 6.68904 0
      vertex -22.4113 6.63419 0
    endloop
  endfacet
  facet normal 0.740822 -0.671702 0
    outer loop
      vertex -24.6379 10.3491 0.5
      vertex -24.4863 10.5163 0
      vertex -24.4863 10.5163 0.5
    endloop
  endfacet
  facet normal 0.740822 -0.671702 0
    outer loop
      vertex -24.4863 10.5163 0
      vertex -24.6379 10.3491 0.5
      vertex -24.6379 10.3491 0
    endloop
  endfacet
  facet normal 0.59581 -0.803125 0
    outer loop
      vertex -24.3191 10.6679 0
      vertex -24.1378 10.8024 0.5
      vertex -24.3191 10.6679 0.5
    endloop
  endfacet
  facet normal 0.59581 -0.803125 0
    outer loop
      vertex -24.1378 10.8024 0.5
      vertex -24.3191 10.6679 0
      vertex -24.1378 10.8024 0
    endloop
  endfacet
  facet normal -0.33715 -0.941451 0
    outer loop
      vertex -22.1923 11.091 0
      vertex -21.9798 11.0149 0.5
      vertex -22.1923 11.091 0.5
    endloop
  endfacet
  facet normal -0.33715 -0.941451 -0
    outer loop
      vertex -21.9798 11.0149 0.5
      vertex -22.1923 11.091 0
      vertex -21.9798 11.0149 0
    endloop
  endfacet
  facet normal 0.671702 -0.740822 0
    outer loop
      vertex -24.4863 10.5163 0
      vertex -24.3191 10.6679 0.5
      vertex -24.4863 10.5163 0.5
    endloop
  endfacet
  facet normal 0.671702 -0.740822 0
    outer loop
      vertex -24.3191 10.6679 0.5
      vertex -24.4863 10.5163 0
      vertex -24.3191 10.6679 0
    endloop
  endfacet
  facet normal 0.740902 0.671614 0
    outer loop
      vertex -24.4863 7.26366 0.5
      vertex -24.6379 7.4309 0
      vertex -24.6379 7.4309 0.5
    endloop
  endfacet
  facet normal 0.740902 0.671614 0
    outer loop
      vertex -24.6379 7.4309 0
      vertex -24.4863 7.26366 0.5
      vertex -24.4863 7.26366 0
    endloop
  endfacet
  facet normal 0.33715 -0.941451 0
    outer loop
      vertex -23.7402 11.0149 0
      vertex -23.5277 11.091 0.5
      vertex -23.7402 11.0149 0.5
    endloop
  endfacet
  facet normal 0.33715 -0.941451 0
    outer loop
      vertex -23.5277 11.091 0.5
      vertex -23.7402 11.0149 0
      vertex -23.5277 11.091 0
    endloop
  endfacet
  facet normal 0.99879 -0.0491775 0
    outer loop
      vertex -25.16 8.89 0.5
      vertex -25.1489 9.11544 0
      vertex -25.1489 9.11544 0.5
    endloop
  endfacet
  facet normal 0.99879 -0.0491775 0
    outer loop
      vertex -25.1489 9.11544 0
      vertex -25.16 8.89 0.5
      vertex -25.16 8.89 0
    endloop
  endfacet
  facet normal 0.989189 -0.146648 0
    outer loop
      vertex -25.1489 9.11544 0.5
      vertex -25.1158 9.33871 0
      vertex -25.1158 9.33871 0.5
    endloop
  endfacet
  facet normal 0.989189 -0.146648 0
    outer loop
      vertex -25.1158 9.33871 0
      vertex -25.1489 9.11544 0.5
      vertex -25.1489 9.11544 0
    endloop
  endfacet
  facet normal -0.0491862 -0.99879 0
    outer loop
      vertex -22.86 11.19 0
      vertex -22.6346 11.1789 0.5
      vertex -22.86 11.19 0.5
    endloop
  endfacet
  facet normal -0.0491862 -0.99879 -0
    outer loop
      vertex -22.6346 11.1789 0.5
      vertex -22.86 11.19 0
      vertex -22.6346 11.1789 0
    endloop
  endfacet
  facet normal 0.242744 -0.97009 0
    outer loop
      vertex -23.5277 11.091 0
      vertex -23.3087 11.1458 0.5
      vertex -23.5277 11.091 0.5
    endloop
  endfacet
  facet normal 0.242744 -0.97009 0
    outer loop
      vertex -23.3087 11.1458 0.5
      vertex -23.5277 11.091 0
      vertex -23.3087 11.1458 0
    endloop
  endfacet
  facet normal -0.242744 -0.97009 0
    outer loop
      vertex -22.4113 11.1458 0
      vertex -22.1923 11.091 0.5
      vertex -22.4113 11.1458 0.5
    endloop
  endfacet
  facet normal -0.242744 -0.97009 -0
    outer loop
      vertex -22.1923 11.091 0.5
      vertex -22.4113 11.1458 0
      vertex -22.1923 11.091 0
    endloop
  endfacet
  facet normal 0 0 -1
    outer loop
      vertex -21.66 8.89 0.5
      vertex -20.56 8.89 0.5
      vertex -20.5711 8.66456 0.5
    endloop
  endfacet
  facet normal 0 0 -1
    outer loop
      vertex -21.6658 8.77238 0.5
      vertex -20.5711 8.66456 0.5
      vertex -20.6042 8.44129 0.5
    endloop
  endfacet
  facet normal 0 0 -1
    outer loop
      vertex -20.56 8.89 0.5
      vertex -21.66 8.89 0.5
      vertex -20.5711 9.11544 0.5
    endloop
  endfacet
  facet normal 0 0 -1
    outer loop
      vertex -21.6831 8.65589 0.5
      vertex -20.6042 8.44129 0.5
      vertex -20.659 8.22235 0.5
    endloop
  endfacet
  facet normal 0 0 -1
    outer loop
      vertex -21.6658 9.00762 0.5
      vertex -20.5711 9.11544 0.5
      vertex -21.66 8.89 0.5
    endloop
  endfacet
  facet normal 0 0 -1
    outer loop
      vertex -21.7117 8.54166 0.5
      vertex -20.659 8.22235 0.5
      vertex -20.7351 8.00983 0.5
    endloop
  endfacet
  facet normal -0 0 -1
    outer loop
      vertex -20.5711 9.11544 0.5
      vertex -21.6658 9.00762 0.5
      vertex -20.6042 9.33871 0.5
    endloop
  endfacet
  facet normal 0 0 -1
    outer loop
      vertex -21.7513 8.43078 0.5
      vertex -20.7351 8.00983 0.5
      vertex -20.8316 7.80579 0.5
    endloop
  endfacet
  facet normal 0 0 -1
    outer loop
      vertex -21.6831 9.12411 0.5
      vertex -20.6042 9.33871 0.5
      vertex -21.6658 9.00762 0.5
    endloop
  endfacet
  facet normal 0 0 -1
    outer loop
      vertex -21.8017 8.32432 0.5
      vertex -20.8316 7.80579 0.5
      vertex -20.9476 7.61219 0.5
    endloop
  endfacet
  facet normal -0 0 -1
    outer loop
      vertex -20.6042 9.33871 0.5
      vertex -21.6831 9.12411 0.5
      vertex -20.659 9.55765 0.5
    endloop
  endfacet
  facet normal 0 0 -1
    outer loop
      vertex -21.8622 8.22332 0.5
      vertex -20.9476 7.61219 0.5
      vertex -21.0821 7.4309 0.5
    endloop
  endfacet
  facet normal 0 0 -1
    outer loop
      vertex -21.7117 9.23834 0.5
      vertex -20.659 9.55765 0.5
      vertex -21.6831 9.12411 0.5
    endloop
  endfacet
  facet normal 0 0 -1
    outer loop
      vertex -21.9324 8.12873 0.5
      vertex -21.0821 7.4309 0.5
      vertex -21.2337 7.26366 0.5
    endloop
  endfacet
  facet normal -0 0 -1
    outer loop
      vertex -20.659 9.55765 0.5
      vertex -21.7117 9.23834 0.5
      vertex -20.7351 9.77017 0.5
    endloop
  endfacet
  facet normal 0 0 -1
    outer loop
      vertex -22.0115 8.04147 0.5
      vertex -21.2337 7.26366 0.5
      vertex -21.4009 7.11208 0.5
    endloop
  endfacet
  facet normal 0 0 -1
    outer loop
      vertex -21.7513 9.34922 0.5
      vertex -20.7351 9.77017 0.5
      vertex -21.7117 9.23834 0.5
    endloop
  endfacet
  facet normal 0 0 -1
    outer loop
      vertex -22.0987 7.96239 0.5
      vertex -21.4009 7.11208 0.5
      vertex -21.5822 6.97762 0.5
    endloop
  endfacet
  facet normal -0 0 -1
    outer loop
      vertex -20.7351 9.77017 0.5
      vertex -21.7513 9.34922 0.5
      vertex -20.8316 9.97421 0.5
    endloop
  endfacet
  facet normal 0 0 -1
    outer loop
      vertex -21.8017 9.45568 0.5
      vertex -20.8316 9.97421 0.5
      vertex -21.7513 9.34922 0.5
    endloop
  endfacet
  facet normal 0 0 -1
    outer loop
      vertex -20.5711 8.66456 0.5
      vertex -21.6658 8.77238 0.5
      vertex -21.66 8.89 0.5
    endloop
  endfacet
  facet normal 0 0 -1
    outer loop
      vertex -20.6042 8.44129 0.5
      vertex -21.6831 8.65589 0.5
      vertex -21.6658 8.77238 0.5
    endloop
  endfacet
  facet normal 0 0 -1
    outer loop
      vertex -20.659 8.22235 0.5
      vertex -21.7117 8.54166 0.5
      vertex -21.6831 8.65589 0.5
    endloop
  endfacet
  facet normal 0 0 -1
    outer loop
      vertex -20.7351 8.00983 0.5
      vertex -21.7513 8.43078 0.5
      vertex -21.7117 8.54166 0.5
    endloop
  endfacet
  facet normal 0 0 -1
    outer loop
      vertex -22.1933 7.89224 0.5
      vertex -21.5822 6.97762 0.5
      vertex -21.7758 6.86158 0.5
    endloop
  endfacet
  facet normal 0 0 -1
    outer loop
      vertex -20.8316 7.80579 0.5
      vertex -21.8017 8.32432 0.5
      vertex -21.7513 8.43078 0.5
    endloop
  endfacet
  facet normal 0 0 -1
    outer loop
      vertex -20.9476 7.61219 0.5
      vertex -21.8622 8.22332 0.5
      vertex -21.8017 8.32432 0.5
    endloop
  endfacet
  facet normal 0 0 -1
    outer loop
      vertex -21.0821 7.4309 0.5
      vertex -21.9324 8.12873 0.5
      vertex -21.8622 8.22332 0.5
    endloop
  endfacet
  facet normal 0 0 -1
    outer loop
      vertex -22.2943 7.8317 0.5
      vertex -21.7758 6.86158 0.5
      vertex -21.9798 6.76508 0.5
    endloop
  endfacet
  facet normal 0 0 -1
    outer loop
      vertex -21.2337 7.26366 0.5
      vertex -22.0115 8.04147 0.5
      vertex -21.9324 8.12873 0.5
    endloop
  endfacet
  facet normal 0 0 -1
    outer loop
      vertex -21.4009 7.11208 0.5
      vertex -22.0987 7.96239 0.5
      vertex -22.0115 8.04147 0.5
    endloop
  endfacet
  facet normal 0 0 -1
    outer loop
      vertex -22.4008 7.78134 0.5
      vertex -21.9798 6.76508 0.5
      vertex -22.1923 6.68904 0.5
    endloop
  endfacet
  facet normal 0 0 -1
    outer loop
      vertex -21.5822 6.97762 0.5
      vertex -22.1933 7.89224 0.5
      vertex -22.0987 7.96239 0.5
    endloop
  endfacet
  facet normal 0 0 -1
    outer loop
      vertex -21.7758 6.86158 0.5
      vertex -22.2943 7.8317 0.5
      vertex -22.1933 7.89224 0.5
    endloop
  endfacet
  facet normal 0 0 -1
    outer loop
      vertex -21.9798 6.76508 0.5
      vertex -22.4008 7.78134 0.5
      vertex -22.2943 7.8317 0.5
    endloop
  endfacet
  facet normal 0 0 -1
    outer loop
      vertex -22.5117 7.74167 0.5
      vertex -22.1923 6.68904 0.5
      vertex -22.4113 6.63419 0.5
    endloop
  endfacet
  facet normal 0 0 -1
    outer loop
      vertex -22.1923 6.68904 0.5
      vertex -22.5117 7.74167 0.5
      vertex -22.4008 7.78134 0.5
    endloop
  endfacet
  facet normal 0 0 -1
    outer loop
      vertex -22.4113 6.63419 0.5
      vertex -22.6259 7.71306 0.5
      vertex -22.5117 7.74167 0.5
    endloop
  endfacet
  facet normal 0 0 -1
    outer loop
      vertex -22.6346 6.60108 0.5
      vertex -22.6259 7.71306 0.5
      vertex -22.4113 6.63419 0.5
    endloop
  endfacet
  facet normal 0 0 -1
    outer loop
      vertex -22.6346 6.60108 0.5
      vertex -22.7424 7.69578 0.5
      vertex -22.6259 7.71306 0.5
    endloop
  endfacet
  facet normal 0 0 -1
    outer loop
      vertex -22.86 6.59 0.5
      vertex -22.7424 7.69578 0.5
      vertex -22.6346 6.60108 0.5
    endloop
  endfacet
  facet normal 0 0 -1
    outer loop
      vertex -22.86 6.59 0.5
      vertex -22.86 7.69 0.5
      vertex -22.7424 7.69578 0.5
    endloop
  endfacet
  facet normal 0 0 -1
    outer loop
      vertex -22.86 6.59 0.5
      vertex -22.9776 7.69578 0.5
      vertex -22.86 7.69 0.5
    endloop
  endfacet
  facet normal 0 0 -1
    outer loop
      vertex -23.0854 6.60108 0.5
      vertex -22.9776 7.69578 0.5
      vertex -22.86 6.59 0.5
    endloop
  endfacet
  facet normal 0 0 -1
    outer loop
      vertex -23.0854 6.60108 0.5
      vertex -23.0941 7.71306 0.5
      vertex -22.9776 7.69578 0.5
    endloop
  endfacet
  facet normal 0 0 -1
    outer loop
      vertex -23.3087 6.63419 0.5
      vertex -23.0941 7.71306 0.5
      vertex -23.0854 6.60108 0.5
    endloop
  endfacet
  facet normal -0 0 -1
    outer loop
      vertex -23.0941 7.71306 0.5
      vertex -23.3087 6.63419 0.5
      vertex -23.2083 7.74167 0.5
    endloop
  endfacet
  facet normal 0 0 -1
    outer loop
      vertex -23.5277 6.68904 0.5
      vertex -23.2083 7.74167 0.5
      vertex -23.3087 6.63419 0.5
    endloop
  endfacet
  facet normal -0 0 -1
    outer loop
      vertex -23.2083 7.74167 0.5
      vertex -23.5277 6.68904 0.5
      vertex -23.3192 7.78134 0.5
    endloop
  endfacet
  facet normal 0 0 -1
    outer loop
      vertex -23.7402 6.76508 0.5
      vertex -23.3192 7.78134 0.5
      vertex -23.5277 6.68904 0.5
    endloop
  endfacet
  facet normal -0 0 -1
    outer loop
      vertex -23.3192 7.78134 0.5
      vertex -23.7402 6.76508 0.5
      vertex -23.4257 7.8317 0.5
    endloop
  endfacet
  facet normal 0 0 -1
    outer loop
      vertex -23.9442 6.86158 0.5
      vertex -23.4257 7.8317 0.5
      vertex -23.7402 6.76508 0.5
    endloop
  endfacet
  facet normal -0 0 -1
    outer loop
      vertex -23.4257 7.8317 0.5
      vertex -23.9442 6.86158 0.5
      vertex -23.5267 7.89224 0.5
    endloop
  endfacet
  facet normal 0 0 -1
    outer loop
      vertex -24.1378 6.97762 0.5
      vertex -23.5267 7.89224 0.5
      vertex -23.9442 6.86158 0.5
    endloop
  endfacet
  facet normal -0 0 -1
    outer loop
      vertex -23.5267 7.89224 0.5
      vertex -24.1378 6.97762 0.5
      vertex -23.6213 7.96239 0.5
    endloop
  endfacet
  facet normal 0 0 -1
    outer loop
      vertex -24.3191 7.11208 0.5
      vertex -23.6213 7.96239 0.5
      vertex -24.1378 6.97762 0.5
    endloop
  endfacet
  facet normal -0 0 -1
    outer loop
      vertex -23.6213 7.96239 0.5
      vertex -24.3191 7.11208 0.5
      vertex -23.7085 8.04147 0.5
    endloop
  endfacet
  facet normal 0 0 -1
    outer loop
      vertex -24.4863 7.26366 0.5
      vertex -23.7085 8.04147 0.5
      vertex -24.3191 7.11208 0.5
    endloop
  endfacet
  facet normal -0 0 -1
    outer loop
      vertex -23.7085 8.04147 0.5
      vertex -24.4863 7.26366 0.5
      vertex -23.7876 8.12873 0.5
    endloop
  endfacet
  facet normal 0 0 -1
    outer loop
      vertex -24.6379 7.4309 0.5
      vertex -23.7876 8.12873 0.5
      vertex -24.4863 7.26366 0.5
    endloop
  endfacet
  facet normal -0 0 -1
    outer loop
      vertex -23.7876 8.12873 0.5
      vertex -24.6379 7.4309 0.5
      vertex -23.8578 8.22332 0.5
    endloop
  endfacet
  facet normal 0 0 -1
    outer loop
      vertex -24.7724 7.61219 0.5
      vertex -23.8578 8.22332 0.5
      vertex -24.6379 7.4309 0.5
    endloop
  endfacet
  facet normal 0 0 -1
    outer loop
      vertex -24.8884 7.80579 0.5
      vertex -23.9183 8.32432 0.5
      vertex -24.7724 7.61219 0.5
    endloop
  endfacet
  facet normal -0 0 -1
    outer loop
      vertex -23.8578 8.22332 0.5
      vertex -24.7724 7.61219 0.5
      vertex -23.9183 8.32432 0.5
    endloop
  endfacet
  facet normal -0 0 -1
    outer loop
      vertex -20.8316 9.97421 0.5
      vertex -21.8017 9.45568 0.5
      vertex -20.9476 10.1678 0.5
    endloop
  endfacet
  facet normal 0 0 -1
    outer loop
      vertex -21.8622 9.55668 0.5
      vertex -20.9476 10.1678 0.5
      vertex -21.8017 9.45568 0.5
    endloop
  endfacet
  facet normal -0 0 -1
    outer loop
      vertex -20.9476 10.1678 0.5
      vertex -21.8622 9.55668 0.5
      vertex -21.0821 10.3491 0.5
    endloop
  endfacet
  facet normal 0 0 -1
    outer loop
      vertex -21.9324 9.65127 0.5
      vertex -21.0821 10.3491 0.5
      vertex -21.8622 9.55668 0.5
    endloop
  endfacet
  facet normal -0 0 -1
    outer loop
      vertex -21.0821 10.3491 0.5
      vertex -21.9324 9.65127 0.5
      vertex -21.2337 10.5163 0.5
    endloop
  endfacet
  facet normal 0 0 -1
    outer loop
      vertex -22.0115 9.73853 0.5
      vertex -21.2337 10.5163 0.5
      vertex -21.9324 9.65127 0.5
    endloop
  endfacet
  facet normal -0 0 -1
    outer loop
      vertex -21.2337 10.5163 0.5
      vertex -22.0115 9.73853 0.5
      vertex -21.4009 10.6679 0.5
    endloop
  endfacet
  facet normal 0 0 -1
    outer loop
      vertex -22.0987 9.81761 0.5
      vertex -21.4009 10.6679 0.5
      vertex -22.0115 9.73853 0.5
    endloop
  endfacet
  facet normal -0 0 -1
    outer loop
      vertex -21.4009 10.6679 0.5
      vertex -22.0987 9.81761 0.5
      vertex -21.5822 10.8024 0.5
    endloop
  endfacet
  facet normal 0 0 -1
    outer loop
      vertex -22.1933 9.88776 0.5
      vertex -21.5822 10.8024 0.5
      vertex -22.0987 9.81761 0.5
    endloop
  endfacet
  facet normal -0 0 -1
    outer loop
      vertex -21.5822 10.8024 0.5
      vertex -22.1933 9.88776 0.5
      vertex -21.7758 10.9184 0.5
    endloop
  endfacet
  facet normal 0 0 -1
    outer loop
      vertex -22.2943 9.94831 0.5
      vertex -21.7758 10.9184 0.5
      vertex -22.1933 9.88776 0.5
    endloop
  endfacet
  facet normal -0 0 -1
    outer loop
      vertex -21.7758 10.9184 0.5
      vertex -22.2943 9.94831 0.5
      vertex -21.9798 11.0149 0.5
    endloop
  endfacet
  facet normal 0 0 -1
    outer loop
      vertex -22.4008 9.99866 0.5
      vertex -21.9798 11.0149 0.5
      vertex -22.2943 9.94831 0.5
    endloop
  endfacet
  facet normal -0 0 -1
    outer loop
      vertex -21.9798 11.0149 0.5
      vertex -22.4008 9.99866 0.5
      vertex -22.1923 11.091 0.5
    endloop
  endfacet
  facet normal 0 0 -1
    outer loop
      vertex -22.5117 10.0383 0.5
      vertex -22.1923 11.091 0.5
      vertex -22.4008 9.99866 0.5
    endloop
  endfacet
  facet normal -0 0 -1
    outer loop
      vertex -22.1923 11.091 0.5
      vertex -22.5117 10.0383 0.5
      vertex -22.4113 11.1458 0.5
    endloop
  endfacet
  facet normal 0 0 -1
    outer loop
      vertex -22.6259 10.0669 0.5
      vertex -22.4113 11.1458 0.5
      vertex -22.5117 10.0383 0.5
    endloop
  endfacet
  facet normal 0 0 -1
    outer loop
      vertex -22.6259 10.0669 0.5
      vertex -22.6346 11.1789 0.5
      vertex -22.4113 11.1458 0.5
    endloop
  endfacet
  facet normal 0 0 -1
    outer loop
      vertex -22.7424 10.0842 0.5
      vertex -22.6346 11.1789 0.5
      vertex -22.6259 10.0669 0.5
    endloop
  endfacet
  facet normal 0 0 -1
    outer loop
      vertex -22.86 10.09 0.5
      vertex -22.6346 11.1789 0.5
      vertex -22.7424 10.0842 0.5
    endloop
  endfacet
  facet normal 0 0 -1
    outer loop
      vertex -22.86 10.09 0.5
      vertex -22.86 11.19 0.5
      vertex -22.6346 11.1789 0.5
    endloop
  endfacet
  facet normal 0 0 -1
    outer loop
      vertex -22.9776 10.0842 0.5
      vertex -22.86 11.19 0.5
      vertex -22.86 10.09 0.5
    endloop
  endfacet
  facet normal 0 0 -1
    outer loop
      vertex -22.9776 10.0842 0.5
      vertex -23.0854 11.1789 0.5
      vertex -22.86 11.19 0.5
    endloop
  endfacet
  facet normal 0 0 -1
    outer loop
      vertex -23.0941 10.0669 0.5
      vertex -23.0854 11.1789 0.5
      vertex -22.9776 10.0842 0.5
    endloop
  endfacet
  facet normal 0 0 -1
    outer loop
      vertex -23.3087 11.1458 0.5
      vertex -23.0941 10.0669 0.5
      vertex -23.2083 10.0383 0.5
    endloop
  endfacet
  facet normal 0 0 -1
    outer loop
      vertex -23.0941 10.0669 0.5
      vertex -23.3087 11.1458 0.5
      vertex -23.0854 11.1789 0.5
    endloop
  endfacet
  facet normal 0 0 -1
    outer loop
      vertex -23.5277 11.091 0.5
      vertex -23.2083 10.0383 0.5
      vertex -23.3192 9.99866 0.5
    endloop
  endfacet
  facet normal 0 0 -1
    outer loop
      vertex -23.7402 11.0149 0.5
      vertex -23.3192 9.99866 0.5
      vertex -23.4257 9.94831 0.5
    endloop
  endfacet
  facet normal 0 0 -1
    outer loop
      vertex -23.9442 10.9184 0.5
      vertex -23.4257 9.94831 0.5
      vertex -23.5267 9.88776 0.5
    endloop
  endfacet
  facet normal 0 0 -1
    outer loop
      vertex -23.2083 10.0383 0.5
      vertex -23.5277 11.091 0.5
      vertex -23.3087 11.1458 0.5
    endloop
  endfacet
  facet normal 0 0 -1
    outer loop
      vertex -24.1378 10.8024 0.5
      vertex -23.5267 9.88776 0.5
      vertex -23.6213 9.81761 0.5
    endloop
  endfacet
  facet normal 0 0 -1
    outer loop
      vertex -24.3191 10.6679 0.5
      vertex -23.6213 9.81761 0.5
      vertex -23.7085 9.73853 0.5
    endloop
  endfacet
  facet normal 0 0 -1
    outer loop
      vertex -23.3192 9.99866 0.5
      vertex -23.7402 11.0149 0.5
      vertex -23.5277 11.091 0.5
    endloop
  endfacet
  facet normal 0 0 -1
    outer loop
      vertex -24.4863 10.5163 0.5
      vertex -23.7085 9.73853 0.5
      vertex -23.7876 9.65127 0.5
    endloop
  endfacet
  facet normal 0 0 -1
    outer loop
      vertex -24.6379 10.3491 0.5
      vertex -23.7876 9.65127 0.5
      vertex -23.8578 9.55668 0.5
    endloop
  endfacet
  facet normal 0 0 -1
    outer loop
      vertex -24.7724 10.1678 0.5
      vertex -23.8578 9.55668 0.5
      vertex -23.9183 9.45568 0.5
    endloop
  endfacet
  facet normal 0 0 -1
    outer loop
      vertex -23.4257 9.94831 0.5
      vertex -23.9442 10.9184 0.5
      vertex -23.7402 11.0149 0.5
    endloop
  endfacet
  facet normal 0 0 -1
    outer loop
      vertex -24.8884 9.97421 0.5
      vertex -23.9183 9.45568 0.5
      vertex -23.9687 9.34922 0.5
    endloop
  endfacet
  facet normal 0 0 -1
    outer loop
      vertex -24.9849 9.77017 0.5
      vertex -23.9687 9.34922 0.5
      vertex -24.0083 9.23834 0.5
    endloop
  endfacet
  facet normal 0 0 -1
    outer loop
      vertex -25.061 9.55765 0.5
      vertex -24.0083 9.23834 0.5
      vertex -24.0369 9.12411 0.5
    endloop
  endfacet
  facet normal 0 0 -1
    outer loop
      vertex -25.1158 9.33871 0.5
      vertex -24.0369 9.12411 0.5
      vertex -24.0542 9.00762 0.5
    endloop
  endfacet
  facet normal 0 0 -1
    outer loop
      vertex -23.5267 9.88776 0.5
      vertex -24.1378 10.8024 0.5
      vertex -23.9442 10.9184 0.5
    endloop
  endfacet
  facet normal 0 0 -1
    outer loop
      vertex -25.1489 9.11544 0.5
      vertex -24.0542 9.00762 0.5
      vertex -24.06 8.89 0.5
    endloop
  endfacet
  facet normal -0 0 -1
    outer loop
      vertex -23.9183 8.32432 0.5
      vertex -24.8884 7.80579 0.5
      vertex -23.9687 8.43078 0.5
    endloop
  endfacet
  facet normal 0 0 -1
    outer loop
      vertex -24.9849 8.00983 0.5
      vertex -23.9687 8.43078 0.5
      vertex -24.8884 7.80579 0.5
    endloop
  endfacet
  facet normal 0 0 -1
    outer loop
      vertex -23.6213 9.81761 0.5
      vertex -24.3191 10.6679 0.5
      vertex -24.1378 10.8024 0.5
    endloop
  endfacet
  facet normal -0 0 -1
    outer loop
      vertex -23.9687 8.43078 0.5
      vertex -24.9849 8.00983 0.5
      vertex -24.0083 8.54166 0.5
    endloop
  endfacet
  facet normal 0 0 -1
    outer loop
      vertex -23.7085 9.73853 0.5
      vertex -24.4863 10.5163 0.5
      vertex -24.3191 10.6679 0.5
    endloop
  endfacet
  facet normal 0 0 -1
    outer loop
      vertex -25.061 8.22235 0.5
      vertex -24.0083 8.54166 0.5
      vertex -24.9849 8.00983 0.5
    endloop
  endfacet
  facet normal 0 0 -1
    outer loop
      vertex -23.7876 9.65127 0.5
      vertex -24.6379 10.3491 0.5
      vertex -24.4863 10.5163 0.5
    endloop
  endfacet
  facet normal -0 0 -1
    outer loop
      vertex -24.0083 8.54166 0.5
      vertex -25.061 8.22235 0.5
      vertex -24.0369 8.65589 0.5
    endloop
  endfacet
  facet normal 0 0 -1
    outer loop
      vertex -23.8578 9.55668 0.5
      vertex -24.7724 10.1678 0.5
      vertex -24.6379 10.3491 0.5
    endloop
  endfacet
  facet normal 0 0 -1
    outer loop
      vertex -25.1158 8.44129 0.5
      vertex -24.0369 8.65589 0.5
      vertex -25.061 8.22235 0.5
    endloop
  endfacet
  facet normal 0 0 -1
    outer loop
      vertex -23.9183 9.45568 0.5
      vertex -24.8884 9.97421 0.5
      vertex -24.7724 10.1678 0.5
    endloop
  endfacet
  facet normal -0 0 -1
    outer loop
      vertex -24.0369 8.65589 0.5
      vertex -25.1158 8.44129 0.5
      vertex -24.0542 8.77238 0.5
    endloop
  endfacet
  facet normal 0 0 -1
    outer loop
      vertex -23.9687 9.34922 0.5
      vertex -24.9849 9.77017 0.5
      vertex -24.8884 9.97421 0.5
    endloop
  endfacet
  facet normal 0 0 -1
    outer loop
      vertex -25.1489 8.66456 0.5
      vertex -24.0542 8.77238 0.5
      vertex -25.1158 8.44129 0.5
    endloop
  endfacet
  facet normal 0 0 -1
    outer loop
      vertex -24.0083 9.23834 0.5
      vertex -25.061 9.55765 0.5
      vertex -24.9849 9.77017 0.5
    endloop
  endfacet
  facet normal -0 0 -1
    outer loop
      vertex -24.0542 8.77238 0.5
      vertex -25.1489 8.66456 0.5
      vertex -24.06 8.89 0.5
    endloop
  endfacet
  facet normal 0 0 -1
    outer loop
      vertex -24.0369 9.12411 0.5
      vertex -25.1158 9.33871 0.5
      vertex -25.061 9.55765 0.5
    endloop
  endfacet
  facet normal 0 0 -1
    outer loop
      vertex -25.16 8.89 0.5
      vertex -24.06 8.89 0.5
      vertex -25.1489 8.66456 0.5
    endloop
  endfacet
  facet normal 0 0 -1
    outer loop
      vertex -24.0542 9.00762 0.5
      vertex -25.1489 9.11544 0.5
      vertex -25.1158 9.33871 0.5
    endloop
  endfacet
  facet normal 0 0 -1
    outer loop
      vertex -24.06 8.89 0.5
      vertex -25.16 8.89 0.5
      vertex -25.1489 9.11544 0.5
    endloop
  endfacet
  facet normal -0.513974 -0.857806 0
    outer loop
      vertex -21.7758 10.9184 0
      vertex -21.5822 10.8024 0.5
      vertex -21.7758 10.9184 0.5
    endloop
  endfacet
  facet normal -0.513974 -0.857806 -0
    outer loop
      vertex -21.5822 10.8024 0.5
      vertex -21.7758 10.9184 0
      vertex -21.5822 10.8024 0
    endloop
  endfacet
  facet normal -0.857794 -0.513994 0
    outer loop
      vertex -20.8316 9.97421 0
      vertex -20.9476 10.1678 0.5
      vertex -20.9476 10.1678 0
    endloop
  endfacet
  facet normal -0.857794 -0.513994 0
    outer loop
      vertex -20.9476 10.1678 0.5
      vertex -20.8316 9.97421 0
      vertex -20.8316 9.97421 0.5
    endloop
  endfacet
  facet normal 0.989189 0.146648 0
    outer loop
      vertex -25.1158 8.44129 0.5
      vertex -25.1489 8.66456 0
      vertex -25.1489 8.66456 0.5
    endloop
  endfacet
  facet normal 0.989189 0.146648 0
    outer loop
      vertex -25.1489 8.66456 0
      vertex -25.1158 8.44129 0.5
      vertex -25.1158 8.44129 0
    endloop
  endfacet
  facet normal 0.99879 0.0491775 0
    outer loop
      vertex -25.1489 8.66456 0.5
      vertex -25.16 8.89 0
      vertex -25.16 8.89 0.5
    endloop
  endfacet
  facet normal 0.99879 0.0491775 0
    outer loop
      vertex -25.16 8.89 0
      vertex -25.1489 8.66456 0.5
      vertex -25.1489 8.66456 0
    endloop
  endfacet
  facet normal 0.42761 -0.903963 0
    outer loop
      vertex -23.9442 10.9184 0
      vertex -23.7402 11.0149 0.5
      vertex -23.9442 10.9184 0.5
    endloop
  endfacet
  facet normal 0.42761 -0.903963 0
    outer loop
      vertex -23.7402 11.0149 0.5
      vertex -23.9442 10.9184 0
      vertex -23.7402 11.0149 0
    endloop
  endfacet
  facet normal 0.903996 -0.427542 0
    outer loop
      vertex -24.9849 9.77017 0.5
      vertex -24.8884 9.97421 0
      vertex -24.8884 9.97421 0.5
    endloop
  endfacet
  facet normal 0.903996 -0.427542 0
    outer loop
      vertex -24.8884 9.97421 0
      vertex -24.9849 9.77017 0.5
      vertex -24.9849 9.77017 0
    endloop
  endfacet
  facet normal 0.857806 0.513974 0
    outer loop
      vertex -24.7724 7.61219 0.5
      vertex -24.8884 7.80579 0
      vertex -24.8884 7.80579 0.5
    endloop
  endfacet
  facet normal 0.857806 0.513974 0
    outer loop
      vertex -24.8884 7.80579 0
      vertex -24.7724 7.61219 0.5
      vertex -24.7724 7.61219 0
    endloop
  endfacet
  facet normal 0.941742 0.336336 0
    outer loop
      vertex -23.9687 -9.34922 1.8
      vertex -24.0083 -9.23834 0.5
      vertex -24.0083 -9.23834 1.8
    endloop
  endfacet
  facet normal 0.941742 0.336336 0
    outer loop
      vertex -24.0083 -9.23834 0.5
      vertex -23.9687 -9.34922 1.8
      vertex -23.9687 -9.34922 0.5
    endloop
  endfacet
  facet normal 0.857867 0.513871 0
    outer loop
      vertex -23.8578 -9.55668 1.8
      vertex -23.9183 -9.45568 0.5
      vertex -23.9183 -9.45568 1.8
    endloop
  endfacet
  facet normal 0.857867 0.513871 0
    outer loop
      vertex -23.9183 -9.45568 0.5
      vertex -23.8578 -9.55668 1.8
      vertex -23.8578 -9.55668 0.5
    endloop
  endfacet
  facet normal -0.941742 0.336336 0
    outer loop
      vertex -21.7513 -9.34922 0.5
      vertex -21.7117 -9.23834 1.8
      vertex -21.7117 -9.23834 0.5
    endloop
  endfacet
  facet normal -0.941742 0.336336 0
    outer loop
      vertex -21.7117 -9.23834 1.8
      vertex -21.7513 -9.34922 0.5
      vertex -21.7513 -9.34922 1.8
    endloop
  endfacet
  facet normal -0.242935 0.970042 0
    outer loop
      vertex -22.5117 -10.0383 0.5
      vertex -22.6259 -10.0669 1.8
      vertex -22.5117 -10.0383 1.8
    endloop
  endfacet
  facet normal -0.242935 0.970042 0
    outer loop
      vertex -22.6259 -10.0669 1.8
      vertex -22.5117 -10.0383 0.5
      vertex -22.6259 -10.0669 0.5
    endloop
  endfacet
  facet normal 0.0492599 0.998786 -0
    outer loop
      vertex -22.86 -10.09 0.5
      vertex -22.9776 -10.0842 1.8
      vertex -22.86 -10.09 1.8
    endloop
  endfacet
  facet normal 0.0492599 0.998786 0
    outer loop
      vertex -22.9776 -10.0842 1.8
      vertex -22.86 -10.09 0.5
      vertex -22.9776 -10.0842 0.5
    endloop
  endfacet
  facet normal -0.427411 0.904057 0
    outer loop
      vertex -22.2943 -9.94831 0.5
      vertex -22.4008 -9.99866 1.8
      vertex -22.2943 -9.94831 1.8
    endloop
  endfacet
  facet normal -0.427411 0.904057 0
    outer loop
      vertex -22.4008 -9.99866 1.8
      vertex -22.2943 -9.94831 0.5
      vertex -22.4008 -9.99866 0.5
    endloop
  endfacet
  facet normal -0.989151 0.146899 0
    outer loop
      vertex -21.6831 -9.12411 0.5
      vertex -21.6658 -9.00762 1.8
      vertex -21.6658 -9.00762 0.5
    endloop
  endfacet
  facet normal -0.989151 0.146899 0
    outer loop
      vertex -21.6658 -9.00762 1.8
      vertex -21.6831 -9.12411 0.5
      vertex -21.6831 -9.12411 1.8
    endloop
  endfacet
  facet normal 0.146887 0.989153 -0
    outer loop
      vertex -22.9776 -10.0842 0.5
      vertex -23.0941 -10.0669 1.8
      vertex -22.9776 -10.0842 1.8
    endloop
  endfacet
  facet normal 0.146887 0.989153 0
    outer loop
      vertex -23.0941 -10.0669 1.8
      vertex -22.9776 -10.0842 0.5
      vertex -23.0941 -10.0669 0.5
    endloop
  endfacet
  facet normal -0.595644 -0.803249 0
    outer loop
      vertex -22.1933 -7.89224 0.5
      vertex -22.0987 -7.96239 1.8
      vertex -22.1933 -7.89224 1.8
    endloop
  endfacet
  facet normal -0.595644 -0.803249 -0
    outer loop
      vertex -22.0987 -7.96239 1.8
      vertex -22.1933 -7.89224 0.5
      vertex -22.0987 -7.96239 0.5
    endloop
  endfacet
  facet normal -0.989151 -0.146899 0
    outer loop
      vertex -21.6658 -8.77238 0.5
      vertex -21.6831 -8.65589 1.8
      vertex -21.6831 -8.65589 0.5
    endloop
  endfacet
  facet normal -0.989151 -0.146899 0
    outer loop
      vertex -21.6831 -8.65589 1.8
      vertex -21.6658 -8.77238 0.5
      vertex -21.6658 -8.77238 1.8
    endloop
  endfacet
  facet normal -0.0492599 0.998786 0
    outer loop
      vertex -22.7424 -10.0842 0.5
      vertex -22.86 -10.09 1.8
      vertex -22.7424 -10.0842 1.8
    endloop
  endfacet
  facet normal -0.0492599 0.998786 0
    outer loop
      vertex -22.86 -10.09 1.8
      vertex -22.7424 -10.0842 0.5
      vertex -22.86 -10.09 0.5
    endloop
  endfacet
  facet normal -0.903831 0.427889 0
    outer loop
      vertex -21.8017 -9.45568 0.5
      vertex -21.7513 -9.34922 1.8
      vertex -21.7513 -9.34922 0.5
    endloop
  endfacet
  facet normal -0.903831 0.427889 0
    outer loop
      vertex -21.7513 -9.34922 1.8
      vertex -21.8017 -9.45568 0.5
      vertex -21.8017 -9.45568 1.8
    endloop
  endfacet
  facet normal 0.242935 0.970042 -0
    outer loop
      vertex -23.0941 -10.0669 0.5
      vertex -23.2083 -10.0383 1.8
      vertex -23.0941 -10.0669 1.8
    endloop
  endfacet
  facet normal 0.242935 0.970042 0
    outer loop
      vertex -23.2083 -10.0383 1.8
      vertex -23.0941 -10.0669 0.5
      vertex -23.2083 -10.0383 0.5
    endloop
  endfacet
  facet normal 0.989151 -0.146899 0
    outer loop
      vertex -24.0542 -8.77238 1.8
      vertex -24.0369 -8.65589 0.5
      vertex -24.0369 -8.65589 1.8
    endloop
  endfacet
  facet normal 0.989151 -0.146899 0
    outer loop
      vertex -24.0369 -8.65589 0.5
      vertex -24.0542 -8.77238 1.8
      vertex -24.0542 -8.77238 0.5
    endloop
  endfacet
  facet normal -0.857867 0.513871 0
    outer loop
      vertex -21.8622 -9.55668 0.5
      vertex -21.8017 -9.45568 1.8
      vertex -21.8017 -9.45568 0.5
    endloop
  endfacet
  facet normal -0.857867 0.513871 0
    outer loop
      vertex -21.8017 -9.45568 1.8
      vertex -21.8622 -9.55668 0.5
      vertex -21.8622 -9.55668 1.8
    endloop
  endfacet
  facet normal -0.803015 -0.595958 0
    outer loop
      vertex -21.8622 -8.22332 0.5
      vertex -21.9324 -8.12873 1.8
      vertex -21.9324 -8.12873 0.5
    endloop
  endfacet
  facet normal -0.803015 -0.595958 0
    outer loop
      vertex -21.9324 -8.12873 1.8
      vertex -21.8622 -8.22332 0.5
      vertex -21.8622 -8.22332 1.8
    endloop
  endfacet
  facet normal -0.998786 0.0492515 0
    outer loop
      vertex -21.6658 -9.00762 0.5
      vertex -21.66 -8.89 1.8
      vertex -21.66 -8.89 0.5
    endloop
  endfacet
  facet normal -0.998786 0.0492515 0
    outer loop
      vertex -21.66 -8.89 1.8
      vertex -21.6658 -9.00762 0.5
      vertex -21.6658 -9.00762 1.8
    endloop
  endfacet
  facet normal -0.0490904 -0.998794 0
    outer loop
      vertex -22.86 -7.69 0.5
      vertex -22.7424 -7.69578 1.8
      vertex -22.86 -7.69 1.8
    endloop
  endfacet
  facet normal -0.0490904 -0.998794 -0
    outer loop
      vertex -22.7424 -7.69578 1.8
      vertex -22.86 -7.69 0.5
      vertex -22.7424 -7.69578 0.5
    endloop
  endfacet
  facet normal -0.903831 -0.427889 0
    outer loop
      vertex -21.7513 -8.43078 0.5
      vertex -21.8017 -8.32432 1.8
      vertex -21.8017 -8.32432 0.5
    endloop
  endfacet
  facet normal -0.903831 -0.427889 0
    outer loop
      vertex -21.8017 -8.32432 1.8
      vertex -21.7513 -8.43078 0.5
      vertex -21.7513 -8.43078 1.8
    endloop
  endfacet
  facet normal 0.998786 0.0492515 0
    outer loop
      vertex -24.0542 -9.00762 1.8
      vertex -24.06 -8.89 0.5
      vertex -24.06 -8.89 1.8
    endloop
  endfacet
  facet normal 0.998786 0.0492515 0
    outer loop
      vertex -24.06 -8.89 0.5
      vertex -24.0542 -9.00762 1.8
      vertex -24.0542 -9.00762 0.5
    endloop
  endfacet
  facet normal -0.998786 -0.0492515 0
    outer loop
      vertex -21.66 -8.89 0.5
      vertex -21.6658 -8.77238 1.8
      vertex -21.6658 -8.77238 0.5
    endloop
  endfacet
  facet normal -0.998786 -0.0492515 0
    outer loop
      vertex -21.6658 -8.77238 1.8
      vertex -21.66 -8.89 0.5
      vertex -21.66 -8.89 1.8
    endloop
  endfacet
  facet normal 0.998786 -0.0492515 0
    outer loop
      vertex -24.06 -8.89 1.8
      vertex -24.0542 -8.77238 0.5
      vertex -24.0542 -8.77238 1.8
    endloop
  endfacet
  facet normal 0.998786 -0.0492515 0
    outer loop
      vertex -24.0542 -8.77238 0.5
      vertex -24.06 -8.89 1.8
      vertex -24.06 -8.89 0.5
    endloop
  endfacet
  facet normal -0.970058 0.242875 0
    outer loop
      vertex -21.7117 -9.23834 0.5
      vertex -21.6831 -9.12411 1.8
      vertex -21.6831 -9.12411 0.5
    endloop
  endfacet
  facet normal -0.970058 0.242875 0
    outer loop
      vertex -21.6831 -9.12411 1.8
      vertex -21.7117 -9.23834 0.5
      vertex -21.7117 -9.23834 1.8
    endloop
  endfacet
  facet normal 0.970058 -0.242875 0
    outer loop
      vertex -24.0369 -8.65589 1.8
      vertex -24.0083 -8.54166 0.5
      vertex -24.0083 -8.54166 1.8
    endloop
  endfacet
  facet normal 0.970058 -0.242875 0
    outer loop
      vertex -24.0083 -8.54166 0.5
      vertex -24.0369 -8.65589 1.8
      vertex -24.0369 -8.65589 0.5
    endloop
  endfacet
  facet normal 0.903831 0.427889 0
    outer loop
      vertex -23.9183 -9.45568 1.8
      vertex -23.9687 -9.34922 0.5
      vertex -23.9687 -9.34922 1.8
    endloop
  endfacet
  facet normal 0.903831 0.427889 0
    outer loop
      vertex -23.9687 -9.34922 0.5
      vertex -23.9183 -9.45568 1.8
      vertex -23.9183 -9.45568 0.5
    endloop
  endfacet
  facet normal 0.33681 -0.941573 0
    outer loop
      vertex -23.3192 -7.78134 0.5
      vertex -23.2083 -7.74167 1.8
      vertex -23.3192 -7.78134 1.8
    endloop
  endfacet
  facet normal 0.33681 -0.941573 0
    outer loop
      vertex -23.2083 -7.74167 1.8
      vertex -23.3192 -7.78134 0.5
      vertex -23.2083 -7.74167 0.5
    endloop
  endfacet
  facet normal 0.671776 0.740754 -0
    outer loop
      vertex -23.6213 -9.81761 0.5
      vertex -23.7085 -9.73853 1.8
      vertex -23.6213 -9.81761 1.8
    endloop
  endfacet
  facet normal 0.671776 0.740754 0
    outer loop
      vertex -23.7085 -9.73853 1.8
      vertex -23.6213 -9.81761 0.5
      vertex -23.7085 -9.73853 0.5
    endloop
  endfacet
  facet normal 0.7409 0.671616 0
    outer loop
      vertex -23.7085 -9.73853 1.8
      vertex -23.7876 -9.65127 0.5
      vertex -23.7876 -9.65127 1.8
    endloop
  endfacet
  facet normal 0.7409 0.671616 0
    outer loop
      vertex -23.7876 -9.65127 0.5
      vertex -23.7085 -9.73853 1.8
      vertex -23.7085 -9.73853 0.5
    endloop
  endfacet
  facet normal 0.857867 -0.513871 0
    outer loop
      vertex -23.9183 -8.32432 1.8
      vertex -23.8578 -8.22332 0.5
      vertex -23.8578 -8.22332 1.8
    endloop
  endfacet
  facet normal 0.857867 -0.513871 0
    outer loop
      vertex -23.8578 -8.22332 0.5
      vertex -23.9183 -8.32432 1.8
      vertex -23.9183 -8.32432 0.5
    endloop
  endfacet
  facet normal -0.857867 -0.513871 0
    outer loop
      vertex -21.8017 -8.32432 0.5
      vertex -21.8622 -8.22332 1.8
      vertex -21.8622 -8.22332 0.5
    endloop
  endfacet
  facet normal -0.857867 -0.513871 0
    outer loop
      vertex -21.8622 -8.22332 1.8
      vertex -21.8017 -8.32432 0.5
      vertex -21.8017 -8.32432 1.8
    endloop
  endfacet
  facet normal 0.803015 -0.595958 0
    outer loop
      vertex -23.8578 -8.22332 1.8
      vertex -23.7876 -8.12873 0.5
      vertex -23.7876 -8.12873 1.8
    endloop
  endfacet
  facet normal 0.803015 -0.595958 0
    outer loop
      vertex -23.7876 -8.12873 0.5
      vertex -23.8578 -8.22332 1.8
      vertex -23.8578 -8.22332 0.5
    endloop
  endfacet
  facet normal -0.514121 -0.857718 0
    outer loop
      vertex -22.2943 -7.8317 0.5
      vertex -22.1933 -7.89224 1.8
      vertex -22.2943 -7.8317 1.8
    endloop
  endfacet
  facet normal -0.514121 -0.857718 -0
    outer loop
      vertex -22.1933 -7.89224 1.8
      vertex -22.2943 -7.8317 0.5
      vertex -22.1933 -7.89224 0.5
    endloop
  endfacet
  facet normal -0.427481 -0.904025 0
    outer loop
      vertex -22.4008 -7.78134 0.5
      vertex -22.2943 -7.8317 1.8
      vertex -22.4008 -7.78134 1.8
    endloop
  endfacet
  facet normal -0.427481 -0.904025 -0
    outer loop
      vertex -22.2943 -7.8317 1.8
      vertex -22.4008 -7.78134 0.5
      vertex -22.2943 -7.8317 0.5
    endloop
  endfacet
  facet normal 0.671776 -0.740754 0
    outer loop
      vertex -23.7085 -8.04147 0.5
      vertex -23.6213 -7.96239 1.8
      vertex -23.7085 -8.04147 1.8
    endloop
  endfacet
  facet normal 0.671776 -0.740754 0
    outer loop
      vertex -23.6213 -7.96239 1.8
      vertex -23.7085 -8.04147 0.5
      vertex -23.6213 -7.96239 0.5
    endloop
  endfacet
  facet normal 0.514184 0.85768 -0
    outer loop
      vertex -23.4257 -9.94831 0.5
      vertex -23.5267 -9.88776 1.8
      vertex -23.4257 -9.94831 1.8
    endloop
  endfacet
  facet normal 0.514184 0.85768 0
    outer loop
      vertex -23.5267 -9.88776 1.8
      vertex -23.4257 -9.94831 0.5
      vertex -23.5267 -9.88776 0.5
    endloop
  endfacet
  facet normal -0.941742 -0.336336 0
    outer loop
      vertex -21.7117 -8.54166 0.5
      vertex -21.7513 -8.43078 1.8
      vertex -21.7513 -8.43078 0.5
    endloop
  endfacet
  facet normal -0.941742 -0.336336 0
    outer loop
      vertex -21.7513 -8.43078 1.8
      vertex -21.7117 -8.54166 0.5
      vertex -21.7117 -8.54166 1.8
    endloop
  endfacet
  facet normal 0.989151 0.146899 0
    outer loop
      vertex -24.0369 -9.12411 1.8
      vertex -24.0542 -9.00762 0.5
      vertex -24.0542 -9.00762 1.8
    endloop
  endfacet
  facet normal 0.989151 0.146899 0
    outer loop
      vertex -24.0542 -9.00762 0.5
      vertex -24.0369 -9.12411 1.8
      vertex -24.0369 -9.12411 0.5
    endloop
  endfacet
  facet normal -0.7409 0.671616 0
    outer loop
      vertex -22.0115 -9.73853 0.5
      vertex -21.9324 -9.65127 1.8
      vertex -21.9324 -9.65127 0.5
    endloop
  endfacet
  facet normal -0.7409 0.671616 0
    outer loop
      vertex -21.9324 -9.65127 1.8
      vertex -22.0115 -9.73853 0.5
      vertex -22.0115 -9.73853 1.8
    endloop
  endfacet
  facet normal 0.970058 0.242875 0
    outer loop
      vertex -24.0083 -9.23834 1.8
      vertex -24.0369 -9.12411 0.5
      vertex -24.0369 -9.12411 1.8
    endloop
  endfacet
  facet normal 0.970058 0.242875 0
    outer loop
      vertex -24.0369 -9.12411 0.5
      vertex -24.0083 -9.23834 1.8
      vertex -24.0083 -9.23834 0.5
    endloop
  endfacet
  facet normal -0.595644 0.803249 0
    outer loop
      vertex -22.0987 -9.81761 0.5
      vertex -22.1933 -9.88776 1.8
      vertex -22.0987 -9.81761 1.8
    endloop
  endfacet
  facet normal -0.595644 0.803249 0
    outer loop
      vertex -22.1933 -9.88776 1.8
      vertex -22.0987 -9.81761 0.5
      vertex -22.1933 -9.88776 0.5
    endloop
  endfacet
  facet normal -0.146721 -0.989178 0
    outer loop
      vertex -22.7424 -7.69578 0.5
      vertex -22.6259 -7.71306 1.8
      vertex -22.7424 -7.69578 1.8
    endloop
  endfacet
  facet normal -0.146721 -0.989178 -0
    outer loop
      vertex -22.6259 -7.71306 1.8
      vertex -22.7424 -7.69578 0.5
      vertex -22.6259 -7.71306 0.5
    endloop
  endfacet
  facet normal -0.336584 0.941654 0
    outer loop
      vertex -22.4008 -9.99866 0.5
      vertex -22.5117 -10.0383 1.8
      vertex -22.4008 -9.99866 1.8
    endloop
  endfacet
  facet normal -0.336584 0.941654 0
    outer loop
      vertex -22.5117 -10.0383 1.8
      vertex -22.4008 -9.99866 0.5
      vertex -22.5117 -10.0383 0.5
    endloop
  endfacet
  facet normal -0.803015 0.595958 0
    outer loop
      vertex -21.9324 -9.65127 0.5
      vertex -21.8622 -9.55668 1.8
      vertex -21.8622 -9.55668 0.5
    endloop
  endfacet
  facet normal -0.803015 0.595958 0
    outer loop
      vertex -21.8622 -9.55668 1.8
      vertex -21.9324 -9.65127 0.5
      vertex -21.9324 -9.65127 1.8
    endloop
  endfacet
  facet normal -0.7409 -0.671616 0
    outer loop
      vertex -21.9324 -8.12873 0.5
      vertex -22.0115 -8.04147 1.8
      vertex -22.0115 -8.04147 0.5
    endloop
  endfacet
  facet normal -0.7409 -0.671616 0
    outer loop
      vertex -22.0115 -8.04147 1.8
      vertex -21.9324 -8.12873 0.5
      vertex -21.9324 -8.12873 1.8
    endloop
  endfacet
  facet normal 0.595644 0.803249 -0
    outer loop
      vertex -23.5267 -9.88776 0.5
      vertex -23.6213 -9.81761 1.8
      vertex -23.5267 -9.88776 1.8
    endloop
  endfacet
  facet normal 0.595644 0.803249 0
    outer loop
      vertex -23.6213 -9.81761 1.8
      vertex -23.5267 -9.88776 0.5
      vertex -23.6213 -9.81761 0.5
    endloop
  endfacet
  facet normal -0.514184 0.85768 0
    outer loop
      vertex -22.1933 -9.88776 0.5
      vertex -22.2943 -9.94831 1.8
      vertex -22.1933 -9.88776 1.8
    endloop
  endfacet
  facet normal -0.514184 0.85768 0
    outer loop
      vertex -22.2943 -9.94831 1.8
      vertex -22.1933 -9.88776 0.5
      vertex -22.2943 -9.94831 0.5
    endloop
  endfacet
  facet normal 0.941742 -0.336336 0
    outer loop
      vertex -24.0083 -8.54166 1.8
      vertex -23.9687 -8.43078 0.5
      vertex -23.9687 -8.43078 1.8
    endloop
  endfacet
  facet normal 0.941742 -0.336336 0
    outer loop
      vertex -23.9687 -8.43078 0.5
      vertex -24.0083 -8.54166 1.8
      vertex -24.0083 -8.54166 0.5
    endloop
  endfacet
  facet normal 0.514121 -0.857718 0
    outer loop
      vertex -23.5267 -7.89224 0.5
      vertex -23.4257 -7.8317 1.8
      vertex -23.5267 -7.89224 1.8
    endloop
  endfacet
  facet normal 0.514121 -0.857718 0
    outer loop
      vertex -23.4257 -7.8317 1.8
      vertex -23.5267 -7.89224 0.5
      vertex -23.4257 -7.8317 0.5
    endloop
  endfacet
  facet normal 0.7409 -0.671616 0
    outer loop
      vertex -23.7876 -8.12873 1.8
      vertex -23.7085 -8.04147 0.5
      vertex -23.7085 -8.04147 1.8
    endloop
  endfacet
  facet normal 0.7409 -0.671616 0
    outer loop
      vertex -23.7085 -8.04147 0.5
      vertex -23.7876 -8.12873 1.8
      vertex -23.7876 -8.12873 0.5
    endloop
  endfacet
  facet normal 0.427481 -0.904025 0
    outer loop
      vertex -23.4257 -7.8317 0.5
      vertex -23.3192 -7.78134 1.8
      vertex -23.4257 -7.8317 1.8
    endloop
  endfacet
  facet normal 0.427481 -0.904025 0
    outer loop
      vertex -23.3192 -7.78134 1.8
      vertex -23.4257 -7.8317 0.5
      vertex -23.3192 -7.78134 0.5
    endloop
  endfacet
  facet normal -0.671776 0.740754 0
    outer loop
      vertex -22.0115 -9.73853 0.5
      vertex -22.0987 -9.81761 1.8
      vertex -22.0115 -9.73853 1.8
    endloop
  endfacet
  facet normal -0.671776 0.740754 0
    outer loop
      vertex -22.0987 -9.81761 1.8
      vertex -22.0115 -9.73853 0.5
      vertex -22.0987 -9.81761 0.5
    endloop
  endfacet
  facet normal 0.243015 -0.970022 0
    outer loop
      vertex -23.2083 -7.74167 0.5
      vertex -23.0941 -7.71306 1.8
      vertex -23.2083 -7.74167 1.8
    endloop
  endfacet
  facet normal 0.243015 -0.970022 0
    outer loop
      vertex -23.0941 -7.71306 1.8
      vertex -23.2083 -7.74167 0.5
      vertex -23.0941 -7.71306 0.5
    endloop
  endfacet
  facet normal 0.336584 0.941654 -0
    outer loop
      vertex -23.2083 -10.0383 0.5
      vertex -23.3192 -9.99866 1.8
      vertex -23.2083 -10.0383 1.8
    endloop
  endfacet
  facet normal 0.336584 0.941654 0
    outer loop
      vertex -23.3192 -9.99866 1.8
      vertex -23.2083 -10.0383 0.5
      vertex -23.3192 -9.99866 0.5
    endloop
  endfacet
  facet normal -0.970058 -0.242875 0
    outer loop
      vertex -21.6831 -8.65589 0.5
      vertex -21.7117 -8.54166 1.8
      vertex -21.7117 -8.54166 0.5
    endloop
  endfacet
  facet normal -0.970058 -0.242875 0
    outer loop
      vertex -21.7117 -8.54166 1.8
      vertex -21.6831 -8.65589 0.5
      vertex -21.6831 -8.65589 1.8
    endloop
  endfacet
  facet normal 0.903831 -0.427889 0
    outer loop
      vertex -23.9687 -8.43078 1.8
      vertex -23.9183 -8.32432 0.5
      vertex -23.9183 -8.32432 1.8
    endloop
  endfacet
  facet normal 0.903831 -0.427889 0
    outer loop
      vertex -23.9183 -8.32432 0.5
      vertex -23.9687 -8.43078 1.8
      vertex -23.9687 -8.43078 0.5
    endloop
  endfacet
  facet normal -0.146887 0.989153 0
    outer loop
      vertex -22.6259 -10.0669 0.5
      vertex -22.7424 -10.0842 1.8
      vertex -22.6259 -10.0669 1.8
    endloop
  endfacet
  facet normal -0.146887 0.989153 0
    outer loop
      vertex -22.7424 -10.0842 1.8
      vertex -22.6259 -10.0669 0.5
      vertex -22.7424 -10.0842 0.5
    endloop
  endfacet
  facet normal 0.803015 0.595958 0
    outer loop
      vertex -23.7876 -9.65127 1.8
      vertex -23.8578 -9.55668 0.5
      vertex -23.8578 -9.55668 1.8
    endloop
  endfacet
  facet normal 0.803015 0.595958 0
    outer loop
      vertex -23.8578 -9.55668 0.5
      vertex -23.7876 -9.65127 1.8
      vertex -23.7876 -9.65127 0.5
    endloop
  endfacet
  facet normal -0.671776 -0.740754 0
    outer loop
      vertex -22.0987 -7.96239 0.5
      vertex -22.0115 -8.04147 1.8
      vertex -22.0987 -7.96239 1.8
    endloop
  endfacet
  facet normal -0.671776 -0.740754 -0
    outer loop
      vertex -22.0115 -8.04147 1.8
      vertex -22.0987 -7.96239 0.5
      vertex -22.0115 -8.04147 0.5
    endloop
  endfacet
  facet normal 0.427411 0.904057 -0
    outer loop
      vertex -23.3192 -9.99866 0.5
      vertex -23.4257 -9.94831 1.8
      vertex -23.3192 -9.99866 1.8
    endloop
  endfacet
  facet normal 0.427411 0.904057 0
    outer loop
      vertex -23.4257 -9.94831 1.8
      vertex -23.3192 -9.99866 0.5
      vertex -23.4257 -9.94831 0.5
    endloop
  endfacet
  facet normal -0.243015 -0.970022 0
    outer loop
      vertex -22.6259 -7.71306 0.5
      vertex -22.5117 -7.74167 1.8
      vertex -22.6259 -7.71306 1.8
    endloop
  endfacet
  facet normal -0.243015 -0.970022 -0
    outer loop
      vertex -22.5117 -7.74167 1.8
      vertex -22.6259 -7.71306 0.5
      vertex -22.5117 -7.74167 0.5
    endloop
  endfacet
  facet normal -0.33681 -0.941573 0
    outer loop
      vertex -22.5117 -7.74167 0.5
      vertex -22.4008 -7.78134 1.8
      vertex -22.5117 -7.74167 1.8
    endloop
  endfacet
  facet normal -0.33681 -0.941573 -0
    outer loop
      vertex -22.4008 -7.78134 1.8
      vertex -22.5117 -7.74167 0.5
      vertex -22.4008 -7.78134 0.5
    endloop
  endfacet
  facet normal 0.0490904 -0.998794 0
    outer loop
      vertex -22.9776 -7.69578 0.5
      vertex -22.86 -7.69 1.8
      vertex -22.9776 -7.69578 1.8
    endloop
  endfacet
  facet normal 0.0490904 -0.998794 0
    outer loop
      vertex -22.86 -7.69 1.8
      vertex -22.9776 -7.69578 0.5
      vertex -22.86 -7.69 0.5
    endloop
  endfacet
  facet normal 0.146721 -0.989178 0
    outer loop
      vertex -23.0941 -7.71306 0.5
      vertex -22.9776 -7.69578 1.8
      vertex -23.0941 -7.71306 1.8
    endloop
  endfacet
  facet normal 0.146721 -0.989178 0
    outer loop
      vertex -22.9776 -7.69578 1.8
      vertex -23.0941 -7.71306 0.5
      vertex -22.9776 -7.69578 0.5
    endloop
  endfacet
  facet normal 0.595644 -0.803249 0
    outer loop
      vertex -23.6213 -7.96239 0.5
      vertex -23.5267 -7.89224 1.8
      vertex -23.6213 -7.96239 1.8
    endloop
  endfacet
  facet normal 0.595644 -0.803249 0
    outer loop
      vertex -23.5267 -7.89224 1.8
      vertex -23.6213 -7.96239 0.5
      vertex -23.5267 -7.89224 0.5
    endloop
  endfacet
  facet normal 0.146629 0.989192 -0
    outer loop
      vertex -23.0854 -11.1789 0
      vertex -23.3087 -11.1458 0.5
      vertex -23.0854 -11.1789 0.5
    endloop
  endfacet
  facet normal 0.146629 0.989192 0
    outer loop
      vertex -23.3087 -11.1458 0.5
      vertex -23.0854 -11.1789 0
      vertex -23.3087 -11.1458 0
    endloop
  endfacet
  facet normal -0.989189 0.146648 0
    outer loop
      vertex -20.6042 -9.33871 0
      vertex -20.5711 -9.11544 0.5
      vertex -20.5711 -9.11544 0
    endloop
  endfacet
  facet normal -0.989189 0.146648 0
    outer loop
      vertex -20.5711 -9.11544 0.5
      vertex -20.6042 -9.33871 0
      vertex -20.6042 -9.33871 0.5
    endloop
  endfacet
  facet normal -0.99879 0.0491775 0
    outer loop
      vertex -20.5711 -9.11544 0
      vertex -20.56 -8.89 0.5
      vertex -20.56 -8.89 0
    endloop
  endfacet
  facet normal -0.99879 0.0491775 0
    outer loop
      vertex -20.56 -8.89 0.5
      vertex -20.5711 -9.11544 0
      vertex -20.5711 -9.11544 0.5
    endloop
  endfacet
  facet normal -0.970075 0.242807 0
    outer loop
      vertex -20.659 -9.55765 0
      vertex -20.6042 -9.33871 0.5
      vertex -20.6042 -9.33871 0
    endloop
  endfacet
  facet normal -0.970075 0.242807 0
    outer loop
      vertex -20.6042 -9.33871 0.5
      vertex -20.659 -9.55765 0
      vertex -20.659 -9.55765 0.5
    endloop
  endfacet
  facet normal -0.99879 -0.0491775 0
    outer loop
      vertex -20.56 -8.89 0
      vertex -20.5711 -8.66456 0.5
      vertex -20.5711 -8.66456 0
    endloop
  endfacet
  facet normal -0.99879 -0.0491775 0
    outer loop
      vertex -20.5711 -8.66456 0.5
      vertex -20.56 -8.89 0
      vertex -20.56 -8.89 0.5
    endloop
  endfacet
  facet normal 0.33715 0.941451 -0
    outer loop
      vertex -23.5277 -11.091 0
      vertex -23.7402 -11.0149 0.5
      vertex -23.5277 -11.091 0.5
    endloop
  endfacet
  facet normal 0.33715 0.941451 0
    outer loop
      vertex -23.7402 -11.0149 0.5
      vertex -23.5277 -11.091 0
      vertex -23.7402 -11.0149 0
    endloop
  endfacet
  facet normal -0.941461 -0.337122 0
    outer loop
      vertex -20.659 -8.22235 0
      vertex -20.7351 -8.00983 0.5
      vertex -20.7351 -8.00983 0
    endloop
  endfacet
  facet normal -0.941461 -0.337122 0
    outer loop
      vertex -20.7351 -8.00983 0.5
      vertex -20.659 -8.22235 0
      vertex -20.659 -8.22235 0.5
    endloop
  endfacet
  facet normal -0.671653 -0.740866 0
    outer loop
      vertex -21.4009 -7.11208 0
      vertex -21.2337 -7.26366 0.5
      vertex -21.4009 -7.11208 0.5
    endloop
  endfacet
  facet normal -0.671653 -0.740866 -0
    outer loop
      vertex -21.2337 -7.26366 0.5
      vertex -21.4009 -7.11208 0
      vertex -21.2337 -7.26366 0
    endloop
  endfacet
  facet normal -0.33715 0.941451 0
    outer loop
      vertex -21.9798 -11.0149 0
      vertex -22.1923 -11.091 0.5
      vertex -21.9798 -11.0149 0.5
    endloop
  endfacet
  facet normal -0.33715 0.941451 0
    outer loop
      vertex -22.1923 -11.091 0.5
      vertex -21.9798 -11.0149 0
      vertex -22.1923 -11.091 0
    endloop
  endfacet
  facet normal -0.803125 0.59581 0
    outer loop
      vertex -21.0821 -10.3491 0
      vertex -20.9476 -10.1678 0.5
      vertex -20.9476 -10.1678 0
    endloop
  endfacet
  facet normal -0.803125 0.59581 0
    outer loop
      vertex -20.9476 -10.1678 0.5
      vertex -21.0821 -10.3491 0
      vertex -21.0821 -10.3491 0.5
    endloop
  endfacet
  facet normal -0.513974 0.857806 0
    outer loop
      vertex -21.5822 -10.8024 0
      vertex -21.7758 -10.9184 0.5
      vertex -21.5822 -10.8024 0.5
    endloop
  endfacet
  facet normal -0.513974 0.857806 0
    outer loop
      vertex -21.7758 -10.9184 0.5
      vertex -21.5822 -10.8024 0
      vertex -21.7758 -10.9184 0
    endloop
  endfacet
  facet normal -0.740902 -0.671614 0
    outer loop
      vertex -21.0821 -7.4309 0
      vertex -21.2337 -7.26366 0.5
      vertex -21.2337 -7.26366 0
    endloop
  endfacet
  facet normal -0.740902 -0.671614 0
    outer loop
      vertex -21.2337 -7.26366 0.5
      vertex -21.0821 -7.4309 0
      vertex -21.0821 -7.4309 0.5
    endloop
  endfacet
  facet normal 0.242744 0.97009 -0
    outer loop
      vertex -23.3087 -11.1458 0
      vertex -23.5277 -11.091 0.5
      vertex -23.3087 -11.1458 0.5
    endloop
  endfacet
  facet normal 0.242744 0.97009 0
    outer loop
      vertex -23.5277 -11.091 0.5
      vertex -23.3087 -11.1458 0
      vertex -23.5277 -11.091 0
    endloop
  endfacet
  facet normal 0.42761 0.903963 -0
    outer loop
      vertex -23.7402 -11.0149 0
      vertex -23.9442 -10.9184 0.5
      vertex -23.7402 -11.0149 0.5
    endloop
  endfacet
  facet normal 0.42761 0.903963 0
    outer loop
      vertex -23.9442 -10.9184 0.5
      vertex -23.7402 -11.0149 0
      vertex -23.9442 -10.9184 0
    endloop
  endfacet
  facet normal -0.903996 -0.427542 0
    outer loop
      vertex -20.7351 -8.00983 0
      vertex -20.8316 -7.80579 0.5
      vertex -20.8316 -7.80579 0
    endloop
  endfacet
  facet normal -0.903996 -0.427542 0
    outer loop
      vertex -20.8316 -7.80579 0.5
      vertex -20.7351 -8.00983 0
      vertex -20.7351 -8.00983 0.5
    endloop
  endfacet
  facet normal 0.80311 -0.595831 0
    outer loop
      vertex -24.7724 -7.61219 0.5
      vertex -24.6379 -7.4309 0
      vertex -24.6379 -7.4309 0.5
    endloop
  endfacet
  facet normal 0.80311 -0.595831 0
    outer loop
      vertex -24.6379 -7.4309 0
      vertex -24.7724 -7.61219 0.5
      vertex -24.7724 -7.61219 0
    endloop
  endfacet
  facet normal -0.989189 -0.146648 0
    outer loop
      vertex -20.5711 -8.66456 0
      vertex -20.6042 -8.44129 0.5
      vertex -20.6042 -8.44129 0
    endloop
  endfacet
  facet normal -0.989189 -0.146648 0
    outer loop
      vertex -20.6042 -8.44129 0.5
      vertex -20.5711 -8.66456 0
      vertex -20.5711 -8.66456 0.5
    endloop
  endfacet
  facet normal 0.514105 -0.857727 0
    outer loop
      vertex -24.1378 -6.97762 0
      vertex -23.9442 -6.86158 0.5
      vertex -24.1378 -6.97762 0.5
    endloop
  endfacet
  facet normal 0.514105 -0.857727 0
    outer loop
      vertex -23.9442 -6.86158 0.5
      vertex -24.1378 -6.97762 0
      vertex -23.9442 -6.86158 0
    endloop
  endfacet
  facet normal -0.0491862 0.99879 0
    outer loop
      vertex -22.6346 -11.1789 0
      vertex -22.86 -11.19 0.5
      vertex -22.6346 -11.1789 0.5
    endloop
  endfacet
  facet normal -0.0491862 0.99879 0
    outer loop
      vertex -22.86 -11.19 0.5
      vertex -22.6346 -11.1789 0
      vertex -22.86 -11.19 0
    endloop
  endfacet
  facet normal -0.671702 0.740822 0
    outer loop
      vertex -21.2337 -10.5163 0
      vertex -21.4009 -10.6679 0.5
      vertex -21.2337 -10.5163 0.5
    endloop
  endfacet
  facet normal -0.671702 0.740822 0
    outer loop
      vertex -21.4009 -10.6679 0.5
      vertex -21.2337 -10.5163 0
      vertex -21.4009 -10.6679 0
    endloop
  endfacet
  facet normal -0.146672 -0.989185 0
    outer loop
      vertex -22.6346 -6.60108 0
      vertex -22.4113 -6.63419 0.5
      vertex -22.6346 -6.60108 0.5
    endloop
  endfacet
  facet normal -0.146672 -0.989185 -0
    outer loop
      vertex -22.4113 -6.63419 0.5
      vertex -22.6346 -6.60108 0
      vertex -22.4113 -6.63419 0
    endloop
  endfacet
  facet normal -0.80311 -0.595831 0
    outer loop
      vertex -20.9476 -7.61219 0
      vertex -21.0821 -7.4309 0.5
      vertex -21.0821 -7.4309 0
    endloop
  endfacet
  facet normal -0.80311 -0.595831 0
    outer loop
      vertex -21.0821 -7.4309 0.5
      vertex -20.9476 -7.61219 0
      vertex -20.9476 -7.61219 0.5
    endloop
  endfacet
  facet normal -0.42761 0.903963 0
    outer loop
      vertex -21.7758 -10.9184 0
      vertex -21.9798 -11.0149 0.5
      vertex -21.7758 -10.9184 0.5
    endloop
  endfacet
  facet normal -0.42761 0.903963 0
    outer loop
      vertex -21.9798 -11.0149 0.5
      vertex -21.7758 -10.9184 0
      vertex -21.9798 -11.0149 0
    endloop
  endfacet
  facet normal -0.595696 -0.80321 0
    outer loop
      vertex -21.5822 -6.97762 0
      vertex -21.4009 -7.11208 0.5
      vertex -21.5822 -6.97762 0.5
    endloop
  endfacet
  facet normal -0.595696 -0.80321 -0
    outer loop
      vertex -21.4009 -7.11208 0.5
      vertex -21.5822 -6.97762 0
      vertex -21.4009 -7.11208 0
    endloop
  endfacet
  facet normal 0.803125 0.59581 0
    outer loop
      vertex -24.6379 -10.3491 0.5
      vertex -24.7724 -10.1678 0
      vertex -24.7724 -10.1678 0.5
    endloop
  endfacet
  facet normal 0.803125 0.59581 0
    outer loop
      vertex -24.7724 -10.1678 0
      vertex -24.6379 -10.3491 0.5
      vertex -24.6379 -10.3491 0
    endloop
  endfacet
  facet normal 0.0490978 -0.998794 0
    outer loop
      vertex -23.0854 -6.60108 0
      vertex -22.86 -6.59 0.5
      vertex -23.0854 -6.60108 0.5
    endloop
  endfacet
  facet normal 0.0490978 -0.998794 0
    outer loop
      vertex -22.86 -6.59 0.5
      vertex -23.0854 -6.60108 0
      vertex -22.86 -6.59 0
    endloop
  endfacet
  facet normal -0.146629 0.989192 0
    outer loop
      vertex -22.4113 -11.1458 0
      vertex -22.6346 -11.1789 0.5
      vertex -22.4113 -11.1458 0.5
    endloop
  endfacet
  facet normal -0.146629 0.989192 0
    outer loop
      vertex -22.6346 -11.1789 0.5
      vertex -22.4113 -11.1458 0
      vertex -22.6346 -11.1789 0
    endloop
  endfacet
  facet normal 0.970075 -0.242807 0
    outer loop
      vertex -25.1158 -8.44129 0.5
      vertex -25.061 -8.22235 0
      vertex -25.061 -8.22235 0.5
    endloop
  endfacet
  facet normal 0.970075 -0.242807 0
    outer loop
      vertex -25.061 -8.22235 0
      vertex -25.1158 -8.44129 0.5
      vertex -25.1158 -8.44129 0
    endloop
  endfacet
  facet normal 0.0491862 0.99879 -0
    outer loop
      vertex -22.86 -11.19 0
      vertex -23.0854 -11.1789 0.5
      vertex -22.86 -11.19 0.5
    endloop
  endfacet
  facet normal 0.0491862 0.99879 0
    outer loop
      vertex -23.0854 -11.1789 0.5
      vertex -22.86 -11.19 0
      vertex -23.0854 -11.1789 0
    endloop
  endfacet
  facet normal 0.857806 -0.513974 0
    outer loop
      vertex -24.8884 -7.80579 0.5
      vertex -24.7724 -7.61219 0
      vertex -24.7724 -7.61219 0.5
    endloop
  endfacet
  facet normal 0.857806 -0.513974 0
    outer loop
      vertex -24.7724 -7.61219 0
      vertex -24.8884 -7.80579 0.5
      vertex -24.8884 -7.80579 0
    endloop
  endfacet
  facet normal -0.740822 0.671702 0
    outer loop
      vertex -21.2337 -10.5163 0
      vertex -21.0821 -10.3491 0.5
      vertex -21.0821 -10.3491 0
    endloop
  endfacet
  facet normal -0.740822 0.671702 0
    outer loop
      vertex -21.0821 -10.3491 0.5
      vertex -21.2337 -10.5163 0
      vertex -21.2337 -10.5163 0.5
    endloop
  endfacet
  facet normal 0.970075 0.242807 0
    outer loop
      vertex -25.061 -9.55765 0.5
      vertex -25.1158 -9.33871 0
      vertex -25.1158 -9.33871 0.5
    endloop
  endfacet
  facet normal 0.970075 0.242807 0
    outer loop
      vertex -25.1158 -9.33871 0
      vertex -25.061 -9.55765 0.5
      vertex -25.061 -9.55765 0
    endloop
  endfacet
  facet normal 0.59581 0.803125 -0
    outer loop
      vertex -24.1378 -10.8024 0
      vertex -24.3191 -10.6679 0.5
      vertex -24.1378 -10.8024 0.5
    endloop
  endfacet
  facet normal 0.59581 0.803125 0
    outer loop
      vertex -24.3191 -10.6679 0.5
      vertex -24.1378 -10.8024 0
      vertex -24.3191 -10.6679 0
    endloop
  endfacet
  facet normal 0.941461 0.337122 0
    outer loop
      vertex -24.9849 -9.77017 0.5
      vertex -25.061 -9.55765 0
      vertex -25.061 -9.55765 0.5
    endloop
  endfacet
  facet normal 0.941461 0.337122 0
    outer loop
      vertex -25.061 -9.55765 0
      vertex -24.9849 -9.77017 0.5
      vertex -24.9849 -9.77017 0
    endloop
  endfacet
  facet normal -0.59581 0.803125 0
    outer loop
      vertex -21.4009 -10.6679 0
      vertex -21.5822 -10.8024 0.5
      vertex -21.4009 -10.6679 0.5
    endloop
  endfacet
  facet normal -0.59581 0.803125 0
    outer loop
      vertex -21.5822 -10.8024 0.5
      vertex -21.4009 -10.6679 0
      vertex -21.5822 -10.8024 0
    endloop
  endfacet
  facet normal -0.42761 -0.903963 0
    outer loop
      vertex -21.9798 -6.76508 0
      vertex -21.7758 -6.86158 0.5
      vertex -21.9798 -6.76508 0.5
    endloop
  endfacet
  facet normal -0.42761 -0.903963 -0
    outer loop
      vertex -21.7758 -6.86158 0.5
      vertex -21.9798 -6.76508 0
      vertex -21.7758 -6.86158 0
    endloop
  endfacet
  facet normal -0.941461 0.337122 0
    outer loop
      vertex -20.7351 -9.77017 0
      vertex -20.659 -9.55765 0.5
      vertex -20.659 -9.55765 0
    endloop
  endfacet
  facet normal -0.941461 0.337122 0
    outer loop
      vertex -20.659 -9.55765 0.5
      vertex -20.7351 -9.77017 0
      vertex -20.7351 -9.77017 0.5
    endloop
  endfacet
  facet normal 0.671702 0.740822 -0
    outer loop
      vertex -24.3191 -10.6679 0
      vertex -24.4863 -10.5163 0.5
      vertex -24.3191 -10.6679 0.5
    endloop
  endfacet
  facet normal 0.671702 0.740822 0
    outer loop
      vertex -24.4863 -10.5163 0.5
      vertex -24.3191 -10.6679 0
      vertex -24.4863 -10.5163 0
    endloop
  endfacet
  facet normal 0.513974 0.857806 -0
    outer loop
      vertex -23.9442 -10.9184 0
      vertex -24.1378 -10.8024 0.5
      vertex -23.9442 -10.9184 0.5
    endloop
  endfacet
  facet normal 0.513974 0.857806 0
    outer loop
      vertex -24.1378 -10.8024 0.5
      vertex -23.9442 -10.9184 0
      vertex -24.1378 -10.8024 0
    endloop
  endfacet
  facet normal -0.903996 0.427542 0
    outer loop
      vertex -20.8316 -9.97421 0
      vertex -20.7351 -9.77017 0.5
      vertex -20.7351 -9.77017 0
    endloop
  endfacet
  facet normal -0.903996 0.427542 0
    outer loop
      vertex -20.7351 -9.77017 0.5
      vertex -20.8316 -9.97421 0
      vertex -20.8316 -9.97421 0.5
    endloop
  endfacet
  facet normal -0.970075 -0.242807 0
    outer loop
      vertex -20.6042 -8.44129 0
      vertex -20.659 -8.22235 0.5
      vertex -20.659 -8.22235 0
    endloop
  endfacet
  facet normal -0.970075 -0.242807 0
    outer loop
      vertex -20.659 -8.22235 0.5
      vertex -20.6042 -8.44129 0
      vertex -20.6042 -8.44129 0.5
    endloop
  endfacet
  facet normal -0.857794 0.513994 0
    outer loop
      vertex -20.9476 -10.1678 0
      vertex -20.8316 -9.97421 0.5
      vertex -20.8316 -9.97421 0
    endloop
  endfacet
  facet normal -0.857794 0.513994 0
    outer loop
      vertex -20.8316 -9.97421 0.5
      vertex -20.9476 -10.1678 0
      vertex -20.9476 -10.1678 0.5
    endloop
  endfacet
  facet normal 0.941461 -0.337122 0
    outer loop
      vertex -25.061 -8.22235 0.5
      vertex -24.9849 -8.00983 0
      vertex -24.9849 -8.00983 0.5
    endloop
  endfacet
  facet normal 0.941461 -0.337122 0
    outer loop
      vertex -24.9849 -8.00983 0
      vertex -25.061 -8.22235 0.5
      vertex -25.061 -8.22235 0
    endloop
  endfacet
  facet normal 0.903996 0.427542 0
    outer loop
      vertex -24.8884 -9.97421 0.5
      vertex -24.9849 -9.77017 0
      vertex -24.9849 -9.77017 0.5
    endloop
  endfacet
  facet normal 0.903996 0.427542 0
    outer loop
      vertex -24.9849 -9.77017 0
      vertex -24.8884 -9.97421 0.5
      vertex -24.8884 -9.97421 0
    endloop
  endfacet
  facet normal -0.242744 0.97009 0
    outer loop
      vertex -22.1923 -11.091 0
      vertex -22.4113 -11.1458 0.5
      vertex -22.1923 -11.091 0.5
    endloop
  endfacet
  facet normal -0.242744 0.97009 0
    outer loop
      vertex -22.4113 -11.1458 0.5
      vertex -22.1923 -11.091 0
      vertex -22.4113 -11.1458 0
    endloop
  endfacet
  facet normal 0.740902 -0.671614 0
    outer loop
      vertex -24.6379 -7.4309 0.5
      vertex -24.4863 -7.26366 0
      vertex -24.4863 -7.26366 0.5
    endloop
  endfacet
  facet normal 0.740902 -0.671614 0
    outer loop
      vertex -24.4863 -7.26366 0
      vertex -24.6379 -7.4309 0.5
      vertex -24.6379 -7.4309 0
    endloop
  endfacet
  facet normal 0.595696 -0.80321 0
    outer loop
      vertex -24.3191 -7.11208 0
      vertex -24.1378 -6.97762 0.5
      vertex -24.3191 -7.11208 0.5
    endloop
  endfacet
  facet normal 0.595696 -0.80321 0
    outer loop
      vertex -24.1378 -6.97762 0.5
      vertex -24.3191 -7.11208 0
      vertex -24.1378 -6.97762 0
    endloop
  endfacet
  facet normal -0.336915 -0.941535 0
    outer loop
      vertex -22.1923 -6.68904 0
      vertex -21.9798 -6.76508 0.5
      vertex -22.1923 -6.68904 0.5
    endloop
  endfacet
  facet normal -0.336915 -0.941535 -0
    outer loop
      vertex -21.9798 -6.76508 0.5
      vertex -22.1923 -6.68904 0
      vertex -21.9798 -6.76508 0
    endloop
  endfacet
  facet normal 0.671653 -0.740866 0
    outer loop
      vertex -24.4863 -7.26366 0
      vertex -24.3191 -7.11208 0.5
      vertex -24.4863 -7.26366 0.5
    endloop
  endfacet
  facet normal 0.671653 -0.740866 0
    outer loop
      vertex -24.3191 -7.11208 0.5
      vertex -24.4863 -7.26366 0
      vertex -24.3191 -7.11208 0
    endloop
  endfacet
  facet normal 0.740822 0.671702 0
    outer loop
      vertex -24.4863 -10.5163 0.5
      vertex -24.6379 -10.3491 0
      vertex -24.6379 -10.3491 0.5
    endloop
  endfacet
  facet normal 0.740822 0.671702 0
    outer loop
      vertex -24.6379 -10.3491 0
      vertex -24.4863 -10.5163 0.5
      vertex -24.4863 -10.5163 0
    endloop
  endfacet
  facet normal 0.336915 -0.941535 0
    outer loop
      vertex -23.7402 -6.76508 0
      vertex -23.5277 -6.68904 0.5
      vertex -23.7402 -6.76508 0.5
    endloop
  endfacet
  facet normal 0.336915 -0.941535 0
    outer loop
      vertex -23.5277 -6.68904 0.5
      vertex -23.7402 -6.76508 0
      vertex -23.5277 -6.68904 0
    endloop
  endfacet
  facet normal 0.99879 -0.0491775 0
    outer loop
      vertex -25.16 -8.89 0.5
      vertex -25.1489 -8.66456 0
      vertex -25.1489 -8.66456 0.5
    endloop
  endfacet
  facet normal 0.99879 -0.0491775 0
    outer loop
      vertex -25.1489 -8.66456 0
      vertex -25.16 -8.89 0.5
      vertex -25.16 -8.89 0
    endloop
  endfacet
  facet normal 0.989189 -0.146648 0
    outer loop
      vertex -25.1489 -8.66456 0.5
      vertex -25.1158 -8.44129 0
      vertex -25.1158 -8.44129 0.5
    endloop
  endfacet
  facet normal 0.989189 -0.146648 0
    outer loop
      vertex -25.1158 -8.44129 0
      vertex -25.1489 -8.66456 0.5
      vertex -25.1489 -8.66456 0
    endloop
  endfacet
  facet normal -0.0490978 -0.998794 0
    outer loop
      vertex -22.86 -6.59 0
      vertex -22.6346 -6.60108 0.5
      vertex -22.86 -6.59 0.5
    endloop
  endfacet
  facet normal -0.0490978 -0.998794 -0
    outer loop
      vertex -22.6346 -6.60108 0.5
      vertex -22.86 -6.59 0
      vertex -22.6346 -6.60108 0
    endloop
  endfacet
  facet normal 0.242952 -0.970038 0
    outer loop
      vertex -23.5277 -6.68904 0
      vertex -23.3087 -6.63419 0.5
      vertex -23.5277 -6.68904 0.5
    endloop
  endfacet
  facet normal 0.242952 -0.970038 0
    outer loop
      vertex -23.3087 -6.63419 0.5
      vertex -23.5277 -6.68904 0
      vertex -23.3087 -6.63419 0
    endloop
  endfacet
  facet normal -0.242952 -0.970038 0
    outer loop
      vertex -22.4113 -6.63419 0
      vertex -22.1923 -6.68904 0.5
      vertex -22.4113 -6.63419 0.5
    endloop
  endfacet
  facet normal -0.242952 -0.970038 -0
    outer loop
      vertex -22.1923 -6.68904 0.5
      vertex -22.4113 -6.63419 0
      vertex -22.1923 -6.68904 0
    endloop
  endfacet
  facet normal 0 0 -1
    outer loop
      vertex -21.66 -8.89 0.5
      vertex -20.56 -8.89 0.5
      vertex -20.5711 -9.11544 0.5
    endloop
  endfacet
  facet normal 0 0 -1
    outer loop
      vertex -21.6658 -9.00762 0.5
      vertex -20.5711 -9.11544 0.5
      vertex -20.6042 -9.33871 0.5
    endloop
  endfacet
  facet normal 0 0 -1
    outer loop
      vertex -20.56 -8.89 0.5
      vertex -21.66 -8.89 0.5
      vertex -20.5711 -8.66456 0.5
    endloop
  endfacet
  facet normal 0 0 -1
    outer loop
      vertex -21.6831 -9.12411 0.5
      vertex -20.6042 -9.33871 0.5
      vertex -20.659 -9.55765 0.5
    endloop
  endfacet
  facet normal 0 0 -1
    outer loop
      vertex -21.6658 -8.77238 0.5
      vertex -20.5711 -8.66456 0.5
      vertex -21.66 -8.89 0.5
    endloop
  endfacet
  facet normal 0 0 -1
    outer loop
      vertex -21.7117 -9.23834 0.5
      vertex -20.659 -9.55765 0.5
      vertex -20.7351 -9.77017 0.5
    endloop
  endfacet
  facet normal -0 0 -1
    outer loop
      vertex -20.5711 -8.66456 0.5
      vertex -21.6658 -8.77238 0.5
      vertex -20.6042 -8.44129 0.5
    endloop
  endfacet
  facet normal 0 0 -1
    outer loop
      vertex -21.7513 -9.34922 0.5
      vertex -20.7351 -9.77017 0.5
      vertex -20.8316 -9.97421 0.5
    endloop
  endfacet
  facet normal 0 0 -1
    outer loop
      vertex -21.6831 -8.65589 0.5
      vertex -20.6042 -8.44129 0.5
      vertex -21.6658 -8.77238 0.5
    endloop
  endfacet
  facet normal 0 0 -1
    outer loop
      vertex -21.8017 -9.45568 0.5
      vertex -20.8316 -9.97421 0.5
      vertex -20.9476 -10.1678 0.5
    endloop
  endfacet
  facet normal -0 0 -1
    outer loop
      vertex -20.6042 -8.44129 0.5
      vertex -21.6831 -8.65589 0.5
      vertex -20.659 -8.22235 0.5
    endloop
  endfacet
  facet normal 0 0 -1
    outer loop
      vertex -21.8622 -9.55668 0.5
      vertex -20.9476 -10.1678 0.5
      vertex -21.0821 -10.3491 0.5
    endloop
  endfacet
  facet normal 0 0 -1
    outer loop
      vertex -21.7117 -8.54166 0.5
      vertex -20.659 -8.22235 0.5
      vertex -21.6831 -8.65589 0.5
    endloop
  endfacet
  facet normal 0 0 -1
    outer loop
      vertex -21.9324 -9.65127 0.5
      vertex -21.0821 -10.3491 0.5
      vertex -21.2337 -10.5163 0.5
    endloop
  endfacet
  facet normal -0 0 -1
    outer loop
      vertex -20.659 -8.22235 0.5
      vertex -21.7117 -8.54166 0.5
      vertex -20.7351 -8.00983 0.5
    endloop
  endfacet
  facet normal 0 0 -1
    outer loop
      vertex -22.0115 -9.73853 0.5
      vertex -21.2337 -10.5163 0.5
      vertex -21.4009 -10.6679 0.5
    endloop
  endfacet
  facet normal 0 0 -1
    outer loop
      vertex -21.7513 -8.43078 0.5
      vertex -20.7351 -8.00983 0.5
      vertex -21.7117 -8.54166 0.5
    endloop
  endfacet
  facet normal 0 0 -1
    outer loop
      vertex -22.0987 -9.81761 0.5
      vertex -21.4009 -10.6679 0.5
      vertex -21.5822 -10.8024 0.5
    endloop
  endfacet
  facet normal -0 0 -1
    outer loop
      vertex -20.7351 -8.00983 0.5
      vertex -21.7513 -8.43078 0.5
      vertex -20.8316 -7.80579 0.5
    endloop
  endfacet
  facet normal 0 0 -1
    outer loop
      vertex -21.8017 -8.32432 0.5
      vertex -20.8316 -7.80579 0.5
      vertex -21.7513 -8.43078 0.5
    endloop
  endfacet
  facet normal 0 0 -1
    outer loop
      vertex -20.5711 -9.11544 0.5
      vertex -21.6658 -9.00762 0.5
      vertex -21.66 -8.89 0.5
    endloop
  endfacet
  facet normal 0 0 -1
    outer loop
      vertex -20.6042 -9.33871 0.5
      vertex -21.6831 -9.12411 0.5
      vertex -21.6658 -9.00762 0.5
    endloop
  endfacet
  facet normal 0 0 -1
    outer loop
      vertex -20.659 -9.55765 0.5
      vertex -21.7117 -9.23834 0.5
      vertex -21.6831 -9.12411 0.5
    endloop
  endfacet
  facet normal 0 0 -1
    outer loop
      vertex -20.7351 -9.77017 0.5
      vertex -21.7513 -9.34922 0.5
      vertex -21.7117 -9.23834 0.5
    endloop
  endfacet
  facet normal 0 0 -1
    outer loop
      vertex -22.1933 -9.88776 0.5
      vertex -21.5822 -10.8024 0.5
      vertex -21.7758 -10.9184 0.5
    endloop
  endfacet
  facet normal 0 0 -1
    outer loop
      vertex -20.8316 -9.97421 0.5
      vertex -21.8017 -9.45568 0.5
      vertex -21.7513 -9.34922 0.5
    endloop
  endfacet
  facet normal 0 0 -1
    outer loop
      vertex -20.9476 -10.1678 0.5
      vertex -21.8622 -9.55668 0.5
      vertex -21.8017 -9.45568 0.5
    endloop
  endfacet
  facet normal 0 0 -1
    outer loop
      vertex -21.0821 -10.3491 0.5
      vertex -21.9324 -9.65127 0.5
      vertex -21.8622 -9.55668 0.5
    endloop
  endfacet
  facet normal 0 0 -1
    outer loop
      vertex -22.2943 -9.94831 0.5
      vertex -21.7758 -10.9184 0.5
      vertex -21.9798 -11.0149 0.5
    endloop
  endfacet
  facet normal 0 0 -1
    outer loop
      vertex -21.2337 -10.5163 0.5
      vertex -22.0115 -9.73853 0.5
      vertex -21.9324 -9.65127 0.5
    endloop
  endfacet
  facet normal 0 0 -1
    outer loop
      vertex -21.4009 -10.6679 0.5
      vertex -22.0987 -9.81761 0.5
      vertex -22.0115 -9.73853 0.5
    endloop
  endfacet
  facet normal 0 0 -1
    outer loop
      vertex -22.4008 -9.99866 0.5
      vertex -21.9798 -11.0149 0.5
      vertex -22.1923 -11.091 0.5
    endloop
  endfacet
  facet normal 0 0 -1
    outer loop
      vertex -21.5822 -10.8024 0.5
      vertex -22.1933 -9.88776 0.5
      vertex -22.0987 -9.81761 0.5
    endloop
  endfacet
  facet normal 0 0 -1
    outer loop
      vertex -21.7758 -10.9184 0.5
      vertex -22.2943 -9.94831 0.5
      vertex -22.1933 -9.88776 0.5
    endloop
  endfacet
  facet normal 0 0 -1
    outer loop
      vertex -21.9798 -11.0149 0.5
      vertex -22.4008 -9.99866 0.5
      vertex -22.2943 -9.94831 0.5
    endloop
  endfacet
  facet normal 0 0 -1
    outer loop
      vertex -22.5117 -10.0383 0.5
      vertex -22.1923 -11.091 0.5
      vertex -22.4113 -11.1458 0.5
    endloop
  endfacet
  facet normal 0 0 -1
    outer loop
      vertex -22.1923 -11.091 0.5
      vertex -22.5117 -10.0383 0.5
      vertex -22.4008 -9.99866 0.5
    endloop
  endfacet
  facet normal 0 0 -1
    outer loop
      vertex -22.4113 -11.1458 0.5
      vertex -22.6259 -10.0669 0.5
      vertex -22.5117 -10.0383 0.5
    endloop
  endfacet
  facet normal 0 0 -1
    outer loop
      vertex -22.6346 -11.1789 0.5
      vertex -22.6259 -10.0669 0.5
      vertex -22.4113 -11.1458 0.5
    endloop
  endfacet
  facet normal 0 0 -1
    outer loop
      vertex -22.6346 -11.1789 0.5
      vertex -22.7424 -10.0842 0.5
      vertex -22.6259 -10.0669 0.5
    endloop
  endfacet
  facet normal 0 0 -1
    outer loop
      vertex -22.86 -11.19 0.5
      vertex -22.7424 -10.0842 0.5
      vertex -22.6346 -11.1789 0.5
    endloop
  endfacet
  facet normal 0 0 -1
    outer loop
      vertex -22.86 -11.19 0.5
      vertex -22.86 -10.09 0.5
      vertex -22.7424 -10.0842 0.5
    endloop
  endfacet
  facet normal 0 0 -1
    outer loop
      vertex -22.86 -11.19 0.5
      vertex -22.9776 -10.0842 0.5
      vertex -22.86 -10.09 0.5
    endloop
  endfacet
  facet normal 0 0 -1
    outer loop
      vertex -23.0854 -11.1789 0.5
      vertex -22.9776 -10.0842 0.5
      vertex -22.86 -11.19 0.5
    endloop
  endfacet
  facet normal 0 0 -1
    outer loop
      vertex -23.0854 -11.1789 0.5
      vertex -23.0941 -10.0669 0.5
      vertex -22.9776 -10.0842 0.5
    endloop
  endfacet
  facet normal 0 0 -1
    outer loop
      vertex -23.3087 -11.1458 0.5
      vertex -23.0941 -10.0669 0.5
      vertex -23.0854 -11.1789 0.5
    endloop
  endfacet
  facet normal -0 0 -1
    outer loop
      vertex -23.0941 -10.0669 0.5
      vertex -23.3087 -11.1458 0.5
      vertex -23.2083 -10.0383 0.5
    endloop
  endfacet
  facet normal 0 0 -1
    outer loop
      vertex -23.5277 -11.091 0.5
      vertex -23.2083 -10.0383 0.5
      vertex -23.3087 -11.1458 0.5
    endloop
  endfacet
  facet normal -0 0 -1
    outer loop
      vertex -23.2083 -10.0383 0.5
      vertex -23.5277 -11.091 0.5
      vertex -23.3192 -9.99866 0.5
    endloop
  endfacet
  facet normal 0 0 -1
    outer loop
      vertex -23.7402 -11.0149 0.5
      vertex -23.3192 -9.99866 0.5
      vertex -23.5277 -11.091 0.5
    endloop
  endfacet
  facet normal -0 0 -1
    outer loop
      vertex -23.3192 -9.99866 0.5
      vertex -23.7402 -11.0149 0.5
      vertex -23.4257 -9.94831 0.5
    endloop
  endfacet
  facet normal 0 0 -1
    outer loop
      vertex -23.9442 -10.9184 0.5
      vertex -23.4257 -9.94831 0.5
      vertex -23.7402 -11.0149 0.5
    endloop
  endfacet
  facet normal -0 0 -1
    outer loop
      vertex -23.4257 -9.94831 0.5
      vertex -23.9442 -10.9184 0.5
      vertex -23.5267 -9.88776 0.5
    endloop
  endfacet
  facet normal 0 0 -1
    outer loop
      vertex -24.1378 -10.8024 0.5
      vertex -23.5267 -9.88776 0.5
      vertex -23.9442 -10.9184 0.5
    endloop
  endfacet
  facet normal -0 0 -1
    outer loop
      vertex -23.5267 -9.88776 0.5
      vertex -24.1378 -10.8024 0.5
      vertex -23.6213 -9.81761 0.5
    endloop
  endfacet
  facet normal 0 0 -1
    outer loop
      vertex -24.3191 -10.6679 0.5
      vertex -23.6213 -9.81761 0.5
      vertex -24.1378 -10.8024 0.5
    endloop
  endfacet
  facet normal -0 0 -1
    outer loop
      vertex -23.6213 -9.81761 0.5
      vertex -24.3191 -10.6679 0.5
      vertex -23.7085 -9.73853 0.5
    endloop
  endfacet
  facet normal 0 0 -1
    outer loop
      vertex -24.4863 -10.5163 0.5
      vertex -23.7085 -9.73853 0.5
      vertex -24.3191 -10.6679 0.5
    endloop
  endfacet
  facet normal -0 0 -1
    outer loop
      vertex -23.7085 -9.73853 0.5
      vertex -24.4863 -10.5163 0.5
      vertex -23.7876 -9.65127 0.5
    endloop
  endfacet
  facet normal 0 0 -1
    outer loop
      vertex -24.6379 -10.3491 0.5
      vertex -23.7876 -9.65127 0.5
      vertex -24.4863 -10.5163 0.5
    endloop
  endfacet
  facet normal -0 0 -1
    outer loop
      vertex -23.7876 -9.65127 0.5
      vertex -24.6379 -10.3491 0.5
      vertex -23.8578 -9.55668 0.5
    endloop
  endfacet
  facet normal 0 0 -1
    outer loop
      vertex -24.7724 -10.1678 0.5
      vertex -23.8578 -9.55668 0.5
      vertex -24.6379 -10.3491 0.5
    endloop
  endfacet
  facet normal 0 0 -1
    outer loop
      vertex -24.8884 -9.97421 0.5
      vertex -23.9183 -9.45568 0.5
      vertex -24.7724 -10.1678 0.5
    endloop
  endfacet
  facet normal -0 0 -1
    outer loop
      vertex -23.8578 -9.55668 0.5
      vertex -24.7724 -10.1678 0.5
      vertex -23.9183 -9.45568 0.5
    endloop
  endfacet
  facet normal -0 0 -1
    outer loop
      vertex -20.8316 -7.80579 0.5
      vertex -21.8017 -8.32432 0.5
      vertex -20.9476 -7.61219 0.5
    endloop
  endfacet
  facet normal 0 0 -1
    outer loop
      vertex -21.8622 -8.22332 0.5
      vertex -20.9476 -7.61219 0.5
      vertex -21.8017 -8.32432 0.5
    endloop
  endfacet
  facet normal -0 0 -1
    outer loop
      vertex -20.9476 -7.61219 0.5
      vertex -21.8622 -8.22332 0.5
      vertex -21.0821 -7.4309 0.5
    endloop
  endfacet
  facet normal 0 0 -1
    outer loop
      vertex -21.9324 -8.12873 0.5
      vertex -21.0821 -7.4309 0.5
      vertex -21.8622 -8.22332 0.5
    endloop
  endfacet
  facet normal -0 0 -1
    outer loop
      vertex -21.0821 -7.4309 0.5
      vertex -21.9324 -8.12873 0.5
      vertex -21.2337 -7.26366 0.5
    endloop
  endfacet
  facet normal 0 0 -1
    outer loop
      vertex -22.0115 -8.04147 0.5
      vertex -21.2337 -7.26366 0.5
      vertex -21.9324 -8.12873 0.5
    endloop
  endfacet
  facet normal -0 0 -1
    outer loop
      vertex -21.2337 -7.26366 0.5
      vertex -22.0115 -8.04147 0.5
      vertex -21.4009 -7.11208 0.5
    endloop
  endfacet
  facet normal 0 0 -1
    outer loop
      vertex -22.0987 -7.96239 0.5
      vertex -21.4009 -7.11208 0.5
      vertex -22.0115 -8.04147 0.5
    endloop
  endfacet
  facet normal -0 0 -1
    outer loop
      vertex -21.4009 -7.11208 0.5
      vertex -22.0987 -7.96239 0.5
      vertex -21.5822 -6.97762 0.5
    endloop
  endfacet
  facet normal 0 0 -1
    outer loop
      vertex -22.1933 -7.89224 0.5
      vertex -21.5822 -6.97762 0.5
      vertex -22.0987 -7.96239 0.5
    endloop
  endfacet
  facet normal -0 0 -1
    outer loop
      vertex -21.5822 -6.97762 0.5
      vertex -22.1933 -7.89224 0.5
      vertex -21.7758 -6.86158 0.5
    endloop
  endfacet
  facet normal 0 0 -1
    outer loop
      vertex -22.2943 -7.8317 0.5
      vertex -21.7758 -6.86158 0.5
      vertex -22.1933 -7.89224 0.5
    endloop
  endfacet
  facet normal -0 0 -1
    outer loop
      vertex -21.7758 -6.86158 0.5
      vertex -22.2943 -7.8317 0.5
      vertex -21.9798 -6.76508 0.5
    endloop
  endfacet
  facet normal 0 0 -1
    outer loop
      vertex -22.4008 -7.78134 0.5
      vertex -21.9798 -6.76508 0.5
      vertex -22.2943 -7.8317 0.5
    endloop
  endfacet
  facet normal -0 0 -1
    outer loop
      vertex -21.9798 -6.76508 0.5
      vertex -22.4008 -7.78134 0.5
      vertex -22.1923 -6.68904 0.5
    endloop
  endfacet
  facet normal 0 0 -1
    outer loop
      vertex -22.5117 -7.74167 0.5
      vertex -22.1923 -6.68904 0.5
      vertex -22.4008 -7.78134 0.5
    endloop
  endfacet
  facet normal -0 0 -1
    outer loop
      vertex -22.1923 -6.68904 0.5
      vertex -22.5117 -7.74167 0.5
      vertex -22.4113 -6.63419 0.5
    endloop
  endfacet
  facet normal 0 0 -1
    outer loop
      vertex -22.6259 -7.71306 0.5
      vertex -22.4113 -6.63419 0.5
      vertex -22.5117 -7.74167 0.5
    endloop
  endfacet
  facet normal 0 0 -1
    outer loop
      vertex -22.6259 -7.71306 0.5
      vertex -22.6346 -6.60108 0.5
      vertex -22.4113 -6.63419 0.5
    endloop
  endfacet
  facet normal 0 0 -1
    outer loop
      vertex -22.7424 -7.69578 0.5
      vertex -22.6346 -6.60108 0.5
      vertex -22.6259 -7.71306 0.5
    endloop
  endfacet
  facet normal 0 0 -1
    outer loop
      vertex -22.86 -7.69 0.5
      vertex -22.6346 -6.60108 0.5
      vertex -22.7424 -7.69578 0.5
    endloop
  endfacet
  facet normal 0 0 -1
    outer loop
      vertex -22.86 -7.69 0.5
      vertex -22.86 -6.59 0.5
      vertex -22.6346 -6.60108 0.5
    endloop
  endfacet
  facet normal 0 0 -1
    outer loop
      vertex -22.9776 -7.69578 0.5
      vertex -22.86 -6.59 0.5
      vertex -22.86 -7.69 0.5
    endloop
  endfacet
  facet normal 0 0 -1
    outer loop
      vertex -22.9776 -7.69578 0.5
      vertex -23.0854 -6.60108 0.5
      vertex -22.86 -6.59 0.5
    endloop
  endfacet
  facet normal 0 0 -1
    outer loop
      vertex -23.0941 -7.71306 0.5
      vertex -23.0854 -6.60108 0.5
      vertex -22.9776 -7.69578 0.5
    endloop
  endfacet
  facet normal 0 0 -1
    outer loop
      vertex -23.3087 -6.63419 0.5
      vertex -23.0941 -7.71306 0.5
      vertex -23.2083 -7.74167 0.5
    endloop
  endfacet
  facet normal 0 0 -1
    outer loop
      vertex -23.0941 -7.71306 0.5
      vertex -23.3087 -6.63419 0.5
      vertex -23.0854 -6.60108 0.5
    endloop
  endfacet
  facet normal 0 0 -1
    outer loop
      vertex -23.5277 -6.68904 0.5
      vertex -23.2083 -7.74167 0.5
      vertex -23.3192 -7.78134 0.5
    endloop
  endfacet
  facet normal 0 0 -1
    outer loop
      vertex -23.7402 -6.76508 0.5
      vertex -23.3192 -7.78134 0.5
      vertex -23.4257 -7.8317 0.5
    endloop
  endfacet
  facet normal 0 0 -1
    outer loop
      vertex -23.9442 -6.86158 0.5
      vertex -23.4257 -7.8317 0.5
      vertex -23.5267 -7.89224 0.5
    endloop
  endfacet
  facet normal 0 0 -1
    outer loop
      vertex -23.2083 -7.74167 0.5
      vertex -23.5277 -6.68904 0.5
      vertex -23.3087 -6.63419 0.5
    endloop
  endfacet
  facet normal 0 0 -1
    outer loop
      vertex -24.1378 -6.97762 0.5
      vertex -23.5267 -7.89224 0.5
      vertex -23.6213 -7.96239 0.5
    endloop
  endfacet
  facet normal 0 0 -1
    outer loop
      vertex -24.3191 -7.11208 0.5
      vertex -23.6213 -7.96239 0.5
      vertex -23.7085 -8.04147 0.5
    endloop
  endfacet
  facet normal 0 0 -1
    outer loop
      vertex -23.3192 -7.78134 0.5
      vertex -23.7402 -6.76508 0.5
      vertex -23.5277 -6.68904 0.5
    endloop
  endfacet
  facet normal 0 0 -1
    outer loop
      vertex -24.4863 -7.26366 0.5
      vertex -23.7085 -8.04147 0.5
      vertex -23.7876 -8.12873 0.5
    endloop
  endfacet
  facet normal 0 0 -1
    outer loop
      vertex -24.6379 -7.4309 0.5
      vertex -23.7876 -8.12873 0.5
      vertex -23.8578 -8.22332 0.5
    endloop
  endfacet
  facet normal 0 0 -1
    outer loop
      vertex -24.7724 -7.61219 0.5
      vertex -23.8578 -8.22332 0.5
      vertex -23.9183 -8.32432 0.5
    endloop
  endfacet
  facet normal 0 0 -1
    outer loop
      vertex -23.4257 -7.8317 0.5
      vertex -23.9442 -6.86158 0.5
      vertex -23.7402 -6.76508 0.5
    endloop
  endfacet
  facet normal 0 0 -1
    outer loop
      vertex -24.8884 -7.80579 0.5
      vertex -23.9183 -8.32432 0.5
      vertex -23.9687 -8.43078 0.5
    endloop
  endfacet
  facet normal 0 0 -1
    outer loop
      vertex -24.9849 -8.00983 0.5
      vertex -23.9687 -8.43078 0.5
      vertex -24.0083 -8.54166 0.5
    endloop
  endfacet
  facet normal 0 0 -1
    outer loop
      vertex -25.061 -8.22235 0.5
      vertex -24.0083 -8.54166 0.5
      vertex -24.0369 -8.65589 0.5
    endloop
  endfacet
  facet normal 0 0 -1
    outer loop
      vertex -25.1158 -8.44129 0.5
      vertex -24.0369 -8.65589 0.5
      vertex -24.0542 -8.77238 0.5
    endloop
  endfacet
  facet normal 0 0 -1
    outer loop
      vertex -23.5267 -7.89224 0.5
      vertex -24.1378 -6.97762 0.5
      vertex -23.9442 -6.86158 0.5
    endloop
  endfacet
  facet normal 0 0 -1
    outer loop
      vertex -25.1489 -8.66456 0.5
      vertex -24.0542 -8.77238 0.5
      vertex -24.06 -8.89 0.5
    endloop
  endfacet
  facet normal -0 0 -1
    outer loop
      vertex -23.9183 -9.45568 0.5
      vertex -24.8884 -9.97421 0.5
      vertex -23.9687 -9.34922 0.5
    endloop
  endfacet
  facet normal 0 0 -1
    outer loop
      vertex -24.9849 -9.77017 0.5
      vertex -23.9687 -9.34922 0.5
      vertex -24.8884 -9.97421 0.5
    endloop
  endfacet
  facet normal 0 0 -1
    outer loop
      vertex -23.6213 -7.96239 0.5
      vertex -24.3191 -7.11208 0.5
      vertex -24.1378 -6.97762 0.5
    endloop
  endfacet
  facet normal -0 0 -1
    outer loop
      vertex -23.9687 -9.34922 0.5
      vertex -24.9849 -9.77017 0.5
      vertex -24.0083 -9.23834 0.5
    endloop
  endfacet
  facet normal 0 0 -1
    outer loop
      vertex -23.7085 -8.04147 0.5
      vertex -24.4863 -7.26366 0.5
      vertex -24.3191 -7.11208 0.5
    endloop
  endfacet
  facet normal 0 0 -1
    outer loop
      vertex -25.061 -9.55765 0.5
      vertex -24.0083 -9.23834 0.5
      vertex -24.9849 -9.77017 0.5
    endloop
  endfacet
  facet normal 0 0 -1
    outer loop
      vertex -23.7876 -8.12873 0.5
      vertex -24.6379 -7.4309 0.5
      vertex -24.4863 -7.26366 0.5
    endloop
  endfacet
  facet normal -0 0 -1
    outer loop
      vertex -24.0083 -9.23834 0.5
      vertex -25.061 -9.55765 0.5
      vertex -24.0369 -9.12411 0.5
    endloop
  endfacet
  facet normal 0 0 -1
    outer loop
      vertex -23.8578 -8.22332 0.5
      vertex -24.7724 -7.61219 0.5
      vertex -24.6379 -7.4309 0.5
    endloop
  endfacet
  facet normal 0 0 -1
    outer loop
      vertex -25.1158 -9.33871 0.5
      vertex -24.0369 -9.12411 0.5
      vertex -25.061 -9.55765 0.5
    endloop
  endfacet
  facet normal 0 0 -1
    outer loop
      vertex -23.9183 -8.32432 0.5
      vertex -24.8884 -7.80579 0.5
      vertex -24.7724 -7.61219 0.5
    endloop
  endfacet
  facet normal -0 0 -1
    outer loop
      vertex -24.0369 -9.12411 0.5
      vertex -25.1158 -9.33871 0.5
      vertex -24.0542 -9.00762 0.5
    endloop
  endfacet
  facet normal 0 0 -1
    outer loop
      vertex -23.9687 -8.43078 0.5
      vertex -24.9849 -8.00983 0.5
      vertex -24.8884 -7.80579 0.5
    endloop
  endfacet
  facet normal 0 0 -1
    outer loop
      vertex -25.1489 -9.11544 0.5
      vertex -24.0542 -9.00762 0.5
      vertex -25.1158 -9.33871 0.5
    endloop
  endfacet
  facet normal 0 0 -1
    outer loop
      vertex -24.0083 -8.54166 0.5
      vertex -25.061 -8.22235 0.5
      vertex -24.9849 -8.00983 0.5
    endloop
  endfacet
  facet normal -0 0 -1
    outer loop
      vertex -24.0542 -9.00762 0.5
      vertex -25.1489 -9.11544 0.5
      vertex -24.06 -8.89 0.5
    endloop
  endfacet
  facet normal 0 0 -1
    outer loop
      vertex -24.0369 -8.65589 0.5
      vertex -25.1158 -8.44129 0.5
      vertex -25.061 -8.22235 0.5
    endloop
  endfacet
  facet normal 0 0 -1
    outer loop
      vertex -25.16 -8.89 0.5
      vertex -24.06 -8.89 0.5
      vertex -25.1489 -9.11544 0.5
    endloop
  endfacet
  facet normal 0 0 -1
    outer loop
      vertex -24.0542 -8.77238 0.5
      vertex -25.1489 -8.66456 0.5
      vertex -25.1158 -8.44129 0.5
    endloop
  endfacet
  facet normal 0 0 -1
    outer loop
      vertex -24.06 -8.89 0.5
      vertex -25.16 -8.89 0.5
      vertex -25.1489 -8.66456 0.5
    endloop
  endfacet
  facet normal -0.514105 -0.857727 0
    outer loop
      vertex -21.7758 -6.86158 0
      vertex -21.5822 -6.97762 0.5
      vertex -21.7758 -6.86158 0.5
    endloop
  endfacet
  facet normal -0.514105 -0.857727 -0
    outer loop
      vertex -21.5822 -6.97762 0.5
      vertex -21.7758 -6.86158 0
      vertex -21.5822 -6.97762 0
    endloop
  endfacet
  facet normal -0.857806 -0.513974 0
    outer loop
      vertex -20.8316 -7.80579 0
      vertex -20.9476 -7.61219 0.5
      vertex -20.9476 -7.61219 0
    endloop
  endfacet
  facet normal -0.857806 -0.513974 0
    outer loop
      vertex -20.9476 -7.61219 0.5
      vertex -20.8316 -7.80579 0
      vertex -20.8316 -7.80579 0.5
    endloop
  endfacet
  facet normal 0.146672 -0.989185 0
    outer loop
      vertex -23.3087 -6.63419 0
      vertex -23.0854 -6.60108 0.5
      vertex -23.3087 -6.63419 0.5
    endloop
  endfacet
  facet normal 0.146672 -0.989185 0
    outer loop
      vertex -23.0854 -6.60108 0.5
      vertex -23.3087 -6.63419 0
      vertex -23.0854 -6.60108 0
    endloop
  endfacet
  facet normal 0.989189 0.146648 0
    outer loop
      vertex -25.1158 -9.33871 0.5
      vertex -25.1489 -9.11544 0
      vertex -25.1489 -9.11544 0.5
    endloop
  endfacet
  facet normal 0.989189 0.146648 0
    outer loop
      vertex -25.1489 -9.11544 0
      vertex -25.1158 -9.33871 0.5
      vertex -25.1158 -9.33871 0
    endloop
  endfacet
  facet normal 0.99879 0.0491775 0
    outer loop
      vertex -25.1489 -9.11544 0.5
      vertex -25.16 -8.89 0
      vertex -25.16 -8.89 0.5
    endloop
  endfacet
  facet normal 0.99879 0.0491775 0
    outer loop
      vertex -25.16 -8.89 0
      vertex -25.1489 -9.11544 0.5
      vertex -25.1489 -9.11544 0
    endloop
  endfacet
  facet normal 0.42761 -0.903963 0
    outer loop
      vertex -23.9442 -6.86158 0
      vertex -23.7402 -6.76508 0.5
      vertex -23.9442 -6.86158 0.5
    endloop
  endfacet
  facet normal 0.42761 -0.903963 0
    outer loop
      vertex -23.7402 -6.76508 0.5
      vertex -23.9442 -6.86158 0
      vertex -23.7402 -6.76508 0
    endloop
  endfacet
  facet normal 0.903996 -0.427542 0
    outer loop
      vertex -24.9849 -8.00983 0.5
      vertex -24.8884 -7.80579 0
      vertex -24.8884 -7.80579 0.5
    endloop
  endfacet
  facet normal 0.903996 -0.427542 0
    outer loop
      vertex -24.8884 -7.80579 0
      vertex -24.9849 -8.00983 0.5
      vertex -24.9849 -8.00983 0
    endloop
  endfacet
  facet normal 0.857794 0.513994 0
    outer loop
      vertex -24.7724 -10.1678 0.5
      vertex -24.8884 -9.97421 0
      vertex -24.8884 -9.97421 0.5
    endloop
  endfacet
  facet normal 0.857794 0.513994 0
    outer loop
      vertex -24.8884 -9.97421 0
      vertex -24.7724 -10.1678 0.5
      vertex -24.7724 -10.1678 0
    endloop
  endfacet
  facet normal 0.0490904 0.998794 -0
    outer loop
      vertex 22.86 7.69 0.5
      vertex 22.7424 7.69578 1.8
      vertex 22.86 7.69 1.8
    endloop
  endfacet
  facet normal 0.0490904 0.998794 0
    outer loop
      vertex 22.7424 7.69578 1.8
      vertex 22.86 7.69 0.5
      vertex 22.7424 7.69578 0.5
    endloop
  endfacet
  facet normal -0.989151 0.146899 0
    outer loop
      vertex 24.0369 8.65589 0.5
      vertex 24.0542 8.77238 1.8
      vertex 24.0542 8.77238 0.5
    endloop
  endfacet
  facet normal -0.989151 0.146899 0
    outer loop
      vertex 24.0542 8.77238 1.8
      vertex 24.0369 8.65589 0.5
      vertex 24.0369 8.65589 1.8
    endloop
  endfacet
  facet normal -0.998786 0.0492515 0
    outer loop
      vertex 24.0542 8.77238 0.5
      vertex 24.06 8.89 1.8
      vertex 24.06 8.89 0.5
    endloop
  endfacet
  facet normal -0.998786 0.0492515 0
    outer loop
      vertex 24.06 8.89 1.8
      vertex 24.0542 8.77238 0.5
      vertex 24.0542 8.77238 1.8
    endloop
  endfacet
  facet normal -0.970058 0.242875 0
    outer loop
      vertex 24.0083 8.54166 0.5
      vertex 24.0369 8.65589 1.8
      vertex 24.0369 8.65589 0.5
    endloop
  endfacet
  facet normal -0.970058 0.242875 0
    outer loop
      vertex 24.0369 8.65589 1.8
      vertex 24.0083 8.54166 0.5
      vertex 24.0083 8.54166 1.8
    endloop
  endfacet
  facet normal 0.0492599 -0.998786 0
    outer loop
      vertex 22.7424 10.0842 0.5
      vertex 22.86 10.09 1.8
      vertex 22.7424 10.0842 1.8
    endloop
  endfacet
  facet normal 0.0492599 -0.998786 0
    outer loop
      vertex 22.86 10.09 1.8
      vertex 22.7424 10.0842 0.5
      vertex 22.86 10.09 0.5
    endloop
  endfacet
  facet normal -0.803015 0.595958 0
    outer loop
      vertex 23.7876 8.12873 0.5
      vertex 23.8578 8.22332 1.8
      vertex 23.8578 8.22332 0.5
    endloop
  endfacet
  facet normal -0.803015 0.595958 0
    outer loop
      vertex 23.8578 8.22332 1.8
      vertex 23.7876 8.12873 0.5
      vertex 23.7876 8.12873 1.8
    endloop
  endfacet
  facet normal -0.595644 0.803249 0
    outer loop
      vertex 23.6213 7.96239 0.5
      vertex 23.5267 7.89224 1.8
      vertex 23.6213 7.96239 1.8
    endloop
  endfacet
  facet normal -0.595644 0.803249 0
    outer loop
      vertex 23.5267 7.89224 1.8
      vertex 23.6213 7.96239 0.5
      vertex 23.5267 7.89224 0.5
    endloop
  endfacet
  facet normal 0.941742 0.336336 0
    outer loop
      vertex 21.7513 8.43078 1.8
      vertex 21.7117 8.54166 0.5
      vertex 21.7117 8.54166 1.8
    endloop
  endfacet
  facet normal 0.941742 0.336336 0
    outer loop
      vertex 21.7117 8.54166 0.5
      vertex 21.7513 8.43078 1.8
      vertex 21.7513 8.43078 0.5
    endloop
  endfacet
  facet normal -0.998786 -0.0492515 0
    outer loop
      vertex 24.06 8.89 0.5
      vertex 24.0542 9.00762 1.8
      vertex 24.0542 9.00762 0.5
    endloop
  endfacet
  facet normal -0.998786 -0.0492515 0
    outer loop
      vertex 24.0542 9.00762 1.8
      vertex 24.06 8.89 0.5
      vertex 24.06 8.89 1.8
    endloop
  endfacet
  facet normal 0.427481 0.904025 -0
    outer loop
      vertex 22.4008 7.78134 0.5
      vertex 22.2943 7.8317 1.8
      vertex 22.4008 7.78134 1.8
    endloop
  endfacet
  facet normal 0.427481 0.904025 0
    outer loop
      vertex 22.2943 7.8317 1.8
      vertex 22.4008 7.78134 0.5
      vertex 22.2943 7.8317 0.5
    endloop
  endfacet
  facet normal 0.146721 0.989178 -0
    outer loop
      vertex 22.7424 7.69578 0.5
      vertex 22.6259 7.71306 1.8
      vertex 22.7424 7.69578 1.8
    endloop
  endfacet
  facet normal 0.146721 0.989178 0
    outer loop
      vertex 22.6259 7.71306 1.8
      vertex 22.7424 7.69578 0.5
      vertex 22.6259 7.71306 0.5
    endloop
  endfacet
  facet normal 0.7409 0.671616 0
    outer loop
      vertex 22.0115 8.04147 1.8
      vertex 21.9324 8.12873 0.5
      vertex 21.9324 8.12873 1.8
    endloop
  endfacet
  facet normal 0.7409 0.671616 0
    outer loop
      vertex 21.9324 8.12873 0.5
      vertex 22.0115 8.04147 1.8
      vertex 22.0115 8.04147 0.5
    endloop
  endfacet
  facet normal -0.427481 0.904025 0
    outer loop
      vertex 23.4257 7.8317 0.5
      vertex 23.3192 7.78134 1.8
      vertex 23.4257 7.8317 1.8
    endloop
  endfacet
  facet normal -0.427481 0.904025 0
    outer loop
      vertex 23.3192 7.78134 1.8
      vertex 23.4257 7.8317 0.5
      vertex 23.3192 7.78134 0.5
    endloop
  endfacet
  facet normal 0.857867 0.513871 0
    outer loop
      vertex 21.8622 8.22332 1.8
      vertex 21.8017 8.32432 0.5
      vertex 21.8017 8.32432 1.8
    endloop
  endfacet
  facet normal 0.857867 0.513871 0
    outer loop
      vertex 21.8017 8.32432 0.5
      vertex 21.8622 8.22332 1.8
      vertex 21.8622 8.22332 0.5
    endloop
  endfacet
  facet normal -0.336584 -0.941654 0
    outer loop
      vertex 23.2083 10.0383 0.5
      vertex 23.3192 9.99866 1.8
      vertex 23.2083 10.0383 1.8
    endloop
  endfacet
  facet normal -0.336584 -0.941654 -0
    outer loop
      vertex 23.3192 9.99866 1.8
      vertex 23.2083 10.0383 0.5
      vertex 23.3192 9.99866 0.5
    endloop
  endfacet
  facet normal 0.33681 0.941573 -0
    outer loop
      vertex 22.5117 7.74167 0.5
      vertex 22.4008 7.78134 1.8
      vertex 22.5117 7.74167 1.8
    endloop
  endfacet
  facet normal 0.33681 0.941573 0
    outer loop
      vertex 22.4008 7.78134 1.8
      vertex 22.5117 7.74167 0.5
      vertex 22.4008 7.78134 0.5
    endloop
  endfacet
  facet normal 0.998786 -0.0492515 0
    outer loop
      vertex 21.66 8.89 1.8
      vertex 21.6658 9.00762 0.5
      vertex 21.6658 9.00762 1.8
    endloop
  endfacet
  facet normal 0.998786 -0.0492515 0
    outer loop
      vertex 21.6658 9.00762 0.5
      vertex 21.66 8.89 1.8
      vertex 21.66 8.89 0.5
    endloop
  endfacet
  facet normal 0.803015 -0.595958 0
    outer loop
      vertex 21.8622 9.55668 1.8
      vertex 21.9324 9.65127 0.5
      vertex 21.9324 9.65127 1.8
    endloop
  endfacet
  facet normal 0.803015 -0.595958 0
    outer loop
      vertex 21.9324 9.65127 0.5
      vertex 21.8622 9.55668 1.8
      vertex 21.8622 9.55668 0.5
    endloop
  endfacet
  facet normal -0.989151 -0.146899 0
    outer loop
      vertex 24.0542 9.00762 0.5
      vertex 24.0369 9.12411 1.8
      vertex 24.0369 9.12411 0.5
    endloop
  endfacet
  facet normal -0.989151 -0.146899 0
    outer loop
      vertex 24.0369 9.12411 1.8
      vertex 24.0542 9.00762 0.5
      vertex 24.0542 9.00762 1.8
    endloop
  endfacet
  facet normal -0.941742 0.336336 0
    outer loop
      vertex 23.9687 8.43078 0.5
      vertex 24.0083 8.54166 1.8
      vertex 24.0083 8.54166 0.5
    endloop
  endfacet
  facet normal -0.941742 0.336336 0
    outer loop
      vertex 24.0083 8.54166 1.8
      vertex 23.9687 8.43078 0.5
      vertex 23.9687 8.43078 1.8
    endloop
  endfacet
  facet normal 0.857867 -0.513871 0
    outer loop
      vertex 21.8017 9.45568 1.8
      vertex 21.8622 9.55668 0.5
      vertex 21.8622 9.55668 1.8
    endloop
  endfacet
  facet normal 0.857867 -0.513871 0
    outer loop
      vertex 21.8622 9.55668 0.5
      vertex 21.8017 9.45568 1.8
      vertex 21.8017 9.45568 0.5
    endloop
  endfacet
  facet normal -0.803015 -0.595958 0
    outer loop
      vertex 23.8578 9.55668 0.5
      vertex 23.7876 9.65127 1.8
      vertex 23.7876 9.65127 0.5
    endloop
  endfacet
  facet normal -0.803015 -0.595958 0
    outer loop
      vertex 23.7876 9.65127 1.8
      vertex 23.8578 9.55668 0.5
      vertex 23.8578 9.55668 1.8
    endloop
  endfacet
  facet normal -0.33681 0.941573 0
    outer loop
      vertex 23.3192 7.78134 0.5
      vertex 23.2083 7.74167 1.8
      vertex 23.3192 7.78134 1.8
    endloop
  endfacet
  facet normal -0.33681 0.941573 0
    outer loop
      vertex 23.2083 7.74167 1.8
      vertex 23.3192 7.78134 0.5
      vertex 23.2083 7.74167 0.5
    endloop
  endfacet
  facet normal -0.7409 0.671616 0
    outer loop
      vertex 23.7085 8.04147 0.5
      vertex 23.7876 8.12873 1.8
      vertex 23.7876 8.12873 0.5
    endloop
  endfacet
  facet normal -0.7409 0.671616 0
    outer loop
      vertex 23.7876 8.12873 1.8
      vertex 23.7085 8.04147 0.5
      vertex 23.7085 8.04147 1.8
    endloop
  endfacet
  facet normal 0.903831 0.427889 0
    outer loop
      vertex 21.8017 8.32432 1.8
      vertex 21.7513 8.43078 0.5
      vertex 21.7513 8.43078 1.8
    endloop
  endfacet
  facet normal 0.903831 0.427889 0
    outer loop
      vertex 21.7513 8.43078 0.5
      vertex 21.8017 8.32432 1.8
      vertex 21.8017 8.32432 0.5
    endloop
  endfacet
  facet normal -0.146721 0.989178 0
    outer loop
      vertex 23.0941 7.71306 0.5
      vertex 22.9776 7.69578 1.8
      vertex 23.0941 7.71306 1.8
    endloop
  endfacet
  facet normal -0.146721 0.989178 0
    outer loop
      vertex 22.9776 7.69578 1.8
      vertex 23.0941 7.71306 0.5
      vertex 22.9776 7.69578 0.5
    endloop
  endfacet
  facet normal -0.514184 -0.85768 0
    outer loop
      vertex 23.4257 9.94831 0.5
      vertex 23.5267 9.88776 1.8
      vertex 23.4257 9.94831 1.8
    endloop
  endfacet
  facet normal -0.514184 -0.85768 -0
    outer loop
      vertex 23.5267 9.88776 1.8
      vertex 23.4257 9.94831 0.5
      vertex 23.5267 9.88776 0.5
    endloop
  endfacet
  facet normal -0.514121 0.857718 0
    outer loop
      vertex 23.5267 7.89224 0.5
      vertex 23.4257 7.8317 1.8
      vertex 23.5267 7.89224 1.8
    endloop
  endfacet
  facet normal -0.514121 0.857718 0
    outer loop
      vertex 23.4257 7.8317 1.8
      vertex 23.5267 7.89224 0.5
      vertex 23.4257 7.8317 0.5
    endloop
  endfacet
  facet normal 0.243015 0.970022 -0
    outer loop
      vertex 22.6259 7.71306 0.5
      vertex 22.5117 7.74167 1.8
      vertex 22.6259 7.71306 1.8
    endloop
  endfacet
  facet normal 0.243015 0.970022 0
    outer loop
      vertex 22.5117 7.74167 1.8
      vertex 22.6259 7.71306 0.5
      vertex 22.5117 7.74167 0.5
    endloop
  endfacet
  facet normal 0.903831 -0.427889 0
    outer loop
      vertex 21.7513 9.34922 1.8
      vertex 21.8017 9.45568 0.5
      vertex 21.8017 9.45568 1.8
    endloop
  endfacet
  facet normal 0.903831 -0.427889 0
    outer loop
      vertex 21.8017 9.45568 0.5
      vertex 21.7513 9.34922 1.8
      vertex 21.7513 9.34922 0.5
    endloop
  endfacet
  facet normal -0.903831 0.427889 0
    outer loop
      vertex 23.9183 8.32432 0.5
      vertex 23.9687 8.43078 1.8
      vertex 23.9687 8.43078 0.5
    endloop
  endfacet
  facet normal -0.903831 0.427889 0
    outer loop
      vertex 23.9687 8.43078 1.8
      vertex 23.9183 8.32432 0.5
      vertex 23.9183 8.32432 1.8
    endloop
  endfacet
  facet normal -0.671776 -0.740754 0
    outer loop
      vertex 23.6213 9.81761 0.5
      vertex 23.7085 9.73853 1.8
      vertex 23.6213 9.81761 1.8
    endloop
  endfacet
  facet normal -0.671776 -0.740754 -0
    outer loop
      vertex 23.7085 9.73853 1.8
      vertex 23.6213 9.81761 0.5
      vertex 23.7085 9.73853 0.5
    endloop
  endfacet
  facet normal 0.998786 0.0492515 0
    outer loop
      vertex 21.6658 8.77238 1.8
      vertex 21.66 8.89 0.5
      vertex 21.66 8.89 1.8
    endloop
  endfacet
  facet normal 0.998786 0.0492515 0
    outer loop
      vertex 21.66 8.89 0.5
      vertex 21.6658 8.77238 1.8
      vertex 21.6658 8.77238 0.5
    endloop
  endfacet
  facet normal 0.989151 -0.146899 0
    outer loop
      vertex 21.6658 9.00762 1.8
      vertex 21.6831 9.12411 0.5
      vertex 21.6831 9.12411 1.8
    endloop
  endfacet
  facet normal 0.989151 -0.146899 0
    outer loop
      vertex 21.6831 9.12411 0.5
      vertex 21.6658 9.00762 1.8
      vertex 21.6658 9.00762 0.5
    endloop
  endfacet
  facet normal 0.595644 -0.803249 0
    outer loop
      vertex 22.0987 9.81761 0.5
      vertex 22.1933 9.88776 1.8
      vertex 22.0987 9.81761 1.8
    endloop
  endfacet
  facet normal 0.595644 -0.803249 0
    outer loop
      vertex 22.1933 9.88776 1.8
      vertex 22.0987 9.81761 0.5
      vertex 22.1933 9.88776 0.5
    endloop
  endfacet
  facet normal -0.146887 -0.989153 0
    outer loop
      vertex 22.9776 10.0842 0.5
      vertex 23.0941 10.0669 1.8
      vertex 22.9776 10.0842 1.8
    endloop
  endfacet
  facet normal -0.146887 -0.989153 -0
    outer loop
      vertex 23.0941 10.0669 1.8
      vertex 22.9776 10.0842 0.5
      vertex 23.0941 10.0669 0.5
    endloop
  endfacet
  facet normal 0.941742 -0.336336 0
    outer loop
      vertex 21.7117 9.23834 1.8
      vertex 21.7513 9.34922 0.5
      vertex 21.7513 9.34922 1.8
    endloop
  endfacet
  facet normal 0.941742 -0.336336 0
    outer loop
      vertex 21.7513 9.34922 0.5
      vertex 21.7117 9.23834 1.8
      vertex 21.7117 9.23834 0.5
    endloop
  endfacet
  facet normal -0.595644 -0.803249 0
    outer loop
      vertex 23.5267 9.88776 0.5
      vertex 23.6213 9.81761 1.8
      vertex 23.5267 9.88776 1.8
    endloop
  endfacet
  facet normal -0.595644 -0.803249 -0
    outer loop
      vertex 23.6213 9.81761 1.8
      vertex 23.5267 9.88776 0.5
      vertex 23.6213 9.81761 0.5
    endloop
  endfacet
  facet normal -0.427411 -0.904057 0
    outer loop
      vertex 23.3192 9.99866 0.5
      vertex 23.4257 9.94831 1.8
      vertex 23.3192 9.99866 1.8
    endloop
  endfacet
  facet normal -0.427411 -0.904057 -0
    outer loop
      vertex 23.4257 9.94831 1.8
      vertex 23.3192 9.99866 0.5
      vertex 23.4257 9.94831 0.5
    endloop
  endfacet
  facet normal 0.7409 -0.671616 0
    outer loop
      vertex 21.9324 9.65127 1.8
      vertex 22.0115 9.73853 0.5
      vertex 22.0115 9.73853 1.8
    endloop
  endfacet
  facet normal 0.7409 -0.671616 0
    outer loop
      vertex 22.0115 9.73853 0.5
      vertex 21.9324 9.65127 1.8
      vertex 21.9324 9.65127 0.5
    endloop
  endfacet
  facet normal 0.671776 -0.740754 0
    outer loop
      vertex 22.0115 9.73853 0.5
      vertex 22.0987 9.81761 1.8
      vertex 22.0115 9.73853 1.8
    endloop
  endfacet
  facet normal 0.671776 -0.740754 0
    outer loop
      vertex 22.0987 9.81761 1.8
      vertex 22.0115 9.73853 0.5
      vertex 22.0987 9.81761 0.5
    endloop
  endfacet
  facet normal 0.242935 -0.970042 0
    outer loop
      vertex 22.5117 10.0383 0.5
      vertex 22.6259 10.0669 1.8
      vertex 22.5117 10.0383 1.8
    endloop
  endfacet
  facet normal 0.242935 -0.970042 0
    outer loop
      vertex 22.6259 10.0669 1.8
      vertex 22.5117 10.0383 0.5
      vertex 22.6259 10.0669 0.5
    endloop
  endfacet
  facet normal -0.0490904 0.998794 0
    outer loop
      vertex 22.9776 7.69578 0.5
      vertex 22.86 7.69 1.8
      vertex 22.9776 7.69578 1.8
    endloop
  endfacet
  facet normal -0.0490904 0.998794 0
    outer loop
      vertex 22.86 7.69 1.8
      vertex 22.9776 7.69578 0.5
      vertex 22.86 7.69 0.5
    endloop
  endfacet
  facet normal -0.903831 -0.427889 0
    outer loop
      vertex 23.9687 9.34922 0.5
      vertex 23.9183 9.45568 1.8
      vertex 23.9183 9.45568 0.5
    endloop
  endfacet
  facet normal -0.903831 -0.427889 0
    outer loop
      vertex 23.9183 9.45568 1.8
      vertex 23.9687 9.34922 0.5
      vertex 23.9687 9.34922 1.8
    endloop
  endfacet
  facet normal 0.514121 0.857718 -0
    outer loop
      vertex 22.2943 7.8317 0.5
      vertex 22.1933 7.89224 1.8
      vertex 22.2943 7.8317 1.8
    endloop
  endfacet
  facet normal 0.514121 0.857718 0
    outer loop
      vertex 22.1933 7.89224 1.8
      vertex 22.2943 7.8317 0.5
      vertex 22.1933 7.89224 0.5
    endloop
  endfacet
  facet normal -0.671776 0.740754 0
    outer loop
      vertex 23.7085 8.04147 0.5
      vertex 23.6213 7.96239 1.8
      vertex 23.7085 8.04147 1.8
    endloop
  endfacet
  facet normal -0.671776 0.740754 0
    outer loop
      vertex 23.6213 7.96239 1.8
      vertex 23.7085 8.04147 0.5
      vertex 23.6213 7.96239 0.5
    endloop
  endfacet
  facet normal 0.970058 0.242875 0
    outer loop
      vertex 21.7117 8.54166 1.8
      vertex 21.6831 8.65589 0.5
      vertex 21.6831 8.65589 1.8
    endloop
  endfacet
  facet normal 0.970058 0.242875 0
    outer loop
      vertex 21.6831 8.65589 0.5
      vertex 21.7117 8.54166 1.8
      vertex 21.7117 8.54166 0.5
    endloop
  endfacet
  facet normal -0.970058 -0.242875 0
    outer loop
      vertex 24.0369 9.12411 0.5
      vertex 24.0083 9.23834 1.8
      vertex 24.0083 9.23834 0.5
    endloop
  endfacet
  facet normal -0.970058 -0.242875 0
    outer loop
      vertex 24.0083 9.23834 1.8
      vertex 24.0369 9.12411 0.5
      vertex 24.0369 9.12411 1.8
    endloop
  endfacet
  facet normal -0.242935 -0.970042 0
    outer loop
      vertex 23.0941 10.0669 0.5
      vertex 23.2083 10.0383 1.8
      vertex 23.0941 10.0669 1.8
    endloop
  endfacet
  facet normal -0.242935 -0.970042 -0
    outer loop
      vertex 23.2083 10.0383 1.8
      vertex 23.0941 10.0669 0.5
      vertex 23.2083 10.0383 0.5
    endloop
  endfacet
  facet normal -0.7409 -0.671616 0
    outer loop
      vertex 23.7876 9.65127 0.5
      vertex 23.7085 9.73853 1.8
      vertex 23.7085 9.73853 0.5
    endloop
  endfacet
  facet normal -0.7409 -0.671616 0
    outer loop
      vertex 23.7085 9.73853 1.8
      vertex 23.7876 9.65127 0.5
      vertex 23.7876 9.65127 1.8
    endloop
  endfacet
  facet normal -0.857867 0.513871 0
    outer loop
      vertex 23.8578 8.22332 0.5
      vertex 23.9183 8.32432 1.8
      vertex 23.9183 8.32432 0.5
    endloop
  endfacet
  facet normal -0.857867 0.513871 0
    outer loop
      vertex 23.9183 8.32432 1.8
      vertex 23.8578 8.22332 0.5
      vertex 23.8578 8.22332 1.8
    endloop
  endfacet
  facet normal -0.857867 -0.513871 0
    outer loop
      vertex 23.9183 9.45568 0.5
      vertex 23.8578 9.55668 1.8
      vertex 23.8578 9.55668 0.5
    endloop
  endfacet
  facet normal -0.857867 -0.513871 0
    outer loop
      vertex 23.8578 9.55668 1.8
      vertex 23.9183 9.45568 0.5
      vertex 23.9183 9.45568 1.8
    endloop
  endfacet
  facet normal 0.595644 0.803249 -0
    outer loop
      vertex 22.1933 7.89224 0.5
      vertex 22.0987 7.96239 1.8
      vertex 22.1933 7.89224 1.8
    endloop
  endfacet
  facet normal 0.595644 0.803249 0
    outer loop
      vertex 22.0987 7.96239 1.8
      vertex 22.1933 7.89224 0.5
      vertex 22.0987 7.96239 0.5
    endloop
  endfacet
  facet normal -0.0492599 -0.998786 0
    outer loop
      vertex 22.86 10.09 0.5
      vertex 22.9776 10.0842 1.8
      vertex 22.86 10.09 1.8
    endloop
  endfacet
  facet normal -0.0492599 -0.998786 -0
    outer loop
      vertex 22.9776 10.0842 1.8
      vertex 22.86 10.09 0.5
      vertex 22.9776 10.0842 0.5
    endloop
  endfacet
  facet normal 0.970058 -0.242875 0
    outer loop
      vertex 21.6831 9.12411 1.8
      vertex 21.7117 9.23834 0.5
      vertex 21.7117 9.23834 1.8
    endloop
  endfacet
  facet normal 0.970058 -0.242875 0
    outer loop
      vertex 21.7117 9.23834 0.5
      vertex 21.6831 9.12411 1.8
      vertex 21.6831 9.12411 0.5
    endloop
  endfacet
  facet normal 0.671776 0.740754 -0
    outer loop
      vertex 22.0987 7.96239 0.5
      vertex 22.0115 8.04147 1.8
      vertex 22.0987 7.96239 1.8
    endloop
  endfacet
  facet normal 0.671776 0.740754 0
    outer loop
      vertex 22.0115 8.04147 1.8
      vertex 22.0987 7.96239 0.5
      vertex 22.0115 8.04147 0.5
    endloop
  endfacet
  facet normal 0.514184 -0.85768 0
    outer loop
      vertex 22.1933 9.88776 0.5
      vertex 22.2943 9.94831 1.8
      vertex 22.1933 9.88776 1.8
    endloop
  endfacet
  facet normal 0.514184 -0.85768 0
    outer loop
      vertex 22.2943 9.94831 1.8
      vertex 22.1933 9.88776 0.5
      vertex 22.2943 9.94831 0.5
    endloop
  endfacet
  facet normal 0.336584 -0.941654 0
    outer loop
      vertex 22.4008 9.99866 0.5
      vertex 22.5117 10.0383 1.8
      vertex 22.4008 9.99866 1.8
    endloop
  endfacet
  facet normal 0.336584 -0.941654 0
    outer loop
      vertex 22.5117 10.0383 1.8
      vertex 22.4008 9.99866 0.5
      vertex 22.5117 10.0383 0.5
    endloop
  endfacet
  facet normal -0.941742 -0.336336 0
    outer loop
      vertex 24.0083 9.23834 0.5
      vertex 23.9687 9.34922 1.8
      vertex 23.9687 9.34922 0.5
    endloop
  endfacet
  facet normal -0.941742 -0.336336 0
    outer loop
      vertex 23.9687 9.34922 1.8
      vertex 24.0083 9.23834 0.5
      vertex 24.0083 9.23834 1.8
    endloop
  endfacet
  facet normal 0.427411 -0.904057 0
    outer loop
      vertex 22.2943 9.94831 0.5
      vertex 22.4008 9.99866 1.8
      vertex 22.2943 9.94831 1.8
    endloop
  endfacet
  facet normal 0.427411 -0.904057 0
    outer loop
      vertex 22.4008 9.99866 1.8
      vertex 22.2943 9.94831 0.5
      vertex 22.4008 9.99866 0.5
    endloop
  endfacet
  facet normal 0.989151 0.146899 0
    outer loop
      vertex 21.6831 8.65589 1.8
      vertex 21.6658 8.77238 0.5
      vertex 21.6658 8.77238 1.8
    endloop
  endfacet
  facet normal 0.989151 0.146899 0
    outer loop
      vertex 21.6658 8.77238 0.5
      vertex 21.6831 8.65589 1.8
      vertex 21.6831 8.65589 0.5
    endloop
  endfacet
  facet normal -0.243015 0.970022 0
    outer loop
      vertex 23.2083 7.74167 0.5
      vertex 23.0941 7.71306 1.8
      vertex 23.2083 7.74167 1.8
    endloop
  endfacet
  facet normal -0.243015 0.970022 0
    outer loop
      vertex 23.0941 7.71306 1.8
      vertex 23.2083 7.74167 0.5
      vertex 23.0941 7.71306 0.5
    endloop
  endfacet
  facet normal 0.803015 0.595958 0
    outer loop
      vertex 21.9324 8.12873 1.8
      vertex 21.8622 8.22332 0.5
      vertex 21.8622 8.22332 1.8
    endloop
  endfacet
  facet normal 0.803015 0.595958 0
    outer loop
      vertex 21.8622 8.22332 0.5
      vertex 21.9324 8.12873 1.8
      vertex 21.9324 8.12873 0.5
    endloop
  endfacet
  facet normal 0.146887 -0.989153 0
    outer loop
      vertex 22.6259 10.0669 0.5
      vertex 22.7424 10.0842 1.8
      vertex 22.6259 10.0669 1.8
    endloop
  endfacet
  facet normal 0.146887 -0.989153 0
    outer loop
      vertex 22.7424 10.0842 1.8
      vertex 22.6259 10.0669 0.5
      vertex 22.7424 10.0842 0.5
    endloop
  endfacet
  facet normal 0.146672 0.989185 -0
    outer loop
      vertex 22.6346 6.60108 0
      vertex 22.4113 6.63419 0.5
      vertex 22.6346 6.60108 0.5
    endloop
  endfacet
  facet normal 0.146672 0.989185 0
    outer loop
      vertex 22.4113 6.63419 0.5
      vertex 22.6346 6.60108 0
      vertex 22.4113 6.63419 0
    endloop
  endfacet
  facet normal -0.989189 0.146648 0
    outer loop
      vertex 25.1158 8.44129 0
      vertex 25.1489 8.66456 0.5
      vertex 25.1489 8.66456 0
    endloop
  endfacet
  facet normal -0.989189 0.146648 0
    outer loop
      vertex 25.1489 8.66456 0.5
      vertex 25.1158 8.44129 0
      vertex 25.1158 8.44129 0.5
    endloop
  endfacet
  facet normal -0.99879 0.0491775 0
    outer loop
      vertex 25.1489 8.66456 0
      vertex 25.16 8.89 0.5
      vertex 25.16 8.89 0
    endloop
  endfacet
  facet normal -0.99879 0.0491775 0
    outer loop
      vertex 25.16 8.89 0.5
      vertex 25.1489 8.66456 0
      vertex 25.1489 8.66456 0.5
    endloop
  endfacet
  facet normal -0.970075 0.242807 0
    outer loop
      vertex 25.061 8.22235 0
      vertex 25.1158 8.44129 0.5
      vertex 25.1158 8.44129 0
    endloop
  endfacet
  facet normal -0.970075 0.242807 0
    outer loop
      vertex 25.1158 8.44129 0.5
      vertex 25.061 8.22235 0
      vertex 25.061 8.22235 0.5
    endloop
  endfacet
  facet normal -0.99879 -0.0491775 0
    outer loop
      vertex 25.16 8.89 0
      vertex 25.1489 9.11544 0.5
      vertex 25.1489 9.11544 0
    endloop
  endfacet
  facet normal -0.99879 -0.0491775 0
    outer loop
      vertex 25.1489 9.11544 0.5
      vertex 25.16 8.89 0
      vertex 25.16 8.89 0.5
    endloop
  endfacet
  facet normal 0.336915 0.941535 -0
    outer loop
      vertex 22.1923 6.68904 0
      vertex 21.9798 6.76508 0.5
      vertex 22.1923 6.68904 0.5
    endloop
  endfacet
  facet normal 0.336915 0.941535 0
    outer loop
      vertex 21.9798 6.76508 0.5
      vertex 22.1923 6.68904 0
      vertex 21.9798 6.76508 0
    endloop
  endfacet
  facet normal -0.941461 -0.337122 0
    outer loop
      vertex 25.061 9.55765 0
      vertex 24.9849 9.77017 0.5
      vertex 24.9849 9.77017 0
    endloop
  endfacet
  facet normal -0.941461 -0.337122 0
    outer loop
      vertex 24.9849 9.77017 0.5
      vertex 25.061 9.55765 0
      vertex 25.061 9.55765 0.5
    endloop
  endfacet
  facet normal -0.671702 -0.740822 0
    outer loop
      vertex 24.3191 10.6679 0
      vertex 24.4863 10.5163 0.5
      vertex 24.3191 10.6679 0.5
    endloop
  endfacet
  facet normal -0.671702 -0.740822 -0
    outer loop
      vertex 24.4863 10.5163 0.5
      vertex 24.3191 10.6679 0
      vertex 24.4863 10.5163 0
    endloop
  endfacet
  facet normal -0.336915 0.941535 0
    outer loop
      vertex 23.7402 6.76508 0
      vertex 23.5277 6.68904 0.5
      vertex 23.7402 6.76508 0.5
    endloop
  endfacet
  facet normal -0.336915 0.941535 0
    outer loop
      vertex 23.5277 6.68904 0.5
      vertex 23.7402 6.76508 0
      vertex 23.5277 6.68904 0
    endloop
  endfacet
  facet normal -0.80311 0.595831 0
    outer loop
      vertex 24.6379 7.4309 0
      vertex 24.7724 7.61219 0.5
      vertex 24.7724 7.61219 0
    endloop
  endfacet
  facet normal -0.80311 0.595831 0
    outer loop
      vertex 24.7724 7.61219 0.5
      vertex 24.6379 7.4309 0
      vertex 24.6379 7.4309 0.5
    endloop
  endfacet
  facet normal -0.514105 0.857727 0
    outer loop
      vertex 24.1378 6.97762 0
      vertex 23.9442 6.86158 0.5
      vertex 24.1378 6.97762 0.5
    endloop
  endfacet
  facet normal -0.514105 0.857727 0
    outer loop
      vertex 23.9442 6.86158 0.5
      vertex 24.1378 6.97762 0
      vertex 23.9442 6.86158 0
    endloop
  endfacet
  facet normal 0.146629 -0.989192 0
    outer loop
      vertex 22.4113 11.1458 0
      vertex 22.6346 11.1789 0.5
      vertex 22.4113 11.1458 0.5
    endloop
  endfacet
  facet normal 0.146629 -0.989192 0
    outer loop
      vertex 22.6346 11.1789 0.5
      vertex 22.4113 11.1458 0
      vertex 22.6346 11.1789 0
    endloop
  endfacet
  facet normal -0.740822 -0.671702 0
    outer loop
      vertex 24.6379 10.3491 0
      vertex 24.4863 10.5163 0.5
      vertex 24.4863 10.5163 0
    endloop
  endfacet
  facet normal -0.740822 -0.671702 0
    outer loop
      vertex 24.4863 10.5163 0.5
      vertex 24.6379 10.3491 0
      vertex 24.6379 10.3491 0.5
    endloop
  endfacet
  facet normal 0.242952 0.970038 -0
    outer loop
      vertex 22.4113 6.63419 0
      vertex 22.1923 6.68904 0.5
      vertex 22.4113 6.63419 0.5
    endloop
  endfacet
  facet normal 0.242952 0.970038 0
    outer loop
      vertex 22.1923 6.68904 0.5
      vertex 22.4113 6.63419 0
      vertex 22.1923 6.68904 0
    endloop
  endfacet
  facet normal -0.0491862 -0.99879 0
    outer loop
      vertex 22.86 11.19 0
      vertex 23.0854 11.1789 0.5
      vertex 22.86 11.19 0.5
    endloop
  endfacet
  facet normal -0.0491862 -0.99879 -0
    outer loop
      vertex 23.0854 11.1789 0.5
      vertex 22.86 11.19 0
      vertex 23.0854 11.1789 0
    endloop
  endfacet
  facet normal 0.42761 0.903963 -0
    outer loop
      vertex 21.9798 6.76508 0
      vertex 21.7758 6.86158 0.5
      vertex 21.9798 6.76508 0.5
    endloop
  endfacet
  facet normal 0.42761 0.903963 0
    outer loop
      vertex 21.7758 6.86158 0.5
      vertex 21.9798 6.76508 0
      vertex 21.7758 6.86158 0
    endloop
  endfacet
  facet normal -0.903996 -0.427542 0
    outer loop
      vertex 24.9849 9.77017 0
      vertex 24.8884 9.97421 0.5
      vertex 24.8884 9.97421 0
    endloop
  endfacet
  facet normal -0.903996 -0.427542 0
    outer loop
      vertex 24.8884 9.97421 0.5
      vertex 24.9849 9.77017 0
      vertex 24.9849 9.77017 0.5
    endloop
  endfacet
  facet normal 0.803125 -0.59581 0
    outer loop
      vertex 20.9476 10.1678 0.5
      vertex 21.0821 10.3491 0
      vertex 21.0821 10.3491 0.5
    endloop
  endfacet
  facet normal 0.803125 -0.59581 0
    outer loop
      vertex 21.0821 10.3491 0
      vertex 20.9476 10.1678 0.5
      vertex 20.9476 10.1678 0
    endloop
  endfacet
  facet normal -0.989189 -0.146648 0
    outer loop
      vertex 25.1489 9.11544 0
      vertex 25.1158 9.33871 0.5
      vertex 25.1158 9.33871 0
    endloop
  endfacet
  facet normal -0.989189 -0.146648 0
    outer loop
      vertex 25.1158 9.33871 0.5
      vertex 25.1489 9.11544 0
      vertex 25.1489 9.11544 0.5
    endloop
  endfacet
  facet normal 0.513974 -0.857806 0
    outer loop
      vertex 21.5822 10.8024 0
      vertex 21.7758 10.9184 0.5
      vertex 21.5822 10.8024 0.5
    endloop
  endfacet
  facet normal 0.513974 -0.857806 0
    outer loop
      vertex 21.7758 10.9184 0.5
      vertex 21.5822 10.8024 0
      vertex 21.7758 10.9184 0
    endloop
  endfacet
  facet normal -0.0490978 0.998794 0
    outer loop
      vertex 23.0854 6.60108 0
      vertex 22.86 6.59 0.5
      vertex 23.0854 6.60108 0.5
    endloop
  endfacet
  facet normal -0.0490978 0.998794 0
    outer loop
      vertex 22.86 6.59 0.5
      vertex 23.0854 6.60108 0
      vertex 22.86 6.59 0
    endloop
  endfacet
  facet normal -0.671653 0.740866 0
    outer loop
      vertex 24.4863 7.26366 0
      vertex 24.3191 7.11208 0.5
      vertex 24.4863 7.26366 0.5
    endloop
  endfacet
  facet normal -0.671653 0.740866 0
    outer loop
      vertex 24.3191 7.11208 0.5
      vertex 24.4863 7.26366 0
      vertex 24.3191 7.11208 0
    endloop
  endfacet
  facet normal -0.146629 -0.989192 0
    outer loop
      vertex 23.0854 11.1789 0
      vertex 23.3087 11.1458 0.5
      vertex 23.0854 11.1789 0.5
    endloop
  endfacet
  facet normal -0.146629 -0.989192 -0
    outer loop
      vertex 23.3087 11.1458 0.5
      vertex 23.0854 11.1789 0
      vertex 23.3087 11.1458 0
    endloop
  endfacet
  facet normal -0.803125 -0.59581 0
    outer loop
      vertex 24.7724 10.1678 0
      vertex 24.6379 10.3491 0.5
      vertex 24.6379 10.3491 0
    endloop
  endfacet
  facet normal -0.803125 -0.59581 0
    outer loop
      vertex 24.6379 10.3491 0.5
      vertex 24.7724 10.1678 0
      vertex 24.7724 10.1678 0.5
    endloop
  endfacet
  facet normal -0.42761 0.903963 0
    outer loop
      vertex 23.9442 6.86158 0
      vertex 23.7402 6.76508 0.5
      vertex 23.9442 6.86158 0.5
    endloop
  endfacet
  facet normal -0.42761 0.903963 0
    outer loop
      vertex 23.7402 6.76508 0.5
      vertex 23.9442 6.86158 0
      vertex 23.7402 6.76508 0
    endloop
  endfacet
  facet normal -0.59581 -0.803125 0
    outer loop
      vertex 24.1378 10.8024 0
      vertex 24.3191 10.6679 0.5
      vertex 24.1378 10.8024 0.5
    endloop
  endfacet
  facet normal -0.59581 -0.803125 -0
    outer loop
      vertex 24.3191 10.6679 0.5
      vertex 24.1378 10.8024 0
      vertex 24.3191 10.6679 0
    endloop
  endfacet
  facet normal 0.80311 0.595831 0
    outer loop
      vertex 21.0821 7.4309 0.5
      vertex 20.9476 7.61219 0
      vertex 20.9476 7.61219 0.5
    endloop
  endfacet
  facet normal 0.80311 0.595831 0
    outer loop
      vertex 20.9476 7.61219 0
      vertex 21.0821 7.4309 0.5
      vertex 21.0821 7.4309 0
    endloop
  endfacet
  facet normal 0.0491862 -0.99879 0
    outer loop
      vertex 22.6346 11.1789 0
      vertex 22.86 11.19 0.5
      vertex 22.6346 11.1789 0.5
    endloop
  endfacet
  facet normal 0.0491862 -0.99879 0
    outer loop
      vertex 22.86 11.19 0.5
      vertex 22.6346 11.1789 0
      vertex 22.86 11.19 0
    endloop
  endfacet
  facet normal -0.146672 0.989185 0
    outer loop
      vertex 23.3087 6.63419 0
      vertex 23.0854 6.60108 0.5
      vertex 23.3087 6.63419 0.5
    endloop
  endfacet
  facet normal -0.146672 0.989185 0
    outer loop
      vertex 23.0854 6.60108 0.5
      vertex 23.3087 6.63419 0
      vertex 23.0854 6.60108 0
    endloop
  endfacet
  facet normal 0.970075 -0.242807 0
    outer loop
      vertex 20.6042 9.33871 0.5
      vertex 20.659 9.55765 0
      vertex 20.659 9.55765 0.5
    endloop
  endfacet
  facet normal 0.970075 -0.242807 0
    outer loop
      vertex 20.659 9.55765 0
      vertex 20.6042 9.33871 0.5
      vertex 20.6042 9.33871 0
    endloop
  endfacet
  facet normal 0.0490978 0.998794 -0
    outer loop
      vertex 22.86 6.59 0
      vertex 22.6346 6.60108 0.5
      vertex 22.86 6.59 0.5
    endloop
  endfacet
  facet normal 0.0490978 0.998794 0
    outer loop
      vertex 22.6346 6.60108 0.5
      vertex 22.86 6.59 0
      vertex 22.6346 6.60108 0
    endloop
  endfacet
  facet normal 0.857794 -0.513994 0
    outer loop
      vertex 20.8316 9.97421 0.5
      vertex 20.9476 10.1678 0
      vertex 20.9476 10.1678 0.5
    endloop
  endfacet
  facet normal 0.857794 -0.513994 0
    outer loop
      vertex 20.9476 10.1678 0
      vertex 20.8316 9.97421 0.5
      vertex 20.8316 9.97421 0
    endloop
  endfacet
  facet normal -0.740902 0.671614 0
    outer loop
      vertex 24.4863 7.26366 0
      vertex 24.6379 7.4309 0.5
      vertex 24.6379 7.4309 0
    endloop
  endfacet
  facet normal -0.740902 0.671614 0
    outer loop
      vertex 24.6379 7.4309 0.5
      vertex 24.4863 7.26366 0
      vertex 24.4863 7.26366 0.5
    endloop
  endfacet
  facet normal 0.970075 0.242807 0
    outer loop
      vertex 20.659 8.22235 0.5
      vertex 20.6042 8.44129 0
      vertex 20.6042 8.44129 0.5
    endloop
  endfacet
  facet normal 0.970075 0.242807 0
    outer loop
      vertex 20.6042 8.44129 0
      vertex 20.659 8.22235 0.5
      vertex 20.659 8.22235 0
    endloop
  endfacet
  facet normal 0.595696 0.80321 -0
    outer loop
      vertex 21.5822 6.97762 0
      vertex 21.4009 7.11208 0.5
      vertex 21.5822 6.97762 0.5
    endloop
  endfacet
  facet normal 0.595696 0.80321 0
    outer loop
      vertex 21.4009 7.11208 0.5
      vertex 21.5822 6.97762 0
      vertex 21.4009 7.11208 0
    endloop
  endfacet
  facet normal 0.941461 0.337122 0
    outer loop
      vertex 20.7351 8.00983 0.5
      vertex 20.659 8.22235 0
      vertex 20.659 8.22235 0.5
    endloop
  endfacet
  facet normal 0.941461 0.337122 0
    outer loop
      vertex 20.659 8.22235 0
      vertex 20.7351 8.00983 0.5
      vertex 20.7351 8.00983 0
    endloop
  endfacet
  facet normal -0.595696 0.80321 0
    outer loop
      vertex 24.3191 7.11208 0
      vertex 24.1378 6.97762 0.5
      vertex 24.3191 7.11208 0.5
    endloop
  endfacet
  facet normal -0.595696 0.80321 0
    outer loop
      vertex 24.1378 6.97762 0.5
      vertex 24.3191 7.11208 0
      vertex 24.1378 6.97762 0
    endloop
  endfacet
  facet normal -0.42761 -0.903963 0
    outer loop
      vertex 23.7402 11.0149 0
      vertex 23.9442 10.9184 0.5
      vertex 23.7402 11.0149 0.5
    endloop
  endfacet
  facet normal -0.42761 -0.903963 -0
    outer loop
      vertex 23.9442 10.9184 0.5
      vertex 23.7402 11.0149 0
      vertex 23.9442 10.9184 0
    endloop
  endfacet
  facet normal -0.941461 0.337122 0
    outer loop
      vertex 24.9849 8.00983 0
      vertex 25.061 8.22235 0.5
      vertex 25.061 8.22235 0
    endloop
  endfacet
  facet normal -0.941461 0.337122 0
    outer loop
      vertex 25.061 8.22235 0.5
      vertex 24.9849 8.00983 0
      vertex 24.9849 8.00983 0.5
    endloop
  endfacet
  facet normal 0.671653 0.740866 -0
    outer loop
      vertex 21.4009 7.11208 0
      vertex 21.2337 7.26366 0.5
      vertex 21.4009 7.11208 0.5
    endloop
  endfacet
  facet normal 0.671653 0.740866 0
    outer loop
      vertex 21.2337 7.26366 0.5
      vertex 21.4009 7.11208 0
      vertex 21.2337 7.26366 0
    endloop
  endfacet
  facet normal 0.514105 0.857727 -0
    outer loop
      vertex 21.7758 6.86158 0
      vertex 21.5822 6.97762 0.5
      vertex 21.7758 6.86158 0.5
    endloop
  endfacet
  facet normal 0.514105 0.857727 0
    outer loop
      vertex 21.5822 6.97762 0.5
      vertex 21.7758 6.86158 0
      vertex 21.5822 6.97762 0
    endloop
  endfacet
  facet normal -0.903996 0.427542 0
    outer loop
      vertex 24.8884 7.80579 0
      vertex 24.9849 8.00983 0.5
      vertex 24.9849 8.00983 0
    endloop
  endfacet
  facet normal -0.903996 0.427542 0
    outer loop
      vertex 24.9849 8.00983 0.5
      vertex 24.8884 7.80579 0
      vertex 24.8884 7.80579 0.5
    endloop
  endfacet
  facet normal -0.970075 -0.242807 0
    outer loop
      vertex 25.1158 9.33871 0
      vertex 25.061 9.55765 0.5
      vertex 25.061 9.55765 0
    endloop
  endfacet
  facet normal -0.970075 -0.242807 0
    outer loop
      vertex 25.061 9.55765 0.5
      vertex 25.1158 9.33871 0
      vertex 25.1158 9.33871 0.5
    endloop
  endfacet
  facet normal -0.857806 0.513974 0
    outer loop
      vertex 24.7724 7.61219 0
      vertex 24.8884 7.80579 0.5
      vertex 24.8884 7.80579 0
    endloop
  endfacet
  facet normal -0.857806 0.513974 0
    outer loop
      vertex 24.8884 7.80579 0.5
      vertex 24.7724 7.61219 0
      vertex 24.7724 7.61219 0.5
    endloop
  endfacet
  facet normal 0.941461 -0.337122 0
    outer loop
      vertex 20.659 9.55765 0.5
      vertex 20.7351 9.77017 0
      vertex 20.7351 9.77017 0.5
    endloop
  endfacet
  facet normal 0.941461 -0.337122 0
    outer loop
      vertex 20.7351 9.77017 0
      vertex 20.659 9.55765 0.5
      vertex 20.659 9.55765 0
    endloop
  endfacet
  facet normal 0.903996 0.427542 0
    outer loop
      vertex 20.8316 7.80579 0.5
      vertex 20.7351 8.00983 0
      vertex 20.7351 8.00983 0.5
    endloop
  endfacet
  facet normal 0.903996 0.427542 0
    outer loop
      vertex 20.7351 8.00983 0
      vertex 20.8316 7.80579 0.5
      vertex 20.8316 7.80579 0
    endloop
  endfacet
  facet normal -0.242952 0.970038 0
    outer loop
      vertex 23.5277 6.68904 0
      vertex 23.3087 6.63419 0.5
      vertex 23.5277 6.68904 0.5
    endloop
  endfacet
  facet normal -0.242952 0.970038 0
    outer loop
      vertex 23.3087 6.63419 0.5
      vertex 23.5277 6.68904 0
      vertex 23.3087 6.63419 0
    endloop
  endfacet
  facet normal 0.740822 -0.671702 0
    outer loop
      vertex 21.0821 10.3491 0.5
      vertex 21.2337 10.5163 0
      vertex 21.2337 10.5163 0.5
    endloop
  endfacet
  facet normal 0.740822 -0.671702 0
    outer loop
      vertex 21.2337 10.5163 0
      vertex 21.0821 10.3491 0.5
      vertex 21.0821 10.3491 0
    endloop
  endfacet
  facet normal 0.59581 -0.803125 0
    outer loop
      vertex 21.4009 10.6679 0
      vertex 21.5822 10.8024 0.5
      vertex 21.4009 10.6679 0.5
    endloop
  endfacet
  facet normal 0.59581 -0.803125 0
    outer loop
      vertex 21.5822 10.8024 0.5
      vertex 21.4009 10.6679 0
      vertex 21.5822 10.8024 0
    endloop
  endfacet
  facet normal -0.33715 -0.941451 0
    outer loop
      vertex 23.5277 11.091 0
      vertex 23.7402 11.0149 0.5
      vertex 23.5277 11.091 0.5
    endloop
  endfacet
  facet normal -0.33715 -0.941451 -0
    outer loop
      vertex 23.7402 11.0149 0.5
      vertex 23.5277 11.091 0
      vertex 23.7402 11.0149 0
    endloop
  endfacet
  facet normal 0.671702 -0.740822 0
    outer loop
      vertex 21.2337 10.5163 0
      vertex 21.4009 10.6679 0.5
      vertex 21.2337 10.5163 0.5
    endloop
  endfacet
  facet normal 0.671702 -0.740822 0
    outer loop
      vertex 21.4009 10.6679 0.5
      vertex 21.2337 10.5163 0
      vertex 21.4009 10.6679 0
    endloop
  endfacet
  facet normal 0.99879 0.0491775 0
    outer loop
      vertex 20.5711 8.66456 0.5
      vertex 20.56 8.89 0
      vertex 20.56 8.89 0.5
    endloop
  endfacet
  facet normal 0.99879 0.0491775 0
    outer loop
      vertex 20.56 8.89 0
      vertex 20.5711 8.66456 0.5
      vertex 20.5711 8.66456 0
    endloop
  endfacet
  facet normal 0.740902 0.671614 0
    outer loop
      vertex 21.2337 7.26366 0.5
      vertex 21.0821 7.4309 0
      vertex 21.0821 7.4309 0.5
    endloop
  endfacet
  facet normal 0.740902 0.671614 0
    outer loop
      vertex 21.0821 7.4309 0
      vertex 21.2337 7.26366 0.5
      vertex 21.2337 7.26366 0
    endloop
  endfacet
  facet normal 0.33715 -0.941451 0
    outer loop
      vertex 21.9798 11.0149 0
      vertex 22.1923 11.091 0.5
      vertex 21.9798 11.0149 0.5
    endloop
  endfacet
  facet normal 0.33715 -0.941451 0
    outer loop
      vertex 22.1923 11.091 0.5
      vertex 21.9798 11.0149 0
      vertex 22.1923 11.091 0
    endloop
  endfacet
  facet normal 0.99879 -0.0491775 0
    outer loop
      vertex 20.56 8.89 0.5
      vertex 20.5711 9.11544 0
      vertex 20.5711 9.11544 0.5
    endloop
  endfacet
  facet normal 0.99879 -0.0491775 0
    outer loop
      vertex 20.5711 9.11544 0
      vertex 20.56 8.89 0.5
      vertex 20.56 8.89 0
    endloop
  endfacet
  facet normal 0.989189 -0.146648 0
    outer loop
      vertex 20.5711 9.11544 0.5
      vertex 20.6042 9.33871 0
      vertex 20.6042 9.33871 0.5
    endloop
  endfacet
  facet normal 0.989189 -0.146648 0
    outer loop
      vertex 20.6042 9.33871 0
      vertex 20.5711 9.11544 0.5
      vertex 20.5711 9.11544 0
    endloop
  endfacet
  facet normal 0.242744 -0.97009 0
    outer loop
      vertex 22.1923 11.091 0
      vertex 22.4113 11.1458 0.5
      vertex 22.1923 11.091 0.5
    endloop
  endfacet
  facet normal 0.242744 -0.97009 0
    outer loop
      vertex 22.4113 11.1458 0.5
      vertex 22.1923 11.091 0
      vertex 22.4113 11.1458 0
    endloop
  endfacet
  facet normal -0.242744 -0.97009 0
    outer loop
      vertex 23.3087 11.1458 0
      vertex 23.5277 11.091 0.5
      vertex 23.3087 11.1458 0.5
    endloop
  endfacet
  facet normal -0.242744 -0.97009 -0
    outer loop
      vertex 23.5277 11.091 0.5
      vertex 23.3087 11.1458 0
      vertex 23.5277 11.091 0
    endloop
  endfacet
  facet normal 0 0 -1
    outer loop
      vertex 24.06 8.89 0.5
      vertex 25.16 8.89 0.5
      vertex 25.1489 8.66456 0.5
    endloop
  endfacet
  facet normal 0 0 -1
    outer loop
      vertex 24.0542 8.77238 0.5
      vertex 25.1489 8.66456 0.5
      vertex 25.1158 8.44129 0.5
    endloop
  endfacet
  facet normal 0 0 -1
    outer loop
      vertex 25.16 8.89 0.5
      vertex 24.06 8.89 0.5
      vertex 25.1489 9.11544 0.5
    endloop
  endfacet
  facet normal 0 0 -1
    outer loop
      vertex 24.0369 8.65589 0.5
      vertex 25.1158 8.44129 0.5
      vertex 25.061 8.22235 0.5
    endloop
  endfacet
  facet normal 0 0 -1
    outer loop
      vertex 24.0542 9.00762 0.5
      vertex 25.1489 9.11544 0.5
      vertex 24.06 8.89 0.5
    endloop
  endfacet
  facet normal 0 0 -1
    outer loop
      vertex 24.0083 8.54166 0.5
      vertex 25.061 8.22235 0.5
      vertex 24.9849 8.00983 0.5
    endloop
  endfacet
  facet normal -0 0 -1
    outer loop
      vertex 25.1489 9.11544 0.5
      vertex 24.0542 9.00762 0.5
      vertex 25.1158 9.33871 0.5
    endloop
  endfacet
  facet normal 0 0 -1
    outer loop
      vertex 23.9687 8.43078 0.5
      vertex 24.9849 8.00983 0.5
      vertex 24.8884 7.80579 0.5
    endloop
  endfacet
  facet normal 0 0 -1
    outer loop
      vertex 24.0369 9.12411 0.5
      vertex 25.1158 9.33871 0.5
      vertex 24.0542 9.00762 0.5
    endloop
  endfacet
  facet normal 0 0 -1
    outer loop
      vertex 23.9183 8.32432 0.5
      vertex 24.8884 7.80579 0.5
      vertex 24.7724 7.61219 0.5
    endloop
  endfacet
  facet normal -0 0 -1
    outer loop
      vertex 25.1158 9.33871 0.5
      vertex 24.0369 9.12411 0.5
      vertex 25.061 9.55765 0.5
    endloop
  endfacet
  facet normal 0 0 -1
    outer loop
      vertex 23.8578 8.22332 0.5
      vertex 24.7724 7.61219 0.5
      vertex 24.6379 7.4309 0.5
    endloop
  endfacet
  facet normal 0 0 -1
    outer loop
      vertex 24.0083 9.23834 0.5
      vertex 25.061 9.55765 0.5
      vertex 24.0369 9.12411 0.5
    endloop
  endfacet
  facet normal 0 0 -1
    outer loop
      vertex 23.7876 8.12873 0.5
      vertex 24.6379 7.4309 0.5
      vertex 24.4863 7.26366 0.5
    endloop
  endfacet
  facet normal -0 0 -1
    outer loop
      vertex 25.061 9.55765 0.5
      vertex 24.0083 9.23834 0.5
      vertex 24.9849 9.77017 0.5
    endloop
  endfacet
  facet normal 0 0 -1
    outer loop
      vertex 23.7085 8.04147 0.5
      vertex 24.4863 7.26366 0.5
      vertex 24.3191 7.11208 0.5
    endloop
  endfacet
  facet normal 0 0 -1
    outer loop
      vertex 23.9687 9.34922 0.5
      vertex 24.9849 9.77017 0.5
      vertex 24.0083 9.23834 0.5
    endloop
  endfacet
  facet normal 0 0 -1
    outer loop
      vertex 23.6213 7.96239 0.5
      vertex 24.3191 7.11208 0.5
      vertex 24.1378 6.97762 0.5
    endloop
  endfacet
  facet normal -0 0 -1
    outer loop
      vertex 24.9849 9.77017 0.5
      vertex 23.9687 9.34922 0.5
      vertex 24.8884 9.97421 0.5
    endloop
  endfacet
  facet normal 0 0 -1
    outer loop
      vertex 23.9183 9.45568 0.5
      vertex 24.8884 9.97421 0.5
      vertex 23.9687 9.34922 0.5
    endloop
  endfacet
  facet normal 0 0 -1
    outer loop
      vertex 25.1489 8.66456 0.5
      vertex 24.0542 8.77238 0.5
      vertex 24.06 8.89 0.5
    endloop
  endfacet
  facet normal 0 0 -1
    outer loop
      vertex 25.1158 8.44129 0.5
      vertex 24.0369 8.65589 0.5
      vertex 24.0542 8.77238 0.5
    endloop
  endfacet
  facet normal 0 0 -1
    outer loop
      vertex 25.061 8.22235 0.5
      vertex 24.0083 8.54166 0.5
      vertex 24.0369 8.65589 0.5
    endloop
  endfacet
  facet normal 0 0 -1
    outer loop
      vertex 24.9849 8.00983 0.5
      vertex 23.9687 8.43078 0.5
      vertex 24.0083 8.54166 0.5
    endloop
  endfacet
  facet normal 0 0 -1
    outer loop
      vertex 23.5267 7.89224 0.5
      vertex 24.1378 6.97762 0.5
      vertex 23.9442 6.86158 0.5
    endloop
  endfacet
  facet normal 0 0 -1
    outer loop
      vertex 24.8884 7.80579 0.5
      vertex 23.9183 8.32432 0.5
      vertex 23.9687 8.43078 0.5
    endloop
  endfacet
  facet normal 0 0 -1
    outer loop
      vertex 24.7724 7.61219 0.5
      vertex 23.8578 8.22332 0.5
      vertex 23.9183 8.32432 0.5
    endloop
  endfacet
  facet normal 0 0 -1
    outer loop
      vertex 24.6379 7.4309 0.5
      vertex 23.7876 8.12873 0.5
      vertex 23.8578 8.22332 0.5
    endloop
  endfacet
  facet normal 0 0 -1
    outer loop
      vertex 23.4257 7.8317 0.5
      vertex 23.9442 6.86158 0.5
      vertex 23.7402 6.76508 0.5
    endloop
  endfacet
  facet normal 0 0 -1
    outer loop
      vertex 24.4863 7.26366 0.5
      vertex 23.7085 8.04147 0.5
      vertex 23.7876 8.12873 0.5
    endloop
  endfacet
  facet normal 0 0 -1
    outer loop
      vertex 24.3191 7.11208 0.5
      vertex 23.6213 7.96239 0.5
      vertex 23.7085 8.04147 0.5
    endloop
  endfacet
  facet normal 0 0 -1
    outer loop
      vertex 23.3192 7.78134 0.5
      vertex 23.7402 6.76508 0.5
      vertex 23.5277 6.68904 0.5
    endloop
  endfacet
  facet normal 0 0 -1
    outer loop
      vertex 24.1378 6.97762 0.5
      vertex 23.5267 7.89224 0.5
      vertex 23.6213 7.96239 0.5
    endloop
  endfacet
  facet normal 0 0 -1
    outer loop
      vertex 23.9442 6.86158 0.5
      vertex 23.4257 7.8317 0.5
      vertex 23.5267 7.89224 0.5
    endloop
  endfacet
  facet normal 0 0 -1
    outer loop
      vertex 23.7402 6.76508 0.5
      vertex 23.3192 7.78134 0.5
      vertex 23.4257 7.8317 0.5
    endloop
  endfacet
  facet normal 0 0 -1
    outer loop
      vertex 23.2083 7.74167 0.5
      vertex 23.5277 6.68904 0.5
      vertex 23.3087 6.63419 0.5
    endloop
  endfacet
  facet normal 0 0 -1
    outer loop
      vertex 23.5277 6.68904 0.5
      vertex 23.2083 7.74167 0.5
      vertex 23.3192 7.78134 0.5
    endloop
  endfacet
  facet normal 0 0 -1
    outer loop
      vertex 23.3087 6.63419 0.5
      vertex 23.0941 7.71306 0.5
      vertex 23.2083 7.74167 0.5
    endloop
  endfacet
  facet normal 0 0 -1
    outer loop
      vertex 23.0854 6.60108 0.5
      vertex 23.0941 7.71306 0.5
      vertex 23.3087 6.63419 0.5
    endloop
  endfacet
  facet normal 0 0 -1
    outer loop
      vertex 23.0854 6.60108 0.5
      vertex 22.9776 7.69578 0.5
      vertex 23.0941 7.71306 0.5
    endloop
  endfacet
  facet normal 0 0 -1
    outer loop
      vertex 22.86 6.59 0.5
      vertex 22.9776 7.69578 0.5
      vertex 23.0854 6.60108 0.5
    endloop
  endfacet
  facet normal 0 0 -1
    outer loop
      vertex 22.86 6.59 0.5
      vertex 22.86 7.69 0.5
      vertex 22.9776 7.69578 0.5
    endloop
  endfacet
  facet normal 0 0 -1
    outer loop
      vertex 22.86 6.59 0.5
      vertex 22.7424 7.69578 0.5
      vertex 22.86 7.69 0.5
    endloop
  endfacet
  facet normal 0 0 -1
    outer loop
      vertex 22.6346 6.60108 0.5
      vertex 22.7424 7.69578 0.5
      vertex 22.86 6.59 0.5
    endloop
  endfacet
  facet normal 0 0 -1
    outer loop
      vertex 22.6346 6.60108 0.5
      vertex 22.6259 7.71306 0.5
      vertex 22.7424 7.69578 0.5
    endloop
  endfacet
  facet normal 0 0 -1
    outer loop
      vertex 22.4113 6.63419 0.5
      vertex 22.6259 7.71306 0.5
      vertex 22.6346 6.60108 0.5
    endloop
  endfacet
  facet normal -0 0 -1
    outer loop
      vertex 22.6259 7.71306 0.5
      vertex 22.4113 6.63419 0.5
      vertex 22.5117 7.74167 0.5
    endloop
  endfacet
  facet normal 0 0 -1
    outer loop
      vertex 22.1923 6.68904 0.5
      vertex 22.5117 7.74167 0.5
      vertex 22.4113 6.63419 0.5
    endloop
  endfacet
  facet normal -0 0 -1
    outer loop
      vertex 22.5117 7.74167 0.5
      vertex 22.1923 6.68904 0.5
      vertex 22.4008 7.78134 0.5
    endloop
  endfacet
  facet normal 0 0 -1
    outer loop
      vertex 21.9798 6.76508 0.5
      vertex 22.4008 7.78134 0.5
      vertex 22.1923 6.68904 0.5
    endloop
  endfacet
  facet normal -0 0 -1
    outer loop
      vertex 22.4008 7.78134 0.5
      vertex 21.9798 6.76508 0.5
      vertex 22.2943 7.8317 0.5
    endloop
  endfacet
  facet normal 0 0 -1
    outer loop
      vertex 21.7758 6.86158 0.5
      vertex 22.2943 7.8317 0.5
      vertex 21.9798 6.76508 0.5
    endloop
  endfacet
  facet normal -0 0 -1
    outer loop
      vertex 22.2943 7.8317 0.5
      vertex 21.7758 6.86158 0.5
      vertex 22.1933 7.89224 0.5
    endloop
  endfacet
  facet normal 0 0 -1
    outer loop
      vertex 21.5822 6.97762 0.5
      vertex 22.1933 7.89224 0.5
      vertex 21.7758 6.86158 0.5
    endloop
  endfacet
  facet normal -0 0 -1
    outer loop
      vertex 22.1933 7.89224 0.5
      vertex 21.5822 6.97762 0.5
      vertex 22.0987 7.96239 0.5
    endloop
  endfacet
  facet normal 0 0 -1
    outer loop
      vertex 21.4009 7.11208 0.5
      vertex 22.0987 7.96239 0.5
      vertex 21.5822 6.97762 0.5
    endloop
  endfacet
  facet normal -0 0 -1
    outer loop
      vertex 22.0987 7.96239 0.5
      vertex 21.4009 7.11208 0.5
      vertex 22.0115 8.04147 0.5
    endloop
  endfacet
  facet normal 0 0 -1
    outer loop
      vertex 21.2337 7.26366 0.5
      vertex 22.0115 8.04147 0.5
      vertex 21.4009 7.11208 0.5
    endloop
  endfacet
  facet normal -0 0 -1
    outer loop
      vertex 22.0115 8.04147 0.5
      vertex 21.2337 7.26366 0.5
      vertex 21.9324 8.12873 0.5
    endloop
  endfacet
  facet normal 0 0 -1
    outer loop
      vertex 21.0821 7.4309 0.5
      vertex 21.9324 8.12873 0.5
      vertex 21.2337 7.26366 0.5
    endloop
  endfacet
  facet normal -0 0 -1
    outer loop
      vertex 21.9324 8.12873 0.5
      vertex 21.0821 7.4309 0.5
      vertex 21.8622 8.22332 0.5
    endloop
  endfacet
  facet normal 0 0 -1
    outer loop
      vertex 20.9476 7.61219 0.5
      vertex 21.8622 8.22332 0.5
      vertex 21.0821 7.4309 0.5
    endloop
  endfacet
  facet normal 0 0 -1
    outer loop
      vertex 20.8316 7.80579 0.5
      vertex 21.8017 8.32432 0.5
      vertex 20.9476 7.61219 0.5
    endloop
  endfacet
  facet normal -0 0 -1
    outer loop
      vertex 21.8622 8.22332 0.5
      vertex 20.9476 7.61219 0.5
      vertex 21.8017 8.32432 0.5
    endloop
  endfacet
  facet normal -0 0 -1
    outer loop
      vertex 24.8884 9.97421 0.5
      vertex 23.9183 9.45568 0.5
      vertex 24.7724 10.1678 0.5
    endloop
  endfacet
  facet normal 0 0 -1
    outer loop
      vertex 23.8578 9.55668 0.5
      vertex 24.7724 10.1678 0.5
      vertex 23.9183 9.45568 0.5
    endloop
  endfacet
  facet normal -0 0 -1
    outer loop
      vertex 24.7724 10.1678 0.5
      vertex 23.8578 9.55668 0.5
      vertex 24.6379 10.3491 0.5
    endloop
  endfacet
  facet normal 0 0 -1
    outer loop
      vertex 23.7876 9.65127 0.5
      vertex 24.6379 10.3491 0.5
      vertex 23.8578 9.55668 0.5
    endloop
  endfacet
  facet normal -0 0 -1
    outer loop
      vertex 24.6379 10.3491 0.5
      vertex 23.7876 9.65127 0.5
      vertex 24.4863 10.5163 0.5
    endloop
  endfacet
  facet normal 0 0 -1
    outer loop
      vertex 23.7085 9.73853 0.5
      vertex 24.4863 10.5163 0.5
      vertex 23.7876 9.65127 0.5
    endloop
  endfacet
  facet normal -0 0 -1
    outer loop
      vertex 24.4863 10.5163 0.5
      vertex 23.7085 9.73853 0.5
      vertex 24.3191 10.6679 0.5
    endloop
  endfacet
  facet normal 0 0 -1
    outer loop
      vertex 23.6213 9.81761 0.5
      vertex 24.3191 10.6679 0.5
      vertex 23.7085 9.73853 0.5
    endloop
  endfacet
  facet normal -0 0 -1
    outer loop
      vertex 24.3191 10.6679 0.5
      vertex 23.6213 9.81761 0.5
      vertex 24.1378 10.8024 0.5
    endloop
  endfacet
  facet normal 0 0 -1
    outer loop
      vertex 23.5267 9.88776 0.5
      vertex 24.1378 10.8024 0.5
      vertex 23.6213 9.81761 0.5
    endloop
  endfacet
  facet normal -0 0 -1
    outer loop
      vertex 24.1378 10.8024 0.5
      vertex 23.5267 9.88776 0.5
      vertex 23.9442 10.9184 0.5
    endloop
  endfacet
  facet normal 0 0 -1
    outer loop
      vertex 23.4257 9.94831 0.5
      vertex 23.9442 10.9184 0.5
      vertex 23.5267 9.88776 0.5
    endloop
  endfacet
  facet normal -0 0 -1
    outer loop
      vertex 23.9442 10.9184 0.5
      vertex 23.4257 9.94831 0.5
      vertex 23.7402 11.0149 0.5
    endloop
  endfacet
  facet normal 0 0 -1
    outer loop
      vertex 23.3192 9.99866 0.5
      vertex 23.7402 11.0149 0.5
      vertex 23.4257 9.94831 0.5
    endloop
  endfacet
  facet normal -0 0 -1
    outer loop
      vertex 23.7402 11.0149 0.5
      vertex 23.3192 9.99866 0.5
      vertex 23.5277 11.091 0.5
    endloop
  endfacet
  facet normal 0 0 -1
    outer loop
      vertex 23.2083 10.0383 0.5
      vertex 23.5277 11.091 0.5
      vertex 23.3192 9.99866 0.5
    endloop
  endfacet
  facet normal -0 0 -1
    outer loop
      vertex 23.5277 11.091 0.5
      vertex 23.2083 10.0383 0.5
      vertex 23.3087 11.1458 0.5
    endloop
  endfacet
  facet normal 0 0 -1
    outer loop
      vertex 23.0941 10.0669 0.5
      vertex 23.3087 11.1458 0.5
      vertex 23.2083 10.0383 0.5
    endloop
  endfacet
  facet normal 0 0 -1
    outer loop
      vertex 23.0941 10.0669 0.5
      vertex 23.0854 11.1789 0.5
      vertex 23.3087 11.1458 0.5
    endloop
  endfacet
  facet normal 0 0 -1
    outer loop
      vertex 22.9776 10.0842 0.5
      vertex 23.0854 11.1789 0.5
      vertex 23.0941 10.0669 0.5
    endloop
  endfacet
  facet normal 0 0 -1
    outer loop
      vertex 22.86 10.09 0.5
      vertex 23.0854 11.1789 0.5
      vertex 22.9776 10.0842 0.5
    endloop
  endfacet
  facet normal 0 0 -1
    outer loop
      vertex 22.86 10.09 0.5
      vertex 22.86 11.19 0.5
      vertex 23.0854 11.1789 0.5
    endloop
  endfacet
  facet normal 0 0 -1
    outer loop
      vertex 22.7424 10.0842 0.5
      vertex 22.86 11.19 0.5
      vertex 22.86 10.09 0.5
    endloop
  endfacet
  facet normal 0 0 -1
    outer loop
      vertex 22.7424 10.0842 0.5
      vertex 22.6346 11.1789 0.5
      vertex 22.86 11.19 0.5
    endloop
  endfacet
  facet normal 0 0 -1
    outer loop
      vertex 22.6259 10.0669 0.5
      vertex 22.6346 11.1789 0.5
      vertex 22.7424 10.0842 0.5
    endloop
  endfacet
  facet normal 0 0 -1
    outer loop
      vertex 22.4113 11.1458 0.5
      vertex 22.6259 10.0669 0.5
      vertex 22.5117 10.0383 0.5
    endloop
  endfacet
  facet normal 0 0 -1
    outer loop
      vertex 22.6259 10.0669 0.5
      vertex 22.4113 11.1458 0.5
      vertex 22.6346 11.1789 0.5
    endloop
  endfacet
  facet normal 0 0 -1
    outer loop
      vertex 22.1923 11.091 0.5
      vertex 22.5117 10.0383 0.5
      vertex 22.4008 9.99866 0.5
    endloop
  endfacet
  facet normal 0 0 -1
    outer loop
      vertex 21.9798 11.0149 0.5
      vertex 22.4008 9.99866 0.5
      vertex 22.2943 9.94831 0.5
    endloop
  endfacet
  facet normal 0 0 -1
    outer loop
      vertex 21.7758 10.9184 0.5
      vertex 22.2943 9.94831 0.5
      vertex 22.1933 9.88776 0.5
    endloop
  endfacet
  facet normal 0 0 -1
    outer loop
      vertex 22.5117 10.0383 0.5
      vertex 22.1923 11.091 0.5
      vertex 22.4113 11.1458 0.5
    endloop
  endfacet
  facet normal 0 0 -1
    outer loop
      vertex 21.5822 10.8024 0.5
      vertex 22.1933 9.88776 0.5
      vertex 22.0987 9.81761 0.5
    endloop
  endfacet
  facet normal 0 0 -1
    outer loop
      vertex 21.4009 10.6679 0.5
      vertex 22.0987 9.81761 0.5
      vertex 22.0115 9.73853 0.5
    endloop
  endfacet
  facet normal 0 0 -1
    outer loop
      vertex 22.4008 9.99866 0.5
      vertex 21.9798 11.0149 0.5
      vertex 22.1923 11.091 0.5
    endloop
  endfacet
  facet normal 0 0 -1
    outer loop
      vertex 21.2337 10.5163 0.5
      vertex 22.0115 9.73853 0.5
      vertex 21.9324 9.65127 0.5
    endloop
  endfacet
  facet normal 0 0 -1
    outer loop
      vertex 21.0821 10.3491 0.5
      vertex 21.9324 9.65127 0.5
      vertex 21.8622 9.55668 0.5
    endloop
  endfacet
  facet normal 0 0 -1
    outer loop
      vertex 20.9476 10.1678 0.5
      vertex 21.8622 9.55668 0.5
      vertex 21.8017 9.45568 0.5
    endloop
  endfacet
  facet normal 0 0 -1
    outer loop
      vertex 22.2943 9.94831 0.5
      vertex 21.7758 10.9184 0.5
      vertex 21.9798 11.0149 0.5
    endloop
  endfacet
  facet normal 0 0 -1
    outer loop
      vertex 20.8316 9.97421 0.5
      vertex 21.8017 9.45568 0.5
      vertex 21.7513 9.34922 0.5
    endloop
  endfacet
  facet normal 0 0 -1
    outer loop
      vertex 20.7351 9.77017 0.5
      vertex 21.7513 9.34922 0.5
      vertex 21.7117 9.23834 0.5
    endloop
  endfacet
  facet normal 0 0 -1
    outer loop
      vertex 20.659 9.55765 0.5
      vertex 21.7117 9.23834 0.5
      vertex 21.6831 9.12411 0.5
    endloop
  endfacet
  facet normal 0 0 -1
    outer loop
      vertex 20.6042 9.33871 0.5
      vertex 21.6831 9.12411 0.5
      vertex 21.6658 9.00762 0.5
    endloop
  endfacet
  facet normal 0 0 -1
    outer loop
      vertex 22.1933 9.88776 0.5
      vertex 21.5822 10.8024 0.5
      vertex 21.7758 10.9184 0.5
    endloop
  endfacet
  facet normal 0 0 -1
    outer loop
      vertex 20.5711 9.11544 0.5
      vertex 21.6658 9.00762 0.5
      vertex 21.66 8.89 0.5
    endloop
  endfacet
  facet normal -0 0 -1
    outer loop
      vertex 21.8017 8.32432 0.5
      vertex 20.8316 7.80579 0.5
      vertex 21.7513 8.43078 0.5
    endloop
  endfacet
  facet normal 0 0 -1
    outer loop
      vertex 20.7351 8.00983 0.5
      vertex 21.7513 8.43078 0.5
      vertex 20.8316 7.80579 0.5
    endloop
  endfacet
  facet normal 0 0 -1
    outer loop
      vertex 22.0987 9.81761 0.5
      vertex 21.4009 10.6679 0.5
      vertex 21.5822 10.8024 0.5
    endloop
  endfacet
  facet normal -0 0 -1
    outer loop
      vertex 21.7513 8.43078 0.5
      vertex 20.7351 8.00983 0.5
      vertex 21.7117 8.54166 0.5
    endloop
  endfacet
  facet normal 0 0 -1
    outer loop
      vertex 22.0115 9.73853 0.5
      vertex 21.2337 10.5163 0.5
      vertex 21.4009 10.6679 0.5
    endloop
  endfacet
  facet normal 0 0 -1
    outer loop
      vertex 20.659 8.22235 0.5
      vertex 21.7117 8.54166 0.5
      vertex 20.7351 8.00983 0.5
    endloop
  endfacet
  facet normal 0 0 -1
    outer loop
      vertex 21.9324 9.65127 0.5
      vertex 21.0821 10.3491 0.5
      vertex 21.2337 10.5163 0.5
    endloop
  endfacet
  facet normal -0 0 -1
    outer loop
      vertex 21.7117 8.54166 0.5
      vertex 20.659 8.22235 0.5
      vertex 21.6831 8.65589 0.5
    endloop
  endfacet
  facet normal 0 0 -1
    outer loop
      vertex 21.8622 9.55668 0.5
      vertex 20.9476 10.1678 0.5
      vertex 21.0821 10.3491 0.5
    endloop
  endfacet
  facet normal 0 0 -1
    outer loop
      vertex 20.6042 8.44129 0.5
      vertex 21.6831 8.65589 0.5
      vertex 20.659 8.22235 0.5
    endloop
  endfacet
  facet normal 0 0 -1
    outer loop
      vertex 21.8017 9.45568 0.5
      vertex 20.8316 9.97421 0.5
      vertex 20.9476 10.1678 0.5
    endloop
  endfacet
  facet normal -0 0 -1
    outer loop
      vertex 21.6831 8.65589 0.5
      vertex 20.6042 8.44129 0.5
      vertex 21.6658 8.77238 0.5
    endloop
  endfacet
  facet normal 0 0 -1
    outer loop
      vertex 21.7513 9.34922 0.5
      vertex 20.7351 9.77017 0.5
      vertex 20.8316 9.97421 0.5
    endloop
  endfacet
  facet normal 0 0 -1
    outer loop
      vertex 20.5711 8.66456 0.5
      vertex 21.6658 8.77238 0.5
      vertex 20.6042 8.44129 0.5
    endloop
  endfacet
  facet normal 0 0 -1
    outer loop
      vertex 21.7117 9.23834 0.5
      vertex 20.659 9.55765 0.5
      vertex 20.7351 9.77017 0.5
    endloop
  endfacet
  facet normal -0 0 -1
    outer loop
      vertex 21.6658 8.77238 0.5
      vertex 20.5711 8.66456 0.5
      vertex 21.66 8.89 0.5
    endloop
  endfacet
  facet normal 0 0 -1
    outer loop
      vertex 21.6831 9.12411 0.5
      vertex 20.6042 9.33871 0.5
      vertex 20.659 9.55765 0.5
    endloop
  endfacet
  facet normal 0 0 -1
    outer loop
      vertex 20.56 8.89 0.5
      vertex 21.66 8.89 0.5
      vertex 20.5711 8.66456 0.5
    endloop
  endfacet
  facet normal 0 0 -1
    outer loop
      vertex 21.6658 9.00762 0.5
      vertex 20.5711 9.11544 0.5
      vertex 20.6042 9.33871 0.5
    endloop
  endfacet
  facet normal 0 0 -1
    outer loop
      vertex 21.66 8.89 0.5
      vertex 20.56 8.89 0.5
      vertex 20.5711 9.11544 0.5
    endloop
  endfacet
  facet normal -0.513974 -0.857806 0
    outer loop
      vertex 23.9442 10.9184 0
      vertex 24.1378 10.8024 0.5
      vertex 23.9442 10.9184 0.5
    endloop
  endfacet
  facet normal -0.513974 -0.857806 -0
    outer loop
      vertex 24.1378 10.8024 0.5
      vertex 23.9442 10.9184 0
      vertex 24.1378 10.8024 0
    endloop
  endfacet
  facet normal -0.857794 -0.513994 0
    outer loop
      vertex 24.8884 9.97421 0
      vertex 24.7724 10.1678 0.5
      vertex 24.7724 10.1678 0
    endloop
  endfacet
  facet normal -0.857794 -0.513994 0
    outer loop
      vertex 24.7724 10.1678 0.5
      vertex 24.8884 9.97421 0
      vertex 24.8884 9.97421 0.5
    endloop
  endfacet
  facet normal 0.989189 0.146648 0
    outer loop
      vertex 20.6042 8.44129 0.5
      vertex 20.5711 8.66456 0
      vertex 20.5711 8.66456 0.5
    endloop
  endfacet
  facet normal 0.989189 0.146648 0
    outer loop
      vertex 20.5711 8.66456 0
      vertex 20.6042 8.44129 0.5
      vertex 20.6042 8.44129 0
    endloop
  endfacet
  facet normal 0.42761 -0.903963 0
    outer loop
      vertex 21.7758 10.9184 0
      vertex 21.9798 11.0149 0.5
      vertex 21.7758 10.9184 0.5
    endloop
  endfacet
  facet normal 0.42761 -0.903963 0
    outer loop
      vertex 21.9798 11.0149 0.5
      vertex 21.7758 10.9184 0
      vertex 21.9798 11.0149 0
    endloop
  endfacet
  facet normal 0.903996 -0.427542 0
    outer loop
      vertex 20.7351 9.77017 0.5
      vertex 20.8316 9.97421 0
      vertex 20.8316 9.97421 0.5
    endloop
  endfacet
  facet normal 0.903996 -0.427542 0
    outer loop
      vertex 20.8316 9.97421 0
      vertex 20.7351 9.77017 0.5
      vertex 20.7351 9.77017 0
    endloop
  endfacet
  facet normal 0.857806 0.513974 0
    outer loop
      vertex 20.9476 7.61219 0.5
      vertex 20.8316 7.80579 0
      vertex 20.8316 7.80579 0.5
    endloop
  endfacet
  facet normal 0.857806 0.513974 0
    outer loop
      vertex 20.8316 7.80579 0
      vertex 20.9476 7.61219 0.5
      vertex 20.9476 7.61219 0
    endloop
  endfacet
  facet normal 0.0492599 0.998786 -0
    outer loop
      vertex 22.86 -10.09 0.5
      vertex 22.7424 -10.0842 1.8
      vertex 22.86 -10.09 1.8
    endloop
  endfacet
  facet normal 0.0492599 0.998786 0
    outer loop
      vertex 22.7424 -10.0842 1.8
      vertex 22.86 -10.09 0.5
      vertex 22.7424 -10.0842 0.5
    endloop
  endfacet
  facet normal -0.989151 0.146899 0
    outer loop
      vertex 24.0369 -9.12411 0.5
      vertex 24.0542 -9.00762 1.8
      vertex 24.0542 -9.00762 0.5
    endloop
  endfacet
  facet normal -0.989151 0.146899 0
    outer loop
      vertex 24.0542 -9.00762 1.8
      vertex 24.0369 -9.12411 0.5
      vertex 24.0369 -9.12411 1.8
    endloop
  endfacet
  facet normal -0.998786 0.0492515 0
    outer loop
      vertex 24.0542 -9.00762 0.5
      vertex 24.06 -8.89 1.8
      vertex 24.06 -8.89 0.5
    endloop
  endfacet
  facet normal -0.998786 0.0492515 0
    outer loop
      vertex 24.06 -8.89 1.8
      vertex 24.0542 -9.00762 0.5
      vertex 24.0542 -9.00762 1.8
    endloop
  endfacet
  facet normal -0.970058 0.242875 0
    outer loop
      vertex 24.0083 -9.23834 0.5
      vertex 24.0369 -9.12411 1.8
      vertex 24.0369 -9.12411 0.5
    endloop
  endfacet
  facet normal -0.970058 0.242875 0
    outer loop
      vertex 24.0369 -9.12411 1.8
      vertex 24.0083 -9.23834 0.5
      vertex 24.0083 -9.23834 1.8
    endloop
  endfacet
  facet normal 0.0490904 -0.998794 0
    outer loop
      vertex 22.7424 -7.69578 0.5
      vertex 22.86 -7.69 1.8
      vertex 22.7424 -7.69578 1.8
    endloop
  endfacet
  facet normal 0.0490904 -0.998794 0
    outer loop
      vertex 22.86 -7.69 1.8
      vertex 22.7424 -7.69578 0.5
      vertex 22.86 -7.69 0.5
    endloop
  endfacet
  facet normal -0.803015 0.595958 0
    outer loop
      vertex 23.7876 -9.65127 0.5
      vertex 23.8578 -9.55668 1.8
      vertex 23.8578 -9.55668 0.5
    endloop
  endfacet
  facet normal -0.803015 0.595958 0
    outer loop
      vertex 23.8578 -9.55668 1.8
      vertex 23.7876 -9.65127 0.5
      vertex 23.7876 -9.65127 1.8
    endloop
  endfacet
  facet normal -0.595644 0.803249 0
    outer loop
      vertex 23.6213 -9.81761 0.5
      vertex 23.5267 -9.88776 1.8
      vertex 23.6213 -9.81761 1.8
    endloop
  endfacet
  facet normal -0.595644 0.803249 0
    outer loop
      vertex 23.5267 -9.88776 1.8
      vertex 23.6213 -9.81761 0.5
      vertex 23.5267 -9.88776 0.5
    endloop
  endfacet
  facet normal 0.941742 0.336336 0
    outer loop
      vertex 21.7513 -9.34922 1.8
      vertex 21.7117 -9.23834 0.5
      vertex 21.7117 -9.23834 1.8
    endloop
  endfacet
  facet normal 0.941742 0.336336 0
    outer loop
      vertex 21.7117 -9.23834 0.5
      vertex 21.7513 -9.34922 1.8
      vertex 21.7513 -9.34922 0.5
    endloop
  endfacet
  facet normal -0.998786 -0.0492515 0
    outer loop
      vertex 24.06 -8.89 0.5
      vertex 24.0542 -8.77238 1.8
      vertex 24.0542 -8.77238 0.5
    endloop
  endfacet
  facet normal -0.998786 -0.0492515 0
    outer loop
      vertex 24.0542 -8.77238 1.8
      vertex 24.06 -8.89 0.5
      vertex 24.06 -8.89 1.8
    endloop
  endfacet
  facet normal 0.427411 0.904057 -0
    outer loop
      vertex 22.4008 -9.99866 0.5
      vertex 22.2943 -9.94831 1.8
      vertex 22.4008 -9.99866 1.8
    endloop
  endfacet
  facet normal 0.427411 0.904057 0
    outer loop
      vertex 22.2943 -9.94831 1.8
      vertex 22.4008 -9.99866 0.5
      vertex 22.2943 -9.94831 0.5
    endloop
  endfacet
  facet normal 0.146887 0.989153 -0
    outer loop
      vertex 22.7424 -10.0842 0.5
      vertex 22.6259 -10.0669 1.8
      vertex 22.7424 -10.0842 1.8
    endloop
  endfacet
  facet normal 0.146887 0.989153 0
    outer loop
      vertex 22.6259 -10.0669 1.8
      vertex 22.7424 -10.0842 0.5
      vertex 22.6259 -10.0669 0.5
    endloop
  endfacet
  facet normal 0.7409 0.671616 0
    outer loop
      vertex 22.0115 -9.73853 1.8
      vertex 21.9324 -9.65127 0.5
      vertex 21.9324 -9.65127 1.8
    endloop
  endfacet
  facet normal 0.7409 0.671616 0
    outer loop
      vertex 21.9324 -9.65127 0.5
      vertex 22.0115 -9.73853 1.8
      vertex 22.0115 -9.73853 0.5
    endloop
  endfacet
  facet normal -0.427411 0.904057 0
    outer loop
      vertex 23.4257 -9.94831 0.5
      vertex 23.3192 -9.99866 1.8
      vertex 23.4257 -9.94831 1.8
    endloop
  endfacet
  facet normal -0.427411 0.904057 0
    outer loop
      vertex 23.3192 -9.99866 1.8
      vertex 23.4257 -9.94831 0.5
      vertex 23.3192 -9.99866 0.5
    endloop
  endfacet
  facet normal 0.857867 0.513871 0
    outer loop
      vertex 21.8622 -9.55668 1.8
      vertex 21.8017 -9.45568 0.5
      vertex 21.8017 -9.45568 1.8
    endloop
  endfacet
  facet normal 0.857867 0.513871 0
    outer loop
      vertex 21.8017 -9.45568 0.5
      vertex 21.8622 -9.55668 1.8
      vertex 21.8622 -9.55668 0.5
    endloop
  endfacet
  facet normal -0.33681 -0.941573 0
    outer loop
      vertex 23.2083 -7.74167 0.5
      vertex 23.3192 -7.78134 1.8
      vertex 23.2083 -7.74167 1.8
    endloop
  endfacet
  facet normal -0.33681 -0.941573 -0
    outer loop
      vertex 23.3192 -7.78134 1.8
      vertex 23.2083 -7.74167 0.5
      vertex 23.3192 -7.78134 0.5
    endloop
  endfacet
  facet normal 0.336584 0.941654 -0
    outer loop
      vertex 22.5117 -10.0383 0.5
      vertex 22.4008 -9.99866 1.8
      vertex 22.5117 -10.0383 1.8
    endloop
  endfacet
  facet normal 0.336584 0.941654 0
    outer loop
      vertex 22.4008 -9.99866 1.8
      vertex 22.5117 -10.0383 0.5
      vertex 22.4008 -9.99866 0.5
    endloop
  endfacet
  facet normal 0.998786 -0.0492515 0
    outer loop
      vertex 21.66 -8.89 1.8
      vertex 21.6658 -8.77238 0.5
      vertex 21.6658 -8.77238 1.8
    endloop
  endfacet
  facet normal 0.998786 -0.0492515 0
    outer loop
      vertex 21.6658 -8.77238 0.5
      vertex 21.66 -8.89 1.8
      vertex 21.66 -8.89 0.5
    endloop
  endfacet
  facet normal 0.803015 -0.595958 0
    outer loop
      vertex 21.8622 -8.22332 1.8
      vertex 21.9324 -8.12873 0.5
      vertex 21.9324 -8.12873 1.8
    endloop
  endfacet
  facet normal 0.803015 -0.595958 0
    outer loop
      vertex 21.9324 -8.12873 0.5
      vertex 21.8622 -8.22332 1.8
      vertex 21.8622 -8.22332 0.5
    endloop
  endfacet
  facet normal -0.989151 -0.146899 0
    outer loop
      vertex 24.0542 -8.77238 0.5
      vertex 24.0369 -8.65589 1.8
      vertex 24.0369 -8.65589 0.5
    endloop
  endfacet
  facet normal -0.989151 -0.146899 0
    outer loop
      vertex 24.0369 -8.65589 1.8
      vertex 24.0542 -8.77238 0.5
      vertex 24.0542 -8.77238 1.8
    endloop
  endfacet
  facet normal -0.941742 0.336336 0
    outer loop
      vertex 23.9687 -9.34922 0.5
      vertex 24.0083 -9.23834 1.8
      vertex 24.0083 -9.23834 0.5
    endloop
  endfacet
  facet normal -0.941742 0.336336 0
    outer loop
      vertex 24.0083 -9.23834 1.8
      vertex 23.9687 -9.34922 0.5
      vertex 23.9687 -9.34922 1.8
    endloop
  endfacet
  facet normal 0.857867 -0.513871 0
    outer loop
      vertex 21.8017 -8.32432 1.8
      vertex 21.8622 -8.22332 0.5
      vertex 21.8622 -8.22332 1.8
    endloop
  endfacet
  facet normal 0.857867 -0.513871 0
    outer loop
      vertex 21.8622 -8.22332 0.5
      vertex 21.8017 -8.32432 1.8
      vertex 21.8017 -8.32432 0.5
    endloop
  endfacet
  facet normal -0.803015 -0.595958 0
    outer loop
      vertex 23.8578 -8.22332 0.5
      vertex 23.7876 -8.12873 1.8
      vertex 23.7876 -8.12873 0.5
    endloop
  endfacet
  facet normal -0.803015 -0.595958 0
    outer loop
      vertex 23.7876 -8.12873 1.8
      vertex 23.8578 -8.22332 0.5
      vertex 23.8578 -8.22332 1.8
    endloop
  endfacet
  facet normal -0.336584 0.941654 0
    outer loop
      vertex 23.3192 -9.99866 0.5
      vertex 23.2083 -10.0383 1.8
      vertex 23.3192 -9.99866 1.8
    endloop
  endfacet
  facet normal -0.336584 0.941654 0
    outer loop
      vertex 23.2083 -10.0383 1.8
      vertex 23.3192 -9.99866 0.5
      vertex 23.2083 -10.0383 0.5
    endloop
  endfacet
  facet normal -0.7409 0.671616 0
    outer loop
      vertex 23.7085 -9.73853 0.5
      vertex 23.7876 -9.65127 1.8
      vertex 23.7876 -9.65127 0.5
    endloop
  endfacet
  facet normal -0.7409 0.671616 0
    outer loop
      vertex 23.7876 -9.65127 1.8
      vertex 23.7085 -9.73853 0.5
      vertex 23.7085 -9.73853 1.8
    endloop
  endfacet
  facet normal 0.903831 0.427889 0
    outer loop
      vertex 21.8017 -9.45568 1.8
      vertex 21.7513 -9.34922 0.5
      vertex 21.7513 -9.34922 1.8
    endloop
  endfacet
  facet normal 0.903831 0.427889 0
    outer loop
      vertex 21.7513 -9.34922 0.5
      vertex 21.8017 -9.45568 1.8
      vertex 21.8017 -9.45568 0.5
    endloop
  endfacet
  facet normal -0.146887 0.989153 0
    outer loop
      vertex 23.0941 -10.0669 0.5
      vertex 22.9776 -10.0842 1.8
      vertex 23.0941 -10.0669 1.8
    endloop
  endfacet
  facet normal -0.146887 0.989153 0
    outer loop
      vertex 22.9776 -10.0842 1.8
      vertex 23.0941 -10.0669 0.5
      vertex 22.9776 -10.0842 0.5
    endloop
  endfacet
  facet normal -0.514121 -0.857718 0
    outer loop
      vertex 23.4257 -7.8317 0.5
      vertex 23.5267 -7.89224 1.8
      vertex 23.4257 -7.8317 1.8
    endloop
  endfacet
  facet normal -0.514121 -0.857718 -0
    outer loop
      vertex 23.5267 -7.89224 1.8
      vertex 23.4257 -7.8317 0.5
      vertex 23.5267 -7.89224 0.5
    endloop
  endfacet
  facet normal -0.514184 0.85768 0
    outer loop
      vertex 23.5267 -9.88776 0.5
      vertex 23.4257 -9.94831 1.8
      vertex 23.5267 -9.88776 1.8
    endloop
  endfacet
  facet normal -0.514184 0.85768 0
    outer loop
      vertex 23.4257 -9.94831 1.8
      vertex 23.5267 -9.88776 0.5
      vertex 23.4257 -9.94831 0.5
    endloop
  endfacet
  facet normal 0.242935 0.970042 -0
    outer loop
      vertex 22.6259 -10.0669 0.5
      vertex 22.5117 -10.0383 1.8
      vertex 22.6259 -10.0669 1.8
    endloop
  endfacet
  facet normal 0.242935 0.970042 0
    outer loop
      vertex 22.5117 -10.0383 1.8
      vertex 22.6259 -10.0669 0.5
      vertex 22.5117 -10.0383 0.5
    endloop
  endfacet
  facet normal 0.903831 -0.427889 0
    outer loop
      vertex 21.7513 -8.43078 1.8
      vertex 21.8017 -8.32432 0.5
      vertex 21.8017 -8.32432 1.8
    endloop
  endfacet
  facet normal 0.903831 -0.427889 0
    outer loop
      vertex 21.8017 -8.32432 0.5
      vertex 21.7513 -8.43078 1.8
      vertex 21.7513 -8.43078 0.5
    endloop
  endfacet
  facet normal -0.903831 0.427889 0
    outer loop
      vertex 23.9183 -9.45568 0.5
      vertex 23.9687 -9.34922 1.8
      vertex 23.9687 -9.34922 0.5
    endloop
  endfacet
  facet normal -0.903831 0.427889 0
    outer loop
      vertex 23.9687 -9.34922 1.8
      vertex 23.9183 -9.45568 0.5
      vertex 23.9183 -9.45568 1.8
    endloop
  endfacet
  facet normal 0.146721 -0.989178 0
    outer loop
      vertex 22.6259 -7.71306 0.5
      vertex 22.7424 -7.69578 1.8
      vertex 22.6259 -7.71306 1.8
    endloop
  endfacet
  facet normal 0.146721 -0.989178 0
    outer loop
      vertex 22.7424 -7.69578 1.8
      vertex 22.6259 -7.71306 0.5
      vertex 22.7424 -7.69578 0.5
    endloop
  endfacet
  facet normal -0.671776 -0.740754 0
    outer loop
      vertex 23.6213 -7.96239 0.5
      vertex 23.7085 -8.04147 1.8
      vertex 23.6213 -7.96239 1.8
    endloop
  endfacet
  facet normal -0.671776 -0.740754 -0
    outer loop
      vertex 23.7085 -8.04147 1.8
      vertex 23.6213 -7.96239 0.5
      vertex 23.7085 -8.04147 0.5
    endloop
  endfacet
  facet normal 0.998786 0.0492515 0
    outer loop
      vertex 21.6658 -9.00762 1.8
      vertex 21.66 -8.89 0.5
      vertex 21.66 -8.89 1.8
    endloop
  endfacet
  facet normal 0.998786 0.0492515 0
    outer loop
      vertex 21.66 -8.89 0.5
      vertex 21.6658 -9.00762 1.8
      vertex 21.6658 -9.00762 0.5
    endloop
  endfacet
  facet normal 0.989151 -0.146899 0
    outer loop
      vertex 21.6658 -8.77238 1.8
      vertex 21.6831 -8.65589 0.5
      vertex 21.6831 -8.65589 1.8
    endloop
  endfacet
  facet normal 0.989151 -0.146899 0
    outer loop
      vertex 21.6831 -8.65589 0.5
      vertex 21.6658 -8.77238 1.8
      vertex 21.6658 -8.77238 0.5
    endloop
  endfacet
  facet normal 0.595644 -0.803249 0
    outer loop
      vertex 22.0987 -7.96239 0.5
      vertex 22.1933 -7.89224 1.8
      vertex 22.0987 -7.96239 1.8
    endloop
  endfacet
  facet normal 0.595644 -0.803249 0
    outer loop
      vertex 22.1933 -7.89224 1.8
      vertex 22.0987 -7.96239 0.5
      vertex 22.1933 -7.89224 0.5
    endloop
  endfacet
  facet normal -0.146721 -0.989178 0
    outer loop
      vertex 22.9776 -7.69578 0.5
      vertex 23.0941 -7.71306 1.8
      vertex 22.9776 -7.69578 1.8
    endloop
  endfacet
  facet normal -0.146721 -0.989178 -0
    outer loop
      vertex 23.0941 -7.71306 1.8
      vertex 22.9776 -7.69578 0.5
      vertex 23.0941 -7.71306 0.5
    endloop
  endfacet
  facet normal 0.941742 -0.336336 0
    outer loop
      vertex 21.7117 -8.54166 1.8
      vertex 21.7513 -8.43078 0.5
      vertex 21.7513 -8.43078 1.8
    endloop
  endfacet
  facet normal 0.941742 -0.336336 0
    outer loop
      vertex 21.7513 -8.43078 0.5
      vertex 21.7117 -8.54166 1.8
      vertex 21.7117 -8.54166 0.5
    endloop
  endfacet
  facet normal -0.595644 -0.803249 0
    outer loop
      vertex 23.5267 -7.89224 0.5
      vertex 23.6213 -7.96239 1.8
      vertex 23.5267 -7.89224 1.8
    endloop
  endfacet
  facet normal -0.595644 -0.803249 -0
    outer loop
      vertex 23.6213 -7.96239 1.8
      vertex 23.5267 -7.89224 0.5
      vertex 23.6213 -7.96239 0.5
    endloop
  endfacet
  facet normal -0.427481 -0.904025 0
    outer loop
      vertex 23.3192 -7.78134 0.5
      vertex 23.4257 -7.8317 1.8
      vertex 23.3192 -7.78134 1.8
    endloop
  endfacet
  facet normal -0.427481 -0.904025 -0
    outer loop
      vertex 23.4257 -7.8317 1.8
      vertex 23.3192 -7.78134 0.5
      vertex 23.4257 -7.8317 0.5
    endloop
  endfacet
  facet normal 0.7409 -0.671616 0
    outer loop
      vertex 21.9324 -8.12873 1.8
      vertex 22.0115 -8.04147 0.5
      vertex 22.0115 -8.04147 1.8
    endloop
  endfacet
  facet normal 0.7409 -0.671616 0
    outer loop
      vertex 22.0115 -8.04147 0.5
      vertex 21.9324 -8.12873 1.8
      vertex 21.9324 -8.12873 0.5
    endloop
  endfacet
  facet normal 0.671776 -0.740754 0
    outer loop
      vertex 22.0115 -8.04147 0.5
      vertex 22.0987 -7.96239 1.8
      vertex 22.0115 -8.04147 1.8
    endloop
  endfacet
  facet normal 0.671776 -0.740754 0
    outer loop
      vertex 22.0987 -7.96239 1.8
      vertex 22.0115 -8.04147 0.5
      vertex 22.0987 -7.96239 0.5
    endloop
  endfacet
  facet normal 0.243015 -0.970022 0
    outer loop
      vertex 22.5117 -7.74167 0.5
      vertex 22.6259 -7.71306 1.8
      vertex 22.5117 -7.74167 1.8
    endloop
  endfacet
  facet normal 0.243015 -0.970022 0
    outer loop
      vertex 22.6259 -7.71306 1.8
      vertex 22.5117 -7.74167 0.5
      vertex 22.6259 -7.71306 0.5
    endloop
  endfacet
  facet normal -0.0492599 0.998786 0
    outer loop
      vertex 22.9776 -10.0842 0.5
      vertex 22.86 -10.09 1.8
      vertex 22.9776 -10.0842 1.8
    endloop
  endfacet
  facet normal -0.0492599 0.998786 0
    outer loop
      vertex 22.86 -10.09 1.8
      vertex 22.9776 -10.0842 0.5
      vertex 22.86 -10.09 0.5
    endloop
  endfacet
  facet normal -0.903831 -0.427889 0
    outer loop
      vertex 23.9687 -8.43078 0.5
      vertex 23.9183 -8.32432 1.8
      vertex 23.9183 -8.32432 0.5
    endloop
  endfacet
  facet normal -0.903831 -0.427889 0
    outer loop
      vertex 23.9183 -8.32432 1.8
      vertex 23.9687 -8.43078 0.5
      vertex 23.9687 -8.43078 1.8
    endloop
  endfacet
  facet normal 0.514184 0.85768 -0
    outer loop
      vertex 22.2943 -9.94831 0.5
      vertex 22.1933 -9.88776 1.8
      vertex 22.2943 -9.94831 1.8
    endloop
  endfacet
  facet normal 0.514184 0.85768 0
    outer loop
      vertex 22.1933 -9.88776 1.8
      vertex 22.2943 -9.94831 0.5
      vertex 22.1933 -9.88776 0.5
    endloop
  endfacet
  facet normal -0.671776 0.740754 0
    outer loop
      vertex 23.7085 -9.73853 0.5
      vertex 23.6213 -9.81761 1.8
      vertex 23.7085 -9.73853 1.8
    endloop
  endfacet
  facet normal -0.671776 0.740754 0
    outer loop
      vertex 23.6213 -9.81761 1.8
      vertex 23.7085 -9.73853 0.5
      vertex 23.6213 -9.81761 0.5
    endloop
  endfacet
  facet normal 0.970058 0.242875 0
    outer loop
      vertex 21.7117 -9.23834 1.8
      vertex 21.6831 -9.12411 0.5
      vertex 21.6831 -9.12411 1.8
    endloop
  endfacet
  facet normal 0.970058 0.242875 0
    outer loop
      vertex 21.6831 -9.12411 0.5
      vertex 21.7117 -9.23834 1.8
      vertex 21.7117 -9.23834 0.5
    endloop
  endfacet
  facet normal -0.970058 -0.242875 0
    outer loop
      vertex 24.0369 -8.65589 0.5
      vertex 24.0083 -8.54166 1.8
      vertex 24.0083 -8.54166 0.5
    endloop
  endfacet
  facet normal -0.970058 -0.242875 0
    outer loop
      vertex 24.0083 -8.54166 1.8
      vertex 24.0369 -8.65589 0.5
      vertex 24.0369 -8.65589 1.8
    endloop
  endfacet
  facet normal -0.243015 -0.970022 0
    outer loop
      vertex 23.0941 -7.71306 0.5
      vertex 23.2083 -7.74167 1.8
      vertex 23.0941 -7.71306 1.8
    endloop
  endfacet
  facet normal -0.243015 -0.970022 -0
    outer loop
      vertex 23.2083 -7.74167 1.8
      vertex 23.0941 -7.71306 0.5
      vertex 23.2083 -7.74167 0.5
    endloop
  endfacet
  facet normal -0.7409 -0.671616 0
    outer loop
      vertex 23.7876 -8.12873 0.5
      vertex 23.7085 -8.04147 1.8
      vertex 23.7085 -8.04147 0.5
    endloop
  endfacet
  facet normal -0.7409 -0.671616 0
    outer loop
      vertex 23.7085 -8.04147 1.8
      vertex 23.7876 -8.12873 0.5
      vertex 23.7876 -8.12873 1.8
    endloop
  endfacet
  facet normal -0.857867 0.513871 0
    outer loop
      vertex 23.8578 -9.55668 0.5
      vertex 23.9183 -9.45568 1.8
      vertex 23.9183 -9.45568 0.5
    endloop
  endfacet
  facet normal -0.857867 0.513871 0
    outer loop
      vertex 23.9183 -9.45568 1.8
      vertex 23.8578 -9.55668 0.5
      vertex 23.8578 -9.55668 1.8
    endloop
  endfacet
  facet normal -0.857867 -0.513871 0
    outer loop
      vertex 23.9183 -8.32432 0.5
      vertex 23.8578 -8.22332 1.8
      vertex 23.8578 -8.22332 0.5
    endloop
  endfacet
  facet normal -0.857867 -0.513871 0
    outer loop
      vertex 23.8578 -8.22332 1.8
      vertex 23.9183 -8.32432 0.5
      vertex 23.9183 -8.32432 1.8
    endloop
  endfacet
  facet normal 0.595644 0.803249 -0
    outer loop
      vertex 22.1933 -9.88776 0.5
      vertex 22.0987 -9.81761 1.8
      vertex 22.1933 -9.88776 1.8
    endloop
  endfacet
  facet normal 0.595644 0.803249 0
    outer loop
      vertex 22.0987 -9.81761 1.8
      vertex 22.1933 -9.88776 0.5
      vertex 22.0987 -9.81761 0.5
    endloop
  endfacet
  facet normal -0.0490904 -0.998794 0
    outer loop
      vertex 22.86 -7.69 0.5
      vertex 22.9776 -7.69578 1.8
      vertex 22.86 -7.69 1.8
    endloop
  endfacet
  facet normal -0.0490904 -0.998794 -0
    outer loop
      vertex 22.9776 -7.69578 1.8
      vertex 22.86 -7.69 0.5
      vertex 22.9776 -7.69578 0.5
    endloop
  endfacet
  facet normal 0.970058 -0.242875 0
    outer loop
      vertex 21.6831 -8.65589 1.8
      vertex 21.7117 -8.54166 0.5
      vertex 21.7117 -8.54166 1.8
    endloop
  endfacet
  facet normal 0.970058 -0.242875 0
    outer loop
      vertex 21.7117 -8.54166 0.5
      vertex 21.6831 -8.65589 1.8
      vertex 21.6831 -8.65589 0.5
    endloop
  endfacet
  facet normal 0.671776 0.740754 -0
    outer loop
      vertex 22.0987 -9.81761 0.5
      vertex 22.0115 -9.73853 1.8
      vertex 22.0987 -9.81761 1.8
    endloop
  endfacet
  facet normal 0.671776 0.740754 0
    outer loop
      vertex 22.0115 -9.73853 1.8
      vertex 22.0987 -9.81761 0.5
      vertex 22.0115 -9.73853 0.5
    endloop
  endfacet
  facet normal 0.514121 -0.857718 0
    outer loop
      vertex 22.1933 -7.89224 0.5
      vertex 22.2943 -7.8317 1.8
      vertex 22.1933 -7.89224 1.8
    endloop
  endfacet
  facet normal 0.514121 -0.857718 0
    outer loop
      vertex 22.2943 -7.8317 1.8
      vertex 22.1933 -7.89224 0.5
      vertex 22.2943 -7.8317 0.5
    endloop
  endfacet
  facet normal 0.33681 -0.941573 0
    outer loop
      vertex 22.4008 -7.78134 0.5
      vertex 22.5117 -7.74167 1.8
      vertex 22.4008 -7.78134 1.8
    endloop
  endfacet
  facet normal 0.33681 -0.941573 0
    outer loop
      vertex 22.5117 -7.74167 1.8
      vertex 22.4008 -7.78134 0.5
      vertex 22.5117 -7.74167 0.5
    endloop
  endfacet
  facet normal -0.941742 -0.336336 0
    outer loop
      vertex 24.0083 -8.54166 0.5
      vertex 23.9687 -8.43078 1.8
      vertex 23.9687 -8.43078 0.5
    endloop
  endfacet
  facet normal -0.941742 -0.336336 0
    outer loop
      vertex 23.9687 -8.43078 1.8
      vertex 24.0083 -8.54166 0.5
      vertex 24.0083 -8.54166 1.8
    endloop
  endfacet
  facet normal 0.427481 -0.904025 0
    outer loop
      vertex 22.2943 -7.8317 0.5
      vertex 22.4008 -7.78134 1.8
      vertex 22.2943 -7.8317 1.8
    endloop
  endfacet
  facet normal 0.427481 -0.904025 0
    outer loop
      vertex 22.4008 -7.78134 1.8
      vertex 22.2943 -7.8317 0.5
      vertex 22.4008 -7.78134 0.5
    endloop
  endfacet
  facet normal 0.989151 0.146899 0
    outer loop
      vertex 21.6831 -9.12411 1.8
      vertex 21.6658 -9.00762 0.5
      vertex 21.6658 -9.00762 1.8
    endloop
  endfacet
  facet normal 0.989151 0.146899 0
    outer loop
      vertex 21.6658 -9.00762 0.5
      vertex 21.6831 -9.12411 1.8
      vertex 21.6831 -9.12411 0.5
    endloop
  endfacet
  facet normal -0.242935 0.970042 0
    outer loop
      vertex 23.2083 -10.0383 0.5
      vertex 23.0941 -10.0669 1.8
      vertex 23.2083 -10.0383 1.8
    endloop
  endfacet
  facet normal -0.242935 0.970042 0
    outer loop
      vertex 23.0941 -10.0669 1.8
      vertex 23.2083 -10.0383 0.5
      vertex 23.0941 -10.0669 0.5
    endloop
  endfacet
  facet normal 0.803015 0.595958 0
    outer loop
      vertex 21.9324 -9.65127 1.8
      vertex 21.8622 -9.55668 0.5
      vertex 21.8622 -9.55668 1.8
    endloop
  endfacet
  facet normal 0.803015 0.595958 0
    outer loop
      vertex 21.8622 -9.55668 0.5
      vertex 21.9324 -9.65127 1.8
      vertex 21.9324 -9.65127 0.5
    endloop
  endfacet
  facet normal -0.671702 0.740822 0
    outer loop
      vertex 24.4863 -10.5163 0
      vertex 24.3191 -10.6679 0.5
      vertex 24.4863 -10.5163 0.5
    endloop
  endfacet
  facet normal -0.671702 0.740822 0
    outer loop
      vertex 24.3191 -10.6679 0.5
      vertex 24.4863 -10.5163 0
      vertex 24.3191 -10.6679 0
    endloop
  endfacet
  facet normal -0.857794 0.513994 0
    outer loop
      vertex 24.7724 -10.1678 0
      vertex 24.8884 -9.97421 0.5
      vertex 24.8884 -9.97421 0
    endloop
  endfacet
  facet normal -0.857794 0.513994 0
    outer loop
      vertex 24.8884 -9.97421 0.5
      vertex 24.7724 -10.1678 0
      vertex 24.7724 -10.1678 0.5
    endloop
  endfacet
  facet normal 0.857794 0.513994 0
    outer loop
      vertex 20.9476 -10.1678 0.5
      vertex 20.8316 -9.97421 0
      vertex 20.8316 -9.97421 0.5
    endloop
  endfacet
  facet normal 0.857794 0.513994 0
    outer loop
      vertex 20.8316 -9.97421 0
      vertex 20.9476 -10.1678 0.5
      vertex 20.9476 -10.1678 0
    endloop
  endfacet
  facet normal -0.671653 -0.740866 0
    outer loop
      vertex 24.3191 -7.11208 0
      vertex 24.4863 -7.26366 0.5
      vertex 24.3191 -7.11208 0.5
    endloop
  endfacet
  facet normal -0.671653 -0.740866 -0
    outer loop
      vertex 24.4863 -7.26366 0.5
      vertex 24.3191 -7.11208 0
      vertex 24.4863 -7.26366 0
    endloop
  endfacet
  facet normal 0.671653 -0.740866 0
    outer loop
      vertex 21.2337 -7.26366 0
      vertex 21.4009 -7.11208 0.5
      vertex 21.2337 -7.26366 0.5
    endloop
  endfacet
  facet normal 0.671653 -0.740866 0
    outer loop
      vertex 21.4009 -7.11208 0.5
      vertex 21.2337 -7.26366 0
      vertex 21.4009 -7.11208 0
    endloop
  endfacet
  facet normal -0.903996 -0.427542 0
    outer loop
      vertex 24.9849 -8.00983 0
      vertex 24.8884 -7.80579 0.5
      vertex 24.8884 -7.80579 0
    endloop
  endfacet
  facet normal -0.903996 -0.427542 0
    outer loop
      vertex 24.8884 -7.80579 0.5
      vertex 24.9849 -8.00983 0
      vertex 24.9849 -8.00983 0.5
    endloop
  endfacet
  facet normal 0.941461 -0.337122 0
    outer loop
      vertex 20.659 -8.22235 0.5
      vertex 20.7351 -8.00983 0
      vertex 20.7351 -8.00983 0.5
    endloop
  endfacet
  facet normal 0.941461 -0.337122 0
    outer loop
      vertex 20.7351 -8.00983 0
      vertex 20.659 -8.22235 0.5
      vertex 20.659 -8.22235 0
    endloop
  endfacet
  facet normal 0.99879 0.0491775 0
    outer loop
      vertex 20.5711 -9.11544 0.5
      vertex 20.56 -8.89 0
      vertex 20.56 -8.89 0.5
    endloop
  endfacet
  facet normal 0.99879 0.0491775 0
    outer loop
      vertex 20.56 -8.89 0
      vertex 20.5711 -9.11544 0.5
      vertex 20.5711 -9.11544 0
    endloop
  endfacet
  facet normal -0.99879 -0.0491775 0
    outer loop
      vertex 25.16 -8.89 0
      vertex 25.1489 -8.66456 0.5
      vertex 25.1489 -8.66456 0
    endloop
  endfacet
  facet normal -0.99879 -0.0491775 0
    outer loop
      vertex 25.1489 -8.66456 0.5
      vertex 25.16 -8.89 0
      vertex 25.16 -8.89 0.5
    endloop
  endfacet
  facet normal 0.33715 0.941451 -0
    outer loop
      vertex 22.1923 -11.091 0
      vertex 21.9798 -11.0149 0.5
      vertex 22.1923 -11.091 0.5
    endloop
  endfacet
  facet normal 0.33715 0.941451 0
    outer loop
      vertex 21.9798 -11.0149 0.5
      vertex 22.1923 -11.091 0
      vertex 21.9798 -11.0149 0
    endloop
  endfacet
  facet normal -0.989189 0.146648 0
    outer loop
      vertex 25.1158 -9.33871 0
      vertex 25.1489 -9.11544 0.5
      vertex 25.1489 -9.11544 0
    endloop
  endfacet
  facet normal -0.989189 0.146648 0
    outer loop
      vertex 25.1489 -9.11544 0.5
      vertex 25.1158 -9.33871 0
      vertex 25.1158 -9.33871 0.5
    endloop
  endfacet
  facet normal -0.242744 0.97009 0
    outer loop
      vertex 23.5277 -11.091 0
      vertex 23.3087 -11.1458 0.5
      vertex 23.5277 -11.091 0.5
    endloop
  endfacet
  facet normal -0.242744 0.97009 0
    outer loop
      vertex 23.3087 -11.1458 0.5
      vertex 23.5277 -11.091 0
      vertex 23.3087 -11.1458 0
    endloop
  endfacet
  facet normal -0.336915 -0.941535 0
    outer loop
      vertex 23.5277 -6.68904 0
      vertex 23.7402 -6.76508 0.5
      vertex 23.5277 -6.68904 0.5
    endloop
  endfacet
  facet normal -0.336915 -0.941535 -0
    outer loop
      vertex 23.7402 -6.76508 0.5
      vertex 23.5277 -6.68904 0
      vertex 23.7402 -6.76508 0
    endloop
  endfacet
  facet normal -0.595696 -0.80321 0
    outer loop
      vertex 24.1378 -6.97762 0
      vertex 24.3191 -7.11208 0.5
      vertex 24.1378 -6.97762 0.5
    endloop
  endfacet
  facet normal -0.595696 -0.80321 -0
    outer loop
      vertex 24.3191 -7.11208 0.5
      vertex 24.1378 -6.97762 0
      vertex 24.3191 -7.11208 0
    endloop
  endfacet
  facet normal -0.99879 0.0491775 0
    outer loop
      vertex 25.1489 -9.11544 0
      vertex 25.16 -8.89 0.5
      vertex 25.16 -8.89 0
    endloop
  endfacet
  facet normal -0.99879 0.0491775 0
    outer loop
      vertex 25.16 -8.89 0.5
      vertex 25.1489 -9.11544 0
      vertex 25.1489 -9.11544 0.5
    endloop
  endfacet
  facet normal 0.941461 0.337122 0
    outer loop
      vertex 20.7351 -9.77017 0.5
      vertex 20.659 -9.55765 0
      vertex 20.659 -9.55765 0.5
    endloop
  endfacet
  facet normal 0.941461 0.337122 0
    outer loop
      vertex 20.659 -9.55765 0
      vertex 20.7351 -9.77017 0.5
      vertex 20.7351 -9.77017 0
    endloop
  endfacet
  facet normal -0.803125 0.59581 0
    outer loop
      vertex 24.6379 -10.3491 0
      vertex 24.7724 -10.1678 0.5
      vertex 24.7724 -10.1678 0
    endloop
  endfacet
  facet normal -0.803125 0.59581 0
    outer loop
      vertex 24.7724 -10.1678 0.5
      vertex 24.6379 -10.3491 0
      vertex 24.6379 -10.3491 0.5
    endloop
  endfacet
  facet normal 0.146629 0.989192 -0
    outer loop
      vertex 22.6346 -11.1789 0
      vertex 22.4113 -11.1458 0.5
      vertex 22.6346 -11.1789 0.5
    endloop
  endfacet
  facet normal 0.146629 0.989192 0
    outer loop
      vertex 22.4113 -11.1458 0.5
      vertex 22.6346 -11.1789 0
      vertex 22.4113 -11.1458 0
    endloop
  endfacet
  facet normal -0.59581 0.803125 0
    outer loop
      vertex 24.3191 -10.6679 0
      vertex 24.1378 -10.8024 0.5
      vertex 24.3191 -10.6679 0.5
    endloop
  endfacet
  facet normal -0.59581 0.803125 0
    outer loop
      vertex 24.1378 -10.8024 0.5
      vertex 24.3191 -10.6679 0
      vertex 24.1378 -10.8024 0
    endloop
  endfacet
  facet normal -0.740902 -0.671614 0
    outer loop
      vertex 24.6379 -7.4309 0
      vertex 24.4863 -7.26366 0.5
      vertex 24.4863 -7.26366 0
    endloop
  endfacet
  facet normal -0.740902 -0.671614 0
    outer loop
      vertex 24.4863 -7.26366 0.5
      vertex 24.6379 -7.4309 0
      vertex 24.6379 -7.4309 0.5
    endloop
  endfacet
  facet normal 0.99879 -0.0491775 0
    outer loop
      vertex 20.56 -8.89 0.5
      vertex 20.5711 -8.66456 0
      vertex 20.5711 -8.66456 0.5
    endloop
  endfacet
  facet normal 0.99879 -0.0491775 0
    outer loop
      vertex 20.5711 -8.66456 0
      vertex 20.56 -8.89 0.5
      vertex 20.56 -8.89 0
    endloop
  endfacet
  facet normal 0.989189 0.146648 0
    outer loop
      vertex 20.6042 -9.33871 0.5
      vertex 20.5711 -9.11544 0
      vertex 20.5711 -9.11544 0.5
    endloop
  endfacet
  facet normal 0.989189 0.146648 0
    outer loop
      vertex 20.5711 -9.11544 0
      vertex 20.6042 -9.33871 0.5
      vertex 20.6042 -9.33871 0
    endloop
  endfacet
  facet normal -0.903996 0.427542 0
    outer loop
      vertex 24.8884 -9.97421 0
      vertex 24.9849 -9.77017 0.5
      vertex 24.9849 -9.77017 0
    endloop
  endfacet
  facet normal -0.903996 0.427542 0
    outer loop
      vertex 24.9849 -9.77017 0.5
      vertex 24.8884 -9.97421 0
      vertex 24.8884 -9.97421 0.5
    endloop
  endfacet
  facet normal -0.970075 -0.242807 0
    outer loop
      vertex 25.1158 -8.44129 0
      vertex 25.061 -8.22235 0.5
      vertex 25.061 -8.22235 0
    endloop
  endfacet
  facet normal -0.970075 -0.242807 0
    outer loop
      vertex 25.061 -8.22235 0.5
      vertex 25.1158 -8.44129 0
      vertex 25.1158 -8.44129 0.5
    endloop
  endfacet
  facet normal -0.146629 0.989192 0
    outer loop
      vertex 23.3087 -11.1458 0
      vertex 23.0854 -11.1789 0.5
      vertex 23.3087 -11.1458 0.5
    endloop
  endfacet
  facet normal -0.146629 0.989192 0
    outer loop
      vertex 23.0854 -11.1789 0.5
      vertex 23.3087 -11.1458 0
      vertex 23.0854 -11.1789 0
    endloop
  endfacet
  facet normal -0.970075 0.242807 0
    outer loop
      vertex 25.061 -9.55765 0
      vertex 25.1158 -9.33871 0.5
      vertex 25.1158 -9.33871 0
    endloop
  endfacet
  facet normal -0.970075 0.242807 0
    outer loop
      vertex 25.1158 -9.33871 0.5
      vertex 25.061 -9.55765 0
      vertex 25.061 -9.55765 0.5
    endloop
  endfacet
  facet normal 0.803125 0.59581 0
    outer loop
      vertex 21.0821 -10.3491 0.5
      vertex 20.9476 -10.1678 0
      vertex 20.9476 -10.1678 0.5
    endloop
  endfacet
  facet normal 0.803125 0.59581 0
    outer loop
      vertex 20.9476 -10.1678 0
      vertex 21.0821 -10.3491 0.5
      vertex 21.0821 -10.3491 0
    endloop
  endfacet
  facet normal -0.740822 0.671702 0
    outer loop
      vertex 24.4863 -10.5163 0
      vertex 24.6379 -10.3491 0.5
      vertex 24.6379 -10.3491 0
    endloop
  endfacet
  facet normal -0.740822 0.671702 0
    outer loop
      vertex 24.6379 -10.3491 0.5
      vertex 24.4863 -10.5163 0
      vertex 24.4863 -10.5163 0.5
    endloop
  endfacet
  facet normal -0.42761 0.903963 0
    outer loop
      vertex 23.9442 -10.9184 0
      vertex 23.7402 -11.0149 0.5
      vertex 23.9442 -10.9184 0.5
    endloop
  endfacet
  facet normal -0.42761 0.903963 0
    outer loop
      vertex 23.7402 -11.0149 0.5
      vertex 23.9442 -10.9184 0
      vertex 23.7402 -11.0149 0
    endloop
  endfacet
  facet normal 0.740822 0.671702 0
    outer loop
      vertex 21.2337 -10.5163 0.5
      vertex 21.0821 -10.3491 0
      vertex 21.0821 -10.3491 0.5
    endloop
  endfacet
  facet normal 0.740822 0.671702 0
    outer loop
      vertex 21.0821 -10.3491 0
      vertex 21.2337 -10.5163 0.5
      vertex 21.2337 -10.5163 0
    endloop
  endfacet
  facet normal 0.0491862 0.99879 -0
    outer loop
      vertex 22.86 -11.19 0
      vertex 22.6346 -11.1789 0.5
      vertex 22.86 -11.19 0.5
    endloop
  endfacet
  facet normal 0.0491862 0.99879 0
    outer loop
      vertex 22.6346 -11.1789 0.5
      vertex 22.86 -11.19 0
      vertex 22.6346 -11.1789 0
    endloop
  endfacet
  facet normal -0.857806 -0.513974 0
    outer loop
      vertex 24.8884 -7.80579 0
      vertex 24.7724 -7.61219 0.5
      vertex 24.7724 -7.61219 0
    endloop
  endfacet
  facet normal -0.857806 -0.513974 0
    outer loop
      vertex 24.7724 -7.61219 0.5
      vertex 24.8884 -7.80579 0
      vertex 24.8884 -7.80579 0.5
    endloop
  endfacet
  facet normal -0.42761 -0.903963 0
    outer loop
      vertex 23.7402 -6.76508 0
      vertex 23.9442 -6.86158 0.5
      vertex 23.7402 -6.76508 0.5
    endloop
  endfacet
  facet normal -0.42761 -0.903963 -0
    outer loop
      vertex 23.9442 -6.86158 0.5
      vertex 23.7402 -6.76508 0
      vertex 23.9442 -6.86158 0
    endloop
  endfacet
  facet normal -0.989189 -0.146648 0
    outer loop
      vertex 25.1489 -8.66456 0
      vertex 25.1158 -8.44129 0.5
      vertex 25.1158 -8.44129 0
    endloop
  endfacet
  facet normal -0.989189 -0.146648 0
    outer loop
      vertex 25.1158 -8.44129 0.5
      vertex 25.1489 -8.66456 0
      vertex 25.1489 -8.66456 0.5
    endloop
  endfacet
  facet normal -0.80311 -0.595831 0
    outer loop
      vertex 24.7724 -7.61219 0
      vertex 24.6379 -7.4309 0.5
      vertex 24.6379 -7.4309 0
    endloop
  endfacet
  facet normal -0.80311 -0.595831 0
    outer loop
      vertex 24.6379 -7.4309 0.5
      vertex 24.7724 -7.61219 0
      vertex 24.7724 -7.61219 0.5
    endloop
  endfacet
  facet normal 0.857806 -0.513974 0
    outer loop
      vertex 20.8316 -7.80579 0.5
      vertex 20.9476 -7.61219 0
      vertex 20.9476 -7.61219 0.5
    endloop
  endfacet
  facet normal 0.857806 -0.513974 0
    outer loop
      vertex 20.9476 -7.61219 0
      vertex 20.8316 -7.80579 0.5
      vertex 20.8316 -7.80579 0
    endloop
  endfacet
  facet normal 0.970075 -0.242807 0
    outer loop
      vertex 20.6042 -8.44129 0.5
      vertex 20.659 -8.22235 0
      vertex 20.659 -8.22235 0.5
    endloop
  endfacet
  facet normal 0.970075 -0.242807 0
    outer loop
      vertex 20.659 -8.22235 0
      vertex 20.6042 -8.44129 0.5
      vertex 20.6042 -8.44129 0
    endloop
  endfacet
  facet normal 0.242744 0.97009 -0
    outer loop
      vertex 22.4113 -11.1458 0
      vertex 22.1923 -11.091 0.5
      vertex 22.4113 -11.1458 0.5
    endloop
  endfacet
  facet normal 0.242744 0.97009 0
    outer loop
      vertex 22.1923 -11.091 0.5
      vertex 22.4113 -11.1458 0
      vertex 22.1923 -11.091 0
    endloop
  endfacet
  facet normal 0.146672 -0.989185 0
    outer loop
      vertex 22.4113 -6.63419 0
      vertex 22.6346 -6.60108 0.5
      vertex 22.4113 -6.63419 0.5
    endloop
  endfacet
  facet normal 0.146672 -0.989185 0
    outer loop
      vertex 22.6346 -6.60108 0.5
      vertex 22.4113 -6.63419 0
      vertex 22.6346 -6.60108 0
    endloop
  endfacet
  facet normal 0.59581 0.803125 -0
    outer loop
      vertex 21.5822 -10.8024 0
      vertex 21.4009 -10.6679 0.5
      vertex 21.5822 -10.8024 0.5
    endloop
  endfacet
  facet normal 0.59581 0.803125 0
    outer loop
      vertex 21.4009 -10.6679 0.5
      vertex 21.5822 -10.8024 0
      vertex 21.4009 -10.6679 0
    endloop
  endfacet
  facet normal 0.336915 -0.941535 0
    outer loop
      vertex 21.9798 -6.76508 0
      vertex 22.1923 -6.68904 0.5
      vertex 21.9798 -6.76508 0.5
    endloop
  endfacet
  facet normal 0.336915 -0.941535 0
    outer loop
      vertex 22.1923 -6.68904 0.5
      vertex 21.9798 -6.76508 0
      vertex 22.1923 -6.68904 0
    endloop
  endfacet
  facet normal 0.0490978 -0.998794 0
    outer loop
      vertex 22.6346 -6.60108 0
      vertex 22.86 -6.59 0.5
      vertex 22.6346 -6.60108 0.5
    endloop
  endfacet
  facet normal 0.0490978 -0.998794 0
    outer loop
      vertex 22.86 -6.59 0.5
      vertex 22.6346 -6.60108 0
      vertex 22.86 -6.59 0
    endloop
  endfacet
  facet normal -0.146672 -0.989185 0
    outer loop
      vertex 23.0854 -6.60108 0
      vertex 23.3087 -6.63419 0.5
      vertex 23.0854 -6.60108 0.5
    endloop
  endfacet
  facet normal -0.146672 -0.989185 -0
    outer loop
      vertex 23.3087 -6.63419 0.5
      vertex 23.0854 -6.60108 0
      vertex 23.3087 -6.63419 0
    endloop
  endfacet
  facet normal -0.33715 0.941451 0
    outer loop
      vertex 23.7402 -11.0149 0
      vertex 23.5277 -11.091 0.5
      vertex 23.7402 -11.0149 0.5
    endloop
  endfacet
  facet normal -0.33715 0.941451 0
    outer loop
      vertex 23.5277 -11.091 0.5
      vertex 23.7402 -11.0149 0
      vertex 23.5277 -11.091 0
    endloop
  endfacet
  facet normal -0.941461 0.337122 0
    outer loop
      vertex 24.9849 -9.77017 0
      vertex 25.061 -9.55765 0.5
      vertex 25.061 -9.55765 0
    endloop
  endfacet
  facet normal -0.941461 0.337122 0
    outer loop
      vertex 25.061 -9.55765 0.5
      vertex 24.9849 -9.77017 0
      vertex 24.9849 -9.77017 0.5
    endloop
  endfacet
  facet normal -0.242952 -0.970038 0
    outer loop
      vertex 23.3087 -6.63419 0
      vertex 23.5277 -6.68904 0.5
      vertex 23.3087 -6.63419 0.5
    endloop
  endfacet
  facet normal -0.242952 -0.970038 -0
    outer loop
      vertex 23.5277 -6.68904 0.5
      vertex 23.3087 -6.63419 0
      vertex 23.5277 -6.68904 0
    endloop
  endfacet
  facet normal 0.671702 0.740822 -0
    outer loop
      vertex 21.4009 -10.6679 0
      vertex 21.2337 -10.5163 0.5
      vertex 21.4009 -10.6679 0.5
    endloop
  endfacet
  facet normal 0.671702 0.740822 0
    outer loop
      vertex 21.2337 -10.5163 0.5
      vertex 21.4009 -10.6679 0
      vertex 21.2337 -10.5163 0
    endloop
  endfacet
  facet normal -0.513974 0.857806 0
    outer loop
      vertex 24.1378 -10.8024 0
      vertex 23.9442 -10.9184 0.5
      vertex 24.1378 -10.8024 0.5
    endloop
  endfacet
  facet normal -0.513974 0.857806 0
    outer loop
      vertex 23.9442 -10.9184 0.5
      vertex 24.1378 -10.8024 0
      vertex 23.9442 -10.9184 0
    endloop
  endfacet
  facet normal -0.0490978 -0.998794 0
    outer loop
      vertex 22.86 -6.59 0
      vertex 23.0854 -6.60108 0.5
      vertex 22.86 -6.59 0.5
    endloop
  endfacet
  facet normal -0.0490978 -0.998794 -0
    outer loop
      vertex 23.0854 -6.60108 0.5
      vertex 22.86 -6.59 0
      vertex 23.0854 -6.60108 0
    endloop
  endfacet
  facet normal 0.242952 -0.970038 0
    outer loop
      vertex 22.1923 -6.68904 0
      vertex 22.4113 -6.63419 0.5
      vertex 22.1923 -6.68904 0.5
    endloop
  endfacet
  facet normal 0.242952 -0.970038 0
    outer loop
      vertex 22.4113 -6.63419 0.5
      vertex 22.1923 -6.68904 0
      vertex 22.4113 -6.63419 0
    endloop
  endfacet
  facet normal 0.42761 0.903963 -0
    outer loop
      vertex 21.9798 -11.0149 0
      vertex 21.7758 -10.9184 0.5
      vertex 21.9798 -11.0149 0.5
    endloop
  endfacet
  facet normal 0.42761 0.903963 0
    outer loop
      vertex 21.7758 -10.9184 0.5
      vertex 21.9798 -11.0149 0
      vertex 21.7758 -10.9184 0
    endloop
  endfacet
  facet normal 0.595696 -0.80321 0
    outer loop
      vertex 21.4009 -7.11208 0
      vertex 21.5822 -6.97762 0.5
      vertex 21.4009 -7.11208 0.5
    endloop
  endfacet
  facet normal 0.595696 -0.80321 0
    outer loop
      vertex 21.5822 -6.97762 0.5
      vertex 21.4009 -7.11208 0
      vertex 21.5822 -6.97762 0
    endloop
  endfacet
  facet normal -0.941461 -0.337122 0
    outer loop
      vertex 25.061 -8.22235 0
      vertex 24.9849 -8.00983 0.5
      vertex 24.9849 -8.00983 0
    endloop
  endfacet
  facet normal -0.941461 -0.337122 0
    outer loop
      vertex 24.9849 -8.00983 0.5
      vertex 25.061 -8.22235 0
      vertex 25.061 -8.22235 0.5
    endloop
  endfacet
  facet normal 0.970075 0.242807 0
    outer loop
      vertex 20.659 -9.55765 0.5
      vertex 20.6042 -9.33871 0
      vertex 20.6042 -9.33871 0.5
    endloop
  endfacet
  facet normal 0.970075 0.242807 0
    outer loop
      vertex 20.6042 -9.33871 0
      vertex 20.659 -9.55765 0.5
      vertex 20.659 -9.55765 0
    endloop
  endfacet
  facet normal 0.80311 -0.595831 0
    outer loop
      vertex 20.9476 -7.61219 0.5
      vertex 21.0821 -7.4309 0
      vertex 21.0821 -7.4309 0.5
    endloop
  endfacet
  facet normal 0.80311 -0.595831 0
    outer loop
      vertex 21.0821 -7.4309 0
      vertex 20.9476 -7.61219 0.5
      vertex 20.9476 -7.61219 0
    endloop
  endfacet
  facet normal 0 0 -1
    outer loop
      vertex 24.06 -8.89 0.5
      vertex 25.16 -8.89 0.5
      vertex 25.1489 -9.11544 0.5
    endloop
  endfacet
  facet normal 0 0 -1
    outer loop
      vertex 24.0542 -9.00762 0.5
      vertex 25.1489 -9.11544 0.5
      vertex 25.1158 -9.33871 0.5
    endloop
  endfacet
  facet normal 0 0 -1
    outer loop
      vertex 25.16 -8.89 0.5
      vertex 24.06 -8.89 0.5
      vertex 25.1489 -8.66456 0.5
    endloop
  endfacet
  facet normal 0 0 -1
    outer loop
      vertex 24.0369 -9.12411 0.5
      vertex 25.1158 -9.33871 0.5
      vertex 25.061 -9.55765 0.5
    endloop
  endfacet
  facet normal 0 0 -1
    outer loop
      vertex 24.0542 -8.77238 0.5
      vertex 25.1489 -8.66456 0.5
      vertex 24.06 -8.89 0.5
    endloop
  endfacet
  facet normal 0 0 -1
    outer loop
      vertex 24.0083 -9.23834 0.5
      vertex 25.061 -9.55765 0.5
      vertex 24.9849 -9.77017 0.5
    endloop
  endfacet
  facet normal -0 0 -1
    outer loop
      vertex 25.1489 -8.66456 0.5
      vertex 24.0542 -8.77238 0.5
      vertex 25.1158 -8.44129 0.5
    endloop
  endfacet
  facet normal 0 0 -1
    outer loop
      vertex 23.9687 -9.34922 0.5
      vertex 24.9849 -9.77017 0.5
      vertex 24.8884 -9.97421 0.5
    endloop
  endfacet
  facet normal 0 0 -1
    outer loop
      vertex 24.0369 -8.65589 0.5
      vertex 25.1158 -8.44129 0.5
      vertex 24.0542 -8.77238 0.5
    endloop
  endfacet
  facet normal 0 0 -1
    outer loop
      vertex 23.9183 -9.45568 0.5
      vertex 24.8884 -9.97421 0.5
      vertex 24.7724 -10.1678 0.5
    endloop
  endfacet
  facet normal -0 0 -1
    outer loop
      vertex 25.1158 -8.44129 0.5
      vertex 24.0369 -8.65589 0.5
      vertex 25.061 -8.22235 0.5
    endloop
  endfacet
  facet normal 0 0 -1
    outer loop
      vertex 23.8578 -9.55668 0.5
      vertex 24.7724 -10.1678 0.5
      vertex 24.6379 -10.3491 0.5
    endloop
  endfacet
  facet normal 0 0 -1
    outer loop
      vertex 24.0083 -8.54166 0.5
      vertex 25.061 -8.22235 0.5
      vertex 24.0369 -8.65589 0.5
    endloop
  endfacet
  facet normal 0 0 -1
    outer loop
      vertex 23.7876 -9.65127 0.5
      vertex 24.6379 -10.3491 0.5
      vertex 24.4863 -10.5163 0.5
    endloop
  endfacet
  facet normal -0 0 -1
    outer loop
      vertex 25.061 -8.22235 0.5
      vertex 24.0083 -8.54166 0.5
      vertex 24.9849 -8.00983 0.5
    endloop
  endfacet
  facet normal 0 0 -1
    outer loop
      vertex 23.7085 -9.73853 0.5
      vertex 24.4863 -10.5163 0.5
      vertex 24.3191 -10.6679 0.5
    endloop
  endfacet
  facet normal 0 0 -1
    outer loop
      vertex 23.9687 -8.43078 0.5
      vertex 24.9849 -8.00983 0.5
      vertex 24.0083 -8.54166 0.5
    endloop
  endfacet
  facet normal 0 0 -1
    outer loop
      vertex 23.6213 -9.81761 0.5
      vertex 24.3191 -10.6679 0.5
      vertex 24.1378 -10.8024 0.5
    endloop
  endfacet
  facet normal -0 0 -1
    outer loop
      vertex 24.9849 -8.00983 0.5
      vertex 23.9687 -8.43078 0.5
      vertex 24.8884 -7.80579 0.5
    endloop
  endfacet
  facet normal 0 0 -1
    outer loop
      vertex 23.9183 -8.32432 0.5
      vertex 24.8884 -7.80579 0.5
      vertex 23.9687 -8.43078 0.5
    endloop
  endfacet
  facet normal 0 0 -1
    outer loop
      vertex 25.1489 -9.11544 0.5
      vertex 24.0542 -9.00762 0.5
      vertex 24.06 -8.89 0.5
    endloop
  endfacet
  facet normal 0 0 -1
    outer loop
      vertex 25.1158 -9.33871 0.5
      vertex 24.0369 -9.12411 0.5
      vertex 24.0542 -9.00762 0.5
    endloop
  endfacet
  facet normal 0 0 -1
    outer loop
      vertex 25.061 -9.55765 0.5
      vertex 24.0083 -9.23834 0.5
      vertex 24.0369 -9.12411 0.5
    endloop
  endfacet
  facet normal 0 0 -1
    outer loop
      vertex 24.9849 -9.77017 0.5
      vertex 23.9687 -9.34922 0.5
      vertex 24.0083 -9.23834 0.5
    endloop
  endfacet
  facet normal 0 0 -1
    outer loop
      vertex 23.5267 -9.88776 0.5
      vertex 24.1378 -10.8024 0.5
      vertex 23.9442 -10.9184 0.5
    endloop
  endfacet
  facet normal 0 0 -1
    outer loop
      vertex 24.8884 -9.97421 0.5
      vertex 23.9183 -9.45568 0.5
      vertex 23.9687 -9.34922 0.5
    endloop
  endfacet
  facet normal 0 0 -1
    outer loop
      vertex 24.7724 -10.1678 0.5
      vertex 23.8578 -9.55668 0.5
      vertex 23.9183 -9.45568 0.5
    endloop
  endfacet
  facet normal 0 0 -1
    outer loop
      vertex 24.6379 -10.3491 0.5
      vertex 23.7876 -9.65127 0.5
      vertex 23.8578 -9.55668 0.5
    endloop
  endfacet
  facet normal 0 0 -1
    outer loop
      vertex 23.4257 -9.94831 0.5
      vertex 23.9442 -10.9184 0.5
      vertex 23.7402 -11.0149 0.5
    endloop
  endfacet
  facet normal 0 0 -1
    outer loop
      vertex 24.4863 -10.5163 0.5
      vertex 23.7085 -9.73853 0.5
      vertex 23.7876 -9.65127 0.5
    endloop
  endfacet
  facet normal 0 0 -1
    outer loop
      vertex 24.3191 -10.6679 0.5
      vertex 23.6213 -9.81761 0.5
      vertex 23.7085 -9.73853 0.5
    endloop
  endfacet
  facet normal 0 0 -1
    outer loop
      vertex 23.3192 -9.99866 0.5
      vertex 23.7402 -11.0149 0.5
      vertex 23.5277 -11.091 0.5
    endloop
  endfacet
  facet normal 0 0 -1
    outer loop
      vertex 24.1378 -10.8024 0.5
      vertex 23.5267 -9.88776 0.5
      vertex 23.6213 -9.81761 0.5
    endloop
  endfacet
  facet normal 0 0 -1
    outer loop
      vertex 23.9442 -10.9184 0.5
      vertex 23.4257 -9.94831 0.5
      vertex 23.5267 -9.88776 0.5
    endloop
  endfacet
  facet normal 0 0 -1
    outer loop
      vertex 23.7402 -11.0149 0.5
      vertex 23.3192 -9.99866 0.5
      vertex 23.4257 -9.94831 0.5
    endloop
  endfacet
  facet normal 0 0 -1
    outer loop
      vertex 23.2083 -10.0383 0.5
      vertex 23.5277 -11.091 0.5
      vertex 23.3087 -11.1458 0.5
    endloop
  endfacet
  facet normal 0 0 -1
    outer loop
      vertex 23.5277 -11.091 0.5
      vertex 23.2083 -10.0383 0.5
      vertex 23.3192 -9.99866 0.5
    endloop
  endfacet
  facet normal 0 0 -1
    outer loop
      vertex 23.3087 -11.1458 0.5
      vertex 23.0941 -10.0669 0.5
      vertex 23.2083 -10.0383 0.5
    endloop
  endfacet
  facet normal 0 0 -1
    outer loop
      vertex 23.0854 -11.1789 0.5
      vertex 23.0941 -10.0669 0.5
      vertex 23.3087 -11.1458 0.5
    endloop
  endfacet
  facet normal 0 0 -1
    outer loop
      vertex 23.0854 -11.1789 0.5
      vertex 22.9776 -10.0842 0.5
      vertex 23.0941 -10.0669 0.5
    endloop
  endfacet
  facet normal 0 0 -1
    outer loop
      vertex 22.86 -11.19 0.5
      vertex 22.9776 -10.0842 0.5
      vertex 23.0854 -11.1789 0.5
    endloop
  endfacet
  facet normal 0 0 -1
    outer loop
      vertex 22.86 -11.19 0.5
      vertex 22.86 -10.09 0.5
      vertex 22.9776 -10.0842 0.5
    endloop
  endfacet
  facet normal 0 0 -1
    outer loop
      vertex 22.86 -11.19 0.5
      vertex 22.7424 -10.0842 0.5
      vertex 22.86 -10.09 0.5
    endloop
  endfacet
  facet normal 0 0 -1
    outer loop
      vertex 22.6346 -11.1789 0.5
      vertex 22.7424 -10.0842 0.5
      vertex 22.86 -11.19 0.5
    endloop
  endfacet
  facet normal 0 0 -1
    outer loop
      vertex 22.6346 -11.1789 0.5
      vertex 22.6259 -10.0669 0.5
      vertex 22.7424 -10.0842 0.5
    endloop
  endfacet
  facet normal 0 0 -1
    outer loop
      vertex 22.4113 -11.1458 0.5
      vertex 22.6259 -10.0669 0.5
      vertex 22.6346 -11.1789 0.5
    endloop
  endfacet
  facet normal -0 0 -1
    outer loop
      vertex 22.6259 -10.0669 0.5
      vertex 22.4113 -11.1458 0.5
      vertex 22.5117 -10.0383 0.5
    endloop
  endfacet
  facet normal 0 0 -1
    outer loop
      vertex 22.1923 -11.091 0.5
      vertex 22.5117 -10.0383 0.5
      vertex 22.4113 -11.1458 0.5
    endloop
  endfacet
  facet normal -0 0 -1
    outer loop
      vertex 22.5117 -10.0383 0.5
      vertex 22.1923 -11.091 0.5
      vertex 22.4008 -9.99866 0.5
    endloop
  endfacet
  facet normal 0 0 -1
    outer loop
      vertex 21.9798 -11.0149 0.5
      vertex 22.4008 -9.99866 0.5
      vertex 22.1923 -11.091 0.5
    endloop
  endfacet
  facet normal -0 0 -1
    outer loop
      vertex 22.4008 -9.99866 0.5
      vertex 21.9798 -11.0149 0.5
      vertex 22.2943 -9.94831 0.5
    endloop
  endfacet
  facet normal 0 0 -1
    outer loop
      vertex 21.7758 -10.9184 0.5
      vertex 22.2943 -9.94831 0.5
      vertex 21.9798 -11.0149 0.5
    endloop
  endfacet
  facet normal -0 0 -1
    outer loop
      vertex 22.2943 -9.94831 0.5
      vertex 21.7758 -10.9184 0.5
      vertex 22.1933 -9.88776 0.5
    endloop
  endfacet
  facet normal 0 0 -1
    outer loop
      vertex 21.5822 -10.8024 0.5
      vertex 22.1933 -9.88776 0.5
      vertex 21.7758 -10.9184 0.5
    endloop
  endfacet
  facet normal -0 0 -1
    outer loop
      vertex 22.1933 -9.88776 0.5
      vertex 21.5822 -10.8024 0.5
      vertex 22.0987 -9.81761 0.5
    endloop
  endfacet
  facet normal 0 0 -1
    outer loop
      vertex 21.4009 -10.6679 0.5
      vertex 22.0987 -9.81761 0.5
      vertex 21.5822 -10.8024 0.5
    endloop
  endfacet
  facet normal -0 0 -1
    outer loop
      vertex 22.0987 -9.81761 0.5
      vertex 21.4009 -10.6679 0.5
      vertex 22.0115 -9.73853 0.5
    endloop
  endfacet
  facet normal 0 0 -1
    outer loop
      vertex 21.2337 -10.5163 0.5
      vertex 22.0115 -9.73853 0.5
      vertex 21.4009 -10.6679 0.5
    endloop
  endfacet
  facet normal -0 0 -1
    outer loop
      vertex 22.0115 -9.73853 0.5
      vertex 21.2337 -10.5163 0.5
      vertex 21.9324 -9.65127 0.5
    endloop
  endfacet
  facet normal 0 0 -1
    outer loop
      vertex 21.0821 -10.3491 0.5
      vertex 21.9324 -9.65127 0.5
      vertex 21.2337 -10.5163 0.5
    endloop
  endfacet
  facet normal -0 0 -1
    outer loop
      vertex 21.9324 -9.65127 0.5
      vertex 21.0821 -10.3491 0.5
      vertex 21.8622 -9.55668 0.5
    endloop
  endfacet
  facet normal 0 0 -1
    outer loop
      vertex 20.9476 -10.1678 0.5
      vertex 21.8622 -9.55668 0.5
      vertex 21.0821 -10.3491 0.5
    endloop
  endfacet
  facet normal 0 0 -1
    outer loop
      vertex 20.8316 -9.97421 0.5
      vertex 21.8017 -9.45568 0.5
      vertex 20.9476 -10.1678 0.5
    endloop
  endfacet
  facet normal -0 0 -1
    outer loop
      vertex 21.8622 -9.55668 0.5
      vertex 20.9476 -10.1678 0.5
      vertex 21.8017 -9.45568 0.5
    endloop
  endfacet
  facet normal -0 0 -1
    outer loop
      vertex 24.8884 -7.80579 0.5
      vertex 23.9183 -8.32432 0.5
      vertex 24.7724 -7.61219 0.5
    endloop
  endfacet
  facet normal 0 0 -1
    outer loop
      vertex 23.8578 -8.22332 0.5
      vertex 24.7724 -7.61219 0.5
      vertex 23.9183 -8.32432 0.5
    endloop
  endfacet
  facet normal -0 0 -1
    outer loop
      vertex 24.7724 -7.61219 0.5
      vertex 23.8578 -8.22332 0.5
      vertex 24.6379 -7.4309 0.5
    endloop
  endfacet
  facet normal 0 0 -1
    outer loop
      vertex 23.7876 -8.12873 0.5
      vertex 24.6379 -7.4309 0.5
      vertex 23.8578 -8.22332 0.5
    endloop
  endfacet
  facet normal -0 0 -1
    outer loop
      vertex 24.6379 -7.4309 0.5
      vertex 23.7876 -8.12873 0.5
      vertex 24.4863 -7.26366 0.5
    endloop
  endfacet
  facet normal 0 0 -1
    outer loop
      vertex 23.7085 -8.04147 0.5
      vertex 24.4863 -7.26366 0.5
      vertex 23.7876 -8.12873 0.5
    endloop
  endfacet
  facet normal -0 0 -1
    outer loop
      vertex 24.4863 -7.26366 0.5
      vertex 23.7085 -8.04147 0.5
      vertex 24.3191 -7.11208 0.5
    endloop
  endfacet
  facet normal 0 0 -1
    outer loop
      vertex 23.6213 -7.96239 0.5
      vertex 24.3191 -7.11208 0.5
      vertex 23.7085 -8.04147 0.5
    endloop
  endfacet
  facet normal -0 0 -1
    outer loop
      vertex 24.3191 -7.11208 0.5
      vertex 23.6213 -7.96239 0.5
      vertex 24.1378 -6.97762 0.5
    endloop
  endfacet
  facet normal 0 0 -1
    outer loop
      vertex 23.5267 -7.89224 0.5
      vertex 24.1378 -6.97762 0.5
      vertex 23.6213 -7.96239 0.5
    endloop
  endfacet
  facet normal -0 0 -1
    outer loop
      vertex 24.1378 -6.97762 0.5
      vertex 23.5267 -7.89224 0.5
      vertex 23.9442 -6.86158 0.5
    endloop
  endfacet
  facet normal 0 0 -1
    outer loop
      vertex 23.4257 -7.8317 0.5
      vertex 23.9442 -6.86158 0.5
      vertex 23.5267 -7.89224 0.5
    endloop
  endfacet
  facet normal -0 0 -1
    outer loop
      vertex 23.9442 -6.86158 0.5
      vertex 23.4257 -7.8317 0.5
      vertex 23.7402 -6.76508 0.5
    endloop
  endfacet
  facet normal 0 0 -1
    outer loop
      vertex 23.3192 -7.78134 0.5
      vertex 23.7402 -6.76508 0.5
      vertex 23.4257 -7.8317 0.5
    endloop
  endfacet
  facet normal -0 0 -1
    outer loop
      vertex 23.7402 -6.76508 0.5
      vertex 23.3192 -7.78134 0.5
      vertex 23.5277 -6.68904 0.5
    endloop
  endfacet
  facet normal 0 0 -1
    outer loop
      vertex 23.2083 -7.74167 0.5
      vertex 23.5277 -6.68904 0.5
      vertex 23.3192 -7.78134 0.5
    endloop
  endfacet
  facet normal -0 0 -1
    outer loop
      vertex 23.5277 -6.68904 0.5
      vertex 23.2083 -7.74167 0.5
      vertex 23.3087 -6.63419 0.5
    endloop
  endfacet
  facet normal 0 0 -1
    outer loop
      vertex 23.0941 -7.71306 0.5
      vertex 23.3087 -6.63419 0.5
      vertex 23.2083 -7.74167 0.5
    endloop
  endfacet
  facet normal 0 0 -1
    outer loop
      vertex 23.0941 -7.71306 0.5
      vertex 23.0854 -6.60108 0.5
      vertex 23.3087 -6.63419 0.5
    endloop
  endfacet
  facet normal 0 0 -1
    outer loop
      vertex 22.9776 -7.69578 0.5
      vertex 23.0854 -6.60108 0.5
      vertex 23.0941 -7.71306 0.5
    endloop
  endfacet
  facet normal 0 0 -1
    outer loop
      vertex 22.86 -7.69 0.5
      vertex 23.0854 -6.60108 0.5
      vertex 22.9776 -7.69578 0.5
    endloop
  endfacet
  facet normal 0 0 -1
    outer loop
      vertex 22.86 -7.69 0.5
      vertex 22.86 -6.59 0.5
      vertex 23.0854 -6.60108 0.5
    endloop
  endfacet
  facet normal 0 0 -1
    outer loop
      vertex 22.7424 -7.69578 0.5
      vertex 22.86 -6.59 0.5
      vertex 22.86 -7.69 0.5
    endloop
  endfacet
  facet normal 0 0 -1
    outer loop
      vertex 22.7424 -7.69578 0.5
      vertex 22.6346 -6.60108 0.5
      vertex 22.86 -6.59 0.5
    endloop
  endfacet
  facet normal 0 0 -1
    outer loop
      vertex 22.6259 -7.71306 0.5
      vertex 22.6346 -6.60108 0.5
      vertex 22.7424 -7.69578 0.5
    endloop
  endfacet
  facet normal 0 0 -1
    outer loop
      vertex 22.4113 -6.63419 0.5
      vertex 22.6259 -7.71306 0.5
      vertex 22.5117 -7.74167 0.5
    endloop
  endfacet
  facet normal 0 0 -1
    outer loop
      vertex 22.6259 -7.71306 0.5
      vertex 22.4113 -6.63419 0.5
      vertex 22.6346 -6.60108 0.5
    endloop
  endfacet
  facet normal 0 0 -1
    outer loop
      vertex 22.1923 -6.68904 0.5
      vertex 22.5117 -7.74167 0.5
      vertex 22.4008 -7.78134 0.5
    endloop
  endfacet
  facet normal 0 0 -1
    outer loop
      vertex 21.9798 -6.76508 0.5
      vertex 22.4008 -7.78134 0.5
      vertex 22.2943 -7.8317 0.5
    endloop
  endfacet
  facet normal 0 0 -1
    outer loop
      vertex 21.7758 -6.86158 0.5
      vertex 22.2943 -7.8317 0.5
      vertex 22.1933 -7.89224 0.5
    endloop
  endfacet
  facet normal 0 0 -1
    outer loop
      vertex 22.5117 -7.74167 0.5
      vertex 22.1923 -6.68904 0.5
      vertex 22.4113 -6.63419 0.5
    endloop
  endfacet
  facet normal 0 0 -1
    outer loop
      vertex 21.5822 -6.97762 0.5
      vertex 22.1933 -7.89224 0.5
      vertex 22.0987 -7.96239 0.5
    endloop
  endfacet
  facet normal 0 0 -1
    outer loop
      vertex 21.4009 -7.11208 0.5
      vertex 22.0987 -7.96239 0.5
      vertex 22.0115 -8.04147 0.5
    endloop
  endfacet
  facet normal 0 0 -1
    outer loop
      vertex 22.4008 -7.78134 0.5
      vertex 21.9798 -6.76508 0.5
      vertex 22.1923 -6.68904 0.5
    endloop
  endfacet
  facet normal 0 0 -1
    outer loop
      vertex 21.2337 -7.26366 0.5
      vertex 22.0115 -8.04147 0.5
      vertex 21.9324 -8.12873 0.5
    endloop
  endfacet
  facet normal 0 0 -1
    outer loop
      vertex 21.0821 -7.4309 0.5
      vertex 21.9324 -8.12873 0.5
      vertex 21.8622 -8.22332 0.5
    endloop
  endfacet
  facet normal 0 0 -1
    outer loop
      vertex 20.9476 -7.61219 0.5
      vertex 21.8622 -8.22332 0.5
      vertex 21.8017 -8.32432 0.5
    endloop
  endfacet
  facet normal 0 0 -1
    outer loop
      vertex 22.2943 -7.8317 0.5
      vertex 21.7758 -6.86158 0.5
      vertex 21.9798 -6.76508 0.5
    endloop
  endfacet
  facet normal 0 0 -1
    outer loop
      vertex 20.8316 -7.80579 0.5
      vertex 21.8017 -8.32432 0.5
      vertex 21.7513 -8.43078 0.5
    endloop
  endfacet
  facet normal 0 0 -1
    outer loop
      vertex 20.7351 -8.00983 0.5
      vertex 21.7513 -8.43078 0.5
      vertex 21.7117 -8.54166 0.5
    endloop
  endfacet
  facet normal 0 0 -1
    outer loop
      vertex 20.659 -8.22235 0.5
      vertex 21.7117 -8.54166 0.5
      vertex 21.6831 -8.65589 0.5
    endloop
  endfacet
  facet normal 0 0 -1
    outer loop
      vertex 20.6042 -8.44129 0.5
      vertex 21.6831 -8.65589 0.5
      vertex 21.6658 -8.77238 0.5
    endloop
  endfacet
  facet normal 0 0 -1
    outer loop
      vertex 22.1933 -7.89224 0.5
      vertex 21.5822 -6.97762 0.5
      vertex 21.7758 -6.86158 0.5
    endloop
  endfacet
  facet normal 0 0 -1
    outer loop
      vertex 20.5711 -8.66456 0.5
      vertex 21.6658 -8.77238 0.5
      vertex 21.66 -8.89 0.5
    endloop
  endfacet
  facet normal -0 0 -1
    outer loop
      vertex 21.8017 -9.45568 0.5
      vertex 20.8316 -9.97421 0.5
      vertex 21.7513 -9.34922 0.5
    endloop
  endfacet
  facet normal 0 0 -1
    outer loop
      vertex 20.7351 -9.77017 0.5
      vertex 21.7513 -9.34922 0.5
      vertex 20.8316 -9.97421 0.5
    endloop
  endfacet
  facet normal 0 0 -1
    outer loop
      vertex 22.0987 -7.96239 0.5
      vertex 21.4009 -7.11208 0.5
      vertex 21.5822 -6.97762 0.5
    endloop
  endfacet
  facet normal -0 0 -1
    outer loop
      vertex 21.7513 -9.34922 0.5
      vertex 20.7351 -9.77017 0.5
      vertex 21.7117 -9.23834 0.5
    endloop
  endfacet
  facet normal 0 0 -1
    outer loop
      vertex 22.0115 -8.04147 0.5
      vertex 21.2337 -7.26366 0.5
      vertex 21.4009 -7.11208 0.5
    endloop
  endfacet
  facet normal 0 0 -1
    outer loop
      vertex 20.659 -9.55765 0.5
      vertex 21.7117 -9.23834 0.5
      vertex 20.7351 -9.77017 0.5
    endloop
  endfacet
  facet normal 0 0 -1
    outer loop
      vertex 21.9324 -8.12873 0.5
      vertex 21.0821 -7.4309 0.5
      vertex 21.2337 -7.26366 0.5
    endloop
  endfacet
  facet normal -0 0 -1
    outer loop
      vertex 21.7117 -9.23834 0.5
      vertex 20.659 -9.55765 0.5
      vertex 21.6831 -9.12411 0.5
    endloop
  endfacet
  facet normal 0 0 -1
    outer loop
      vertex 21.8622 -8.22332 0.5
      vertex 20.9476 -7.61219 0.5
      vertex 21.0821 -7.4309 0.5
    endloop
  endfacet
  facet normal 0 0 -1
    outer loop
      vertex 20.6042 -9.33871 0.5
      vertex 21.6831 -9.12411 0.5
      vertex 20.659 -9.55765 0.5
    endloop
  endfacet
  facet normal 0 0 -1
    outer loop
      vertex 21.8017 -8.32432 0.5
      vertex 20.8316 -7.80579 0.5
      vertex 20.9476 -7.61219 0.5
    endloop
  endfacet
  facet normal -0 0 -1
    outer loop
      vertex 21.6831 -9.12411 0.5
      vertex 20.6042 -9.33871 0.5
      vertex 21.6658 -9.00762 0.5
    endloop
  endfacet
  facet normal 0 0 -1
    outer loop
      vertex 21.7513 -8.43078 0.5
      vertex 20.7351 -8.00983 0.5
      vertex 20.8316 -7.80579 0.5
    endloop
  endfacet
  facet normal 0 0 -1
    outer loop
      vertex 20.5711 -9.11544 0.5
      vertex 21.6658 -9.00762 0.5
      vertex 20.6042 -9.33871 0.5
    endloop
  endfacet
  facet normal 0 0 -1
    outer loop
      vertex 21.7117 -8.54166 0.5
      vertex 20.659 -8.22235 0.5
      vertex 20.7351 -8.00983 0.5
    endloop
  endfacet
  facet normal -0 0 -1
    outer loop
      vertex 21.6658 -9.00762 0.5
      vertex 20.5711 -9.11544 0.5
      vertex 21.66 -8.89 0.5
    endloop
  endfacet
  facet normal 0 0 -1
    outer loop
      vertex 21.6831 -8.65589 0.5
      vertex 20.6042 -8.44129 0.5
      vertex 20.659 -8.22235 0.5
    endloop
  endfacet
  facet normal 0 0 -1
    outer loop
      vertex 20.56 -8.89 0.5
      vertex 21.66 -8.89 0.5
      vertex 20.5711 -9.11544 0.5
    endloop
  endfacet
  facet normal 0 0 -1
    outer loop
      vertex 21.6658 -8.77238 0.5
      vertex 20.5711 -8.66456 0.5
      vertex 20.6042 -8.44129 0.5
    endloop
  endfacet
  facet normal 0 0 -1
    outer loop
      vertex 21.66 -8.89 0.5
      vertex 20.56 -8.89 0.5
      vertex 20.5711 -8.66456 0.5
    endloop
  endfacet
  facet normal -0.0491862 0.99879 0
    outer loop
      vertex 23.0854 -11.1789 0
      vertex 22.86 -11.19 0.5
      vertex 23.0854 -11.1789 0.5
    endloop
  endfacet
  facet normal -0.0491862 0.99879 0
    outer loop
      vertex 22.86 -11.19 0.5
      vertex 23.0854 -11.1789 0
      vertex 22.86 -11.19 0
    endloop
  endfacet
  facet normal -0.514105 -0.857727 0
    outer loop
      vertex 23.9442 -6.86158 0
      vertex 24.1378 -6.97762 0.5
      vertex 23.9442 -6.86158 0.5
    endloop
  endfacet
  facet normal -0.514105 -0.857727 -0
    outer loop
      vertex 24.1378 -6.97762 0.5
      vertex 23.9442 -6.86158 0
      vertex 24.1378 -6.97762 0
    endloop
  endfacet
  facet normal 0.903996 0.427542 0
    outer loop
      vertex 20.8316 -9.97421 0.5
      vertex 20.7351 -9.77017 0
      vertex 20.7351 -9.77017 0.5
    endloop
  endfacet
  facet normal 0.903996 0.427542 0
    outer loop
      vertex 20.7351 -9.77017 0
      vertex 20.8316 -9.97421 0.5
      vertex 20.8316 -9.97421 0
    endloop
  endfacet
  facet normal 0.740902 -0.671614 0
    outer loop
      vertex 21.0821 -7.4309 0.5
      vertex 21.2337 -7.26366 0
      vertex 21.2337 -7.26366 0.5
    endloop
  endfacet
  facet normal 0.740902 -0.671614 0
    outer loop
      vertex 21.2337 -7.26366 0
      vertex 21.0821 -7.4309 0.5
      vertex 21.0821 -7.4309 0
    endloop
  endfacet
  facet normal 0.903996 -0.427542 0
    outer loop
      vertex 20.7351 -8.00983 0.5
      vertex 20.8316 -7.80579 0
      vertex 20.8316 -7.80579 0.5
    endloop
  endfacet
  facet normal 0.903996 -0.427542 0
    outer loop
      vertex 20.8316 -7.80579 0
      vertex 20.7351 -8.00983 0.5
      vertex 20.7351 -8.00983 0
    endloop
  endfacet
  facet normal 0.513974 0.857806 -0
    outer loop
      vertex 21.7758 -10.9184 0
      vertex 21.5822 -10.8024 0.5
      vertex 21.7758 -10.9184 0.5
    endloop
  endfacet
  facet normal 0.513974 0.857806 0
    outer loop
      vertex 21.5822 -10.8024 0.5
      vertex 21.7758 -10.9184 0
      vertex 21.5822 -10.8024 0
    endloop
  endfacet
  facet normal 0.42761 -0.903963 0
    outer loop
      vertex 21.7758 -6.86158 0
      vertex 21.9798 -6.76508 0.5
      vertex 21.7758 -6.86158 0.5
    endloop
  endfacet
  facet normal 0.42761 -0.903963 0
    outer loop
      vertex 21.9798 -6.76508 0.5
      vertex 21.7758 -6.86158 0
      vertex 21.9798 -6.76508 0
    endloop
  endfacet
  facet normal 0.989189 -0.146648 0
    outer loop
      vertex 20.5711 -8.66456 0.5
      vertex 20.6042 -8.44129 0
      vertex 20.6042 -8.44129 0.5
    endloop
  endfacet
  facet normal 0.989189 -0.146648 0
    outer loop
      vertex 20.6042 -8.44129 0
      vertex 20.5711 -8.66456 0.5
      vertex 20.5711 -8.66456 0
    endloop
  endfacet
  facet normal 0.514105 -0.857727 0
    outer loop
      vertex 21.5822 -6.97762 0
      vertex 21.7758 -6.86158 0.5
      vertex 21.5822 -6.97762 0.5
    endloop
  endfacet
  facet normal 0.514105 -0.857727 0
    outer loop
      vertex 21.7758 -6.86158 0.5
      vertex 21.5822 -6.97762 0
      vertex 21.7758 -6.86158 0
    endloop
  endfacet
  facet normal 0.514246 0.857643 -0
    outer loop
      vertex 26.7667 13.4944 0
      vertex 26.5142 13.6458 8.5
      vertex 26.7667 13.4944 8.5
    endloop
  endfacet
  facet normal 0.514246 0.857643 0
    outer loop
      vertex 26.5142 13.6458 8.5
      vertex 26.7667 13.4944 0
      vertex 26.5142 13.6458 0
    endloop
  endfacet
  facet normal -0.427269 -0.904125 0
    outer loop
      vertex -26.5142 -13.6458 0
      vertex -26.248 -13.7716 8.5
      vertex -26.5142 -13.6458 8.5
    endloop
  endfacet
  facet normal -0.427269 -0.904125 -0
    outer loop
      vertex -26.248 -13.7716 8.5
      vertex -26.5142 -13.6458 0
      vertex -26.248 -13.7716 0
    endloop
  endfacet
  facet normal -0.671607 0.740908 0
    outer loop
      vertex -27.0032 13.319 0
      vertex -27.2213 13.1213 8.5
      vertex -27.0032 13.319 8.5
    endloop
  endfacet
  facet normal -0.671607 0.740908 0
    outer loop
      vertex -27.2213 13.1213 8.5
      vertex -27.0032 13.319 0
      vertex -27.2213 13.1213 0
    endloop
  endfacet
  facet normal -0.904063 0.4274 0
    outer loop
      vertex -27.8716 12.1481 0
      vertex -27.7458 12.4142 8.5
      vertex -27.7458 12.4142 0
    endloop
  endfacet
  facet normal -0.904063 0.4274 0
    outer loop
      vertex -27.7458 12.4142 8.5
      vertex -27.8716 12.1481 0
      vertex -27.8716 12.1481 8.5
    endloop
  endfacet
  facet normal -0.740908 0.671607 0
    outer loop
      vertex -27.419 12.9032 0
      vertex -27.2213 13.1213 8.5
      vertex -27.2213 13.1213 0
    endloop
  endfacet
  facet normal -0.740908 0.671607 0
    outer loop
      vertex -27.2213 13.1213 8.5
      vertex -27.419 12.9032 0
      vertex -27.419 12.9032 8.5
    endloop
  endfacet
  facet normal 0.904063 0.4274 0
    outer loop
      vertex 27.8716 12.1481 8.5
      vertex 27.7458 12.4142 0
      vertex 27.7458 12.4142 8.5
    endloop
  endfacet
  facet normal 0.904063 0.4274 0
    outer loop
      vertex 27.7458 12.4142 0
      vertex 27.8716 12.1481 8.5
      vertex 27.8716 12.1481 0
    endloop
  endfacet
  facet normal 0.336939 0.941527 -0
    outer loop
      vertex 26.248 13.7716 0
      vertex 25.9708 13.8708 8.5
      vertex 26.248 13.7716 8.5
    endloop
  endfacet
  facet normal 0.336939 0.941527 0
    outer loop
      vertex 25.9708 13.8708 8.5
      vertex 26.248 13.7716 0
      vertex 25.9708 13.8708 0
    endloop
  endfacet
  facet normal 0.427269 0.904125 -0
    outer loop
      vertex 26.5142 13.6458 0
      vertex 26.248 13.7716 8.5
      vertex 26.5142 13.6458 8.5
    endloop
  endfacet
  facet normal 0.427269 0.904125 0
    outer loop
      vertex 26.248 13.7716 8.5
      vertex 26.5142 13.6458 0
      vertex 26.248 13.7716 0
    endloop
  endfacet
  facet normal 0.740908 0.671607 0
    outer loop
      vertex 27.419 12.9032 8.5
      vertex 27.2213 13.1213 0
      vertex 27.2213 13.1213 8.5
    endloop
  endfacet
  facet normal 0.740908 0.671607 0
    outer loop
      vertex 27.2213 13.1213 0
      vertex 27.419 12.9032 8.5
      vertex 27.419 12.9032 0
    endloop
  endfacet
  facet normal -0.671607 -0.740908 0
    outer loop
      vertex -27.2213 -13.1213 0
      vertex -27.0032 -13.319 8.5
      vertex -27.2213 -13.1213 8.5
    endloop
  endfacet
  facet normal -0.671607 -0.740908 -0
    outer loop
      vertex -27.0032 -13.319 8.5
      vertex -27.2213 -13.1213 0
      vertex -27.0032 -13.319 0
    endloop
  endfacet
  facet normal -0.514246 -0.857643 0
    outer loop
      vertex -26.7667 -13.4944 0
      vertex -26.5142 -13.6458 8.5
      vertex -26.7667 -13.4944 8.5
    endloop
  endfacet
  facet normal -0.514246 -0.857643 -0
    outer loop
      vertex -26.5142 -13.6458 8.5
      vertex -26.7667 -13.4944 0
      vertex -26.5142 -13.6458 0
    endloop
  endfacet
  facet normal 0.0492599 -0.998786 0
    outer loop
      vertex 25.1 -14 0
      vertex 25.394 -13.9855 8.5
      vertex 25.1 -14 8.5
    endloop
  endfacet
  facet normal 0.0492599 -0.998786 0
    outer loop
      vertex 25.394 -13.9855 8.5
      vertex 25.1 -14 0
      vertex 25.394 -13.9855 0
    endloop
  endfacet
  facet normal 0.146364 -0.989231 0
    outer loop
      vertex 25.394 -13.9855 0
      vertex 25.6853 -13.9424 8.5
      vertex 25.394 -13.9855 8.5
    endloop
  endfacet
  facet normal 0.146364 -0.989231 0
    outer loop
      vertex 25.6853 -13.9424 8.5
      vertex 25.394 -13.9855 0
      vertex 25.6853 -13.9424 0
    endloop
  endfacet
  facet normal -0.998787 -0.0492431 0
    outer loop
      vertex -28.0855 -11.2941 0
      vertex -28.1 -11 8.5
      vertex -28.1 -11 0
    endloop
  endfacet
  facet normal -0.998787 -0.0492431 0
    outer loop
      vertex -28.1 -11 8.5
      vertex -28.0855 -11.2941 0
      vertex -28.0855 -11.2941 8.5
    endloop
  endfacet
  facet normal -0.941565 0.336831 0
    outer loop
      vertex -27.9708 11.8708 0
      vertex -27.8716 12.1481 8.5
      vertex -27.8716 12.1481 0
    endloop
  endfacet
  facet normal -0.941565 0.336831 0
    outer loop
      vertex -27.8716 12.1481 8.5
      vertex -27.9708 11.8708 0
      vertex -27.9708 11.8708 8.5
    endloop
  endfacet
  facet normal -0.514246 0.857643 0
    outer loop
      vertex -26.5142 13.6458 0
      vertex -26.7667 13.4944 8.5
      vertex -26.5142 13.6458 8.5
    endloop
  endfacet
  facet normal -0.514246 0.857643 0
    outer loop
      vertex -26.7667 13.4944 8.5
      vertex -26.5142 13.6458 0
      vertex -26.7667 13.4944 0
    endloop
  endfacet
  facet normal -0.336939 0.941527 0
    outer loop
      vertex -25.9708 13.8708 0
      vertex -26.248 13.7716 8.5
      vertex -25.9708 13.8708 8.5
    endloop
  endfacet
  facet normal -0.336939 0.941527 0
    outer loop
      vertex -26.248 13.7716 8.5
      vertex -25.9708 13.8708 0
      vertex -26.248 13.7716 0
    endloop
  endfacet
  facet normal 0.595699 -0.803208 0
    outer loop
      vertex 26.7667 -13.4944 0
      vertex 27.0032 -13.319 8.5
      vertex 26.7667 -13.4944 8.5
    endloop
  endfacet
  facet normal 0.595699 -0.803208 0
    outer loop
      vertex 27.0032 -13.319 8.5
      vertex 26.7667 -13.4944 0
      vertex 27.0032 -13.319 0
    endloop
  endfacet
  facet normal 0.803208 -0.595699 0
    outer loop
      vertex 27.419 -12.9032 8.5
      vertex 27.5944 -12.6667 0
      vertex 27.5944 -12.6667 8.5
    endloop
  endfacet
  facet normal 0.803208 -0.595699 0
    outer loop
      vertex 27.5944 -12.6667 0
      vertex 27.419 -12.9032 8.5
      vertex 27.419 -12.9032 0
    endloop
  endfacet
  facet normal 0.857643 -0.514246 0
    outer loop
      vertex 27.5944 -12.6667 8.5
      vertex 27.7458 -12.4142 0
      vertex 27.7458 -12.4142 8.5
    endloop
  endfacet
  facet normal 0.857643 -0.514246 0
    outer loop
      vertex 27.7458 -12.4142 0
      vertex 27.5944 -12.6667 8.5
      vertex 27.5944 -12.6667 0
    endloop
  endfacet
  facet normal -0.243255 0.969962 0
    outer loop
      vertex -25.6853 13.9424 0
      vertex -25.9708 13.8708 8.5
      vertex -25.6853 13.9424 8.5
    endloop
  endfacet
  facet normal -0.243255 0.969962 0
    outer loop
      vertex -25.9708 13.8708 8.5
      vertex -25.6853 13.9424 0
      vertex -25.9708 13.8708 0
    endloop
  endfacet
  facet normal 0.0492599 0.998786 -0
    outer loop
      vertex 25.394 13.9855 0
      vertex 25.1 14 8.5
      vertex 25.394 13.9855 8.5
    endloop
  endfacet
  facet normal 0.0492599 0.998786 0
    outer loop
      vertex 25.1 14 8.5
      vertex 25.394 13.9855 0
      vertex 25.1 14 0
    endloop
  endfacet
  facet normal -0.595699 0.803208 0
    outer loop
      vertex -26.7667 13.4944 0
      vertex -27.0032 13.319 8.5
      vertex -26.7667 13.4944 8.5
    endloop
  endfacet
  facet normal -0.595699 0.803208 0
    outer loop
      vertex -27.0032 13.319 8.5
      vertex -26.7667 13.4944 0
      vertex -27.0032 13.319 0
    endloop
  endfacet
  facet normal -0.998787 0.0492431 0
    outer loop
      vertex -28.1 11 0
      vertex -28.0855 11.2941 8.5
      vertex -28.0855 11.2941 0
    endloop
  endfacet
  facet normal -0.998787 0.0492431 0
    outer loop
      vertex -28.0855 11.2941 8.5
      vertex -28.1 11 0
      vertex -28.1 11 8.5
    endloop
  endfacet
  facet normal -0.146364 0.989231 0
    outer loop
      vertex -25.394 13.9855 0
      vertex -25.6853 13.9424 8.5
      vertex -25.394 13.9855 8.5
    endloop
  endfacet
  facet normal -0.146364 0.989231 0
    outer loop
      vertex -25.6853 13.9424 8.5
      vertex -25.394 13.9855 0
      vertex -25.6853 13.9424 0
    endloop
  endfacet
  facet normal 0 -1 0
    outer loop
      vertex -25.1 -14 8.5
      vertex -17.61 -14 1.9
      vertex -17.61 -14 8.5
    endloop
  endfacet
  facet normal 0 -1 -0
    outer loop
      vertex -17.61 -14 1.9
      vertex -25.1 -14 0
      vertex -8.11 -14 1.9
    endloop
  endfacet
  facet normal 0 -1 0
    outer loop
      vertex -25.1 -14 0
      vertex -17.61 -14 1.9
      vertex -25.1 -14 8.5
    endloop
  endfacet
  facet normal 0 -1 0
    outer loop
      vertex -8.11 -14 1.9
      vertex 25.1 -14 8.5
      vertex -8.11 -14 8.5
    endloop
  endfacet
  facet normal 0 -1 0
    outer loop
      vertex -8.11 -14 1.9
      vertex 25.1 -14 0
      vertex 25.1 -14 8.5
    endloop
  endfacet
  facet normal 0 -1 0
    outer loop
      vertex 25.1 -14 0
      vertex -8.11 -14 1.9
      vertex -25.1 -14 0
    endloop
  endfacet
  facet normal -1 0 0
    outer loop
      vertex -28.1 11 0
      vertex -28.1 6 4.4
      vertex -28.1 11 8.5
    endloop
  endfacet
  facet normal -1 0 0
    outer loop
      vertex -28.1 11 0
      vertex -28.1 -6 4.4
      vertex -28.1 6 4.4
    endloop
  endfacet
  facet normal -1 0 0
    outer loop
      vertex -28.1 -11 0
      vertex -28.1 -6 4.4
      vertex -28.1 11 0
    endloop
  endfacet
  facet normal -1 0 0
    outer loop
      vertex -28.1 -11 8.5
      vertex -28.1 -6 4.4
      vertex -28.1 -11 0
    endloop
  endfacet
  facet normal -1 0 0
    outer loop
      vertex -28.1 -6 4.4
      vertex -28.1 -11 8.5
      vertex -28.1 -6 8.5
    endloop
  endfacet
  facet normal -1 -0 0
    outer loop
      vertex -28.1 11 8.5
      vertex -28.1 6 4.4
      vertex -28.1 6 8.5
    endloop
  endfacet
  facet normal 0.146364 0.989231 -0
    outer loop
      vertex 25.6853 13.9424 0
      vertex 25.394 13.9855 8.5
      vertex 25.6853 13.9424 8.5
    endloop
  endfacet
  facet normal 0.146364 0.989231 0
    outer loop
      vertex 25.394 13.9855 8.5
      vertex 25.6853 13.9424 0
      vertex 25.394 13.9855 0
    endloop
  endfacet
  facet normal 0 1 -0
    outer loop
      vertex 25.1 14 0
      vertex -25.1 14 8.5
      vertex 25.1 14 8.5
    endloop
  endfacet
  facet normal 0 1 0
    outer loop
      vertex -25.1 14 8.5
      vertex 25.1 14 0
      vertex -25.1 14 0
    endloop
  endfacet
  facet normal 0.243255 0.969962 -0
    outer loop
      vertex 25.9708 13.8708 0
      vertex 25.6853 13.9424 8.5
      vertex 25.9708 13.8708 8.5
    endloop
  endfacet
  facet normal 0.243255 0.969962 0
    outer loop
      vertex 25.6853 13.9424 8.5
      vertex 25.9708 13.8708 0
      vertex 25.6853 13.9424 0
    endloop
  endfacet
  facet normal -0.0492599 -0.998786 0
    outer loop
      vertex -25.394 -13.9855 0
      vertex -25.1 -14 8.5
      vertex -25.394 -13.9855 8.5
    endloop
  endfacet
  facet normal -0.0492599 -0.998786 -0
    outer loop
      vertex -25.1 -14 8.5
      vertex -25.394 -13.9855 0
      vertex -25.1 -14 0
    endloop
  endfacet
  facet normal -0.803208 0.595699 0
    outer loop
      vertex -27.5944 12.6667 0
      vertex -27.419 12.9032 8.5
      vertex -27.419 12.9032 0
    endloop
  endfacet
  facet normal -0.803208 0.595699 0
    outer loop
      vertex -27.419 12.9032 8.5
      vertex -27.5944 12.6667 0
      vertex -27.5944 12.6667 8.5
    endloop
  endfacet
  facet normal 0.336939 -0.941527 0
    outer loop
      vertex 25.9708 -13.8708 0
      vertex 26.248 -13.7716 8.5
      vertex 25.9708 -13.8708 8.5
    endloop
  endfacet
  facet normal 0.336939 -0.941527 0
    outer loop
      vertex 26.248 -13.7716 8.5
      vertex 25.9708 -13.8708 0
      vertex 26.248 -13.7716 0
    endloop
  endfacet
  facet normal 1 -0 0
    outer loop
      vertex 28.1 -11 8.5
      vertex 28.1 11 0
      vertex 28.1 11 8.5
    endloop
  endfacet
  facet normal 1 0 0
    outer loop
      vertex 28.1 11 0
      vertex 28.1 -11 8.5
      vertex 28.1 -11 0
    endloop
  endfacet
  facet normal 0.427269 -0.904125 0
    outer loop
      vertex 26.248 -13.7716 0
      vertex 26.5142 -13.6458 8.5
      vertex 26.248 -13.7716 8.5
    endloop
  endfacet
  facet normal 0.427269 -0.904125 0
    outer loop
      vertex 26.5142 -13.6458 8.5
      vertex 26.248 -13.7716 0
      vertex 26.5142 -13.6458 0
    endloop
  endfacet
  facet normal -0.970042 -0.242935 0
    outer loop
      vertex -27.9708 -11.8708 0
      vertex -28.0423 -11.5853 8.5
      vertex -28.0423 -11.5853 0
    endloop
  endfacet
  facet normal -0.970042 -0.242935 0
    outer loop
      vertex -28.0423 -11.5853 8.5
      vertex -27.9708 -11.8708 0
      vertex -27.9708 -11.8708 8.5
    endloop
  endfacet
  facet normal -0.970042 0.242935 0
    outer loop
      vertex -28.0423 11.5853 0
      vertex -27.9708 11.8708 8.5
      vertex -27.9708 11.8708 0
    endloop
  endfacet
  facet normal -0.970042 0.242935 0
    outer loop
      vertex -27.9708 11.8708 8.5
      vertex -28.0423 11.5853 0
      vertex -28.0423 11.5853 8.5
    endloop
  endfacet
  facet normal 0.243255 -0.969962 0
    outer loop
      vertex 25.6853 -13.9424 0
      vertex 25.9708 -13.8708 8.5
      vertex 25.6853 -13.9424 8.5
    endloop
  endfacet
  facet normal 0.243255 -0.969962 0
    outer loop
      vertex 25.9708 -13.8708 8.5
      vertex 25.6853 -13.9424 0
      vertex 25.9708 -13.8708 0
    endloop
  endfacet
  facet normal -0.857643 0.514246 0
    outer loop
      vertex -27.7458 12.4142 0
      vertex -27.5944 12.6667 8.5
      vertex -27.5944 12.6667 0
    endloop
  endfacet
  facet normal -0.857643 0.514246 0
    outer loop
      vertex -27.5944 12.6667 8.5
      vertex -27.7458 12.4142 0
      vertex -27.7458 12.4142 8.5
    endloop
  endfacet
  facet normal -0.243255 -0.969962 0
    outer loop
      vertex -25.9708 -13.8708 0
      vertex -25.6853 -13.9424 8.5
      vertex -25.9708 -13.8708 8.5
    endloop
  endfacet
  facet normal -0.243255 -0.969962 -0
    outer loop
      vertex -25.6853 -13.9424 8.5
      vertex -25.9708 -13.8708 0
      vertex -25.6853 -13.9424 0
    endloop
  endfacet
  facet normal -0.336939 -0.941527 0
    outer loop
      vertex -26.248 -13.7716 0
      vertex -25.9708 -13.8708 8.5
      vertex -26.248 -13.7716 8.5
    endloop
  endfacet
  facet normal -0.336939 -0.941527 -0
    outer loop
      vertex -25.9708 -13.8708 8.5
      vertex -26.248 -13.7716 0
      vertex -25.9708 -13.8708 0
    endloop
  endfacet
  facet normal -0.595699 -0.803208 0
    outer loop
      vertex -27.0032 -13.319 0
      vertex -26.7667 -13.4944 8.5
      vertex -27.0032 -13.319 8.5
    endloop
  endfacet
  facet normal -0.595699 -0.803208 -0
    outer loop
      vertex -26.7667 -13.4944 8.5
      vertex -27.0032 -13.319 0
      vertex -26.7667 -13.4944 0
    endloop
  endfacet
  facet normal 0.989174 0.146746 0
    outer loop
      vertex 28.0855 11.2941 8.5
      vertex 28.0423 11.5853 0
      vertex 28.0423 11.5853 8.5
    endloop
  endfacet
  facet normal 0.989174 0.146746 0
    outer loop
      vertex 28.0423 11.5853 0
      vertex 28.0855 11.2941 8.5
      vertex 28.0855 11.2941 0
    endloop
  endfacet
  facet normal 0.514246 -0.857643 0
    outer loop
      vertex 26.5142 -13.6458 0
      vertex 26.7667 -13.4944 8.5
      vertex 26.5142 -13.6458 8.5
    endloop
  endfacet
  facet normal 0.514246 -0.857643 0
    outer loop
      vertex 26.7667 -13.4944 8.5
      vertex 26.5142 -13.6458 0
      vertex 26.7667 -13.4944 0
    endloop
  endfacet
  facet normal -0.0492599 0.998786 0
    outer loop
      vertex -25.1 14 0
      vertex -25.394 13.9855 8.5
      vertex -25.1 14 8.5
    endloop
  endfacet
  facet normal -0.0492599 0.998786 0
    outer loop
      vertex -25.394 13.9855 8.5
      vertex -25.1 14 0
      vertex -25.394 13.9855 0
    endloop
  endfacet
  facet normal 0.941565 -0.336831 0
    outer loop
      vertex 27.8716 -12.1481 8.5
      vertex 27.9708 -11.8708 0
      vertex 27.9708 -11.8708 8.5
    endloop
  endfacet
  facet normal 0.941565 -0.336831 0
    outer loop
      vertex 27.9708 -11.8708 0
      vertex 27.8716 -12.1481 8.5
      vertex 27.8716 -12.1481 0
    endloop
  endfacet
  facet normal 0.941565 0.336831 0
    outer loop
      vertex 27.9708 11.8708 8.5
      vertex 27.8716 12.1481 0
      vertex 27.8716 12.1481 8.5
    endloop
  endfacet
  facet normal 0.941565 0.336831 0
    outer loop
      vertex 27.8716 12.1481 0
      vertex 27.9708 11.8708 8.5
      vertex 27.9708 11.8708 0
    endloop
  endfacet
  facet normal -0.989174 -0.146746 0
    outer loop
      vertex -28.0423 -11.5853 0
      vertex -28.0855 -11.2941 8.5
      vertex -28.0855 -11.2941 0
    endloop
  endfacet
  facet normal -0.989174 -0.146746 0
    outer loop
      vertex -28.0855 -11.2941 8.5
      vertex -28.0423 -11.5853 0
      vertex -28.0423 -11.5853 8.5
    endloop
  endfacet
  facet normal -0.857643 -0.514246 0
    outer loop
      vertex -27.5944 -12.6667 0
      vertex -27.7458 -12.4142 8.5
      vertex -27.7458 -12.4142 0
    endloop
  endfacet
  facet normal -0.857643 -0.514246 0
    outer loop
      vertex -27.7458 -12.4142 8.5
      vertex -27.5944 -12.6667 0
      vertex -27.5944 -12.6667 8.5
    endloop
  endfacet
  facet normal -0.146364 -0.989231 0
    outer loop
      vertex -25.6853 -13.9424 0
      vertex -25.394 -13.9855 8.5
      vertex -25.6853 -13.9424 8.5
    endloop
  endfacet
  facet normal -0.146364 -0.989231 -0
    outer loop
      vertex -25.394 -13.9855 8.5
      vertex -25.6853 -13.9424 0
      vertex -25.394 -13.9855 0
    endloop
  endfacet
  facet normal -0.740908 -0.671607 0
    outer loop
      vertex -27.2213 -13.1213 0
      vertex -27.419 -12.9032 8.5
      vertex -27.419 -12.9032 0
    endloop
  endfacet
  facet normal -0.740908 -0.671607 0
    outer loop
      vertex -27.419 -12.9032 8.5
      vertex -27.2213 -13.1213 0
      vertex -27.2213 -13.1213 8.5
    endloop
  endfacet
  facet normal 0.970042 -0.242935 0
    outer loop
      vertex 27.9708 -11.8708 8.5
      vertex 28.0423 -11.5853 0
      vertex 28.0423 -11.5853 8.5
    endloop
  endfacet
  facet normal 0.970042 -0.242935 0
    outer loop
      vertex 28.0423 -11.5853 0
      vertex 27.9708 -11.8708 8.5
      vertex 27.9708 -11.8708 0
    endloop
  endfacet
  facet normal 0.989174 -0.146746 0
    outer loop
      vertex 28.0423 -11.5853 8.5
      vertex 28.0855 -11.2941 0
      vertex 28.0855 -11.2941 8.5
    endloop
  endfacet
  facet normal 0.989174 -0.146746 0
    outer loop
      vertex 28.0855 -11.2941 0
      vertex 28.0423 -11.5853 8.5
      vertex 28.0423 -11.5853 0
    endloop
  endfacet
  facet normal -0.427269 0.904125 0
    outer loop
      vertex -26.248 13.7716 0
      vertex -26.5142 13.6458 8.5
      vertex -26.248 13.7716 8.5
    endloop
  endfacet
  facet normal -0.427269 0.904125 0
    outer loop
      vertex -26.5142 13.6458 8.5
      vertex -26.248 13.7716 0
      vertex -26.5142 13.6458 0
    endloop
  endfacet
  facet normal 0.970042 0.242935 0
    outer loop
      vertex 28.0423 11.5853 8.5
      vertex 27.9708 11.8708 0
      vertex 27.9708 11.8708 8.5
    endloop
  endfacet
  facet normal 0.970042 0.242935 0
    outer loop
      vertex 27.9708 11.8708 0
      vertex 28.0423 11.5853 8.5
      vertex 28.0423 11.5853 0
    endloop
  endfacet
  facet normal -0.803208 -0.595699 0
    outer loop
      vertex -27.419 -12.9032 0
      vertex -27.5944 -12.6667 8.5
      vertex -27.5944 -12.6667 0
    endloop
  endfacet
  facet normal -0.803208 -0.595699 0
    outer loop
      vertex -27.5944 -12.6667 8.5
      vertex -27.419 -12.9032 0
      vertex -27.419 -12.9032 8.5
    endloop
  endfacet
  facet normal -0.941565 -0.336831 0
    outer loop
      vertex -27.8716 -12.1481 0
      vertex -27.9708 -11.8708 8.5
      vertex -27.9708 -11.8708 0
    endloop
  endfacet
  facet normal -0.941565 -0.336831 0
    outer loop
      vertex -27.9708 -11.8708 8.5
      vertex -27.8716 -12.1481 0
      vertex -27.8716 -12.1481 8.5
    endloop
  endfacet
  facet normal -0.904063 -0.4274 0
    outer loop
      vertex -27.7458 -12.4142 0
      vertex -27.8716 -12.1481 8.5
      vertex -27.8716 -12.1481 0
    endloop
  endfacet
  facet normal -0.904063 -0.4274 0
    outer loop
      vertex -27.8716 -12.1481 8.5
      vertex -27.7458 -12.4142 0
      vertex -27.7458 -12.4142 8.5
    endloop
  endfacet
  facet normal 0.671607 -0.740908 0
    outer loop
      vertex 27.0032 -13.319 0
      vertex 27.2213 -13.1213 8.5
      vertex 27.0032 -13.319 8.5
    endloop
  endfacet
  facet normal 0.671607 -0.740908 0
    outer loop
      vertex 27.2213 -13.1213 8.5
      vertex 27.0032 -13.319 0
      vertex 27.2213 -13.1213 0
    endloop
  endfacet
  facet normal 0.904063 -0.4274 0
    outer loop
      vertex 27.7458 -12.4142 8.5
      vertex 27.8716 -12.1481 0
      vertex 27.8716 -12.1481 8.5
    endloop
  endfacet
  facet normal 0.904063 -0.4274 0
    outer loop
      vertex 27.8716 -12.1481 0
      vertex 27.7458 -12.4142 8.5
      vertex 27.7458 -12.4142 0
    endloop
  endfacet
  facet normal -0.989174 0.146746 0
    outer loop
      vertex -28.0855 11.2941 0
      vertex -28.0423 11.5853 8.5
      vertex -28.0423 11.5853 0
    endloop
  endfacet
  facet normal -0.989174 0.146746 0
    outer loop
      vertex -28.0423 11.5853 8.5
      vertex -28.0855 11.2941 0
      vertex -28.0855 11.2941 8.5
    endloop
  endfacet
  facet normal 0.595699 0.803208 -0
    outer loop
      vertex 27.0032 13.319 0
      vertex 26.7667 13.4944 8.5
      vertex 27.0032 13.319 8.5
    endloop
  endfacet
  facet normal 0.595699 0.803208 0
    outer loop
      vertex 26.7667 13.4944 8.5
      vertex 27.0032 13.319 0
      vertex 26.7667 13.4944 0
    endloop
  endfacet
  facet normal 0.998787 0.0492431 0
    outer loop
      vertex 28.1 11 8.5
      vertex 28.0855 11.2941 0
      vertex 28.0855 11.2941 8.5
    endloop
  endfacet
  facet normal 0.998787 0.0492431 0
    outer loop
      vertex 28.0855 11.2941 0
      vertex 28.1 11 8.5
      vertex 28.1 11 0
    endloop
  endfacet
  facet normal 0.857643 0.514246 0
    outer loop
      vertex 27.7458 12.4142 8.5
      vertex 27.5944 12.6667 0
      vertex 27.5944 12.6667 8.5
    endloop
  endfacet
  facet normal 0.857643 0.514246 0
    outer loop
      vertex 27.5944 12.6667 0
      vertex 27.7458 12.4142 8.5
      vertex 27.7458 12.4142 0
    endloop
  endfacet
  facet normal 0 0 -1
    outer loop
      vertex 20.659 -8.22235 0
      vertex -20.659 -8.22235 0
      vertex 20.7351 -8.00983 0
    endloop
  endfacet
  facet normal 0 0 -1
    outer loop
      vertex 20.7351 8.00983 0
      vertex -20.5711 8.66456 0
      vertex -20.56 8.89 0
    endloop
  endfacet
  facet normal 0 0 -1
    outer loop
      vertex -20.7351 -8.00983 0
      vertex 20.7351 -8.00983 0
      vertex -20.659 -8.22235 0
    endloop
  endfacet
  facet normal 0 0 -1
    outer loop
      vertex 20.7351 8.00983 0
      vertex -20.6042 8.44129 0
      vertex -20.5711 8.66456 0
    endloop
  endfacet
  facet normal 0 0 -1
    outer loop
      vertex 20.7351 -8.00983 0
      vertex -20.7351 -8.00983 0
      vertex 20.7351 8.00983 0
    endloop
  endfacet
  facet normal 0 0 -1
    outer loop
      vertex 20.7351 8.00983 0
      vertex -20.659 8.22235 0
      vertex -20.6042 8.44129 0
    endloop
  endfacet
  facet normal 0 0 -1
    outer loop
      vertex -20.7351 8.00983 0
      vertex 20.7351 8.00983 0
      vertex -20.7351 -8.00983 0
    endloop
  endfacet
  facet normal 0 0 -1
    outer loop
      vertex 20.7351 8.00983 0
      vertex -20.7351 8.00983 0
      vertex -20.659 8.22235 0
    endloop
  endfacet
  facet normal 0 0 -1
    outer loop
      vertex -20.8316 -7.80579 0
      vertex -20.7351 8.00983 0
      vertex -20.7351 -8.00983 0
    endloop
  endfacet
  facet normal 0 0 -1
    outer loop
      vertex -20.8316 -7.80579 0
      vertex -20.8316 7.80579 0
      vertex -20.7351 8.00983 0
    endloop
  endfacet
  facet normal 0 0 -1
    outer loop
      vertex -20.9476 -7.61219 0
      vertex -20.8316 7.80579 0
      vertex -20.8316 -7.80579 0
    endloop
  endfacet
  facet normal 0 0 -1
    outer loop
      vertex -20.9476 -7.61219 0
      vertex -20.9476 7.61219 0
      vertex -20.8316 7.80579 0
    endloop
  endfacet
  facet normal 0 0 -1
    outer loop
      vertex -21.0821 -7.4309 0
      vertex -20.9476 7.61219 0
      vertex -20.9476 -7.61219 0
    endloop
  endfacet
  facet normal 0 0 -1
    outer loop
      vertex -21.0821 -7.4309 0
      vertex -21.0821 7.4309 0
      vertex -20.9476 7.61219 0
    endloop
  endfacet
  facet normal 0 0 -1
    outer loop
      vertex -21.2337 -7.26366 0
      vertex -21.0821 7.4309 0
      vertex -21.0821 -7.4309 0
    endloop
  endfacet
  facet normal 0 0 -1
    outer loop
      vertex -21.2337 -7.26366 0
      vertex -21.2337 7.26366 0
      vertex -21.0821 7.4309 0
    endloop
  endfacet
  facet normal 0 0 -1
    outer loop
      vertex -21.4009 -7.11208 0
      vertex -21.2337 7.26366 0
      vertex -21.2337 -7.26366 0
    endloop
  endfacet
  facet normal 0 0 -1
    outer loop
      vertex -21.4009 -7.11208 0
      vertex -21.4009 7.11208 0
      vertex -21.2337 7.26366 0
    endloop
  endfacet
  facet normal 0 0 -1
    outer loop
      vertex -21.5822 -6.97762 0
      vertex -21.4009 7.11208 0
      vertex -21.4009 -7.11208 0
    endloop
  endfacet
  facet normal 0 0 -1
    outer loop
      vertex -21.5822 -6.97762 0
      vertex -21.5822 6.97762 0
      vertex -21.4009 7.11208 0
    endloop
  endfacet
  facet normal 0 0 -1
    outer loop
      vertex -21.7758 -6.86158 0
      vertex -21.5822 6.97762 0
      vertex -21.5822 -6.97762 0
    endloop
  endfacet
  facet normal 0 0 -1
    outer loop
      vertex -21.7758 -6.86158 0
      vertex -21.7758 6.86158 0
      vertex -21.5822 6.97762 0
    endloop
  endfacet
  facet normal 0 0 -1
    outer loop
      vertex -21.9798 -6.76508 0
      vertex -21.7758 6.86158 0
      vertex -21.7758 -6.86158 0
    endloop
  endfacet
  facet normal 0 0 -1
    outer loop
      vertex -21.9798 -6.76508 0
      vertex -21.9798 6.76508 0
      vertex -21.7758 6.86158 0
    endloop
  endfacet
  facet normal 0 0 -1
    outer loop
      vertex -22.1923 -6.68904 0
      vertex -21.9798 6.76508 0
      vertex -21.9798 -6.76508 0
    endloop
  endfacet
  facet normal 0 0 -1
    outer loop
      vertex -22.1923 -6.68904 0
      vertex -22.1923 6.68904 0
      vertex -21.9798 6.76508 0
    endloop
  endfacet
  facet normal 0 0 -1
    outer loop
      vertex -22.4113 -6.63419 0
      vertex -22.1923 6.68904 0
      vertex -22.1923 -6.68904 0
    endloop
  endfacet
  facet normal 0 0 -1
    outer loop
      vertex -22.4113 -6.63419 0
      vertex -22.4113 6.63419 0
      vertex -22.1923 6.68904 0
    endloop
  endfacet
  facet normal 0 0 -1
    outer loop
      vertex -22.6346 -6.60108 0
      vertex -22.4113 6.63419 0
      vertex -22.4113 -6.63419 0
    endloop
  endfacet
  facet normal 0 0 -1
    outer loop
      vertex -22.6346 -6.60108 0
      vertex -22.6346 6.60108 0
      vertex -22.4113 6.63419 0
    endloop
  endfacet
  facet normal 0 0 -1
    outer loop
      vertex -22.86 -6.59 0
      vertex -22.6346 6.60108 0
      vertex -22.6346 -6.60108 0
    endloop
  endfacet
  facet normal 0 0 -1
    outer loop
      vertex -22.86 -6.59 0
      vertex -22.86 6.59 0
      vertex -22.6346 6.60108 0
    endloop
  endfacet
  facet normal 0 0 -1
    outer loop
      vertex -23.0854 -6.60108 0
      vertex -22.86 6.59 0
      vertex -22.86 -6.59 0
    endloop
  endfacet
  facet normal 0 0 -1
    outer loop
      vertex -23.0854 -6.60108 0
      vertex -23.0854 6.60108 0
      vertex -22.86 6.59 0
    endloop
  endfacet
  facet normal 0 0 -1
    outer loop
      vertex -23.3087 -6.63419 0
      vertex -23.0854 6.60108 0
      vertex -23.0854 -6.60108 0
    endloop
  endfacet
  facet normal 0 0 -1
    outer loop
      vertex -23.3087 -6.63419 0
      vertex -23.3087 6.63419 0
      vertex -23.0854 6.60108 0
    endloop
  endfacet
  facet normal 0 0 -1
    outer loop
      vertex -23.5277 -6.68904 0
      vertex -23.3087 6.63419 0
      vertex -23.3087 -6.63419 0
    endloop
  endfacet
  facet normal 0 0 -1
    outer loop
      vertex -23.5277 -6.68904 0
      vertex -23.5277 6.68904 0
      vertex -23.3087 6.63419 0
    endloop
  endfacet
  facet normal 0 0 -1
    outer loop
      vertex -23.7402 -6.76508 0
      vertex -23.5277 6.68904 0
      vertex -23.5277 -6.68904 0
    endloop
  endfacet
  facet normal 0 0 -1
    outer loop
      vertex -23.7402 -6.76508 0
      vertex -23.7402 6.76508 0
      vertex -23.5277 6.68904 0
    endloop
  endfacet
  facet normal 0 0 -1
    outer loop
      vertex -23.9442 -6.86158 0
      vertex -23.7402 6.76508 0
      vertex -23.7402 -6.76508 0
    endloop
  endfacet
  facet normal 0 0 -1
    outer loop
      vertex -23.9442 -6.86158 0
      vertex -23.9442 6.86158 0
      vertex -23.7402 6.76508 0
    endloop
  endfacet
  facet normal 0 0 -1
    outer loop
      vertex -24.1378 -6.97762 0
      vertex -23.9442 6.86158 0
      vertex -23.9442 -6.86158 0
    endloop
  endfacet
  facet normal 0 0 -1
    outer loop
      vertex -24.1378 -6.97762 0
      vertex -24.1378 6.97762 0
      vertex -23.9442 6.86158 0
    endloop
  endfacet
  facet normal 0 0 -1
    outer loop
      vertex -24.3191 -7.11208 0
      vertex -24.1378 6.97762 0
      vertex -24.1378 -6.97762 0
    endloop
  endfacet
  facet normal 0 0 -1
    outer loop
      vertex -24.3191 -7.11208 0
      vertex -24.3191 7.11208 0
      vertex -24.1378 6.97762 0
    endloop
  endfacet
  facet normal 0 0 -1
    outer loop
      vertex -24.4863 -7.26366 0
      vertex -24.3191 7.11208 0
      vertex -24.3191 -7.11208 0
    endloop
  endfacet
  facet normal 0 0 -1
    outer loop
      vertex -24.4863 -7.26366 0
      vertex -24.4863 7.26366 0
      vertex -24.3191 7.11208 0
    endloop
  endfacet
  facet normal 0 0 -1
    outer loop
      vertex -24.6379 -7.4309 0
      vertex -24.4863 7.26366 0
      vertex -24.4863 -7.26366 0
    endloop
  endfacet
  facet normal 0 0 -1
    outer loop
      vertex -24.6379 -7.4309 0
      vertex -24.6379 7.4309 0
      vertex -24.4863 7.26366 0
    endloop
  endfacet
  facet normal 0 0 -1
    outer loop
      vertex -24.7724 -7.61219 0
      vertex -24.6379 7.4309 0
      vertex -24.6379 -7.4309 0
    endloop
  endfacet
  facet normal 0 0 -1
    outer loop
      vertex -24.7724 -7.61219 0
      vertex -24.7724 7.61219 0
      vertex -24.6379 7.4309 0
    endloop
  endfacet
  facet normal 0 0 -1
    outer loop
      vertex -28.1 -11 0
      vertex -24.7724 -7.61219 0
      vertex -24.8884 -7.80579 0
    endloop
  endfacet
  facet normal -0 0 -1
    outer loop
      vertex -24.7724 -7.61219 0
      vertex -28.1 -11 0
      vertex -24.7724 7.61219 0
    endloop
  endfacet
  facet normal 0 0 -1
    outer loop
      vertex -28.1 -11 0
      vertex -24.8884 -7.80579 0
      vertex -24.9849 -8.00983 0
    endloop
  endfacet
  facet normal 0 0 -1
    outer loop
      vertex -28.1 11 0
      vertex -24.7724 7.61219 0
      vertex -28.1 -11 0
    endloop
  endfacet
  facet normal 0 0 -1
    outer loop
      vertex -28.1 -11 0
      vertex -24.9849 -8.00983 0
      vertex -25.061 -8.22235 0
    endloop
  endfacet
  facet normal 0 0 -1
    outer loop
      vertex -24.7724 7.61219 0
      vertex -28.1 11 0
      vertex -24.8884 7.80579 0
    endloop
  endfacet
  facet normal 0 0 -1
    outer loop
      vertex -28.1 -11 0
      vertex -25.061 -8.22235 0
      vertex -25.1158 -8.44129 0
    endloop
  endfacet
  facet normal 0 0 -1
    outer loop
      vertex -24.8884 7.80579 0
      vertex -28.1 11 0
      vertex -24.9849 8.00983 0
    endloop
  endfacet
  facet normal 0 0 -1
    outer loop
      vertex -28.1 -11 0
      vertex -25.1158 -8.44129 0
      vertex -25.1489 -8.66456 0
    endloop
  endfacet
  facet normal 0 0 -1
    outer loop
      vertex -24.9849 8.00983 0
      vertex -28.1 11 0
      vertex -25.061 8.22235 0
    endloop
  endfacet
  facet normal 0 0 -1
    outer loop
      vertex -28.1 -11 0
      vertex -25.1489 -8.66456 0
      vertex -25.16 -8.89 0
    endloop
  endfacet
  facet normal 0 0 -1
    outer loop
      vertex -25.061 8.22235 0
      vertex -28.1 11 0
      vertex -25.1158 8.44129 0
    endloop
  endfacet
  facet normal 0 0 -1
    outer loop
      vertex 25.061 -8.22235 0
      vertex 28.1 -11 0
      vertex 25.1158 -8.44129 0
    endloop
  endfacet
  facet normal 0 0 -1
    outer loop
      vertex 28.1 11 0
      vertex 25.1489 8.66456 0
      vertex 25.16 8.89 0
    endloop
  endfacet
  facet normal 0 0 -1
    outer loop
      vertex 24.9849 -8.00983 0
      vertex 28.1 -11 0
      vertex 25.061 -8.22235 0
    endloop
  endfacet
  facet normal 0 0 -1
    outer loop
      vertex 28.1 11 0
      vertex 25.1158 8.44129 0
      vertex 25.1489 8.66456 0
    endloop
  endfacet
  facet normal 0 0 -1
    outer loop
      vertex 24.8884 -7.80579 0
      vertex 28.1 -11 0
      vertex 24.9849 -8.00983 0
    endloop
  endfacet
  facet normal 0 0 -1
    outer loop
      vertex 28.1 11 0
      vertex 25.061 8.22235 0
      vertex 25.1158 8.44129 0
    endloop
  endfacet
  facet normal 0 0 -1
    outer loop
      vertex 24.7724 -7.61219 0
      vertex 28.1 -11 0
      vertex 24.8884 -7.80579 0
    endloop
  endfacet
  facet normal 0 0 -1
    outer loop
      vertex 28.1 11 0
      vertex 24.9849 8.00983 0
      vertex 25.061 8.22235 0
    endloop
  endfacet
  facet normal 0 0 -1
    outer loop
      vertex 28.1 -11 0
      vertex 24.7724 -7.61219 0
      vertex 28.1 11 0
    endloop
  endfacet
  facet normal 0 0 -1
    outer loop
      vertex 28.1 11 0
      vertex 24.8884 7.80579 0
      vertex 24.9849 8.00983 0
    endloop
  endfacet
  facet normal 0 0 -1
    outer loop
      vertex 24.7724 7.61219 0
      vertex 28.1 11 0
      vertex 24.7724 -7.61219 0
    endloop
  endfacet
  facet normal 0 0 -1
    outer loop
      vertex 28.1 11 0
      vertex 24.7724 7.61219 0
      vertex 24.8884 7.80579 0
    endloop
  endfacet
  facet normal 0 0 -1
    outer loop
      vertex 24.6379 -7.4309 0
      vertex 24.7724 7.61219 0
      vertex 24.7724 -7.61219 0
    endloop
  endfacet
  facet normal 0 0 -1
    outer loop
      vertex 24.6379 -7.4309 0
      vertex 24.6379 7.4309 0
      vertex 24.7724 7.61219 0
    endloop
  endfacet
  facet normal 0 0 -1
    outer loop
      vertex 24.4863 -7.26366 0
      vertex 24.6379 7.4309 0
      vertex 24.6379 -7.4309 0
    endloop
  endfacet
  facet normal 0 0 -1
    outer loop
      vertex 24.4863 -7.26366 0
      vertex 24.4863 7.26366 0
      vertex 24.6379 7.4309 0
    endloop
  endfacet
  facet normal 0 0 -1
    outer loop
      vertex 24.3191 -7.11208 0
      vertex 24.4863 7.26366 0
      vertex 24.4863 -7.26366 0
    endloop
  endfacet
  facet normal 0 0 -1
    outer loop
      vertex 24.3191 -7.11208 0
      vertex 24.3191 7.11208 0
      vertex 24.4863 7.26366 0
    endloop
  endfacet
  facet normal 0 0 -1
    outer loop
      vertex 24.1378 -6.97762 0
      vertex 24.3191 7.11208 0
      vertex 24.3191 -7.11208 0
    endloop
  endfacet
  facet normal 0 0 -1
    outer loop
      vertex 24.1378 -6.97762 0
      vertex 24.1378 6.97762 0
      vertex 24.3191 7.11208 0
    endloop
  endfacet
  facet normal 0 0 -1
    outer loop
      vertex 23.9442 -6.86158 0
      vertex 24.1378 6.97762 0
      vertex 24.1378 -6.97762 0
    endloop
  endfacet
  facet normal 0 0 -1
    outer loop
      vertex 23.9442 -6.86158 0
      vertex 23.9442 6.86158 0
      vertex 24.1378 6.97762 0
    endloop
  endfacet
  facet normal 0 0 -1
    outer loop
      vertex 23.7402 -6.76508 0
      vertex 23.9442 6.86158 0
      vertex 23.9442 -6.86158 0
    endloop
  endfacet
  facet normal 0 0 -1
    outer loop
      vertex 23.7402 -6.76508 0
      vertex 23.7402 6.76508 0
      vertex 23.9442 6.86158 0
    endloop
  endfacet
  facet normal 0 0 -1
    outer loop
      vertex 23.5277 -6.68904 0
      vertex 23.7402 6.76508 0
      vertex 23.7402 -6.76508 0
    endloop
  endfacet
  facet normal 0 0 -1
    outer loop
      vertex 23.5277 -6.68904 0
      vertex 23.5277 6.68904 0
      vertex 23.7402 6.76508 0
    endloop
  endfacet
  facet normal 0 0 -1
    outer loop
      vertex 23.3087 -6.63419 0
      vertex 23.5277 6.68904 0
      vertex 23.5277 -6.68904 0
    endloop
  endfacet
  facet normal 0 0 -1
    outer loop
      vertex 23.3087 -6.63419 0
      vertex 23.3087 6.63419 0
      vertex 23.5277 6.68904 0
    endloop
  endfacet
  facet normal 0 0 -1
    outer loop
      vertex 23.0854 -6.60108 0
      vertex 23.3087 6.63419 0
      vertex 23.3087 -6.63419 0
    endloop
  endfacet
  facet normal 0 0 -1
    outer loop
      vertex 23.0854 -6.60108 0
      vertex 23.0854 6.60108 0
      vertex 23.3087 6.63419 0
    endloop
  endfacet
  facet normal 0 0 -1
    outer loop
      vertex 22.86 -6.59 0
      vertex 23.0854 6.60108 0
      vertex 23.0854 -6.60108 0
    endloop
  endfacet
  facet normal 0 0 -1
    outer loop
      vertex 22.86 -6.59 0
      vertex 22.86 6.59 0
      vertex 23.0854 6.60108 0
    endloop
  endfacet
  facet normal 0 0 -1
    outer loop
      vertex 22.6346 -6.60108 0
      vertex 22.86 6.59 0
      vertex 22.86 -6.59 0
    endloop
  endfacet
  facet normal 0 0 -1
    outer loop
      vertex 22.6346 -6.60108 0
      vertex 22.6346 6.60108 0
      vertex 22.86 6.59 0
    endloop
  endfacet
  facet normal 0 0 -1
    outer loop
      vertex 22.4113 -6.63419 0
      vertex 22.6346 6.60108 0
      vertex 22.6346 -6.60108 0
    endloop
  endfacet
  facet normal 0 0 -1
    outer loop
      vertex 22.4113 -6.63419 0
      vertex 22.4113 6.63419 0
      vertex 22.6346 6.60108 0
    endloop
  endfacet
  facet normal 0 0 -1
    outer loop
      vertex 22.1923 -6.68904 0
      vertex 22.4113 6.63419 0
      vertex 22.4113 -6.63419 0
    endloop
  endfacet
  facet normal 0 0 -1
    outer loop
      vertex 22.1923 -6.68904 0
      vertex 22.1923 6.68904 0
      vertex 22.4113 6.63419 0
    endloop
  endfacet
  facet normal 0 0 -1
    outer loop
      vertex 21.9798 -6.76508 0
      vertex 22.1923 6.68904 0
      vertex 22.1923 -6.68904 0
    endloop
  endfacet
  facet normal 0 0 -1
    outer loop
      vertex 21.9798 -6.76508 0
      vertex 21.9798 6.76508 0
      vertex 22.1923 6.68904 0
    endloop
  endfacet
  facet normal 0 0 -1
    outer loop
      vertex 21.7758 -6.86158 0
      vertex 21.9798 6.76508 0
      vertex 21.9798 -6.76508 0
    endloop
  endfacet
  facet normal 0 0 -1
    outer loop
      vertex 21.7758 -6.86158 0
      vertex 21.7758 6.86158 0
      vertex 21.9798 6.76508 0
    endloop
  endfacet
  facet normal 0 0 -1
    outer loop
      vertex 21.5822 -6.97762 0
      vertex 21.7758 6.86158 0
      vertex 21.7758 -6.86158 0
    endloop
  endfacet
  facet normal 0 0 -1
    outer loop
      vertex 21.5822 -6.97762 0
      vertex 21.5822 6.97762 0
      vertex 21.7758 6.86158 0
    endloop
  endfacet
  facet normal 0 0 -1
    outer loop
      vertex 21.4009 -7.11208 0
      vertex 21.5822 6.97762 0
      vertex 21.5822 -6.97762 0
    endloop
  endfacet
  facet normal 0 0 -1
    outer loop
      vertex 21.4009 -7.11208 0
      vertex 21.4009 7.11208 0
      vertex 21.5822 6.97762 0
    endloop
  endfacet
  facet normal 0 0 -1
    outer loop
      vertex 21.2337 -7.26366 0
      vertex 21.4009 7.11208 0
      vertex 21.4009 -7.11208 0
    endloop
  endfacet
  facet normal 0 0 -1
    outer loop
      vertex 21.2337 -7.26366 0
      vertex 21.2337 7.26366 0
      vertex 21.4009 7.11208 0
    endloop
  endfacet
  facet normal 0 0 -1
    outer loop
      vertex 21.0821 -7.4309 0
      vertex 21.2337 7.26366 0
      vertex 21.2337 -7.26366 0
    endloop
  endfacet
  facet normal 0 0 -1
    outer loop
      vertex 21.0821 -7.4309 0
      vertex 21.0821 7.4309 0
      vertex 21.2337 7.26366 0
    endloop
  endfacet
  facet normal 0 0 -1
    outer loop
      vertex 20.9476 -7.61219 0
      vertex 21.0821 7.4309 0
      vertex 21.0821 -7.4309 0
    endloop
  endfacet
  facet normal 0 0 -1
    outer loop
      vertex 20.9476 -7.61219 0
      vertex 20.9476 7.61219 0
      vertex 21.0821 7.4309 0
    endloop
  endfacet
  facet normal 0 0 -1
    outer loop
      vertex 20.8316 -7.80579 0
      vertex 20.9476 7.61219 0
      vertex 20.9476 -7.61219 0
    endloop
  endfacet
  facet normal 0 0 -1
    outer loop
      vertex 20.8316 -7.80579 0
      vertex 20.8316 7.80579 0
      vertex 20.9476 7.61219 0
    endloop
  endfacet
  facet normal 0 0 -1
    outer loop
      vertex 20.7351 -8.00983 0
      vertex 20.8316 7.80579 0
      vertex 20.8316 -7.80579 0
    endloop
  endfacet
  facet normal 0 0 -1
    outer loop
      vertex 20.7351 -8.00983 0
      vertex 20.7351 8.00983 0
      vertex 20.8316 7.80579 0
    endloop
  endfacet
  facet normal 0 0 -1
    outer loop
      vertex -20.6042 -8.44129 0
      vertex 20.6042 -8.44129 0
      vertex -20.5711 -8.66456 0
    endloop
  endfacet
  facet normal 0 0 -1
    outer loop
      vertex 20.6042 -8.44129 0
      vertex -20.6042 -8.44129 0
      vertex 20.659 -8.22235 0
    endloop
  endfacet
  facet normal 0 0 -1
    outer loop
      vertex 20.5711 -8.66456 0
      vertex -20.5711 -8.66456 0
      vertex 20.6042 -8.44129 0
    endloop
  endfacet
  facet normal 0 0 -1
    outer loop
      vertex -20.659 -8.22235 0
      vertex 20.659 -8.22235 0
      vertex -20.6042 -8.44129 0
    endloop
  endfacet
  facet normal 0 0 -1
    outer loop
      vertex -20.5711 -8.66456 0
      vertex 20.5711 -8.66456 0
      vertex -20.56 -8.89 0
    endloop
  endfacet
  facet normal 0 0 -1
    outer loop
      vertex 20.7351 8.00983 0
      vertex -20.56 8.89 0
      vertex 20.659 8.22235 0
    endloop
  endfacet
  facet normal 0 0 -1
    outer loop
      vertex -20.56 -8.89 0
      vertex 20.5711 -8.66456 0
      vertex 20.56 -8.89 0
    endloop
  endfacet
  facet normal 0 0 -1
    outer loop
      vertex 20.659 8.22235 0
      vertex -20.56 8.89 0
      vertex 20.6042 8.44129 0
    endloop
  endfacet
  facet normal 0 0 -1
    outer loop
      vertex 24.7724 -10.1678 0
      vertex 28.1 -11 0
      vertex 28.0855 -11.2941 0
    endloop
  endfacet
  facet normal 0 0 -1
    outer loop
      vertex 25.1489 -8.66456 0
      vertex 28.1 -11 0
      vertex 25.16 -8.89 0
    endloop
  endfacet
  facet normal 0 0 -1
    outer loop
      vertex 24.7724 -10.1678 0
      vertex 28.0855 -11.2941 0
      vertex 28.0423 -11.5853 0
    endloop
  endfacet
  facet normal 0 0 -1
    outer loop
      vertex 25.1158 -8.44129 0
      vertex 28.1 -11 0
      vertex 25.1489 -8.66456 0
    endloop
  endfacet
  facet normal 0 0 -1
    outer loop
      vertex 24.7724 -10.1678 0
      vertex 28.0423 -11.5853 0
      vertex 27.9708 -11.8708 0
    endloop
  endfacet
  facet normal 0 0 -1
    outer loop
      vertex 25.1489 9.11544 0
      vertex 28.1 11 0
      vertex 25.16 8.89 0
    endloop
  endfacet
  facet normal 0 0 -1
    outer loop
      vertex 24.6379 -10.3491 0
      vertex 27.9708 -11.8708 0
      vertex 27.8716 -12.1481 0
    endloop
  endfacet
  facet normal 0 0 -1
    outer loop
      vertex 25.1158 9.33871 0
      vertex 28.1 11 0
      vertex 25.1489 9.11544 0
    endloop
  endfacet
  facet normal 0 0 -1
    outer loop
      vertex 24.6379 -10.3491 0
      vertex 27.8716 -12.1481 0
      vertex 27.7458 -12.4142 0
    endloop
  endfacet
  facet normal 0 0 -1
    outer loop
      vertex 25.061 9.55765 0
      vertex 28.1 11 0
      vertex 25.1158 9.33871 0
    endloop
  endfacet
  facet normal 0 0 -1
    outer loop
      vertex 24.6379 -10.3491 0
      vertex 27.7458 -12.4142 0
      vertex 27.5944 -12.6667 0
    endloop
  endfacet
  facet normal 0 0 -1
    outer loop
      vertex 24.9849 9.77017 0
      vertex 28.1 11 0
      vertex 25.061 9.55765 0
    endloop
  endfacet
  facet normal 0 0 -1
    outer loop
      vertex 24.6379 -10.3491 0
      vertex 27.5944 -12.6667 0
      vertex 27.419 -12.9032 0
    endloop
  endfacet
  facet normal 0 0 -1
    outer loop
      vertex 24.8884 9.97421 0
      vertex 28.1 11 0
      vertex 24.9849 9.77017 0
    endloop
  endfacet
  facet normal 0 0 -1
    outer loop
      vertex 24.4863 -10.5163 0
      vertex 27.419 -12.9032 0
      vertex 27.2213 -13.1213 0
    endloop
  endfacet
  facet normal 0 0 -1
    outer loop
      vertex 24.7724 10.1678 0
      vertex 28.1 11 0
      vertex 24.8884 9.97421 0
    endloop
  endfacet
  facet normal 0 0 -1
    outer loop
      vertex 24.4863 -10.5163 0
      vertex 27.2213 -13.1213 0
      vertex 27.0032 -13.319 0
    endloop
  endfacet
  facet normal -0 0 -1
    outer loop
      vertex 28.1 11 0
      vertex 24.7724 10.1678 0
      vertex 28.0855 11.2941 0
    endloop
  endfacet
  facet normal 0 0 -1
    outer loop
      vertex 24.4863 -10.5163 0
      vertex 27.0032 -13.319 0
      vertex 26.7667 -13.4944 0
    endloop
  endfacet
  facet normal -0 0 -1
    outer loop
      vertex 28.0855 11.2941 0
      vertex 24.7724 10.1678 0
      vertex 28.0423 11.5853 0
    endloop
  endfacet
  facet normal 0 0 -1
    outer loop
      vertex 24.4863 -10.5163 0
      vertex 26.7667 -13.4944 0
      vertex 26.5142 -13.6458 0
    endloop
  endfacet
  facet normal -0 0 -1
    outer loop
      vertex 28.0423 11.5853 0
      vertex 24.7724 10.1678 0
      vertex 27.9708 11.8708 0
    endloop
  endfacet
  facet normal 0 0 -1
    outer loop
      vertex 24.3191 -10.6679 0
      vertex 26.5142 -13.6458 0
      vertex 26.248 -13.7716 0
    endloop
  endfacet
  facet normal 0 0 -1
    outer loop
      vertex 24.6379 10.3491 0
      vertex 27.9708 11.8708 0
      vertex 24.7724 10.1678 0
    endloop
  endfacet
  facet normal 0 0 -1
    outer loop
      vertex 24.3191 -10.6679 0
      vertex 26.248 -13.7716 0
      vertex 25.9708 -13.8708 0
    endloop
  endfacet
  facet normal -0 0 -1
    outer loop
      vertex 27.9708 11.8708 0
      vertex 24.6379 10.3491 0
      vertex 27.8716 12.1481 0
    endloop
  endfacet
  facet normal 0 0 -1
    outer loop
      vertex 24.3191 -10.6679 0
      vertex 25.9708 -13.8708 0
      vertex 25.6853 -13.9424 0
    endloop
  endfacet
  facet normal -0 0 -1
    outer loop
      vertex 27.8716 12.1481 0
      vertex 24.6379 10.3491 0
      vertex 27.7458 12.4142 0
    endloop
  endfacet
  facet normal 0 0 -1
    outer loop
      vertex 24.1378 -10.8024 0
      vertex 25.6853 -13.9424 0
      vertex 25.394 -13.9855 0
    endloop
  endfacet
  facet normal -0 0 -1
    outer loop
      vertex 27.7458 12.4142 0
      vertex 24.6379 10.3491 0
      vertex 27.5944 12.6667 0
    endloop
  endfacet
  facet normal -0 0 -1
    outer loop
      vertex 27.5944 12.6667 0
      vertex 24.6379 10.3491 0
      vertex 27.419 12.9032 0
    endloop
  endfacet
  facet normal 0 0 -1
    outer loop
      vertex 28.1 -11 0
      vertex 25.1489 -9.11544 0
      vertex 25.16 -8.89 0
    endloop
  endfacet
  facet normal 0 0 -1
    outer loop
      vertex 28.1 -11 0
      vertex 25.1158 -9.33871 0
      vertex 25.1489 -9.11544 0
    endloop
  endfacet
  facet normal 0 0 -1
    outer loop
      vertex 24.1378 -10.8024 0
      vertex 25.394 -13.9855 0
      vertex 25.1 -14 0
    endloop
  endfacet
  facet normal 0 0 -1
    outer loop
      vertex 28.1 -11 0
      vertex 25.061 -9.55765 0
      vertex 25.1158 -9.33871 0
    endloop
  endfacet
  facet normal 0 0 -1
    outer loop
      vertex 28.1 -11 0
      vertex 24.9849 -9.77017 0
      vertex 25.061 -9.55765 0
    endloop
  endfacet
  facet normal 0 0 -1
    outer loop
      vertex 28.1 -11 0
      vertex 24.8884 -9.97421 0
      vertex 24.9849 -9.77017 0
    endloop
  endfacet
  facet normal 0 0 -1
    outer loop
      vertex 28.1 -11 0
      vertex 24.7724 -10.1678 0
      vertex 24.8884 -9.97421 0
    endloop
  endfacet
  facet normal 0 0 -1
    outer loop
      vertex 27.9708 -11.8708 0
      vertex 24.6379 -10.3491 0
      vertex 24.7724 -10.1678 0
    endloop
  endfacet
  facet normal 0 0 -1
    outer loop
      vertex 27.419 -12.9032 0
      vertex 24.4863 -10.5163 0
      vertex 24.6379 -10.3491 0
    endloop
  endfacet
  facet normal 0 0 -1
    outer loop
      vertex 26.5142 -13.6458 0
      vertex 24.3191 -10.6679 0
      vertex 24.4863 -10.5163 0
    endloop
  endfacet
  facet normal 0 0 -1
    outer loop
      vertex 25.6853 -13.9424 0
      vertex 24.1378 -10.8024 0
      vertex 24.3191 -10.6679 0
    endloop
  endfacet
  facet normal 0 0 -1
    outer loop
      vertex 25.1 -14 0
      vertex 23.9442 -10.9184 0
      vertex 24.1378 -10.8024 0
    endloop
  endfacet
  facet normal 0 0 -1
    outer loop
      vertex 25.1 -14 0
      vertex 23.7402 -11.0149 0
      vertex 23.9442 -10.9184 0
    endloop
  endfacet
  facet normal 0 0 -1
    outer loop
      vertex 25.1 -14 0
      vertex 23.5277 -11.091 0
      vertex 23.7402 -11.0149 0
    endloop
  endfacet
  facet normal 0 0 -1
    outer loop
      vertex 25.1 -14 0
      vertex 23.3087 -11.1458 0
      vertex 23.5277 -11.091 0
    endloop
  endfacet
  facet normal 0 0 -1
    outer loop
      vertex 25.1 -14 0
      vertex 23.0854 -11.1789 0
      vertex 23.3087 -11.1458 0
    endloop
  endfacet
  facet normal 0 0 -1
    outer loop
      vertex 25.1 -14 0
      vertex 22.86 -11.19 0
      vertex 23.0854 -11.1789 0
    endloop
  endfacet
  facet normal 0 0 -1
    outer loop
      vertex 25.1 -14 0
      vertex 22.6346 -11.1789 0
      vertex 22.86 -11.19 0
    endloop
  endfacet
  facet normal 0 0 -1
    outer loop
      vertex 25.1 -14 0
      vertex 22.4113 -11.1458 0
      vertex 22.6346 -11.1789 0
    endloop
  endfacet
  facet normal 0 0 -1
    outer loop
      vertex 25.1 -14 0
      vertex 22.1923 -11.091 0
      vertex 22.4113 -11.1458 0
    endloop
  endfacet
  facet normal 0 0 -1
    outer loop
      vertex 25.1 -14 0
      vertex 21.9798 -11.0149 0
      vertex 22.1923 -11.091 0
    endloop
  endfacet
  facet normal 0 0 -1
    outer loop
      vertex 25.1 -14 0
      vertex 21.7758 -10.9184 0
      vertex 21.9798 -11.0149 0
    endloop
  endfacet
  facet normal 0 0 -1
    outer loop
      vertex 25.1 -14 0
      vertex 21.5822 -10.8024 0
      vertex 21.7758 -10.9184 0
    endloop
  endfacet
  facet normal 0 0 -1
    outer loop
      vertex 25.1 -14 0
      vertex 21.4009 -10.6679 0
      vertex 21.5822 -10.8024 0
    endloop
  endfacet
  facet normal 0 0 -1
    outer loop
      vertex 20.6042 8.44129 0
      vertex -20.56 8.89 0
      vertex 20.5711 8.66456 0
    endloop
  endfacet
  facet normal 0 0 -1
    outer loop
      vertex 20.5711 -9.11544 0
      vertex -20.56 -8.89 0
      vertex 20.56 -8.89 0
    endloop
  endfacet
  facet normal 0 0 -1
    outer loop
      vertex -20.5711 -9.11544 0
      vertex 20.5711 -9.11544 0
      vertex 20.6042 -9.33871 0
    endloop
  endfacet
  facet normal 0 0 -1
    outer loop
      vertex -20.6042 -9.33871 0
      vertex 20.6042 -9.33871 0
      vertex 20.659 -9.55765 0
    endloop
  endfacet
  facet normal 0 0 -1
    outer loop
      vertex -20.659 -9.55765 0
      vertex 20.659 -9.55765 0
      vertex 20.7351 -9.77017 0
    endloop
  endfacet
  facet normal 0 0 -1
    outer loop
      vertex -20.7351 -9.77017 0
      vertex 20.7351 -9.77017 0
      vertex 20.8316 -9.97421 0
    endloop
  endfacet
  facet normal 0 0 -1
    outer loop
      vertex -20.8316 -9.97421 0
      vertex 20.8316 -9.97421 0
      vertex 20.9476 -10.1678 0
    endloop
  endfacet
  facet normal 0 0 -1
    outer loop
      vertex -20.9476 -10.1678 0
      vertex 20.9476 -10.1678 0
      vertex 21.0821 -10.3491 0
    endloop
  endfacet
  facet normal 0 0 -1
    outer loop
      vertex -21.0821 -10.3491 0
      vertex 21.0821 -10.3491 0
      vertex 21.2337 -10.5163 0
    endloop
  endfacet
  facet normal 0 0 -1
    outer loop
      vertex -21.2337 -10.5163 0
      vertex 21.2337 -10.5163 0
      vertex 21.4009 -10.6679 0
    endloop
  endfacet
  facet normal 0 0 -1
    outer loop
      vertex -21.4009 -10.6679 0
      vertex 21.4009 -10.6679 0
      vertex 25.1 -14 0
    endloop
  endfacet
  facet normal 0 0 -1
    outer loop
      vertex 20.5711 -9.11544 0
      vertex -20.5711 -9.11544 0
      vertex -20.56 -8.89 0
    endloop
  endfacet
  facet normal 0 0 -1
    outer loop
      vertex 20.6042 -9.33871 0
      vertex -20.6042 -9.33871 0
      vertex -20.5711 -9.11544 0
    endloop
  endfacet
  facet normal 0 0 -1
    outer loop
      vertex 20.659 -9.55765 0
      vertex -20.659 -9.55765 0
      vertex -20.6042 -9.33871 0
    endloop
  endfacet
  facet normal 0 0 -1
    outer loop
      vertex 20.7351 -9.77017 0
      vertex -20.7351 -9.77017 0
      vertex -20.659 -9.55765 0
    endloop
  endfacet
  facet normal 0 0 -1
    outer loop
      vertex 20.8316 -9.97421 0
      vertex -20.8316 -9.97421 0
      vertex -20.7351 -9.77017 0
    endloop
  endfacet
  facet normal 0 0 -1
    outer loop
      vertex 20.9476 -10.1678 0
      vertex -20.9476 -10.1678 0
      vertex -20.8316 -9.97421 0
    endloop
  endfacet
  facet normal 0 0 -1
    outer loop
      vertex 21.0821 -10.3491 0
      vertex -21.0821 -10.3491 0
      vertex -20.9476 -10.1678 0
    endloop
  endfacet
  facet normal 0 0 -1
    outer loop
      vertex 21.2337 -10.5163 0
      vertex -21.2337 -10.5163 0
      vertex -21.0821 -10.3491 0
    endloop
  endfacet
  facet normal 0 0 -1
    outer loop
      vertex 21.4009 -10.6679 0
      vertex -21.4009 -10.6679 0
      vertex -21.2337 -10.5163 0
    endloop
  endfacet
  facet normal 0 0 -1
    outer loop
      vertex -25.1 -14 0
      vertex -21.4009 -10.6679 0
      vertex 25.1 -14 0
    endloop
  endfacet
  facet normal 0 0 -1
    outer loop
      vertex -21.4009 -10.6679 0
      vertex -25.1 -14 0
      vertex -21.5822 -10.8024 0
    endloop
  endfacet
  facet normal 0 0 -1
    outer loop
      vertex -21.5822 -10.8024 0
      vertex -25.1 -14 0
      vertex -21.7758 -10.9184 0
    endloop
  endfacet
  facet normal 0 0 -1
    outer loop
      vertex -21.7758 -10.9184 0
      vertex -25.1 -14 0
      vertex -21.9798 -11.0149 0
    endloop
  endfacet
  facet normal 0 0 -1
    outer loop
      vertex -21.9798 -11.0149 0
      vertex -25.1 -14 0
      vertex -22.1923 -11.091 0
    endloop
  endfacet
  facet normal 0 0 -1
    outer loop
      vertex -22.1923 -11.091 0
      vertex -25.1 -14 0
      vertex -22.4113 -11.1458 0
    endloop
  endfacet
  facet normal 0 0 -1
    outer loop
      vertex -22.4113 -11.1458 0
      vertex -25.1 -14 0
      vertex -22.6346 -11.1789 0
    endloop
  endfacet
  facet normal 0 0 -1
    outer loop
      vertex -22.6346 -11.1789 0
      vertex -25.1 -14 0
      vertex -22.86 -11.19 0
    endloop
  endfacet
  facet normal -0 0 -1
    outer loop
      vertex -22.86 -11.19 0
      vertex -25.1 -14 0
      vertex -23.0854 -11.1789 0
    endloop
  endfacet
  facet normal 0 0 -1
    outer loop
      vertex -25.1 -14 0
      vertex -23.3087 -11.1458 0
      vertex -23.0854 -11.1789 0
    endloop
  endfacet
  facet normal 0 0 -1
    outer loop
      vertex -25.1 -14 0
      vertex -23.5277 -11.091 0
      vertex -23.3087 -11.1458 0
    endloop
  endfacet
  facet normal 0 0 -1
    outer loop
      vertex -25.1 -14 0
      vertex -23.7402 -11.0149 0
      vertex -23.5277 -11.091 0
    endloop
  endfacet
  facet normal 0 0 -1
    outer loop
      vertex -25.1 -14 0
      vertex -23.9442 -10.9184 0
      vertex -23.7402 -11.0149 0
    endloop
  endfacet
  facet normal 0 0 -1
    outer loop
      vertex -25.1 -14 0
      vertex -24.1378 -10.8024 0
      vertex -23.9442 -10.9184 0
    endloop
  endfacet
  facet normal 0 0 -1
    outer loop
      vertex -25.394 -13.9855 0
      vertex -24.1378 -10.8024 0
      vertex -25.1 -14 0
    endloop
  endfacet
  facet normal 0 0 -1
    outer loop
      vertex -25.6853 -13.9424 0
      vertex -24.1378 -10.8024 0
      vertex -25.394 -13.9855 0
    endloop
  endfacet
  facet normal -0 0 -1
    outer loop
      vertex -24.1378 -10.8024 0
      vertex -25.6853 -13.9424 0
      vertex -24.3191 -10.6679 0
    endloop
  endfacet
  facet normal 0 0 -1
    outer loop
      vertex -25.9708 -13.8708 0
      vertex -24.3191 -10.6679 0
      vertex -25.6853 -13.9424 0
    endloop
  endfacet
  facet normal 0 0 -1
    outer loop
      vertex -26.248 -13.7716 0
      vertex -24.3191 -10.6679 0
      vertex -25.9708 -13.8708 0
    endloop
  endfacet
  facet normal 0 0 -1
    outer loop
      vertex -26.5142 -13.6458 0
      vertex -24.3191 -10.6679 0
      vertex -26.248 -13.7716 0
    endloop
  endfacet
  facet normal -0 0 -1
    outer loop
      vertex -24.3191 -10.6679 0
      vertex -26.5142 -13.6458 0
      vertex -24.4863 -10.5163 0
    endloop
  endfacet
  facet normal 0 0 -1
    outer loop
      vertex -26.7667 -13.4944 0
      vertex -24.4863 -10.5163 0
      vertex -26.5142 -13.6458 0
    endloop
  endfacet
  facet normal 0 0 -1
    outer loop
      vertex -27.0032 -13.319 0
      vertex -24.4863 -10.5163 0
      vertex -26.7667 -13.4944 0
    endloop
  endfacet
  facet normal 0 0 -1
    outer loop
      vertex -27.2213 -13.1213 0
      vertex -24.4863 -10.5163 0
      vertex -27.0032 -13.319 0
    endloop
  endfacet
  facet normal -0 0 -1
    outer loop
      vertex -24.4863 -10.5163 0
      vertex -27.419 -12.9032 0
      vertex -24.6379 -10.3491 0
    endloop
  endfacet
  facet normal 0 0 -1
    outer loop
      vertex -27.419 -12.9032 0
      vertex -24.4863 -10.5163 0
      vertex -27.2213 -13.1213 0
    endloop
  endfacet
  facet normal 0 0 -1
    outer loop
      vertex 24.4863 10.5163 0
      vertex 27.419 12.9032 0
      vertex 24.6379 10.3491 0
    endloop
  endfacet
  facet normal -0 0 -1
    outer loop
      vertex 27.419 12.9032 0
      vertex 24.4863 10.5163 0
      vertex 27.2213 13.1213 0
    endloop
  endfacet
  facet normal -0 0 -1
    outer loop
      vertex 27.2213 13.1213 0
      vertex 24.4863 10.5163 0
      vertex 27.0032 13.319 0
    endloop
  endfacet
  facet normal -0 0 -1
    outer loop
      vertex 27.0032 13.319 0
      vertex 24.4863 10.5163 0
      vertex 26.7667 13.4944 0
    endloop
  endfacet
  facet normal -0 0 -1
    outer loop
      vertex 26.7667 13.4944 0
      vertex 24.4863 10.5163 0
      vertex 26.5142 13.6458 0
    endloop
  endfacet
  facet normal 0 0 -1
    outer loop
      vertex 24.3191 10.6679 0
      vertex 26.5142 13.6458 0
      vertex 24.4863 10.5163 0
    endloop
  endfacet
  facet normal -0 0 -1
    outer loop
      vertex 26.5142 13.6458 0
      vertex 24.3191 10.6679 0
      vertex 26.248 13.7716 0
    endloop
  endfacet
  facet normal -0 0 -1
    outer loop
      vertex 26.248 13.7716 0
      vertex 24.3191 10.6679 0
      vertex 25.9708 13.8708 0
    endloop
  endfacet
  facet normal -0 0 -1
    outer loop
      vertex 25.9708 13.8708 0
      vertex 24.3191 10.6679 0
      vertex 25.6853 13.9424 0
    endloop
  endfacet
  facet normal 0 0 -1
    outer loop
      vertex 24.1378 10.8024 0
      vertex 25.6853 13.9424 0
      vertex 24.3191 10.6679 0
    endloop
  endfacet
  facet normal -0 0 -1
    outer loop
      vertex 25.6853 13.9424 0
      vertex 24.1378 10.8024 0
      vertex 25.394 13.9855 0
    endloop
  endfacet
  facet normal -0 0 -1
    outer loop
      vertex 25.394 13.9855 0
      vertex 24.1378 10.8024 0
      vertex 25.1 14 0
    endloop
  endfacet
  facet normal 0 0 -1
    outer loop
      vertex 23.9442 10.9184 0
      vertex 25.1 14 0
      vertex 24.1378 10.8024 0
    endloop
  endfacet
  facet normal 0 0 -1
    outer loop
      vertex 23.7402 11.0149 0
      vertex 25.1 14 0
      vertex 23.9442 10.9184 0
    endloop
  endfacet
  facet normal 0 0 -1
    outer loop
      vertex 23.5277 11.091 0
      vertex 25.1 14 0
      vertex 23.7402 11.0149 0
    endloop
  endfacet
  facet normal 0 0 -1
    outer loop
      vertex 23.3087 11.1458 0
      vertex 25.1 14 0
      vertex 23.5277 11.091 0
    endloop
  endfacet
  facet normal 0 0 -1
    outer loop
      vertex 23.0854 11.1789 0
      vertex 25.1 14 0
      vertex 23.3087 11.1458 0
    endloop
  endfacet
  facet normal 0 0 -1
    outer loop
      vertex 22.86 11.19 0
      vertex 25.1 14 0
      vertex 23.0854 11.1789 0
    endloop
  endfacet
  facet normal 0 0 -1
    outer loop
      vertex 22.6346 11.1789 0
      vertex 25.1 14 0
      vertex 22.86 11.19 0
    endloop
  endfacet
  facet normal 0 0 -1
    outer loop
      vertex 22.4113 11.1458 0
      vertex 25.1 14 0
      vertex 22.6346 11.1789 0
    endloop
  endfacet
  facet normal 0 0 -1
    outer loop
      vertex 22.1923 11.091 0
      vertex 25.1 14 0
      vertex 22.4113 11.1458 0
    endloop
  endfacet
  facet normal 0 0 -1
    outer loop
      vertex 21.9798 11.0149 0
      vertex 25.1 14 0
      vertex 22.1923 11.091 0
    endloop
  endfacet
  facet normal 0 0 -1
    outer loop
      vertex 21.7758 10.9184 0
      vertex 25.1 14 0
      vertex 21.9798 11.0149 0
    endloop
  endfacet
  facet normal 0 0 -1
    outer loop
      vertex 21.5822 10.8024 0
      vertex 25.1 14 0
      vertex 21.7758 10.9184 0
    endloop
  endfacet
  facet normal 0 0 -1
    outer loop
      vertex 21.4009 10.6679 0
      vertex 25.1 14 0
      vertex 21.5822 10.8024 0
    endloop
  endfacet
  facet normal 0 0 -1
    outer loop
      vertex 20.5711 8.66456 0
      vertex -20.56 8.89 0
      vertex 20.56 8.89 0
    endloop
  endfacet
  facet normal 0 0 -1
    outer loop
      vertex 20.56 8.89 0
      vertex -20.56 8.89 0
      vertex 20.5711 9.11544 0
    endloop
  endfacet
  facet normal 0 0 -1
    outer loop
      vertex -20.5711 9.11544 0
      vertex 20.5711 9.11544 0
      vertex -20.56 8.89 0
    endloop
  endfacet
  facet normal 0 0 -1
    outer loop
      vertex 20.5711 9.11544 0
      vertex -20.5711 9.11544 0
      vertex 20.6042 9.33871 0
    endloop
  endfacet
  facet normal 0 0 -1
    outer loop
      vertex -20.6042 9.33871 0
      vertex 20.6042 9.33871 0
      vertex -20.5711 9.11544 0
    endloop
  endfacet
  facet normal 0 0 -1
    outer loop
      vertex 20.6042 9.33871 0
      vertex -20.6042 9.33871 0
      vertex 20.659 9.55765 0
    endloop
  endfacet
  facet normal 0 0 -1
    outer loop
      vertex -20.659 9.55765 0
      vertex 20.659 9.55765 0
      vertex -20.6042 9.33871 0
    endloop
  endfacet
  facet normal 0 0 -1
    outer loop
      vertex 20.659 9.55765 0
      vertex -20.659 9.55765 0
      vertex 20.7351 9.77017 0
    endloop
  endfacet
  facet normal 0 0 -1
    outer loop
      vertex -20.7351 9.77017 0
      vertex 20.7351 9.77017 0
      vertex -20.659 9.55765 0
    endloop
  endfacet
  facet normal 0 0 -1
    outer loop
      vertex 20.7351 9.77017 0
      vertex -20.7351 9.77017 0
      vertex 20.8316 9.97421 0
    endloop
  endfacet
  facet normal 0 0 -1
    outer loop
      vertex -20.8316 9.97421 0
      vertex 20.8316 9.97421 0
      vertex -20.7351 9.77017 0
    endloop
  endfacet
  facet normal 0 0 -1
    outer loop
      vertex 20.8316 9.97421 0
      vertex -20.8316 9.97421 0
      vertex 20.9476 10.1678 0
    endloop
  endfacet
  facet normal 0 0 -1
    outer loop
      vertex -20.9476 10.1678 0
      vertex 20.9476 10.1678 0
      vertex -20.8316 9.97421 0
    endloop
  endfacet
  facet normal 0 0 -1
    outer loop
      vertex 20.9476 10.1678 0
      vertex -20.9476 10.1678 0
      vertex 21.0821 10.3491 0
    endloop
  endfacet
  facet normal 0 0 -1
    outer loop
      vertex -21.0821 10.3491 0
      vertex 21.0821 10.3491 0
      vertex -20.9476 10.1678 0
    endloop
  endfacet
  facet normal 0 0 -1
    outer loop
      vertex 21.0821 10.3491 0
      vertex -21.0821 10.3491 0
      vertex 21.2337 10.5163 0
    endloop
  endfacet
  facet normal 0 0 -1
    outer loop
      vertex -21.2337 10.5163 0
      vertex 21.2337 10.5163 0
      vertex -21.0821 10.3491 0
    endloop
  endfacet
  facet normal 0 0 -1
    outer loop
      vertex 21.2337 10.5163 0
      vertex -21.2337 10.5163 0
      vertex 21.4009 10.6679 0
    endloop
  endfacet
  facet normal 0 0 -1
    outer loop
      vertex -21.4009 10.6679 0
      vertex 21.4009 10.6679 0
      vertex -21.2337 10.5163 0
    endloop
  endfacet
  facet normal 0 0 -1
    outer loop
      vertex 21.4009 10.6679 0
      vertex -21.4009 10.6679 0
      vertex 25.1 14 0
    endloop
  endfacet
  facet normal 0 0 -1
    outer loop
      vertex -25.1 14 0
      vertex -21.4009 10.6679 0
      vertex -21.5822 10.8024 0
    endloop
  endfacet
  facet normal 0 0 -1
    outer loop
      vertex -25.1 14 0
      vertex -21.5822 10.8024 0
      vertex -21.7758 10.9184 0
    endloop
  endfacet
  facet normal 0 0 -1
    outer loop
      vertex -25.1 14 0
      vertex -21.7758 10.9184 0
      vertex -21.9798 11.0149 0
    endloop
  endfacet
  facet normal 0 0 -1
    outer loop
      vertex -25.1 14 0
      vertex -21.9798 11.0149 0
      vertex -22.1923 11.091 0
    endloop
  endfacet
  facet normal 0 0 -1
    outer loop
      vertex -25.1 14 0
      vertex -22.1923 11.091 0
      vertex -22.4113 11.1458 0
    endloop
  endfacet
  facet normal 0 0 -1
    outer loop
      vertex -25.1 14 0
      vertex -22.4113 11.1458 0
      vertex -22.6346 11.1789 0
    endloop
  endfacet
  facet normal 0 0 -1
    outer loop
      vertex -25.1 14 0
      vertex -22.6346 11.1789 0
      vertex -22.86 11.19 0
    endloop
  endfacet
  facet normal 0 0 -1
    outer loop
      vertex -25.1 14 0
      vertex -22.86 11.19 0
      vertex -23.0854 11.1789 0
    endloop
  endfacet
  facet normal 0 0 -1
    outer loop
      vertex -21.4009 10.6679 0
      vertex -25.1 14 0
      vertex 25.1 14 0
    endloop
  endfacet
  facet normal 0 0 -1
    outer loop
      vertex -23.3087 11.1458 0
      vertex -25.1 14 0
      vertex -23.0854 11.1789 0
    endloop
  endfacet
  facet normal 0 0 -1
    outer loop
      vertex -23.5277 11.091 0
      vertex -25.1 14 0
      vertex -23.3087 11.1458 0
    endloop
  endfacet
  facet normal 0 0 -1
    outer loop
      vertex -23.7402 11.0149 0
      vertex -25.1 14 0
      vertex -23.5277 11.091 0
    endloop
  endfacet
  facet normal 0 0 -1
    outer loop
      vertex -23.9442 10.9184 0
      vertex -25.1 14 0
      vertex -23.7402 11.0149 0
    endloop
  endfacet
  facet normal 0 0 -1
    outer loop
      vertex -24.1378 10.8024 0
      vertex -25.1 14 0
      vertex -23.9442 10.9184 0
    endloop
  endfacet
  facet normal 0 0 -1
    outer loop
      vertex -25.6853 13.9424 0
      vertex -24.1378 10.8024 0
      vertex -24.3191 10.6679 0
    endloop
  endfacet
  facet normal 0 0 -1
    outer loop
      vertex -26.5142 13.6458 0
      vertex -24.3191 10.6679 0
      vertex -24.4863 10.5163 0
    endloop
  endfacet
  facet normal 0 0 -1
    outer loop
      vertex -27.419 12.9032 0
      vertex -24.4863 10.5163 0
      vertex -24.6379 10.3491 0
    endloop
  endfacet
  facet normal 0 0 -1
    outer loop
      vertex -27.9708 11.8708 0
      vertex -24.6379 10.3491 0
      vertex -24.7724 10.1678 0
    endloop
  endfacet
  facet normal 0 0 -1
    outer loop
      vertex -28.1 11 0
      vertex -24.7724 10.1678 0
      vertex -24.8884 9.97421 0
    endloop
  endfacet
  facet normal 0 0 -1
    outer loop
      vertex -28.1 11 0
      vertex -24.8884 9.97421 0
      vertex -24.9849 9.77017 0
    endloop
  endfacet
  facet normal 0 0 -1
    outer loop
      vertex -28.1 11 0
      vertex -24.9849 9.77017 0
      vertex -25.061 9.55765 0
    endloop
  endfacet
  facet normal 0 0 -1
    outer loop
      vertex -28.1 11 0
      vertex -25.061 9.55765 0
      vertex -25.1158 9.33871 0
    endloop
  endfacet
  facet normal 0 0 -1
    outer loop
      vertex -28.1 11 0
      vertex -25.1158 9.33871 0
      vertex -25.1489 9.11544 0
    endloop
  endfacet
  facet normal 0 0 -1
    outer loop
      vertex -28.1 11 0
      vertex -25.1489 9.11544 0
      vertex -25.16 8.89 0
    endloop
  endfacet
  facet normal 0 0 -1
    outer loop
      vertex -24.1378 10.8024 0
      vertex -25.394 13.9855 0
      vertex -25.1 14 0
    endloop
  endfacet
  facet normal 0 0 -1
    outer loop
      vertex -25.1158 8.44129 0
      vertex -28.1 11 0
      vertex -25.1489 8.66456 0
    endloop
  endfacet
  facet normal 0 0 -1
    outer loop
      vertex -27.5944 -12.6667 0
      vertex -24.6379 -10.3491 0
      vertex -27.419 -12.9032 0
    endloop
  endfacet
  facet normal 0 0 -1
    outer loop
      vertex -25.1489 8.66456 0
      vertex -28.1 11 0
      vertex -25.16 8.89 0
    endloop
  endfacet
  facet normal 0 0 -1
    outer loop
      vertex -27.7458 -12.4142 0
      vertex -24.6379 -10.3491 0
      vertex -27.5944 -12.6667 0
    endloop
  endfacet
  facet normal 0 0 -1
    outer loop
      vertex -24.7724 10.1678 0
      vertex -28.1 11 0
      vertex -28.0855 11.2941 0
    endloop
  endfacet
  facet normal 0 0 -1
    outer loop
      vertex -27.8716 -12.1481 0
      vertex -24.6379 -10.3491 0
      vertex -27.7458 -12.4142 0
    endloop
  endfacet
  facet normal 0 0 -1
    outer loop
      vertex -24.1378 10.8024 0
      vertex -25.6853 13.9424 0
      vertex -25.394 13.9855 0
    endloop
  endfacet
  facet normal 0 0 -1
    outer loop
      vertex -27.9708 -11.8708 0
      vertex -24.6379 -10.3491 0
      vertex -27.8716 -12.1481 0
    endloop
  endfacet
  facet normal 0 0 -1
    outer loop
      vertex -24.3191 10.6679 0
      vertex -25.9708 13.8708 0
      vertex -25.6853 13.9424 0
    endloop
  endfacet
  facet normal -0 0 -1
    outer loop
      vertex -24.6379 -10.3491 0
      vertex -27.9708 -11.8708 0
      vertex -24.7724 -10.1678 0
    endloop
  endfacet
  facet normal 0 0 -1
    outer loop
      vertex -24.3191 10.6679 0
      vertex -26.248 13.7716 0
      vertex -25.9708 13.8708 0
    endloop
  endfacet
  facet normal 0 0 -1
    outer loop
      vertex -28.0423 -11.5853 0
      vertex -24.7724 -10.1678 0
      vertex -27.9708 -11.8708 0
    endloop
  endfacet
  facet normal 0 0 -1
    outer loop
      vertex -24.3191 10.6679 0
      vertex -26.5142 13.6458 0
      vertex -26.248 13.7716 0
    endloop
  endfacet
  facet normal 0 0 -1
    outer loop
      vertex -28.0855 -11.2941 0
      vertex -24.7724 -10.1678 0
      vertex -28.0423 -11.5853 0
    endloop
  endfacet
  facet normal 0 0 -1
    outer loop
      vertex -24.4863 10.5163 0
      vertex -26.7667 13.4944 0
      vertex -26.5142 13.6458 0
    endloop
  endfacet
  facet normal 0 0 -1
    outer loop
      vertex -28.1 -11 0
      vertex -24.7724 -10.1678 0
      vertex -28.0855 -11.2941 0
    endloop
  endfacet
  facet normal 0 0 -1
    outer loop
      vertex -24.4863 10.5163 0
      vertex -27.0032 13.319 0
      vertex -26.7667 13.4944 0
    endloop
  endfacet
  facet normal -0 0 -1
    outer loop
      vertex -24.7724 -10.1678 0
      vertex -28.1 -11 0
      vertex -24.8884 -9.97421 0
    endloop
  endfacet
  facet normal 0 0 -1
    outer loop
      vertex -24.4863 10.5163 0
      vertex -27.2213 13.1213 0
      vertex -27.0032 13.319 0
    endloop
  endfacet
  facet normal -0 0 -1
    outer loop
      vertex -24.8884 -9.97421 0
      vertex -28.1 -11 0
      vertex -24.9849 -9.77017 0
    endloop
  endfacet
  facet normal 0 0 -1
    outer loop
      vertex -24.4863 10.5163 0
      vertex -27.419 12.9032 0
      vertex -27.2213 13.1213 0
    endloop
  endfacet
  facet normal -0 0 -1
    outer loop
      vertex -24.9849 -9.77017 0
      vertex -28.1 -11 0
      vertex -25.061 -9.55765 0
    endloop
  endfacet
  facet normal 0 0 -1
    outer loop
      vertex -24.6379 10.3491 0
      vertex -27.5944 12.6667 0
      vertex -27.419 12.9032 0
    endloop
  endfacet
  facet normal -0 0 -1
    outer loop
      vertex -25.061 -9.55765 0
      vertex -28.1 -11 0
      vertex -25.1158 -9.33871 0
    endloop
  endfacet
  facet normal 0 0 -1
    outer loop
      vertex -24.6379 10.3491 0
      vertex -27.7458 12.4142 0
      vertex -27.5944 12.6667 0
    endloop
  endfacet
  facet normal -0 0 -1
    outer loop
      vertex -25.1158 -9.33871 0
      vertex -28.1 -11 0
      vertex -25.1489 -9.11544 0
    endloop
  endfacet
  facet normal 0 0 -1
    outer loop
      vertex -24.6379 10.3491 0
      vertex -27.8716 12.1481 0
      vertex -27.7458 12.4142 0
    endloop
  endfacet
  facet normal -0 0 -1
    outer loop
      vertex -25.1489 -9.11544 0
      vertex -28.1 -11 0
      vertex -25.16 -8.89 0
    endloop
  endfacet
  facet normal 0 0 -1
    outer loop
      vertex -24.6379 10.3491 0
      vertex -27.9708 11.8708 0
      vertex -27.8716 12.1481 0
    endloop
  endfacet
  facet normal 0 0 -1
    outer loop
      vertex -24.7724 10.1678 0
      vertex -28.0423 11.5853 0
      vertex -27.9708 11.8708 0
    endloop
  endfacet
  facet normal 0 0 -1
    outer loop
      vertex -24.7724 10.1678 0
      vertex -28.0855 11.2941 0
      vertex -28.0423 11.5853 0
    endloop
  endfacet
  facet normal 0.998787 -0.0492431 0
    outer loop
      vertex 28.0855 -11.2941 8.5
      vertex 28.1 -11 0
      vertex 28.1 -11 8.5
    endloop
  endfacet
  facet normal 0.998787 -0.0492431 0
    outer loop
      vertex 28.1 -11 0
      vertex 28.0855 -11.2941 8.5
      vertex 28.0855 -11.2941 0
    endloop
  endfacet
  facet normal 0.803208 0.595699 0
    outer loop
      vertex 27.5944 12.6667 8.5
      vertex 27.419 12.9032 0
      vertex 27.419 12.9032 8.5
    endloop
  endfacet
  facet normal 0.803208 0.595699 0
    outer loop
      vertex 27.419 12.9032 0
      vertex 27.5944 12.6667 8.5
      vertex 27.5944 12.6667 0
    endloop
  endfacet
  facet normal 0.740908 -0.671607 0
    outer loop
      vertex 27.2213 -13.1213 8.5
      vertex 27.419 -12.9032 0
      vertex 27.419 -12.9032 8.5
    endloop
  endfacet
  facet normal 0.740908 -0.671607 0
    outer loop
      vertex 27.419 -12.9032 0
      vertex 27.2213 -13.1213 8.5
      vertex 27.2213 -13.1213 0
    endloop
  endfacet
  facet normal -0 0 1
    outer loop
      vertex 27.3 11.2 8.5
      vertex 28.1 11 8.5
      vertex 28.0855 11.2941 8.5
    endloop
  endfacet
  facet normal 0 0 1
    outer loop
      vertex 28.1 11 8.5
      vertex 27.3 11.2 8.5
      vertex 28.1 -11 8.5
    endloop
  endfacet
  facet normal -0 0 1
    outer loop
      vertex 27.2904 11.396 8.5
      vertex 28.0855 11.2941 8.5
      vertex 28.0423 11.5853 8.5
    endloop
  endfacet
  facet normal 0 0 1
    outer loop
      vertex 27.3 -11.2 8.5
      vertex 28.1 -11 8.5
      vertex 27.3 11.2 8.5
    endloop
  endfacet
  facet normal -0 0 1
    outer loop
      vertex 27.2616 11.5902 8.5
      vertex 28.0423 11.5853 8.5
      vertex 27.9708 11.8708 8.5
    endloop
  endfacet
  facet normal 0 0 1
    outer loop
      vertex 28.1 -11 8.5
      vertex 27.3 -11.2 8.5
      vertex 28.0855 -11.2941 8.5
    endloop
  endfacet
  facet normal 0 0 1
    outer loop
      vertex 27.2139 11.7806 8.5
      vertex 27.9708 11.8708 8.5
      vertex 27.8716 12.1481 8.5
    endloop
  endfacet
  facet normal 0 0 1
    outer loop
      vertex 27.2904 -11.396 8.5
      vertex 28.0855 -11.2941 8.5
      vertex 27.3 -11.2 8.5
    endloop
  endfacet
  facet normal 0 0 1
    outer loop
      vertex 27.1478 11.9654 8.5
      vertex 27.8716 12.1481 8.5
      vertex 27.7458 12.4142 8.5
    endloop
  endfacet
  facet normal 0 0 1
    outer loop
      vertex 28.0855 -11.2941 8.5
      vertex 27.2904 -11.396 8.5
      vertex 28.0423 -11.5853 8.5
    endloop
  endfacet
  facet normal 0 0 1
    outer loop
      vertex 27.0638 12.1428 8.5
      vertex 27.7458 12.4142 8.5
      vertex 27.5944 12.6667 8.5
    endloop
  endfacet
  facet normal 0 0 1
    outer loop
      vertex 27.2616 -11.5902 8.5
      vertex 28.0423 -11.5853 8.5
      vertex 27.2904 -11.396 8.5
    endloop
  endfacet
  facet normal 0 0 1
    outer loop
      vertex 26.9629 12.3111 8.5
      vertex 27.5944 12.6667 8.5
      vertex 27.419 12.9032 8.5
    endloop
  endfacet
  facet normal 0 0 1
    outer loop
      vertex 28.0423 -11.5853 8.5
      vertex 27.2616 -11.5902 8.5
      vertex 27.9708 -11.8708 8.5
    endloop
  endfacet
  facet normal -0 0 1
    outer loop
      vertex 27.2139 -11.7806 8.5
      vertex 27.9708 -11.8708 8.5
      vertex 27.2616 -11.5902 8.5
    endloop
  endfacet
  facet normal 0 0 1
    outer loop
      vertex 28.0855 11.2941 8.5
      vertex 27.2904 11.396 8.5
      vertex 27.3 11.2 8.5
    endloop
  endfacet
  facet normal 0 0 1
    outer loop
      vertex 28.0423 11.5853 8.5
      vertex 27.2616 11.5902 8.5
      vertex 27.2904 11.396 8.5
    endloop
  endfacet
  facet normal 0 0 1
    outer loop
      vertex 26.846 12.4688 8.5
      vertex 27.419 12.9032 8.5
      vertex 27.2213 13.1213 8.5
    endloop
  endfacet
  facet normal 0 0 1
    outer loop
      vertex 27.9708 11.8708 8.5
      vertex 27.2139 11.7806 8.5
      vertex 27.2616 11.5902 8.5
    endloop
  endfacet
  facet normal 0 0 1
    outer loop
      vertex 27.8716 12.1481 8.5
      vertex 27.1478 11.9654 8.5
      vertex 27.2139 11.7806 8.5
    endloop
  endfacet
  facet normal 0 0 1
    outer loop
      vertex 27.7458 12.4142 8.5
      vertex 27.0638 12.1428 8.5
      vertex 27.1478 11.9654 8.5
    endloop
  endfacet
  facet normal 0 0 1
    outer loop
      vertex 26.5688 12.746 8.5
      vertex 27.2213 13.1213 8.5
      vertex 27.0032 13.319 8.5
    endloop
  endfacet
  facet normal 0 0 1
    outer loop
      vertex 27.5944 12.6667 8.5
      vertex 26.9629 12.3111 8.5
      vertex 27.0638 12.1428 8.5
    endloop
  endfacet
  facet normal 0 0 1
    outer loop
      vertex 27.419 12.9032 8.5
      vertex 26.846 12.4688 8.5
      vertex 26.9629 12.3111 8.5
    endloop
  endfacet
  facet normal 0 0 1
    outer loop
      vertex 26.4111 12.8629 8.5
      vertex 27.0032 13.319 8.5
      vertex 26.7667 13.4944 8.5
    endloop
  endfacet
  facet normal 0 0 1
    outer loop
      vertex 27.2213 13.1213 8.5
      vertex 26.7142 12.6142 8.5
      vertex 26.846 12.4688 8.5
    endloop
  endfacet
  facet normal 0 0 1
    outer loop
      vertex 27.2213 13.1213 8.5
      vertex 26.5688 12.746 8.5
      vertex 26.7142 12.6142 8.5
    endloop
  endfacet
  facet normal 0 0 1
    outer loop
      vertex 26.2428 12.9638 8.5
      vertex 26.7667 13.4944 8.5
      vertex 26.5142 13.6458 8.5
    endloop
  endfacet
  facet normal 0 0 1
    outer loop
      vertex 27.0032 13.319 8.5
      vertex 26.4111 12.8629 8.5
      vertex 26.5688 12.746 8.5
    endloop
  endfacet
  facet normal 0 0 1
    outer loop
      vertex 26.0654 13.0478 8.5
      vertex 26.5142 13.6458 8.5
      vertex 26.248 13.7716 8.5
    endloop
  endfacet
  facet normal 0 0 1
    outer loop
      vertex 26.7667 13.4944 8.5
      vertex 26.2428 12.9638 8.5
      vertex 26.4111 12.8629 8.5
    endloop
  endfacet
  facet normal 0 0 1
    outer loop
      vertex 26.5142 13.6458 8.5
      vertex 26.0654 13.0478 8.5
      vertex 26.2428 12.9638 8.5
    endloop
  endfacet
  facet normal 0 0 1
    outer loop
      vertex 25.8806 13.1139 8.5
      vertex 26.248 13.7716 8.5
      vertex 25.9708 13.8708 8.5
    endloop
  endfacet
  facet normal 0 0 1
    outer loop
      vertex 26.248 13.7716 8.5
      vertex 25.8806 13.1139 8.5
      vertex 26.0654 13.0478 8.5
    endloop
  endfacet
  facet normal 0 0 1
    outer loop
      vertex 25.9708 13.8708 8.5
      vertex 25.6902 13.1616 8.5
      vertex 25.8806 13.1139 8.5
    endloop
  endfacet
  facet normal 0 0 1
    outer loop
      vertex 25.6853 13.9424 8.5
      vertex 25.6902 13.1616 8.5
      vertex 25.9708 13.8708 8.5
    endloop
  endfacet
  facet normal 0 0 1
    outer loop
      vertex 25.6853 13.9424 8.5
      vertex 25.496 13.1904 8.5
      vertex 25.6902 13.1616 8.5
    endloop
  endfacet
  facet normal 0 0 1
    outer loop
      vertex 25.394 13.9855 8.5
      vertex 25.496 13.1904 8.5
      vertex 25.6853 13.9424 8.5
    endloop
  endfacet
  facet normal 0 0 1
    outer loop
      vertex 25.394 13.9855 8.5
      vertex 25.3 13.2 8.5
      vertex 25.496 13.1904 8.5
    endloop
  endfacet
  facet normal 0 0 1
    outer loop
      vertex 25.1 14 8.5
      vertex 25.3 13.2 8.5
      vertex 25.394 13.9855 8.5
    endloop
  endfacet
  facet normal -0 0 1
    outer loop
      vertex -25.1 14 8.5
      vertex 25.3 13.2 8.5
      vertex 25.1 14 8.5
    endloop
  endfacet
  facet normal 0 0 1
    outer loop
      vertex -25.1 14 8.5
      vertex -25.3 13.2 8.5
      vertex 25.3 13.2 8.5
    endloop
  endfacet
  facet normal -0 0 1
    outer loop
      vertex -25.394 13.9855 8.5
      vertex -25.3 13.2 8.5
      vertex -25.1 14 8.5
    endloop
  endfacet
  facet normal 0 0 1
    outer loop
      vertex -25.394 13.9855 8.5
      vertex -25.496 13.1904 8.5
      vertex -25.3 13.2 8.5
    endloop
  endfacet
  facet normal -0 0 1
    outer loop
      vertex -25.6853 13.9424 8.5
      vertex -25.496 13.1904 8.5
      vertex -25.394 13.9855 8.5
    endloop
  endfacet
  facet normal 0 0 1
    outer loop
      vertex -25.6853 13.9424 8.5
      vertex -25.6902 13.1616 8.5
      vertex -25.496 13.1904 8.5
    endloop
  endfacet
  facet normal -0 0 1
    outer loop
      vertex -25.9708 13.8708 8.5
      vertex -25.6902 13.1616 8.5
      vertex -25.6853 13.9424 8.5
    endloop
  endfacet
  facet normal 0 0 1
    outer loop
      vertex -25.6902 13.1616 8.5
      vertex -25.9708 13.8708 8.5
      vertex -25.8806 13.1139 8.5
    endloop
  endfacet
  facet normal -0 0 1
    outer loop
      vertex -26.248 13.7716 8.5
      vertex -25.8806 13.1139 8.5
      vertex -25.9708 13.8708 8.5
    endloop
  endfacet
  facet normal 0 0 1
    outer loop
      vertex -25.8806 13.1139 8.5
      vertex -26.248 13.7716 8.5
      vertex -26.0654 13.0478 8.5
    endloop
  endfacet
  facet normal -0 0 1
    outer loop
      vertex -26.5142 13.6458 8.5
      vertex -26.0654 13.0478 8.5
      vertex -26.248 13.7716 8.5
    endloop
  endfacet
  facet normal 0 0 1
    outer loop
      vertex -26.0654 13.0478 8.5
      vertex -26.5142 13.6458 8.5
      vertex -26.2428 12.9638 8.5
    endloop
  endfacet
  facet normal -0 0 1
    outer loop
      vertex -26.7667 13.4944 8.5
      vertex -26.2428 12.9638 8.5
      vertex -26.5142 13.6458 8.5
    endloop
  endfacet
  facet normal 0 0 1
    outer loop
      vertex -26.2428 12.9638 8.5
      vertex -26.7667 13.4944 8.5
      vertex -26.4111 12.8629 8.5
    endloop
  endfacet
  facet normal -0 0 1
    outer loop
      vertex -27.0032 13.319 8.5
      vertex -26.4111 12.8629 8.5
      vertex -26.7667 13.4944 8.5
    endloop
  endfacet
  facet normal 0 0 1
    outer loop
      vertex -26.4111 12.8629 8.5
      vertex -27.0032 13.319 8.5
      vertex -26.5688 12.746 8.5
    endloop
  endfacet
  facet normal -0 0 1
    outer loop
      vertex -27.2213 13.1213 8.5
      vertex -26.5688 12.746 8.5
      vertex -27.0032 13.319 8.5
    endloop
  endfacet
  facet normal 0 0 1
    outer loop
      vertex -26.5688 12.746 8.5
      vertex -27.2213 13.1213 8.5
      vertex -26.7142 12.6142 8.5
    endloop
  endfacet
  facet normal 0 0 1
    outer loop
      vertex -26.7142 12.6142 8.5
      vertex -27.2213 13.1213 8.5
      vertex -26.846 12.4688 8.5
    endloop
  endfacet
  facet normal -0 0 1
    outer loop
      vertex -27.419 12.9032 8.5
      vertex -26.846 12.4688 8.5
      vertex -27.2213 13.1213 8.5
    endloop
  endfacet
  facet normal 0 0 1
    outer loop
      vertex -26.846 12.4688 8.5
      vertex -27.419 12.9032 8.5
      vertex -26.9629 12.3111 8.5
    endloop
  endfacet
  facet normal -0 0 1
    outer loop
      vertex -27.5944 12.6667 8.5
      vertex -26.9629 12.3111 8.5
      vertex -27.419 12.9032 8.5
    endloop
  endfacet
  facet normal 0 0 1
    outer loop
      vertex -26.9629 12.3111 8.5
      vertex -27.5944 12.6667 8.5
      vertex -27.0638 12.1428 8.5
    endloop
  endfacet
  facet normal -0 0 1
    outer loop
      vertex -27.7458 12.4142 8.5
      vertex -27.0638 12.1428 8.5
      vertex -27.5944 12.6667 8.5
    endloop
  endfacet
  facet normal 0 0 1
    outer loop
      vertex -27.0638 12.1428 8.5
      vertex -27.7458 12.4142 8.5
      vertex -27.1478 11.9654 8.5
    endloop
  endfacet
  facet normal -0 0 1
    outer loop
      vertex -27.8716 12.1481 8.5
      vertex -27.1478 11.9654 8.5
      vertex -27.7458 12.4142 8.5
    endloop
  endfacet
  facet normal 0 0 1
    outer loop
      vertex -27.1478 11.9654 8.5
      vertex -27.8716 12.1481 8.5
      vertex -27.2139 11.7806 8.5
    endloop
  endfacet
  facet normal -0 0 1
    outer loop
      vertex -27.9708 11.8708 8.5
      vertex -27.2139 11.7806 8.5
      vertex -27.8716 12.1481 8.5
    endloop
  endfacet
  facet normal 0 0 1
    outer loop
      vertex -27.2139 11.7806 8.5
      vertex -27.9708 11.8708 8.5
      vertex -27.2616 11.5902 8.5
    endloop
  endfacet
  facet normal 0 0 1
    outer loop
      vertex -28.0423 11.5853 8.5
      vertex -27.2616 11.5902 8.5
      vertex -27.9708 11.8708 8.5
    endloop
  endfacet
  facet normal 0 0 1
    outer loop
      vertex -27.2616 11.5902 8.5
      vertex -28.0423 11.5853 8.5
      vertex -27.2904 11.396 8.5
    endloop
  endfacet
  facet normal 0 0 1
    outer loop
      vertex -28.0855 11.2941 8.5
      vertex -27.2904 11.396 8.5
      vertex -28.0423 11.5853 8.5
    endloop
  endfacet
  facet normal 0 0 1
    outer loop
      vertex -27.2904 11.396 8.5
      vertex -28.0855 11.2941 8.5
      vertex -27.3 11.2 8.5
    endloop
  endfacet
  facet normal 0 0 1
    outer loop
      vertex -27.3 11.2 8.5
      vertex -28.0855 11.2941 8.5
      vertex -28.1 11 8.5
    endloop
  endfacet
  facet normal 0 0 1
    outer loop
      vertex -27.3 11.2 8.5
      vertex -28.1 11 8.5
      vertex -27.3 6 8.5
    endloop
  endfacet
  facet normal 0 0 1
    outer loop
      vertex -27.3 6 8.5
      vertex -28.1 11 8.5
      vertex -28.1 6 8.5
    endloop
  endfacet
  facet normal 0 0 1
    outer loop
      vertex 27.9708 -11.8708 8.5
      vertex 27.2139 -11.7806 8.5
      vertex 27.8716 -12.1481 8.5
    endloop
  endfacet
  facet normal -0 0 1
    outer loop
      vertex 27.1478 -11.9654 8.5
      vertex 27.8716 -12.1481 8.5
      vertex 27.2139 -11.7806 8.5
    endloop
  endfacet
  facet normal 0 0 1
    outer loop
      vertex 27.8716 -12.1481 8.5
      vertex 27.1478 -11.9654 8.5
      vertex 27.7458 -12.4142 8.5
    endloop
  endfacet
  facet normal -0 0 1
    outer loop
      vertex 27.0638 -12.1428 8.5
      vertex 27.7458 -12.4142 8.5
      vertex 27.1478 -11.9654 8.5
    endloop
  endfacet
  facet normal 0 0 1
    outer loop
      vertex 27.7458 -12.4142 8.5
      vertex 27.0638 -12.1428 8.5
      vertex 27.5944 -12.6667 8.5
    endloop
  endfacet
  facet normal -0 0 1
    outer loop
      vertex 26.9629 -12.3111 8.5
      vertex 27.5944 -12.6667 8.5
      vertex 27.0638 -12.1428 8.5
    endloop
  endfacet
  facet normal 0 0 1
    outer loop
      vertex 27.5944 -12.6667 8.5
      vertex 26.9629 -12.3111 8.5
      vertex 27.419 -12.9032 8.5
    endloop
  endfacet
  facet normal -0 0 1
    outer loop
      vertex 26.846 -12.4688 8.5
      vertex 27.419 -12.9032 8.5
      vertex 26.9629 -12.3111 8.5
    endloop
  endfacet
  facet normal 0 0 1
    outer loop
      vertex 27.419 -12.9032 8.5
      vertex 26.846 -12.4688 8.5
      vertex 27.2213 -13.1213 8.5
    endloop
  endfacet
  facet normal -0 0 1
    outer loop
      vertex 26.7142 -12.6142 8.5
      vertex 27.2213 -13.1213 8.5
      vertex 26.846 -12.4688 8.5
    endloop
  endfacet
  facet normal -0 0 1
    outer loop
      vertex 26.5688 -12.746 8.5
      vertex 27.2213 -13.1213 8.5
      vertex 26.7142 -12.6142 8.5
    endloop
  endfacet
  facet normal 0 0 1
    outer loop
      vertex 27.2213 -13.1213 8.5
      vertex 26.5688 -12.746 8.5
      vertex 27.0032 -13.319 8.5
    endloop
  endfacet
  facet normal -0 0 1
    outer loop
      vertex 26.4111 -12.8629 8.5
      vertex 27.0032 -13.319 8.5
      vertex 26.5688 -12.746 8.5
    endloop
  endfacet
  facet normal 0 0 1
    outer loop
      vertex 27.0032 -13.319 8.5
      vertex 26.4111 -12.8629 8.5
      vertex 26.7667 -13.4944 8.5
    endloop
  endfacet
  facet normal -0 0 1
    outer loop
      vertex 26.2428 -12.9638 8.5
      vertex 26.7667 -13.4944 8.5
      vertex 26.4111 -12.8629 8.5
    endloop
  endfacet
  facet normal 0 0 1
    outer loop
      vertex 26.7667 -13.4944 8.5
      vertex 26.2428 -12.9638 8.5
      vertex 26.5142 -13.6458 8.5
    endloop
  endfacet
  facet normal -0 0 1
    outer loop
      vertex 26.0654 -13.0478 8.5
      vertex 26.5142 -13.6458 8.5
      vertex 26.2428 -12.9638 8.5
    endloop
  endfacet
  facet normal 0 0 1
    outer loop
      vertex 26.5142 -13.6458 8.5
      vertex 26.0654 -13.0478 8.5
      vertex 26.248 -13.7716 8.5
    endloop
  endfacet
  facet normal -0 0 1
    outer loop
      vertex 25.8806 -13.1139 8.5
      vertex 26.248 -13.7716 8.5
      vertex 26.0654 -13.0478 8.5
    endloop
  endfacet
  facet normal 0 0 1
    outer loop
      vertex 26.248 -13.7716 8.5
      vertex 25.8806 -13.1139 8.5
      vertex 25.9708 -13.8708 8.5
    endloop
  endfacet
  facet normal -0 0 1
    outer loop
      vertex 25.6902 -13.1616 8.5
      vertex 25.9708 -13.8708 8.5
      vertex 25.8806 -13.1139 8.5
    endloop
  endfacet
  facet normal 0 0 1
    outer loop
      vertex 25.6902 -13.1616 8.5
      vertex 25.6853 -13.9424 8.5
      vertex 25.9708 -13.8708 8.5
    endloop
  endfacet
  facet normal -0 0 1
    outer loop
      vertex 25.496 -13.1904 8.5
      vertex 25.6853 -13.9424 8.5
      vertex 25.6902 -13.1616 8.5
    endloop
  endfacet
  facet normal 0 0 1
    outer loop
      vertex 25.496 -13.1904 8.5
      vertex 25.394 -13.9855 8.5
      vertex 25.6853 -13.9424 8.5
    endloop
  endfacet
  facet normal -0 0 1
    outer loop
      vertex 25.3 -13.2 8.5
      vertex 25.394 -13.9855 8.5
      vertex 25.496 -13.1904 8.5
    endloop
  endfacet
  facet normal 0 0 1
    outer loop
      vertex 25.3 -13.2 8.5
      vertex 25.1 -14 8.5
      vertex 25.394 -13.9855 8.5
    endloop
  endfacet
  facet normal -0 0 1
    outer loop
      vertex -8.11 -13.2 8.5
      vertex 25.1 -14 8.5
      vertex 25.3 -13.2 8.5
    endloop
  endfacet
  facet normal 0 0 1
    outer loop
      vertex 25.1 -14 8.5
      vertex -8.11 -13.2 8.5
      vertex -8.11 -14 8.5
    endloop
  endfacet
  facet normal -0 0 1
    outer loop
      vertex -28.1 -11 8.5
      vertex -27.3 -11.2 8.5
      vertex -27.3 -6 8.5
    endloop
  endfacet
  facet normal 0 -0 1
    outer loop
      vertex -28.0855 -11.2941 8.5
      vertex -27.3 -11.2 8.5
      vertex -28.1 -11 8.5
    endloop
  endfacet
  facet normal 0 0 1
    outer loop
      vertex -27.3 -11.2 8.5
      vertex -27.5944 -12.6667 8.5
      vertex -27.419 -12.9032 8.5
    endloop
  endfacet
  facet normal 0 0 1
    outer loop
      vertex -27.3 -11.2 8.5
      vertex -27.7458 -12.4142 8.5
      vertex -27.5944 -12.6667 8.5
    endloop
  endfacet
  facet normal 0 0 1
    outer loop
      vertex -27.3 -11.2 8.5
      vertex -27.8716 -12.1481 8.5
      vertex -27.7458 -12.4142 8.5
    endloop
  endfacet
  facet normal 0 0 1
    outer loop
      vertex -27.3 -11.2 8.5
      vertex -27.9708 -11.8708 8.5
      vertex -27.8716 -12.1481 8.5
    endloop
  endfacet
  facet normal 0 0 1
    outer loop
      vertex -27.3 -11.2 8.5
      vertex -28.0423 -11.5853 8.5
      vertex -27.9708 -11.8708 8.5
    endloop
  endfacet
  facet normal 0 0 1
    outer loop
      vertex -28.1 -11 8.5
      vertex -27.3 -6 8.5
      vertex -28.1 -6 8.5
    endloop
  endfacet
  facet normal 0 0 1
    outer loop
      vertex -27.3 -11.2 8.5
      vertex -28.0855 -11.2941 8.5
      vertex -28.0423 -11.5853 8.5
    endloop
  endfacet
  facet normal 0 0 1
    outer loop
      vertex -17.61 -13.2 8.5
      vertex -25.1 -14 8.5
      vertex -17.61 -14 8.5
    endloop
  endfacet
  facet normal -0 0 1
    outer loop
      vertex -25.3 -13.2 8.5
      vertex -25.1 -14 8.5
      vertex -17.61 -13.2 8.5
    endloop
  endfacet
  facet normal 0 0 1
    outer loop
      vertex -25.3 -13.2 8.5
      vertex -25.394 -13.9855 8.5
      vertex -25.1 -14 8.5
    endloop
  endfacet
  facet normal 0 0 1
    outer loop
      vertex -25.496 -13.1904 8.5
      vertex -25.394 -13.9855 8.5
      vertex -25.3 -13.2 8.5
    endloop
  endfacet
  facet normal 0 0 1
    outer loop
      vertex -25.496 -13.1904 8.5
      vertex -25.6853 -13.9424 8.5
      vertex -25.394 -13.9855 8.5
    endloop
  endfacet
  facet normal 0 0 1
    outer loop
      vertex -25.6902 -13.1616 8.5
      vertex -25.6853 -13.9424 8.5
      vertex -25.496 -13.1904 8.5
    endloop
  endfacet
  facet normal 0 0 1
    outer loop
      vertex -25.9708 -13.8708 8.5
      vertex -25.6902 -13.1616 8.5
      vertex -25.8806 -13.1139 8.5
    endloop
  endfacet
  facet normal 0 0 1
    outer loop
      vertex -25.6902 -13.1616 8.5
      vertex -25.9708 -13.8708 8.5
      vertex -25.6853 -13.9424 8.5
    endloop
  endfacet
  facet normal 0 0 1
    outer loop
      vertex -26.248 -13.7716 8.5
      vertex -25.8806 -13.1139 8.5
      vertex -26.0654 -13.0478 8.5
    endloop
  endfacet
  facet normal 0 0 1
    outer loop
      vertex -26.5142 -13.6458 8.5
      vertex -26.0654 -13.0478 8.5
      vertex -26.2428 -12.9638 8.5
    endloop
  endfacet
  facet normal 0 0 1
    outer loop
      vertex -25.8806 -13.1139 8.5
      vertex -26.248 -13.7716 8.5
      vertex -25.9708 -13.8708 8.5
    endloop
  endfacet
  facet normal 0 0 1
    outer loop
      vertex -26.7667 -13.4944 8.5
      vertex -26.2428 -12.9638 8.5
      vertex -26.4111 -12.8629 8.5
    endloop
  endfacet
  facet normal 0 0 1
    outer loop
      vertex -26.0654 -13.0478 8.5
      vertex -26.5142 -13.6458 8.5
      vertex -26.248 -13.7716 8.5
    endloop
  endfacet
  facet normal 0 0 1
    outer loop
      vertex -27.0032 -13.319 8.5
      vertex -26.4111 -12.8629 8.5
      vertex -26.5688 -12.746 8.5
    endloop
  endfacet
  facet normal 0 0 1
    outer loop
      vertex -27.2213 -13.1213 8.5
      vertex -26.5688 -12.746 8.5
      vertex -26.7142 -12.6142 8.5
    endloop
  endfacet
  facet normal 0 0 1
    outer loop
      vertex -26.2428 -12.9638 8.5
      vertex -26.7667 -13.4944 8.5
      vertex -26.5142 -13.6458 8.5
    endloop
  endfacet
  facet normal 0 0 1
    outer loop
      vertex -27.2213 -13.1213 8.5
      vertex -26.7142 -12.6142 8.5
      vertex -26.846 -12.4688 8.5
    endloop
  endfacet
  facet normal 0 0 1
    outer loop
      vertex -27.419 -12.9032 8.5
      vertex -26.846 -12.4688 8.5
      vertex -26.9629 -12.3111 8.5
    endloop
  endfacet
  facet normal 0 0 1
    outer loop
      vertex -26.4111 -12.8629 8.5
      vertex -27.0032 -13.319 8.5
      vertex -26.7667 -13.4944 8.5
    endloop
  endfacet
  facet normal 0 0 1
    outer loop
      vertex -27.419 -12.9032 8.5
      vertex -26.9629 -12.3111 8.5
      vertex -27.0638 -12.1428 8.5
    endloop
  endfacet
  facet normal 0 0 1
    outer loop
      vertex -27.419 -12.9032 8.5
      vertex -27.0638 -12.1428 8.5
      vertex -27.1478 -11.9654 8.5
    endloop
  endfacet
  facet normal 0 0 1
    outer loop
      vertex -27.419 -12.9032 8.5
      vertex -27.1478 -11.9654 8.5
      vertex -27.2139 -11.7806 8.5
    endloop
  endfacet
  facet normal 0 0 1
    outer loop
      vertex -26.5688 -12.746 8.5
      vertex -27.2213 -13.1213 8.5
      vertex -27.0032 -13.319 8.5
    endloop
  endfacet
  facet normal 0 0 1
    outer loop
      vertex -27.419 -12.9032 8.5
      vertex -27.2139 -11.7806 8.5
      vertex -27.2616 -11.5902 8.5
    endloop
  endfacet
  facet normal 0 0 1
    outer loop
      vertex -27.419 -12.9032 8.5
      vertex -27.2616 -11.5902 8.5
      vertex -27.2904 -11.396 8.5
    endloop
  endfacet
  facet normal 0 0 1
    outer loop
      vertex -27.419 -12.9032 8.5
      vertex -27.2904 -11.396 8.5
      vertex -27.3 -11.2 8.5
    endloop
  endfacet
  facet normal 0 0 1
    outer loop
      vertex -26.846 -12.4688 8.5
      vertex -27.419 -12.9032 8.5
      vertex -27.2213 -13.1213 8.5
    endloop
  endfacet
  facet normal 0.671607 0.740908 -0
    outer loop
      vertex 27.2213 13.1213 0
      vertex 27.0032 13.319 8.5
      vertex 27.2213 13.1213 8.5
    endloop
  endfacet
  facet normal 0.671607 0.740908 0
    outer loop
      vertex 27.0032 13.319 8.5
      vertex 27.2213 13.1213 0
      vertex 27.0032 13.319 0
    endloop
  endfacet
  facet normal -0.243494 -0.969902 0
    outer loop
      vertex 25.2951 11.9808 1.8
      vertex 25.3903 11.9569 7.2
      vertex 25.2951 11.9808 7.2
    endloop
  endfacet
  facet normal -0.243494 -0.969902 -0
    outer loop
      vertex 25.3903 11.9569 7.2
      vertex 25.2951 11.9808 1.8
      vertex 25.3903 11.9569 1.8
    endloop
  endfacet
  facet normal 0.941742 0.336336 0
    outer loop
      vertex -26.0239 -11.3827 7.2
      vertex -26.0569 -11.2903 1.8
      vertex -26.0569 -11.2903 7.2
    endloop
  endfacet
  facet normal 0.941742 0.336336 0
    outer loop
      vertex -26.0569 -11.2903 1.8
      vertex -26.0239 -11.3827 7.2
      vertex -26.0239 -11.3827 1.8
    endloop
  endfacet
  facet normal 0 -1 0
    outer loop
      vertex -25.1 12 1.8
      vertex 25.1 12 7.2
      vertex -25.1 12 7.2
    endloop
  endfacet
  facet normal 0 -1 -0
    outer loop
      vertex 25.1 12 7.2
      vertex -25.1 12 1.8
      vertex 25.1 12 1.8
    endloop
  endfacet
  facet normal -0.146696 -0.989182 0
    outer loop
      vertex 25.198 11.9952 1.8
      vertex 25.2951 11.9808 7.2
      vertex 25.198 11.9952 7.2
    endloop
  endfacet
  facet normal -0.146696 -0.989182 -0
    outer loop
      vertex 25.2951 11.9808 7.2
      vertex 25.198 11.9952 1.8
      vertex 25.2951 11.9808 1.8
    endloop
  endfacet
  facet normal -0.802925 0.59608 0
    outer loop
      vertex 25.873 -11.6344 1.8
      vertex 25.9315 -11.5556 7.2
      vertex 25.9315 -11.5556 1.8
    endloop
  endfacet
  facet normal -0.802925 0.59608 0
    outer loop
      vertex 25.9315 -11.5556 7.2
      vertex 25.873 -11.6344 1.8
      vertex 25.873 -11.6344 7.2
    endloop
  endfacet
  facet normal -0.0489209 -0.998803 0
    outer loop
      vertex 25.1 12 1.8
      vertex 25.198 11.9952 7.2
      vertex 25.1 12 7.2
    endloop
  endfacet
  facet normal -0.0489209 -0.998803 -0
    outer loop
      vertex 25.198 11.9952 7.2
      vertex 25.1 12 1.8
      vertex 25.198 11.9952 1.8
    endloop
  endfacet
  facet normal 0.243494 -0.969902 0
    outer loop
      vertex -25.3903 11.9569 1.8
      vertex -25.2951 11.9808 7.2
      vertex -25.3903 11.9569 7.2
    endloop
  endfacet
  facet normal 0.243494 -0.969902 0
    outer loop
      vertex -25.2951 11.9808 7.2
      vertex -25.3903 11.9569 1.8
      vertex -25.2951 11.9808 1.8
    endloop
  endfacet
  facet normal 0.513596 0.858032 -0
    outer loop
      vertex -25.5714 -11.8819 1.8
      vertex -25.6556 -11.8315 7.2
      vertex -25.5714 -11.8819 7.2
    endloop
  endfacet
  facet normal 0.513596 0.858032 0
    outer loop
      vertex -25.6556 -11.8315 7.2
      vertex -25.5714 -11.8819 1.8
      vertex -25.6556 -11.8315 1.8
    endloop
  endfacet
  facet normal 0.427955 -0.9038 0
    outer loop
      vertex -25.5714 11.8819 1.8
      vertex -25.4827 11.9239 7.2
      vertex -25.5714 11.8819 7.2
    endloop
  endfacet
  facet normal 0.427955 -0.9038 0
    outer loop
      vertex -25.4827 11.9239 7.2
      vertex -25.5714 11.8819 1.8
      vertex -25.4827 11.9239 1.8
    endloop
  endfacet
  facet normal 0.427955 0.9038 -0
    outer loop
      vertex -25.4827 -11.9239 1.8
      vertex -25.5714 -11.8819 7.2
      vertex -25.4827 -11.9239 7.2
    endloop
  endfacet
  facet normal 0.427955 0.9038 0
    outer loop
      vertex -25.5714 -11.8819 7.2
      vertex -25.4827 -11.9239 1.8
      vertex -25.5714 -11.8819 1.8
    endloop
  endfacet
  facet normal -0.941742 0.336336 0
    outer loop
      vertex 26.0239 -11.3827 1.8
      vertex 26.0569 -11.2903 7.2
      vertex 26.0569 -11.2903 1.8
    endloop
  endfacet
  facet normal -0.941742 0.336336 0
    outer loop
      vertex 26.0569 -11.2903 7.2
      vertex 26.0239 -11.3827 1.8
      vertex 26.0239 -11.3827 7.2
    endloop
  endfacet
  facet normal 0.740908 -0.671607 0
    outer loop
      vertex -25.873 11.6344 7.2
      vertex -25.8071 11.7071 1.8
      vertex -25.8071 11.7071 7.2
    endloop
  endfacet
  facet normal 0.740908 -0.671607 0
    outer loop
      vertex -25.8071 11.7071 1.8
      vertex -25.873 11.6344 7.2
      vertex -25.873 11.6344 1.8
    endloop
  endfacet
  facet normal 0.336336 -0.941742 0
    outer loop
      vertex -25.4827 11.9239 1.8
      vertex -25.3903 11.9569 7.2
      vertex -25.4827 11.9239 7.2
    endloop
  endfacet
  facet normal 0.336336 -0.941742 0
    outer loop
      vertex -25.3903 11.9569 7.2
      vertex -25.4827 11.9239 1.8
      vertex -25.3903 11.9569 1.8
    endloop
  endfacet
  facet normal -1 0 0
    outer loop
      vertex 26.1 -11 1.8
      vertex 26.1 11 7.2
      vertex 26.1 11 1.8
    endloop
  endfacet
  facet normal -1 -0 0
    outer loop
      vertex 26.1 11 7.2
      vertex 26.1 -11 1.8
      vertex 26.1 -11 7.2
    endloop
  endfacet
  facet normal 1 -0 0
    outer loop
      vertex -26.1 -11 7.2
      vertex -26.1 11 1.8
      vertex -26.1 11 7.2
    endloop
  endfacet
  facet normal 1 0 0
    outer loop
      vertex -26.1 11 1.8
      vertex -26.1 -11 7.2
      vertex -26.1 -11 1.8
    endloop
  endfacet
  facet normal 0.9038 -0.427955 0
    outer loop
      vertex -26.0239 11.3827 7.2
      vertex -25.9819 11.4714 1.8
      vertex -25.9819 11.4714 7.2
    endloop
  endfacet
  facet normal 0.9038 -0.427955 0
    outer loop
      vertex -25.9819 11.4714 1.8
      vertex -26.0239 11.3827 7.2
      vertex -26.0239 11.3827 1.8
    endloop
  endfacet
  facet normal 0.671607 -0.740908 0
    outer loop
      vertex -25.8071 11.7071 1.8
      vertex -25.7344 11.773 7.2
      vertex -25.8071 11.7071 7.2
    endloop
  endfacet
  facet normal 0.671607 -0.740908 0
    outer loop
      vertex -25.7344 11.773 7.2
      vertex -25.8071 11.7071 1.8
      vertex -25.7344 11.773 1.8
    endloop
  endfacet
  facet normal -0.59608 0.802925 0
    outer loop
      vertex 25.7344 -11.773 1.8
      vertex 25.6556 -11.8315 7.2
      vertex 25.7344 -11.773 7.2
    endloop
  endfacet
  facet normal -0.59608 0.802925 0
    outer loop
      vertex 25.6556 -11.8315 7.2
      vertex 25.7344 -11.773 1.8
      vertex 25.6556 -11.8315 1.8
    endloop
  endfacet
  facet normal 0.146696 -0.989182 0
    outer loop
      vertex -25.2951 11.9808 1.8
      vertex -25.198 11.9952 7.2
      vertex -25.2951 11.9808 7.2
    endloop
  endfacet
  facet normal 0.146696 -0.989182 0
    outer loop
      vertex -25.198 11.9952 7.2
      vertex -25.2951 11.9808 1.8
      vertex -25.198 11.9952 1.8
    endloop
  endfacet
  facet normal 0.0489209 -0.998803 0
    outer loop
      vertex -25.198 11.9952 1.8
      vertex -25.1 12 7.2
      vertex -25.198 11.9952 7.2
    endloop
  endfacet
  facet normal 0.0489209 -0.998803 0
    outer loop
      vertex -25.1 12 7.2
      vertex -25.198 11.9952 1.8
      vertex -25.1 12 1.8
    endloop
  endfacet
  facet normal 0.969902 -0.243494 0
    outer loop
      vertex -26.0808 11.1951 7.2
      vertex -26.0569 11.2903 1.8
      vertex -26.0569 11.2903 7.2
    endloop
  endfacet
  facet normal 0.969902 -0.243494 0
    outer loop
      vertex -26.0569 11.2903 1.8
      vertex -26.0808 11.1951 7.2
      vertex -26.0808 11.1951 1.8
    endloop
  endfacet
  facet normal 0 1 0
    outer loop
      vertex 25.1 -12 7.2
      vertex -8.11 -12 1.9
      vertex -8.11 -12 7.2
    endloop
  endfacet
  facet normal 0 1 0
    outer loop
      vertex -25.1 -12 1.8
      vertex -8.11 -12 1.9
      vertex 25.1 -12 1.8
    endloop
  endfacet
  facet normal 0 1 -0
    outer loop
      vertex 25.1 -12 1.8
      vertex -8.11 -12 1.9
      vertex 25.1 -12 7.2
    endloop
  endfacet
  facet normal 0 1 -0
    outer loop
      vertex -17.61 -12 1.9
      vertex -25.1 -12 7.2
      vertex -17.61 -12 7.2
    endloop
  endfacet
  facet normal 0 1 0
    outer loop
      vertex -17.61 -12 1.9
      vertex -25.1 -12 1.8
      vertex -25.1 -12 7.2
    endloop
  endfacet
  facet normal 0 1 0
    outer loop
      vertex -8.11 -12 1.9
      vertex -25.1 -12 1.8
      vertex -17.61 -12 1.9
    endloop
  endfacet
  facet normal 0.9038 0.427955 0
    outer loop
      vertex -25.9819 -11.4714 7.2
      vertex -26.0239 -11.3827 1.8
      vertex -26.0239 -11.3827 7.2
    endloop
  endfacet
  facet normal 0.9038 0.427955 0
    outer loop
      vertex -26.0239 -11.3827 1.8
      vertex -25.9819 -11.4714 7.2
      vertex -25.9819 -11.4714 1.8
    endloop
  endfacet
  facet normal -0.858032 0.513596 0
    outer loop
      vertex 25.9315 -11.5556 1.8
      vertex 25.9819 -11.4714 7.2
      vertex 25.9819 -11.4714 1.8
    endloop
  endfacet
  facet normal -0.858032 0.513596 0
    outer loop
      vertex 25.9819 -11.4714 7.2
      vertex 25.9315 -11.5556 1.8
      vertex 25.9315 -11.5556 7.2
    endloop
  endfacet
  facet normal -0.969902 -0.243494 0
    outer loop
      vertex 26.0808 11.1951 1.8
      vertex 26.0569 11.2903 7.2
      vertex 26.0569 11.2903 1.8
    endloop
  endfacet
  facet normal -0.969902 -0.243494 0
    outer loop
      vertex 26.0569 11.2903 7.2
      vertex 26.0808 11.1951 1.8
      vertex 26.0808 11.1951 7.2
    endloop
  endfacet
  facet normal 0.243494 0.969902 -0
    outer loop
      vertex -25.2951 -11.9808 1.8
      vertex -25.3903 -11.9569 7.2
      vertex -25.2951 -11.9808 7.2
    endloop
  endfacet
  facet normal 0.243494 0.969902 0
    outer loop
      vertex -25.3903 -11.9569 7.2
      vertex -25.2951 -11.9808 1.8
      vertex -25.3903 -11.9569 1.8
    endloop
  endfacet
  facet normal 0.998803 -0.0489209 0
    outer loop
      vertex -26.1 11 7.2
      vertex -26.0952 11.098 1.8
      vertex -26.0952 11.098 7.2
    endloop
  endfacet
  facet normal 0.998803 -0.0489209 0
    outer loop
      vertex -26.0952 11.098 1.8
      vertex -26.1 11 7.2
      vertex -26.1 11 1.8
    endloop
  endfacet
  facet normal 0.0489209 0.998803 -0
    outer loop
      vertex -25.1 -12 1.8
      vertex -25.198 -11.9952 7.2
      vertex -25.1 -12 7.2
    endloop
  endfacet
  facet normal 0.0489209 0.998803 0
    outer loop
      vertex -25.198 -11.9952 7.2
      vertex -25.1 -12 1.8
      vertex -25.198 -11.9952 1.8
    endloop
  endfacet
  facet normal -0.336336 -0.941742 0
    outer loop
      vertex 25.3903 11.9569 1.8
      vertex 25.4827 11.9239 7.2
      vertex 25.3903 11.9569 7.2
    endloop
  endfacet
  facet normal -0.336336 -0.941742 -0
    outer loop
      vertex 25.4827 11.9239 7.2
      vertex 25.3903 11.9569 1.8
      vertex 25.4827 11.9239 1.8
    endloop
  endfacet
  facet normal -0.243494 0.969902 0
    outer loop
      vertex 25.3903 -11.9569 1.8
      vertex 25.2951 -11.9808 7.2
      vertex 25.3903 -11.9569 7.2
    endloop
  endfacet
  facet normal -0.243494 0.969902 0
    outer loop
      vertex 25.2951 -11.9808 7.2
      vertex 25.3903 -11.9569 1.8
      vertex 25.2951 -11.9808 1.8
    endloop
  endfacet
  facet normal 0.146696 0.989182 -0
    outer loop
      vertex -25.198 -11.9952 1.8
      vertex -25.2951 -11.9808 7.2
      vertex -25.198 -11.9952 7.2
    endloop
  endfacet
  facet normal 0.146696 0.989182 0
    outer loop
      vertex -25.2951 -11.9808 7.2
      vertex -25.198 -11.9952 1.8
      vertex -25.2951 -11.9808 1.8
    endloop
  endfacet
  facet normal -0.336336 0.941742 0
    outer loop
      vertex 25.4827 -11.9239 1.8
      vertex 25.3903 -11.9569 7.2
      vertex 25.4827 -11.9239 7.2
    endloop
  endfacet
  facet normal -0.336336 0.941742 0
    outer loop
      vertex 25.3903 -11.9569 7.2
      vertex 25.4827 -11.9239 1.8
      vertex 25.3903 -11.9569 1.8
    endloop
  endfacet
  facet normal 0.858032 0.513596 0
    outer loop
      vertex -25.9315 -11.5556 7.2
      vertex -25.9819 -11.4714 1.8
      vertex -25.9819 -11.4714 7.2
    endloop
  endfacet
  facet normal 0.858032 0.513596 0
    outer loop
      vertex -25.9819 -11.4714 1.8
      vertex -25.9315 -11.5556 7.2
      vertex -25.9315 -11.5556 1.8
    endloop
  endfacet
  facet normal 0.802925 0.59608 0
    outer loop
      vertex -25.873 -11.6344 7.2
      vertex -25.9315 -11.5556 1.8
      vertex -25.9315 -11.5556 7.2
    endloop
  endfacet
  facet normal 0.802925 0.59608 0
    outer loop
      vertex -25.9315 -11.5556 1.8
      vertex -25.873 -11.6344 7.2
      vertex -25.873 -11.6344 1.8
    endloop
  endfacet
  facet normal -0.989182 -0.146696 0
    outer loop
      vertex 26.0952 11.098 1.8
      vertex 26.0808 11.1951 7.2
      vertex 26.0808 11.1951 1.8
    endloop
  endfacet
  facet normal -0.989182 -0.146696 0
    outer loop
      vertex 26.0808 11.1951 7.2
      vertex 26.0952 11.098 1.8
      vertex 26.0952 11.098 7.2
    endloop
  endfacet
  facet normal 0.59608 -0.802925 0
    outer loop
      vertex -25.7344 11.773 1.8
      vertex -25.6556 11.8315 7.2
      vertex -25.7344 11.773 7.2
    endloop
  endfacet
  facet normal 0.59608 -0.802925 0
    outer loop
      vertex -25.6556 11.8315 7.2
      vertex -25.7344 11.773 1.8
      vertex -25.6556 11.8315 1.8
    endloop
  endfacet
  facet normal -0.146696 0.989182 0
    outer loop
      vertex 25.2951 -11.9808 1.8
      vertex 25.198 -11.9952 7.2
      vertex 25.2951 -11.9808 7.2
    endloop
  endfacet
  facet normal -0.146696 0.989182 0
    outer loop
      vertex 25.198 -11.9952 7.2
      vertex 25.2951 -11.9808 1.8
      vertex 25.198 -11.9952 1.8
    endloop
  endfacet
  facet normal -0.0489209 0.998803 0
    outer loop
      vertex 25.198 -11.9952 1.8
      vertex 25.1 -12 7.2
      vertex 25.198 -11.9952 7.2
    endloop
  endfacet
  facet normal -0.0489209 0.998803 0
    outer loop
      vertex 25.1 -12 7.2
      vertex 25.198 -11.9952 1.8
      vertex 25.1 -12 1.8
    endloop
  endfacet
  facet normal -0.671607 -0.740908 0
    outer loop
      vertex 25.7344 11.773 1.8
      vertex 25.8071 11.7071 7.2
      vertex 25.7344 11.773 7.2
    endloop
  endfacet
  facet normal -0.671607 -0.740908 -0
    outer loop
      vertex 25.8071 11.7071 7.2
      vertex 25.7344 11.773 1.8
      vertex 25.8071 11.7071 1.8
    endloop
  endfacet
  facet normal 0.336336 0.941742 -0
    outer loop
      vertex -25.3903 -11.9569 1.8
      vertex -25.4827 -11.9239 7.2
      vertex -25.3903 -11.9569 7.2
    endloop
  endfacet
  facet normal 0.336336 0.941742 0
    outer loop
      vertex -25.4827 -11.9239 7.2
      vertex -25.3903 -11.9569 1.8
      vertex -25.4827 -11.9239 1.8
    endloop
  endfacet
  facet normal 0.671607 0.740908 -0
    outer loop
      vertex -25.7344 -11.773 1.8
      vertex -25.8071 -11.7071 7.2
      vertex -25.7344 -11.773 7.2
    endloop
  endfacet
  facet normal 0.671607 0.740908 0
    outer loop
      vertex -25.8071 -11.7071 7.2
      vertex -25.7344 -11.773 1.8
      vertex -25.8071 -11.7071 1.8
    endloop
  endfacet
  facet normal -0.740908 0.671607 0
    outer loop
      vertex 25.8071 -11.7071 1.8
      vertex 25.873 -11.6344 7.2
      vertex 25.873 -11.6344 1.8
    endloop
  endfacet
  facet normal -0.740908 0.671607 0
    outer loop
      vertex 25.873 -11.6344 7.2
      vertex 25.8071 -11.7071 1.8
      vertex 25.8071 -11.7071 7.2
    endloop
  endfacet
  facet normal 0.59608 0.802925 -0
    outer loop
      vertex -25.6556 -11.8315 1.8
      vertex -25.7344 -11.773 7.2
      vertex -25.6556 -11.8315 7.2
    endloop
  endfacet
  facet normal 0.59608 0.802925 0
    outer loop
      vertex -25.7344 -11.773 7.2
      vertex -25.6556 -11.8315 1.8
      vertex -25.7344 -11.773 1.8
    endloop
  endfacet
  facet normal -0.59608 -0.802925 0
    outer loop
      vertex 25.6556 11.8315 1.8
      vertex 25.7344 11.773 7.2
      vertex 25.6556 11.8315 7.2
    endloop
  endfacet
  facet normal -0.59608 -0.802925 -0
    outer loop
      vertex 25.7344 11.773 7.2
      vertex 25.6556 11.8315 1.8
      vertex 25.7344 11.773 1.8
    endloop
  endfacet
  facet normal 0.998803 0.0489209 0
    outer loop
      vertex -26.0952 -11.098 7.2
      vertex -26.1 -11 1.8
      vertex -26.1 -11 7.2
    endloop
  endfacet
  facet normal 0.998803 0.0489209 0
    outer loop
      vertex -26.1 -11 1.8
      vertex -26.0952 -11.098 7.2
      vertex -26.0952 -11.098 1.8
    endloop
  endfacet
  facet normal 0.989182 -0.146696 0
    outer loop
      vertex -26.0952 11.098 7.2
      vertex -26.0808 11.1951 1.8
      vertex -26.0808 11.1951 7.2
    endloop
  endfacet
  facet normal 0.989182 -0.146696 0
    outer loop
      vertex -26.0808 11.1951 1.8
      vertex -26.0952 11.098 7.2
      vertex -26.0952 11.098 1.8
    endloop
  endfacet
  facet normal 0.969902 0.243494 0
    outer loop
      vertex -26.0569 -11.2903 7.2
      vertex -26.0808 -11.1951 1.8
      vertex -26.0808 -11.1951 7.2
    endloop
  endfacet
  facet normal 0.969902 0.243494 0
    outer loop
      vertex -26.0808 -11.1951 1.8
      vertex -26.0569 -11.2903 7.2
      vertex -26.0569 -11.2903 1.8
    endloop
  endfacet
  facet normal -0.513596 -0.858032 0
    outer loop
      vertex 25.5714 11.8819 1.8
      vertex 25.6556 11.8315 7.2
      vertex 25.5714 11.8819 7.2
    endloop
  endfacet
  facet normal -0.513596 -0.858032 -0
    outer loop
      vertex 25.6556 11.8315 7.2
      vertex 25.5714 11.8819 1.8
      vertex 25.6556 11.8315 1.8
    endloop
  endfacet
  facet normal -0.858032 -0.513596 0
    outer loop
      vertex 25.9819 11.4714 1.8
      vertex 25.9315 11.5556 7.2
      vertex 25.9315 11.5556 1.8
    endloop
  endfacet
  facet normal -0.858032 -0.513596 0
    outer loop
      vertex 25.9315 11.5556 7.2
      vertex 25.9819 11.4714 1.8
      vertex 25.9819 11.4714 7.2
    endloop
  endfacet
  facet normal 0.989182 0.146696 0
    outer loop
      vertex -26.0808 -11.1951 7.2
      vertex -26.0952 -11.098 1.8
      vertex -26.0952 -11.098 7.2
    endloop
  endfacet
  facet normal 0.989182 0.146696 0
    outer loop
      vertex -26.0952 -11.098 1.8
      vertex -26.0808 -11.1951 7.2
      vertex -26.0808 -11.1951 1.8
    endloop
  endfacet
  facet normal -0.9038 0.427955 0
    outer loop
      vertex 25.9819 -11.4714 1.8
      vertex 26.0239 -11.3827 7.2
      vertex 26.0239 -11.3827 1.8
    endloop
  endfacet
  facet normal -0.9038 0.427955 0
    outer loop
      vertex 26.0239 -11.3827 7.2
      vertex 25.9819 -11.4714 1.8
      vertex 25.9819 -11.4714 7.2
    endloop
  endfacet
  facet normal 0.858032 -0.513596 0
    outer loop
      vertex -25.9819 11.4714 7.2
      vertex -25.9315 11.5556 1.8
      vertex -25.9315 11.5556 7.2
    endloop
  endfacet
  facet normal 0.858032 -0.513596 0
    outer loop
      vertex -25.9315 11.5556 1.8
      vertex -25.9819 11.4714 7.2
      vertex -25.9819 11.4714 1.8
    endloop
  endfacet
  facet normal -0.427955 0.9038 0
    outer loop
      vertex 25.5714 -11.8819 1.8
      vertex 25.4827 -11.9239 7.2
      vertex 25.5714 -11.8819 7.2
    endloop
  endfacet
  facet normal -0.427955 0.9038 0
    outer loop
      vertex 25.4827 -11.9239 7.2
      vertex 25.5714 -11.8819 1.8
      vertex 25.4827 -11.9239 1.8
    endloop
  endfacet
  facet normal 0.740908 0.671607 0
    outer loop
      vertex -25.8071 -11.7071 7.2
      vertex -25.873 -11.6344 1.8
      vertex -25.873 -11.6344 7.2
    endloop
  endfacet
  facet normal 0.740908 0.671607 0
    outer loop
      vertex -25.873 -11.6344 1.8
      vertex -25.8071 -11.7071 7.2
      vertex -25.8071 -11.7071 1.8
    endloop
  endfacet
  facet normal -0.969902 0.243494 0
    outer loop
      vertex 26.0569 -11.2903 1.8
      vertex 26.0808 -11.1951 7.2
      vertex 26.0808 -11.1951 1.8
    endloop
  endfacet
  facet normal -0.969902 0.243494 0
    outer loop
      vertex 26.0808 -11.1951 7.2
      vertex 26.0569 -11.2903 1.8
      vertex 26.0569 -11.2903 7.2
    endloop
  endfacet
  facet normal -0.671607 0.740908 0
    outer loop
      vertex 25.8071 -11.7071 1.8
      vertex 25.7344 -11.773 7.2
      vertex 25.8071 -11.7071 7.2
    endloop
  endfacet
  facet normal -0.671607 0.740908 0
    outer loop
      vertex 25.7344 -11.773 7.2
      vertex 25.8071 -11.7071 1.8
      vertex 25.7344 -11.773 1.8
    endloop
  endfacet
  facet normal -0.998803 0.0489209 0
    outer loop
      vertex 26.0952 -11.098 1.8
      vertex 26.1 -11 7.2
      vertex 26.1 -11 1.8
    endloop
  endfacet
  facet normal -0.998803 0.0489209 0
    outer loop
      vertex 26.1 -11 7.2
      vertex 26.0952 -11.098 1.8
      vertex 26.0952 -11.098 7.2
    endloop
  endfacet
  facet normal 0.513596 -0.858032 0
    outer loop
      vertex -25.6556 11.8315 1.8
      vertex -25.5714 11.8819 7.2
      vertex -25.6556 11.8315 7.2
    endloop
  endfacet
  facet normal 0.513596 -0.858032 0
    outer loop
      vertex -25.5714 11.8819 7.2
      vertex -25.6556 11.8315 1.8
      vertex -25.5714 11.8819 1.8
    endloop
  endfacet
  facet normal -0.802925 -0.59608 0
    outer loop
      vertex 25.9315 11.5556 1.8
      vertex 25.873 11.6344 7.2
      vertex 25.873 11.6344 1.8
    endloop
  endfacet
  facet normal -0.802925 -0.59608 0
    outer loop
      vertex 25.873 11.6344 7.2
      vertex 25.9315 11.5556 1.8
      vertex 25.9315 11.5556 7.2
    endloop
  endfacet
  facet normal 0.802925 -0.59608 0
    outer loop
      vertex -25.9315 11.5556 7.2
      vertex -25.873 11.6344 1.8
      vertex -25.873 11.6344 7.2
    endloop
  endfacet
  facet normal 0.802925 -0.59608 0
    outer loop
      vertex -25.873 11.6344 1.8
      vertex -25.9315 11.5556 7.2
      vertex -25.9315 11.5556 1.8
    endloop
  endfacet
  facet normal -0.740908 -0.671607 0
    outer loop
      vertex 25.873 11.6344 1.8
      vertex 25.8071 11.7071 7.2
      vertex 25.8071 11.7071 1.8
    endloop
  endfacet
  facet normal -0.740908 -0.671607 0
    outer loop
      vertex 25.8071 11.7071 7.2
      vertex 25.873 11.6344 1.8
      vertex 25.873 11.6344 7.2
    endloop
  endfacet
  facet normal -0.513596 0.858032 0
    outer loop
      vertex 25.6556 -11.8315 1.8
      vertex 25.5714 -11.8819 7.2
      vertex 25.6556 -11.8315 7.2
    endloop
  endfacet
  facet normal -0.513596 0.858032 0
    outer loop
      vertex 25.5714 -11.8819 7.2
      vertex 25.6556 -11.8315 1.8
      vertex 25.5714 -11.8819 1.8
    endloop
  endfacet
  facet normal -0.989182 0.146696 0
    outer loop
      vertex 26.0808 -11.1951 1.8
      vertex 26.0952 -11.098 7.2
      vertex 26.0952 -11.098 1.8
    endloop
  endfacet
  facet normal -0.989182 0.146696 0
    outer loop
      vertex 26.0952 -11.098 7.2
      vertex 26.0808 -11.1951 1.8
      vertex 26.0808 -11.1951 7.2
    endloop
  endfacet
  facet normal 0.941742 -0.336336 0
    outer loop
      vertex -26.0569 11.2903 7.2
      vertex -26.0239 11.3827 1.8
      vertex -26.0239 11.3827 7.2
    endloop
  endfacet
  facet normal 0.941742 -0.336336 0
    outer loop
      vertex -26.0239 11.3827 1.8
      vertex -26.0569 11.2903 7.2
      vertex -26.0569 11.2903 1.8
    endloop
  endfacet
  facet normal 0 0 1
    outer loop
      vertex 21.7117 8.54166 1.8
      vertex -21.7117 8.54166 1.8
      vertex 21.7513 8.43078 1.8
    endloop
  endfacet
  facet normal 0 0 1
    outer loop
      vertex 21.7513 -8.43078 1.8
      vertex -21.6658 -8.77238 1.8
      vertex -21.66 -8.89 1.8
    endloop
  endfacet
  facet normal 0 0 1
    outer loop
      vertex -21.7513 8.43078 1.8
      vertex 21.7513 8.43078 1.8
      vertex -21.7117 8.54166 1.8
    endloop
  endfacet
  facet normal 0 0 1
    outer loop
      vertex 21.7513 -8.43078 1.8
      vertex -21.6831 -8.65589 1.8
      vertex -21.6658 -8.77238 1.8
    endloop
  endfacet
  facet normal 0 0 1
    outer loop
      vertex 21.7513 8.43078 1.8
      vertex -21.7513 8.43078 1.8
      vertex 21.7513 -8.43078 1.8
    endloop
  endfacet
  facet normal 0 0 1
    outer loop
      vertex 21.7513 -8.43078 1.8
      vertex -21.7117 -8.54166 1.8
      vertex -21.6831 -8.65589 1.8
    endloop
  endfacet
  facet normal 0 0 1
    outer loop
      vertex -21.7513 -8.43078 1.8
      vertex 21.7513 -8.43078 1.8
      vertex -21.7513 8.43078 1.8
    endloop
  endfacet
  facet normal 0 0 1
    outer loop
      vertex 21.7513 -8.43078 1.8
      vertex -21.7513 -8.43078 1.8
      vertex -21.7117 -8.54166 1.8
    endloop
  endfacet
  facet normal -0 0 1
    outer loop
      vertex -21.8017 8.32432 1.8
      vertex -21.7513 -8.43078 1.8
      vertex -21.7513 8.43078 1.8
    endloop
  endfacet
  facet normal 0 0 1
    outer loop
      vertex -21.8017 8.32432 1.8
      vertex -21.8017 -8.32432 1.8
      vertex -21.7513 -8.43078 1.8
    endloop
  endfacet
  facet normal -0 0 1
    outer loop
      vertex -21.8622 8.22332 1.8
      vertex -21.8017 -8.32432 1.8
      vertex -21.8017 8.32432 1.8
    endloop
  endfacet
  facet normal 0 0 1
    outer loop
      vertex -21.8622 8.22332 1.8
      vertex -21.8622 -8.22332 1.8
      vertex -21.8017 -8.32432 1.8
    endloop
  endfacet
  facet normal -0 0 1
    outer loop
      vertex -21.9324 8.12873 1.8
      vertex -21.8622 -8.22332 1.8
      vertex -21.8622 8.22332 1.8
    endloop
  endfacet
  facet normal 0 0 1
    outer loop
      vertex -21.9324 8.12873 1.8
      vertex -21.9324 -8.12873 1.8
      vertex -21.8622 -8.22332 1.8
    endloop
  endfacet
  facet normal -0 0 1
    outer loop
      vertex -22.0115 8.04147 1.8
      vertex -21.9324 -8.12873 1.8
      vertex -21.9324 8.12873 1.8
    endloop
  endfacet
  facet normal 0 0 1
    outer loop
      vertex -22.0115 8.04147 1.8
      vertex -22.0115 -8.04147 1.8
      vertex -21.9324 -8.12873 1.8
    endloop
  endfacet
  facet normal -0 0 1
    outer loop
      vertex -22.0987 7.96239 1.8
      vertex -22.0115 -8.04147 1.8
      vertex -22.0115 8.04147 1.8
    endloop
  endfacet
  facet normal 0 0 1
    outer loop
      vertex -22.0987 7.96239 1.8
      vertex -22.0987 -7.96239 1.8
      vertex -22.0115 -8.04147 1.8
    endloop
  endfacet
  facet normal -0 0 1
    outer loop
      vertex -22.1933 7.89224 1.8
      vertex -22.0987 -7.96239 1.8
      vertex -22.0987 7.96239 1.8
    endloop
  endfacet
  facet normal 0 0 1
    outer loop
      vertex -22.1933 7.89224 1.8
      vertex -22.1933 -7.89224 1.8
      vertex -22.0987 -7.96239 1.8
    endloop
  endfacet
  facet normal -0 0 1
    outer loop
      vertex -22.2943 7.8317 1.8
      vertex -22.1933 -7.89224 1.8
      vertex -22.1933 7.89224 1.8
    endloop
  endfacet
  facet normal 0 0 1
    outer loop
      vertex -22.2943 7.8317 1.8
      vertex -22.2943 -7.8317 1.8
      vertex -22.1933 -7.89224 1.8
    endloop
  endfacet
  facet normal -0 0 1
    outer loop
      vertex -22.4008 7.78134 1.8
      vertex -22.2943 -7.8317 1.8
      vertex -22.2943 7.8317 1.8
    endloop
  endfacet
  facet normal 0 0 1
    outer loop
      vertex -22.4008 7.78134 1.8
      vertex -22.4008 -7.78134 1.8
      vertex -22.2943 -7.8317 1.8
    endloop
  endfacet
  facet normal -0 0 1
    outer loop
      vertex -22.5117 7.74167 1.8
      vertex -22.4008 -7.78134 1.8
      vertex -22.4008 7.78134 1.8
    endloop
  endfacet
  facet normal 0 0 1
    outer loop
      vertex -22.5117 7.74167 1.8
      vertex -22.5117 -7.74167 1.8
      vertex -22.4008 -7.78134 1.8
    endloop
  endfacet
  facet normal -0 0 1
    outer loop
      vertex -22.6259 7.71306 1.8
      vertex -22.5117 -7.74167 1.8
      vertex -22.5117 7.74167 1.8
    endloop
  endfacet
  facet normal 0 0 1
    outer loop
      vertex -22.6259 7.71306 1.8
      vertex -22.6259 -7.71306 1.8
      vertex -22.5117 -7.74167 1.8
    endloop
  endfacet
  facet normal -0 0 1
    outer loop
      vertex -22.7424 7.69578 1.8
      vertex -22.6259 -7.71306 1.8
      vertex -22.6259 7.71306 1.8
    endloop
  endfacet
  facet normal 0 0 1
    outer loop
      vertex -22.7424 7.69578 1.8
      vertex -22.7424 -7.69578 1.8
      vertex -22.6259 -7.71306 1.8
    endloop
  endfacet
  facet normal -0 0 1
    outer loop
      vertex -22.86 7.69 1.8
      vertex -22.7424 -7.69578 1.8
      vertex -22.7424 7.69578 1.8
    endloop
  endfacet
  facet normal 0 0 1
    outer loop
      vertex -22.86 7.69 1.8
      vertex -22.86 -7.69 1.8
      vertex -22.7424 -7.69578 1.8
    endloop
  endfacet
  facet normal 0 0 1
    outer loop
      vertex -22.9776 7.69578 1.8
      vertex -22.86 -7.69 1.8
      vertex -22.86 7.69 1.8
    endloop
  endfacet
  facet normal 0 0 1
    outer loop
      vertex -22.9776 7.69578 1.8
      vertex -22.9776 -7.69578 1.8
      vertex -22.86 -7.69 1.8
    endloop
  endfacet
  facet normal 0 0 1
    outer loop
      vertex -23.0941 7.71306 1.8
      vertex -22.9776 -7.69578 1.8
      vertex -22.9776 7.69578 1.8
    endloop
  endfacet
  facet normal 0 0 1
    outer loop
      vertex -23.0941 7.71306 1.8
      vertex -23.0941 -7.71306 1.8
      vertex -22.9776 -7.69578 1.8
    endloop
  endfacet
  facet normal 0 0 1
    outer loop
      vertex -23.2083 7.74167 1.8
      vertex -23.0941 -7.71306 1.8
      vertex -23.0941 7.71306 1.8
    endloop
  endfacet
  facet normal 0 0 1
    outer loop
      vertex -23.2083 7.74167 1.8
      vertex -23.2083 -7.74167 1.8
      vertex -23.0941 -7.71306 1.8
    endloop
  endfacet
  facet normal 0 0 1
    outer loop
      vertex -23.3192 7.78134 1.8
      vertex -23.2083 -7.74167 1.8
      vertex -23.2083 7.74167 1.8
    endloop
  endfacet
  facet normal 0 0 1
    outer loop
      vertex -23.3192 7.78134 1.8
      vertex -23.3192 -7.78134 1.8
      vertex -23.2083 -7.74167 1.8
    endloop
  endfacet
  facet normal 0 0 1
    outer loop
      vertex -23.4257 7.8317 1.8
      vertex -23.3192 -7.78134 1.8
      vertex -23.3192 7.78134 1.8
    endloop
  endfacet
  facet normal 0 0 1
    outer loop
      vertex -23.4257 7.8317 1.8
      vertex -23.4257 -7.8317 1.8
      vertex -23.3192 -7.78134 1.8
    endloop
  endfacet
  facet normal 0 0 1
    outer loop
      vertex -23.5267 7.89224 1.8
      vertex -23.4257 -7.8317 1.8
      vertex -23.4257 7.8317 1.8
    endloop
  endfacet
  facet normal 0 0 1
    outer loop
      vertex -23.5267 7.89224 1.8
      vertex -23.5267 -7.89224 1.8
      vertex -23.4257 -7.8317 1.8
    endloop
  endfacet
  facet normal 0 0 1
    outer loop
      vertex -23.6213 7.96239 1.8
      vertex -23.5267 -7.89224 1.8
      vertex -23.5267 7.89224 1.8
    endloop
  endfacet
  facet normal 0 0 1
    outer loop
      vertex -23.6213 7.96239 1.8
      vertex -23.6213 -7.96239 1.8
      vertex -23.5267 -7.89224 1.8
    endloop
  endfacet
  facet normal 0 0 1
    outer loop
      vertex -23.7085 8.04147 1.8
      vertex -23.6213 -7.96239 1.8
      vertex -23.6213 7.96239 1.8
    endloop
  endfacet
  facet normal 0 0 1
    outer loop
      vertex -23.7085 8.04147 1.8
      vertex -23.7085 -8.04147 1.8
      vertex -23.6213 -7.96239 1.8
    endloop
  endfacet
  facet normal 0 0 1
    outer loop
      vertex -23.7876 8.12873 1.8
      vertex -23.7085 -8.04147 1.8
      vertex -23.7085 8.04147 1.8
    endloop
  endfacet
  facet normal 0 0 1
    outer loop
      vertex -23.7876 8.12873 1.8
      vertex -23.7876 -8.12873 1.8
      vertex -23.7085 -8.04147 1.8
    endloop
  endfacet
  facet normal 0 0 1
    outer loop
      vertex -23.8578 8.22332 1.8
      vertex -23.7876 -8.12873 1.8
      vertex -23.7876 8.12873 1.8
    endloop
  endfacet
  facet normal 0 0 1
    outer loop
      vertex -23.8578 8.22332 1.8
      vertex -23.8578 -8.22332 1.8
      vertex -23.7876 -8.12873 1.8
    endloop
  endfacet
  facet normal 0 0 1
    outer loop
      vertex -26.1 11 1.8
      vertex -23.8578 8.22332 1.8
      vertex -23.9183 8.32432 1.8
    endloop
  endfacet
  facet normal 0 0 1
    outer loop
      vertex -23.8578 8.22332 1.8
      vertex -26.1 11 1.8
      vertex -23.8578 -8.22332 1.8
    endloop
  endfacet
  facet normal 0 0 1
    outer loop
      vertex -26.1 11 1.8
      vertex -23.9183 8.32432 1.8
      vertex -23.9687 8.43078 1.8
    endloop
  endfacet
  facet normal 0 0 1
    outer loop
      vertex -26.1 -11 1.8
      vertex -23.8578 -8.22332 1.8
      vertex -26.1 11 1.8
    endloop
  endfacet
  facet normal 0 0 1
    outer loop
      vertex -26.1 11 1.8
      vertex -23.9687 8.43078 1.8
      vertex -24.0083 8.54166 1.8
    endloop
  endfacet
  facet normal 0 0 1
    outer loop
      vertex -23.8578 -8.22332 1.8
      vertex -26.1 -11 1.8
      vertex -23.9183 -8.32432 1.8
    endloop
  endfacet
  facet normal 0 0 1
    outer loop
      vertex -26.1 11 1.8
      vertex -24.0083 8.54166 1.8
      vertex -24.0369 8.65589 1.8
    endloop
  endfacet
  facet normal 0 0 1
    outer loop
      vertex -23.9183 -8.32432 1.8
      vertex -26.1 -11 1.8
      vertex -23.9687 -8.43078 1.8
    endloop
  endfacet
  facet normal 0 0 1
    outer loop
      vertex -26.1 11 1.8
      vertex -24.0369 8.65589 1.8
      vertex -24.0542 8.77238 1.8
    endloop
  endfacet
  facet normal 0 0 1
    outer loop
      vertex -23.9687 -8.43078 1.8
      vertex -26.1 -11 1.8
      vertex -24.0083 -8.54166 1.8
    endloop
  endfacet
  facet normal 0 0 1
    outer loop
      vertex -26.1 11 1.8
      vertex -24.0542 8.77238 1.8
      vertex -24.06 8.89 1.8
    endloop
  endfacet
  facet normal 0 0 1
    outer loop
      vertex -24.0083 -8.54166 1.8
      vertex -26.1 -11 1.8
      vertex -24.0369 -8.65589 1.8
    endloop
  endfacet
  facet normal 0 0 1
    outer loop
      vertex 24.0083 8.54166 1.8
      vertex 26.1 11 1.8
      vertex 24.0369 8.65589 1.8
    endloop
  endfacet
  facet normal 0 0 1
    outer loop
      vertex 26.1 -11 1.8
      vertex 24.0542 -8.77238 1.8
      vertex 24.06 -8.89 1.8
    endloop
  endfacet
  facet normal 0 0 1
    outer loop
      vertex 23.9687 8.43078 1.8
      vertex 26.1 11 1.8
      vertex 24.0083 8.54166 1.8
    endloop
  endfacet
  facet normal 0 0 1
    outer loop
      vertex 26.1 -11 1.8
      vertex 24.0369 -8.65589 1.8
      vertex 24.0542 -8.77238 1.8
    endloop
  endfacet
  facet normal 0 0 1
    outer loop
      vertex 23.9183 8.32432 1.8
      vertex 26.1 11 1.8
      vertex 23.9687 8.43078 1.8
    endloop
  endfacet
  facet normal 0 0 1
    outer loop
      vertex 26.1 -11 1.8
      vertex 24.0083 -8.54166 1.8
      vertex 24.0369 -8.65589 1.8
    endloop
  endfacet
  facet normal 0 0 1
    outer loop
      vertex 23.8578 8.22332 1.8
      vertex 26.1 11 1.8
      vertex 23.9183 8.32432 1.8
    endloop
  endfacet
  facet normal 0 0 1
    outer loop
      vertex 26.1 -11 1.8
      vertex 23.9687 -8.43078 1.8
      vertex 24.0083 -8.54166 1.8
    endloop
  endfacet
  facet normal 0 0 1
    outer loop
      vertex 26.1 11 1.8
      vertex 23.8578 8.22332 1.8
      vertex 26.1 -11 1.8
    endloop
  endfacet
  facet normal 0 0 1
    outer loop
      vertex 26.1 -11 1.8
      vertex 23.9183 -8.32432 1.8
      vertex 23.9687 -8.43078 1.8
    endloop
  endfacet
  facet normal -0 0 1
    outer loop
      vertex 23.8578 -8.22332 1.8
      vertex 26.1 -11 1.8
      vertex 23.8578 8.22332 1.8
    endloop
  endfacet
  facet normal 0 0 1
    outer loop
      vertex 26.1 -11 1.8
      vertex 23.8578 -8.22332 1.8
      vertex 23.9183 -8.32432 1.8
    endloop
  endfacet
  facet normal -0 0 1
    outer loop
      vertex 23.7876 8.12873 1.8
      vertex 23.8578 -8.22332 1.8
      vertex 23.8578 8.22332 1.8
    endloop
  endfacet
  facet normal 0 0 1
    outer loop
      vertex 23.7876 8.12873 1.8
      vertex 23.7876 -8.12873 1.8
      vertex 23.8578 -8.22332 1.8
    endloop
  endfacet
  facet normal -0 0 1
    outer loop
      vertex 23.7085 8.04147 1.8
      vertex 23.7876 -8.12873 1.8
      vertex 23.7876 8.12873 1.8
    endloop
  endfacet
  facet normal 0 0 1
    outer loop
      vertex 23.7085 8.04147 1.8
      vertex 23.7085 -8.04147 1.8
      vertex 23.7876 -8.12873 1.8
    endloop
  endfacet
  facet normal -0 0 1
    outer loop
      vertex 23.6213 7.96239 1.8
      vertex 23.7085 -8.04147 1.8
      vertex 23.7085 8.04147 1.8
    endloop
  endfacet
  facet normal 0 0 1
    outer loop
      vertex 23.6213 7.96239 1.8
      vertex 23.6213 -7.96239 1.8
      vertex 23.7085 -8.04147 1.8
    endloop
  endfacet
  facet normal -0 0 1
    outer loop
      vertex 23.5267 7.89224 1.8
      vertex 23.6213 -7.96239 1.8
      vertex 23.6213 7.96239 1.8
    endloop
  endfacet
  facet normal 0 0 1
    outer loop
      vertex 23.5267 7.89224 1.8
      vertex 23.5267 -7.89224 1.8
      vertex 23.6213 -7.96239 1.8
    endloop
  endfacet
  facet normal -0 0 1
    outer loop
      vertex 23.4257 7.8317 1.8
      vertex 23.5267 -7.89224 1.8
      vertex 23.5267 7.89224 1.8
    endloop
  endfacet
  facet normal 0 0 1
    outer loop
      vertex 23.4257 7.8317 1.8
      vertex 23.4257 -7.8317 1.8
      vertex 23.5267 -7.89224 1.8
    endloop
  endfacet
  facet normal -0 0 1
    outer loop
      vertex 23.3192 7.78134 1.8
      vertex 23.4257 -7.8317 1.8
      vertex 23.4257 7.8317 1.8
    endloop
  endfacet
  facet normal 0 0 1
    outer loop
      vertex 23.3192 7.78134 1.8
      vertex 23.3192 -7.78134 1.8
      vertex 23.4257 -7.8317 1.8
    endloop
  endfacet
  facet normal -0 0 1
    outer loop
      vertex 23.2083 7.74167 1.8
      vertex 23.3192 -7.78134 1.8
      vertex 23.3192 7.78134 1.8
    endloop
  endfacet
  facet normal 0 0 1
    outer loop
      vertex 23.2083 7.74167 1.8
      vertex 23.2083 -7.74167 1.8
      vertex 23.3192 -7.78134 1.8
    endloop
  endfacet
  facet normal -0 0 1
    outer loop
      vertex 23.0941 7.71306 1.8
      vertex 23.2083 -7.74167 1.8
      vertex 23.2083 7.74167 1.8
    endloop
  endfacet
  facet normal 0 0 1
    outer loop
      vertex 23.0941 7.71306 1.8
      vertex 23.0941 -7.71306 1.8
      vertex 23.2083 -7.74167 1.8
    endloop
  endfacet
  facet normal -0 0 1
    outer loop
      vertex 22.9776 7.69578 1.8
      vertex 23.0941 -7.71306 1.8
      vertex 23.0941 7.71306 1.8
    endloop
  endfacet
  facet normal 0 0 1
    outer loop
      vertex 22.9776 7.69578 1.8
      vertex 22.9776 -7.69578 1.8
      vertex 23.0941 -7.71306 1.8
    endloop
  endfacet
  facet normal -0 0 1
    outer loop
      vertex 22.86 7.69 1.8
      vertex 22.9776 -7.69578 1.8
      vertex 22.9776 7.69578 1.8
    endloop
  endfacet
  facet normal 0 0 1
    outer loop
      vertex 22.86 7.69 1.8
      vertex 22.86 -7.69 1.8
      vertex 22.9776 -7.69578 1.8
    endloop
  endfacet
  facet normal 0 0 1
    outer loop
      vertex 22.7424 7.69578 1.8
      vertex 22.86 -7.69 1.8
      vertex 22.86 7.69 1.8
    endloop
  endfacet
  facet normal 0 0 1
    outer loop
      vertex 22.7424 7.69578 1.8
      vertex 22.7424 -7.69578 1.8
      vertex 22.86 -7.69 1.8
    endloop
  endfacet
  facet normal 0 0 1
    outer loop
      vertex 22.6259 7.71306 1.8
      vertex 22.7424 -7.69578 1.8
      vertex 22.7424 7.69578 1.8
    endloop
  endfacet
  facet normal 0 0 1
    outer loop
      vertex 22.6259 7.71306 1.8
      vertex 22.6259 -7.71306 1.8
      vertex 22.7424 -7.69578 1.8
    endloop
  endfacet
  facet normal 0 0 1
    outer loop
      vertex 22.5117 7.74167 1.8
      vertex 22.6259 -7.71306 1.8
      vertex 22.6259 7.71306 1.8
    endloop
  endfacet
  facet normal 0 0 1
    outer loop
      vertex 22.5117 7.74167 1.8
      vertex 22.5117 -7.74167 1.8
      vertex 22.6259 -7.71306 1.8
    endloop
  endfacet
  facet normal 0 0 1
    outer loop
      vertex 22.4008 7.78134 1.8
      vertex 22.5117 -7.74167 1.8
      vertex 22.5117 7.74167 1.8
    endloop
  endfacet
  facet normal 0 0 1
    outer loop
      vertex 22.4008 7.78134 1.8
      vertex 22.4008 -7.78134 1.8
      vertex 22.5117 -7.74167 1.8
    endloop
  endfacet
  facet normal 0 0 1
    outer loop
      vertex 22.2943 7.8317 1.8
      vertex 22.4008 -7.78134 1.8
      vertex 22.4008 7.78134 1.8
    endloop
  endfacet
  facet normal 0 0 1
    outer loop
      vertex 22.2943 7.8317 1.8
      vertex 22.2943 -7.8317 1.8
      vertex 22.4008 -7.78134 1.8
    endloop
  endfacet
  facet normal 0 0 1
    outer loop
      vertex 22.1933 7.89224 1.8
      vertex 22.2943 -7.8317 1.8
      vertex 22.2943 7.8317 1.8
    endloop
  endfacet
  facet normal 0 0 1
    outer loop
      vertex 22.1933 7.89224 1.8
      vertex 22.1933 -7.89224 1.8
      vertex 22.2943 -7.8317 1.8
    endloop
  endfacet
  facet normal 0 0 1
    outer loop
      vertex 22.0987 7.96239 1.8
      vertex 22.1933 -7.89224 1.8
      vertex 22.1933 7.89224 1.8
    endloop
  endfacet
  facet normal 0 0 1
    outer loop
      vertex 22.0987 7.96239 1.8
      vertex 22.0987 -7.96239 1.8
      vertex 22.1933 -7.89224 1.8
    endloop
  endfacet
  facet normal 0 0 1
    outer loop
      vertex 22.0115 8.04147 1.8
      vertex 22.0987 -7.96239 1.8
      vertex 22.0987 7.96239 1.8
    endloop
  endfacet
  facet normal 0 0 1
    outer loop
      vertex 22.0115 8.04147 1.8
      vertex 22.0115 -8.04147 1.8
      vertex 22.0987 -7.96239 1.8
    endloop
  endfacet
  facet normal 0 0 1
    outer loop
      vertex 21.9324 8.12873 1.8
      vertex 22.0115 -8.04147 1.8
      vertex 22.0115 8.04147 1.8
    endloop
  endfacet
  facet normal 0 0 1
    outer loop
      vertex 21.9324 8.12873 1.8
      vertex 21.9324 -8.12873 1.8
      vertex 22.0115 -8.04147 1.8
    endloop
  endfacet
  facet normal 0 0 1
    outer loop
      vertex 21.8622 8.22332 1.8
      vertex 21.9324 -8.12873 1.8
      vertex 21.9324 8.12873 1.8
    endloop
  endfacet
  facet normal 0 0 1
    outer loop
      vertex 21.8622 8.22332 1.8
      vertex 21.8622 -8.22332 1.8
      vertex 21.9324 -8.12873 1.8
    endloop
  endfacet
  facet normal 0 0 1
    outer loop
      vertex 21.8017 8.32432 1.8
      vertex 21.8622 -8.22332 1.8
      vertex 21.8622 8.22332 1.8
    endloop
  endfacet
  facet normal 0 0 1
    outer loop
      vertex 21.8017 8.32432 1.8
      vertex 21.8017 -8.32432 1.8
      vertex 21.8622 -8.22332 1.8
    endloop
  endfacet
  facet normal 0 0 1
    outer loop
      vertex 21.7513 8.43078 1.8
      vertex 21.8017 -8.32432 1.8
      vertex 21.8017 8.32432 1.8
    endloop
  endfacet
  facet normal 0 0 1
    outer loop
      vertex 21.7513 8.43078 1.8
      vertex 21.7513 -8.43078 1.8
      vertex 21.8017 -8.32432 1.8
    endloop
  endfacet
  facet normal 0 0 1
    outer loop
      vertex -21.6831 8.65589 1.8
      vertex 21.6831 8.65589 1.8
      vertex -21.6658 8.77238 1.8
    endloop
  endfacet
  facet normal 0 0 1
    outer loop
      vertex 21.6831 8.65589 1.8
      vertex -21.6831 8.65589 1.8
      vertex 21.7117 8.54166 1.8
    endloop
  endfacet
  facet normal 0 0 1
    outer loop
      vertex 21.6658 8.77238 1.8
      vertex -21.6658 8.77238 1.8
      vertex 21.6831 8.65589 1.8
    endloop
  endfacet
  facet normal 0 0 1
    outer loop
      vertex -21.7117 8.54166 1.8
      vertex 21.7117 8.54166 1.8
      vertex -21.6831 8.65589 1.8
    endloop
  endfacet
  facet normal 0 0 1
    outer loop
      vertex -21.6658 8.77238 1.8
      vertex 21.6658 8.77238 1.8
      vertex -21.66 8.89 1.8
    endloop
  endfacet
  facet normal 0 0 1
    outer loop
      vertex 21.7513 -8.43078 1.8
      vertex -21.66 -8.89 1.8
      vertex 21.7117 -8.54166 1.8
    endloop
  endfacet
  facet normal -0 0 1
    outer loop
      vertex -21.66 8.89 1.8
      vertex 21.6658 8.77238 1.8
      vertex 21.66 8.89 1.8
    endloop
  endfacet
  facet normal 0 0 1
    outer loop
      vertex 21.7117 -8.54166 1.8
      vertex -21.66 -8.89 1.8
      vertex 21.6831 -8.65589 1.8
    endloop
  endfacet
  facet normal 0 0 1
    outer loop
      vertex 25.1 12 1.8
      vertex 26.1 11 1.8
      vertex 26.0952 11.098 1.8
    endloop
  endfacet
  facet normal 0 0 1
    outer loop
      vertex 24.0542 8.77238 1.8
      vertex 26.1 11 1.8
      vertex 24.06 8.89 1.8
    endloop
  endfacet
  facet normal 0 0 1
    outer loop
      vertex 25.1 12 1.8
      vertex 26.0952 11.098 1.8
      vertex 26.0808 11.1951 1.8
    endloop
  endfacet
  facet normal 0 0 1
    outer loop
      vertex 24.0369 8.65589 1.8
      vertex 26.1 11 1.8
      vertex 24.0542 8.77238 1.8
    endloop
  endfacet
  facet normal 0 0 1
    outer loop
      vertex 25.1 12 1.8
      vertex 26.0808 11.1951 1.8
      vertex 26.0569 11.2903 1.8
    endloop
  endfacet
  facet normal -0 0 1
    outer loop
      vertex 24.0542 -9.00762 1.8
      vertex 26.1 -11 1.8
      vertex 24.06 -8.89 1.8
    endloop
  endfacet
  facet normal 0 0 1
    outer loop
      vertex 25.1 12 1.8
      vertex 26.0569 11.2903 1.8
      vertex 26.0239 11.3827 1.8
    endloop
  endfacet
  facet normal -0 0 1
    outer loop
      vertex 24.0369 -9.12411 1.8
      vertex 26.1 -11 1.8
      vertex 24.0542 -9.00762 1.8
    endloop
  endfacet
  facet normal 0 0 1
    outer loop
      vertex 25.1 12 1.8
      vertex 26.0239 11.3827 1.8
      vertex 25.9819 11.4714 1.8
    endloop
  endfacet
  facet normal -0 0 1
    outer loop
      vertex 24.0083 -9.23834 1.8
      vertex 26.1 -11 1.8
      vertex 24.0369 -9.12411 1.8
    endloop
  endfacet
  facet normal 0 0 1
    outer loop
      vertex 25.1 12 1.8
      vertex 25.9819 11.4714 1.8
      vertex 25.9315 11.5556 1.8
    endloop
  endfacet
  facet normal -0 0 1
    outer loop
      vertex 23.9687 -9.34922 1.8
      vertex 26.1 -11 1.8
      vertex 24.0083 -9.23834 1.8
    endloop
  endfacet
  facet normal 0 0 1
    outer loop
      vertex 25.1 12 1.8
      vertex 25.9315 11.5556 1.8
      vertex 25.873 11.6344 1.8
    endloop
  endfacet
  facet normal -0 0 1
    outer loop
      vertex 23.9183 -9.45568 1.8
      vertex 26.1 -11 1.8
      vertex 23.9687 -9.34922 1.8
    endloop
  endfacet
  facet normal 0 0 1
    outer loop
      vertex 25.1 12 1.8
      vertex 25.873 11.6344 1.8
      vertex 25.8071 11.7071 1.8
    endloop
  endfacet
  facet normal -0 0 1
    outer loop
      vertex 23.8578 -9.55668 1.8
      vertex 26.1 -11 1.8
      vertex 23.9183 -9.45568 1.8
    endloop
  endfacet
  facet normal 0 0 1
    outer loop
      vertex 25.1 12 1.8
      vertex 25.8071 11.7071 1.8
      vertex 25.7344 11.773 1.8
    endloop
  endfacet
  facet normal -0 0 1
    outer loop
      vertex 23.7876 -9.65127 1.8
      vertex 26.1 -11 1.8
      vertex 23.8578 -9.55668 1.8
    endloop
  endfacet
  facet normal 0 0 1
    outer loop
      vertex 25.1 12 1.8
      vertex 25.7344 11.773 1.8
      vertex 25.6556 11.8315 1.8
    endloop
  endfacet
  facet normal -0 0 1
    outer loop
      vertex 23.7085 -9.73853 1.8
      vertex 26.1 -11 1.8
      vertex 23.7876 -9.65127 1.8
    endloop
  endfacet
  facet normal 0 0 1
    outer loop
      vertex 25.1 12 1.8
      vertex 25.6556 11.8315 1.8
      vertex 25.5714 11.8819 1.8
    endloop
  endfacet
  facet normal 0 0 1
    outer loop
      vertex 26.1 -11 1.8
      vertex 25.1 -12 1.8
      vertex 26.0952 -11.098 1.8
    endloop
  endfacet
  facet normal 0 0 1
    outer loop
      vertex 25.1 12 1.8
      vertex 25.5714 11.8819 1.8
      vertex 25.4827 11.9239 1.8
    endloop
  endfacet
  facet normal 0 0 1
    outer loop
      vertex 26.0952 -11.098 1.8
      vertex 25.1 -12 1.8
      vertex 26.0808 -11.1951 1.8
    endloop
  endfacet
  facet normal 0 0 1
    outer loop
      vertex 25.1 12 1.8
      vertex 25.4827 11.9239 1.8
      vertex 25.3903 11.9569 1.8
    endloop
  endfacet
  facet normal 0 0 1
    outer loop
      vertex 26.0808 -11.1951 1.8
      vertex 25.1 -12 1.8
      vertex 26.0569 -11.2903 1.8
    endloop
  endfacet
  facet normal 0 0 1
    outer loop
      vertex 25.1 12 1.8
      vertex 25.3903 11.9569 1.8
      vertex 25.2951 11.9808 1.8
    endloop
  endfacet
  facet normal 0 0 1
    outer loop
      vertex 26.0569 -11.2903 1.8
      vertex 25.1 -12 1.8
      vertex 26.0239 -11.3827 1.8
    endloop
  endfacet
  facet normal 0 0 1
    outer loop
      vertex 25.1 12 1.8
      vertex 25.2951 11.9808 1.8
      vertex 25.198 11.9952 1.8
    endloop
  endfacet
  facet normal 0 0 1
    outer loop
      vertex 26.0239 -11.3827 1.8
      vertex 25.1 -12 1.8
      vertex 25.9819 -11.4714 1.8
    endloop
  endfacet
  facet normal 0 0 1
    outer loop
      vertex 23.7085 9.73853 1.8
      vertex 26.1 11 1.8
      vertex 25.1 12 1.8
    endloop
  endfacet
  facet normal 0 0 1
    outer loop
      vertex 25.9819 -11.4714 1.8
      vertex 25.1 -12 1.8
      vertex 25.9315 -11.5556 1.8
    endloop
  endfacet
  facet normal 0 0 1
    outer loop
      vertex 25.9315 -11.5556 1.8
      vertex 25.1 -12 1.8
      vertex 25.873 -11.6344 1.8
    endloop
  endfacet
  facet normal 0 0 1
    outer loop
      vertex 26.1 11 1.8
      vertex 24.0542 9.00762 1.8
      vertex 24.06 8.89 1.8
    endloop
  endfacet
  facet normal 0 0 1
    outer loop
      vertex 26.1 11 1.8
      vertex 24.0369 9.12411 1.8
      vertex 24.0542 9.00762 1.8
    endloop
  endfacet
  facet normal 0 0 1
    outer loop
      vertex 26.1 11 1.8
      vertex 24.0083 9.23834 1.8
      vertex 24.0369 9.12411 1.8
    endloop
  endfacet
  facet normal 0 0 1
    outer loop
      vertex 26.1 11 1.8
      vertex 23.9687 9.34922 1.8
      vertex 24.0083 9.23834 1.8
    endloop
  endfacet
  facet normal 0 0 1
    outer loop
      vertex 26.1 11 1.8
      vertex 23.9183 9.45568 1.8
      vertex 23.9687 9.34922 1.8
    endloop
  endfacet
  facet normal 0 0 1
    outer loop
      vertex 26.1 11 1.8
      vertex 23.8578 9.55668 1.8
      vertex 23.9183 9.45568 1.8
    endloop
  endfacet
  facet normal 0 0 1
    outer loop
      vertex 26.1 11 1.8
      vertex 23.7876 9.65127 1.8
      vertex 23.8578 9.55668 1.8
    endloop
  endfacet
  facet normal 0 0 1
    outer loop
      vertex 26.1 11 1.8
      vertex 23.7085 9.73853 1.8
      vertex 23.7876 9.65127 1.8
    endloop
  endfacet
  facet normal 0 0 1
    outer loop
      vertex 25.1 12 1.8
      vertex 23.6213 9.81761 1.8
      vertex 23.7085 9.73853 1.8
    endloop
  endfacet
  facet normal 0 0 1
    outer loop
      vertex 25.1 12 1.8
      vertex 23.5267 9.88776 1.8
      vertex 23.6213 9.81761 1.8
    endloop
  endfacet
  facet normal 0 0 1
    outer loop
      vertex 25.1 12 1.8
      vertex 23.4257 9.94831 1.8
      vertex 23.5267 9.88776 1.8
    endloop
  endfacet
  facet normal 0 0 1
    outer loop
      vertex 25.1 12 1.8
      vertex 23.3192 9.99866 1.8
      vertex 23.4257 9.94831 1.8
    endloop
  endfacet
  facet normal 0 0 1
    outer loop
      vertex 25.1 12 1.8
      vertex 23.2083 10.0383 1.8
      vertex 23.3192 9.99866 1.8
    endloop
  endfacet
  facet normal 0 0 1
    outer loop
      vertex 25.1 12 1.8
      vertex 23.0941 10.0669 1.8
      vertex 23.2083 10.0383 1.8
    endloop
  endfacet
  facet normal 0 0 1
    outer loop
      vertex 25.1 12 1.8
      vertex 22.9776 10.0842 1.8
      vertex 23.0941 10.0669 1.8
    endloop
  endfacet
  facet normal 0 0 1
    outer loop
      vertex 25.1 12 1.8
      vertex 22.86 10.09 1.8
      vertex 22.9776 10.0842 1.8
    endloop
  endfacet
  facet normal 0 0 1
    outer loop
      vertex 25.1 12 1.8
      vertex 22.7424 10.0842 1.8
      vertex 22.86 10.09 1.8
    endloop
  endfacet
  facet normal 0 0 1
    outer loop
      vertex 25.1 12 1.8
      vertex 22.6259 10.0669 1.8
      vertex 22.7424 10.0842 1.8
    endloop
  endfacet
  facet normal 0 0 1
    outer loop
      vertex 25.1 12 1.8
      vertex 22.5117 10.0383 1.8
      vertex 22.6259 10.0669 1.8
    endloop
  endfacet
  facet normal 0 0 1
    outer loop
      vertex 25.1 12 1.8
      vertex 22.4008 9.99866 1.8
      vertex 22.5117 10.0383 1.8
    endloop
  endfacet
  facet normal 0 0 1
    outer loop
      vertex 25.1 12 1.8
      vertex 22.2943 9.94831 1.8
      vertex 22.4008 9.99866 1.8
    endloop
  endfacet
  facet normal 0 0 1
    outer loop
      vertex 25.1 12 1.8
      vertex 22.1933 9.88776 1.8
      vertex 22.2943 9.94831 1.8
    endloop
  endfacet
  facet normal 0 0 1
    outer loop
      vertex 21.6831 -8.65589 1.8
      vertex -21.66 -8.89 1.8
      vertex 21.6658 -8.77238 1.8
    endloop
  endfacet
  facet normal 0 0 1
    outer loop
      vertex 21.6658 9.00762 1.8
      vertex -21.66 8.89 1.8
      vertex 21.66 8.89 1.8
    endloop
  endfacet
  facet normal 0 0 1
    outer loop
      vertex -21.6658 9.00762 1.8
      vertex 21.6658 9.00762 1.8
      vertex 21.6831 9.12411 1.8
    endloop
  endfacet
  facet normal 0 0 1
    outer loop
      vertex -21.6831 9.12411 1.8
      vertex 21.6831 9.12411 1.8
      vertex 21.7117 9.23834 1.8
    endloop
  endfacet
  facet normal 0 0 1
    outer loop
      vertex -21.7117 9.23834 1.8
      vertex 21.7117 9.23834 1.8
      vertex 21.7513 9.34922 1.8
    endloop
  endfacet
  facet normal 0 0 1
    outer loop
      vertex -21.7513 9.34922 1.8
      vertex 21.7513 9.34922 1.8
      vertex 21.8017 9.45568 1.8
    endloop
  endfacet
  facet normal 0 0 1
    outer loop
      vertex -21.8017 9.45568 1.8
      vertex 21.8017 9.45568 1.8
      vertex 21.8622 9.55668 1.8
    endloop
  endfacet
  facet normal 0 0 1
    outer loop
      vertex -21.8622 9.55668 1.8
      vertex 21.8622 9.55668 1.8
      vertex 21.9324 9.65127 1.8
    endloop
  endfacet
  facet normal 0 0 1
    outer loop
      vertex -21.9324 9.65127 1.8
      vertex 21.9324 9.65127 1.8
      vertex 22.0115 9.73853 1.8
    endloop
  endfacet
  facet normal 0 0 1
    outer loop
      vertex -22.0115 9.73853 1.8
      vertex 22.0115 9.73853 1.8
      vertex 22.0987 9.81761 1.8
    endloop
  endfacet
  facet normal 0 0 1
    outer loop
      vertex -22.0987 9.81761 1.8
      vertex 22.0987 9.81761 1.8
      vertex 22.1933 9.88776 1.8
    endloop
  endfacet
  facet normal 0 0 1
    outer loop
      vertex -22.1933 9.88776 1.8
      vertex 22.1933 9.88776 1.8
      vertex 25.1 12 1.8
    endloop
  endfacet
  facet normal 0 0 1
    outer loop
      vertex 21.6658 9.00762 1.8
      vertex -21.6658 9.00762 1.8
      vertex -21.66 8.89 1.8
    endloop
  endfacet
  facet normal 0 0 1
    outer loop
      vertex 21.6831 9.12411 1.8
      vertex -21.6831 9.12411 1.8
      vertex -21.6658 9.00762 1.8
    endloop
  endfacet
  facet normal 0 0 1
    outer loop
      vertex 21.7117 9.23834 1.8
      vertex -21.7117 9.23834 1.8
      vertex -21.6831 9.12411 1.8
    endloop
  endfacet
  facet normal 0 0 1
    outer loop
      vertex 21.7513 9.34922 1.8
      vertex -21.7513 9.34922 1.8
      vertex -21.7117 9.23834 1.8
    endloop
  endfacet
  facet normal 0 0 1
    outer loop
      vertex 21.8017 9.45568 1.8
      vertex -21.8017 9.45568 1.8
      vertex -21.7513 9.34922 1.8
    endloop
  endfacet
  facet normal 0 0 1
    outer loop
      vertex 21.8622 9.55668 1.8
      vertex -21.8622 9.55668 1.8
      vertex -21.8017 9.45568 1.8
    endloop
  endfacet
  facet normal 0 0 1
    outer loop
      vertex 21.9324 9.65127 1.8
      vertex -21.9324 9.65127 1.8
      vertex -21.8622 9.55668 1.8
    endloop
  endfacet
  facet normal 0 0 1
    outer loop
      vertex 22.0115 9.73853 1.8
      vertex -22.0115 9.73853 1.8
      vertex -21.9324 9.65127 1.8
    endloop
  endfacet
  facet normal 0 0 1
    outer loop
      vertex 22.0987 9.81761 1.8
      vertex -22.0987 9.81761 1.8
      vertex -22.0115 9.73853 1.8
    endloop
  endfacet
  facet normal 0 0 1
    outer loop
      vertex 22.1933 9.88776 1.8
      vertex -22.1933 9.88776 1.8
      vertex -22.0987 9.81761 1.8
    endloop
  endfacet
  facet normal -0 0 1
    outer loop
      vertex -25.1 12 1.8
      vertex -22.1933 9.88776 1.8
      vertex 25.1 12 1.8
    endloop
  endfacet
  facet normal 0 0 1
    outer loop
      vertex -22.1933 9.88776 1.8
      vertex -25.1 12 1.8
      vertex -22.2943 9.94831 1.8
    endloop
  endfacet
  facet normal 0 0 1
    outer loop
      vertex -22.2943 9.94831 1.8
      vertex -25.1 12 1.8
      vertex -22.4008 9.99866 1.8
    endloop
  endfacet
  facet normal 0 0 1
    outer loop
      vertex -22.4008 9.99866 1.8
      vertex -25.1 12 1.8
      vertex -22.5117 10.0383 1.8
    endloop
  endfacet
  facet normal 0 0 1
    outer loop
      vertex -22.5117 10.0383 1.8
      vertex -25.1 12 1.8
      vertex -22.6259 10.0669 1.8
    endloop
  endfacet
  facet normal 0 0 1
    outer loop
      vertex -22.6259 10.0669 1.8
      vertex -25.1 12 1.8
      vertex -22.7424 10.0842 1.8
    endloop
  endfacet
  facet normal 0 0 1
    outer loop
      vertex -24.0542 9.00762 1.8
      vertex -26.1 11 1.8
      vertex -24.06 8.89 1.8
    endloop
  endfacet
  facet normal 0 0 1
    outer loop
      vertex -24.0369 9.12411 1.8
      vertex -26.1 11 1.8
      vertex -24.0542 9.00762 1.8
    endloop
  endfacet
  facet normal 0 0 1
    outer loop
      vertex -24.0083 9.23834 1.8
      vertex -26.1 11 1.8
      vertex -24.0369 9.12411 1.8
    endloop
  endfacet
  facet normal 0 0 1
    outer loop
      vertex -23.9687 9.34922 1.8
      vertex -26.1 11 1.8
      vertex -24.0083 9.23834 1.8
    endloop
  endfacet
  facet normal 0 0 1
    outer loop
      vertex -23.9183 9.45568 1.8
      vertex -26.1 11 1.8
      vertex -23.9687 9.34922 1.8
    endloop
  endfacet
  facet normal 0 0 1
    outer loop
      vertex -23.8578 9.55668 1.8
      vertex -26.1 11 1.8
      vertex -23.9183 9.45568 1.8
    endloop
  endfacet
  facet normal 0 0 1
    outer loop
      vertex -23.7876 9.65127 1.8
      vertex -26.1 11 1.8
      vertex -23.8578 9.55668 1.8
    endloop
  endfacet
  facet normal 0 0 1
    outer loop
      vertex -23.7085 9.73853 1.8
      vertex -26.1 11 1.8
      vertex -23.7876 9.65127 1.8
    endloop
  endfacet
  facet normal -0 0 1
    outer loop
      vertex -26.1 11 1.8
      vertex -23.7085 9.73853 1.8
      vertex -25.1 12 1.8
    endloop
  endfacet
  facet normal 0 0 1
    outer loop
      vertex -23.6213 9.81761 1.8
      vertex -25.1 12 1.8
      vertex -23.7085 9.73853 1.8
    endloop
  endfacet
  facet normal 0 0 1
    outer loop
      vertex -23.5267 9.88776 1.8
      vertex -25.1 12 1.8
      vertex -23.6213 9.81761 1.8
    endloop
  endfacet
  facet normal 0 0 1
    outer loop
      vertex -23.4257 9.94831 1.8
      vertex -25.1 12 1.8
      vertex -23.5267 9.88776 1.8
    endloop
  endfacet
  facet normal 0 0 1
    outer loop
      vertex -23.3192 9.99866 1.8
      vertex -25.1 12 1.8
      vertex -23.4257 9.94831 1.8
    endloop
  endfacet
  facet normal 0 0 1
    outer loop
      vertex -23.2083 10.0383 1.8
      vertex -25.1 12 1.8
      vertex -23.3192 9.99866 1.8
    endloop
  endfacet
  facet normal 0 0 1
    outer loop
      vertex -23.0941 10.0669 1.8
      vertex -25.1 12 1.8
      vertex -23.2083 10.0383 1.8
    endloop
  endfacet
  facet normal 0 0 1
    outer loop
      vertex -22.9776 10.0842 1.8
      vertex -25.1 12 1.8
      vertex -23.0941 10.0669 1.8
    endloop
  endfacet
  facet normal 0 0 1
    outer loop
      vertex -22.86 10.09 1.8
      vertex -25.1 12 1.8
      vertex -22.9776 10.0842 1.8
    endloop
  endfacet
  facet normal 0 0 1
    outer loop
      vertex -22.7424 10.0842 1.8
      vertex -25.1 12 1.8
      vertex -22.86 10.09 1.8
    endloop
  endfacet
  facet normal 0 0 1
    outer loop
      vertex 25.873 -11.6344 1.8
      vertex 25.1 -12 1.8
      vertex 25.8071 -11.7071 1.8
    endloop
  endfacet
  facet normal 0 0 1
    outer loop
      vertex 25.8071 -11.7071 1.8
      vertex 25.1 -12 1.8
      vertex 25.7344 -11.773 1.8
    endloop
  endfacet
  facet normal 0 0 1
    outer loop
      vertex 25.7344 -11.773 1.8
      vertex 25.1 -12 1.8
      vertex 25.6556 -11.8315 1.8
    endloop
  endfacet
  facet normal 0 0 1
    outer loop
      vertex 25.6556 -11.8315 1.8
      vertex 25.1 -12 1.8
      vertex 25.5714 -11.8819 1.8
    endloop
  endfacet
  facet normal 0 0 1
    outer loop
      vertex 25.4827 -11.9239 1.8
      vertex 25.1 -12 1.8
      vertex 25.3903 -11.9569 1.8
    endloop
  endfacet
  facet normal 0 0 1
    outer loop
      vertex 25.3903 -11.9569 1.8
      vertex 25.1 -12 1.8
      vertex 25.2951 -11.9808 1.8
    endloop
  endfacet
  facet normal 0 0 1
    outer loop
      vertex 25.2951 -11.9808 1.8
      vertex 25.1 -12 1.8
      vertex 25.198 -11.9952 1.8
    endloop
  endfacet
  facet normal 0 0 1
    outer loop
      vertex 25.5714 -11.8819 1.8
      vertex 25.1 -12 1.8
      vertex 25.4827 -11.9239 1.8
    endloop
  endfacet
  facet normal 0 0 1
    outer loop
      vertex 26.1 -11 1.8
      vertex 23.7085 -9.73853 1.8
      vertex 25.1 -12 1.8
    endloop
  endfacet
  facet normal -0 0 1
    outer loop
      vertex 23.6213 -9.81761 1.8
      vertex 25.1 -12 1.8
      vertex 23.7085 -9.73853 1.8
    endloop
  endfacet
  facet normal -0 0 1
    outer loop
      vertex 23.5267 -9.88776 1.8
      vertex 25.1 -12 1.8
      vertex 23.6213 -9.81761 1.8
    endloop
  endfacet
  facet normal -0 0 1
    outer loop
      vertex 23.4257 -9.94831 1.8
      vertex 25.1 -12 1.8
      vertex 23.5267 -9.88776 1.8
    endloop
  endfacet
  facet normal -0 0 1
    outer loop
      vertex 23.3192 -9.99866 1.8
      vertex 25.1 -12 1.8
      vertex 23.4257 -9.94831 1.8
    endloop
  endfacet
  facet normal -0 0 1
    outer loop
      vertex 23.2083 -10.0383 1.8
      vertex 25.1 -12 1.8
      vertex 23.3192 -9.99866 1.8
    endloop
  endfacet
  facet normal -0 0 1
    outer loop
      vertex 23.0941 -10.0669 1.8
      vertex 25.1 -12 1.8
      vertex 23.2083 -10.0383 1.8
    endloop
  endfacet
  facet normal -0 0 1
    outer loop
      vertex 22.9776 -10.0842 1.8
      vertex 25.1 -12 1.8
      vertex 23.0941 -10.0669 1.8
    endloop
  endfacet
  facet normal -0 0 1
    outer loop
      vertex 22.86 -10.09 1.8
      vertex 25.1 -12 1.8
      vertex 22.9776 -10.0842 1.8
    endloop
  endfacet
  facet normal 0 0 1
    outer loop
      vertex 22.7424 -10.0842 1.8
      vertex 25.1 -12 1.8
      vertex 22.86 -10.09 1.8
    endloop
  endfacet
  facet normal 0 0 1
    outer loop
      vertex 22.6259 -10.0669 1.8
      vertex 25.1 -12 1.8
      vertex 22.7424 -10.0842 1.8
    endloop
  endfacet
  facet normal 0 0 1
    outer loop
      vertex 22.5117 -10.0383 1.8
      vertex 25.1 -12 1.8
      vertex 22.6259 -10.0669 1.8
    endloop
  endfacet
  facet normal 0 0 1
    outer loop
      vertex 22.4008 -9.99866 1.8
      vertex 25.1 -12 1.8
      vertex 22.5117 -10.0383 1.8
    endloop
  endfacet
  facet normal 0 0 1
    outer loop
      vertex 22.2943 -9.94831 1.8
      vertex 25.1 -12 1.8
      vertex 22.4008 -9.99866 1.8
    endloop
  endfacet
  facet normal 0 0 1
    outer loop
      vertex 22.1933 -9.88776 1.8
      vertex 25.1 -12 1.8
      vertex 22.2943 -9.94831 1.8
    endloop
  endfacet
  facet normal 0 0 1
    outer loop
      vertex 21.6658 -8.77238 1.8
      vertex -21.66 -8.89 1.8
      vertex 21.66 -8.89 1.8
    endloop
  endfacet
  facet normal 0 0 1
    outer loop
      vertex 21.66 -8.89 1.8
      vertex -21.66 -8.89 1.8
      vertex 21.6658 -9.00762 1.8
    endloop
  endfacet
  facet normal 0 0 1
    outer loop
      vertex -21.6658 -9.00762 1.8
      vertex 21.6658 -9.00762 1.8
      vertex -21.66 -8.89 1.8
    endloop
  endfacet
  facet normal 0 0 1
    outer loop
      vertex 21.6658 -9.00762 1.8
      vertex -21.6658 -9.00762 1.8
      vertex 21.6831 -9.12411 1.8
    endloop
  endfacet
  facet normal 0 0 1
    outer loop
      vertex -21.6831 -9.12411 1.8
      vertex 21.6831 -9.12411 1.8
      vertex -21.6658 -9.00762 1.8
    endloop
  endfacet
  facet normal 0 0 1
    outer loop
      vertex 21.6831 -9.12411 1.8
      vertex -21.6831 -9.12411 1.8
      vertex 21.7117 -9.23834 1.8
    endloop
  endfacet
  facet normal 0 0 1
    outer loop
      vertex -21.7117 -9.23834 1.8
      vertex 21.7117 -9.23834 1.8
      vertex -21.6831 -9.12411 1.8
    endloop
  endfacet
  facet normal 0 0 1
    outer loop
      vertex 21.7117 -9.23834 1.8
      vertex -21.7117 -9.23834 1.8
      vertex 21.7513 -9.34922 1.8
    endloop
  endfacet
  facet normal 0 0 1
    outer loop
      vertex -21.7513 -9.34922 1.8
      vertex 21.7513 -9.34922 1.8
      vertex -21.7117 -9.23834 1.8
    endloop
  endfacet
  facet normal 0 0 1
    outer loop
      vertex 21.7513 -9.34922 1.8
      vertex -21.7513 -9.34922 1.8
      vertex 21.8017 -9.45568 1.8
    endloop
  endfacet
  facet normal 0 0 1
    outer loop
      vertex -21.8017 -9.45568 1.8
      vertex 21.8017 -9.45568 1.8
      vertex -21.7513 -9.34922 1.8
    endloop
  endfacet
  facet normal 0 0 1
    outer loop
      vertex 21.8017 -9.45568 1.8
      vertex -21.8017 -9.45568 1.8
      vertex 21.8622 -9.55668 1.8
    endloop
  endfacet
  facet normal 0 0 1
    outer loop
      vertex -21.8622 -9.55668 1.8
      vertex 21.8622 -9.55668 1.8
      vertex -21.8017 -9.45568 1.8
    endloop
  endfacet
  facet normal 0 0 1
    outer loop
      vertex 21.8622 -9.55668 1.8
      vertex -21.8622 -9.55668 1.8
      vertex 21.9324 -9.65127 1.8
    endloop
  endfacet
  facet normal 0 0 1
    outer loop
      vertex -21.9324 -9.65127 1.8
      vertex 21.9324 -9.65127 1.8
      vertex -21.8622 -9.55668 1.8
    endloop
  endfacet
  facet normal 0 0 1
    outer loop
      vertex 21.9324 -9.65127 1.8
      vertex -21.9324 -9.65127 1.8
      vertex 22.0115 -9.73853 1.8
    endloop
  endfacet
  facet normal 0 0 1
    outer loop
      vertex -22.0115 -9.73853 1.8
      vertex 22.0115 -9.73853 1.8
      vertex -21.9324 -9.65127 1.8
    endloop
  endfacet
  facet normal 0 0 1
    outer loop
      vertex 22.0115 -9.73853 1.8
      vertex -22.0115 -9.73853 1.8
      vertex 22.0987 -9.81761 1.8
    endloop
  endfacet
  facet normal 0 0 1
    outer loop
      vertex -22.0987 -9.81761 1.8
      vertex 22.0987 -9.81761 1.8
      vertex -22.0115 -9.73853 1.8
    endloop
  endfacet
  facet normal 0 0 1
    outer loop
      vertex 22.0987 -9.81761 1.8
      vertex -22.0987 -9.81761 1.8
      vertex 22.1933 -9.88776 1.8
    endloop
  endfacet
  facet normal 0 0 1
    outer loop
      vertex -22.1933 -9.88776 1.8
      vertex 22.1933 -9.88776 1.8
      vertex -22.0987 -9.81761 1.8
    endloop
  endfacet
  facet normal 0 0 1
    outer loop
      vertex 22.1933 -9.88776 1.8
      vertex -22.1933 -9.88776 1.8
      vertex 25.1 -12 1.8
    endloop
  endfacet
  facet normal 0 0 1
    outer loop
      vertex -25.1 -12 1.8
      vertex -22.1933 -9.88776 1.8
      vertex -22.2943 -9.94831 1.8
    endloop
  endfacet
  facet normal 0 0 1
    outer loop
      vertex -25.1 -12 1.8
      vertex -22.2943 -9.94831 1.8
      vertex -22.4008 -9.99866 1.8
    endloop
  endfacet
  facet normal 0 0 1
    outer loop
      vertex -25.1 -12 1.8
      vertex -22.4008 -9.99866 1.8
      vertex -22.5117 -10.0383 1.8
    endloop
  endfacet
  facet normal 0 0 1
    outer loop
      vertex -25.1 -12 1.8
      vertex -22.5117 -10.0383 1.8
      vertex -22.6259 -10.0669 1.8
    endloop
  endfacet
  facet normal 0 0 1
    outer loop
      vertex -25.1 -12 1.8
      vertex -22.6259 -10.0669 1.8
      vertex -22.7424 -10.0842 1.8
    endloop
  endfacet
  facet normal 0 0 1
    outer loop
      vertex -25.1 -12 1.8
      vertex -22.7424 -10.0842 1.8
      vertex -22.86 -10.09 1.8
    endloop
  endfacet
  facet normal 0 0 1
    outer loop
      vertex -24.0369 -8.65589 1.8
      vertex -26.1 -11 1.8
      vertex -24.0542 -8.77238 1.8
    endloop
  endfacet
  facet normal 0 0 1
    outer loop
      vertex -22.1933 -9.88776 1.8
      vertex -25.1 -12 1.8
      vertex 25.1 -12 1.8
    endloop
  endfacet
  facet normal 0 0 1
    outer loop
      vertex -22.9776 -10.0842 1.8
      vertex -25.1 -12 1.8
      vertex -22.86 -10.09 1.8
    endloop
  endfacet
  facet normal 0 0 1
    outer loop
      vertex -23.0941 -10.0669 1.8
      vertex -25.1 -12 1.8
      vertex -22.9776 -10.0842 1.8
    endloop
  endfacet
  facet normal 0 0 1
    outer loop
      vertex -23.2083 -10.0383 1.8
      vertex -25.1 -12 1.8
      vertex -23.0941 -10.0669 1.8
    endloop
  endfacet
  facet normal 0 0 1
    outer loop
      vertex -23.3192 -9.99866 1.8
      vertex -25.1 -12 1.8
      vertex -23.2083 -10.0383 1.8
    endloop
  endfacet
  facet normal 0 0 1
    outer loop
      vertex -23.4257 -9.94831 1.8
      vertex -25.1 -12 1.8
      vertex -23.3192 -9.99866 1.8
    endloop
  endfacet
  facet normal 0 0 1
    outer loop
      vertex -23.5267 -9.88776 1.8
      vertex -25.1 -12 1.8
      vertex -23.4257 -9.94831 1.8
    endloop
  endfacet
  facet normal 0 0 1
    outer loop
      vertex -23.6213 -9.81761 1.8
      vertex -25.1 -12 1.8
      vertex -23.5267 -9.88776 1.8
    endloop
  endfacet
  facet normal 0 0 1
    outer loop
      vertex -23.7085 -9.73853 1.8
      vertex -25.1 -12 1.8
      vertex -23.6213 -9.81761 1.8
    endloop
  endfacet
  facet normal 0 0 1
    outer loop
      vertex -26.1 -11 1.8
      vertex -23.7085 -9.73853 1.8
      vertex -23.7876 -9.65127 1.8
    endloop
  endfacet
  facet normal 0 0 1
    outer loop
      vertex -26.1 -11 1.8
      vertex -23.7876 -9.65127 1.8
      vertex -23.8578 -9.55668 1.8
    endloop
  endfacet
  facet normal 0 0 1
    outer loop
      vertex -26.1 -11 1.8
      vertex -23.8578 -9.55668 1.8
      vertex -23.9183 -9.45568 1.8
    endloop
  endfacet
  facet normal 0 0 1
    outer loop
      vertex -26.1 -11 1.8
      vertex -23.9183 -9.45568 1.8
      vertex -23.9687 -9.34922 1.8
    endloop
  endfacet
  facet normal 0 0 1
    outer loop
      vertex -26.1 -11 1.8
      vertex -23.9687 -9.34922 1.8
      vertex -24.0083 -9.23834 1.8
    endloop
  endfacet
  facet normal 0 0 1
    outer loop
      vertex -26.1 -11 1.8
      vertex -24.0083 -9.23834 1.8
      vertex -24.0369 -9.12411 1.8
    endloop
  endfacet
  facet normal 0 0 1
    outer loop
      vertex -26.1 -11 1.8
      vertex -24.0369 -9.12411 1.8
      vertex -24.0542 -9.00762 1.8
    endloop
  endfacet
  facet normal 0 0 1
    outer loop
      vertex -24.0542 -8.77238 1.8
      vertex -26.1 -11 1.8
      vertex -24.06 -8.89 1.8
    endloop
  endfacet
  facet normal 0 0 1
    outer loop
      vertex -26.1 11 1.8
      vertex -25.1 12 1.8
      vertex -25.198 11.9952 1.8
    endloop
  endfacet
  facet normal 0 0 1
    outer loop
      vertex -24.06 -8.89 1.8
      vertex -26.1 -11 1.8
      vertex -24.0542 -9.00762 1.8
    endloop
  endfacet
  facet normal 0 0 1
    outer loop
      vertex -26.1 11 1.8
      vertex -25.198 11.9952 1.8
      vertex -25.2951 11.9808 1.8
    endloop
  endfacet
  facet normal 0 0 1
    outer loop
      vertex -23.7085 -9.73853 1.8
      vertex -26.1 -11 1.8
      vertex -25.1 -12 1.8
    endloop
  endfacet
  facet normal 0 0 1
    outer loop
      vertex -26.1 11 1.8
      vertex -25.2951 11.9808 1.8
      vertex -25.3903 11.9569 1.8
    endloop
  endfacet
  facet normal 0 0 1
    outer loop
      vertex -25.1 -12 1.8
      vertex -26.1 -11 1.8
      vertex -25.198 -11.9952 1.8
    endloop
  endfacet
  facet normal 0 0 1
    outer loop
      vertex -26.1 11 1.8
      vertex -25.3903 11.9569 1.8
      vertex -25.4827 11.9239 1.8
    endloop
  endfacet
  facet normal 0 0 1
    outer loop
      vertex -25.198 -11.9952 1.8
      vertex -26.1 -11 1.8
      vertex -25.2951 -11.9808 1.8
    endloop
  endfacet
  facet normal 0 0 1
    outer loop
      vertex -26.1 11 1.8
      vertex -25.4827 11.9239 1.8
      vertex -25.5714 11.8819 1.8
    endloop
  endfacet
  facet normal 0 0 1
    outer loop
      vertex -25.2951 -11.9808 1.8
      vertex -26.1 -11 1.8
      vertex -25.3903 -11.9569 1.8
    endloop
  endfacet
  facet normal 0 0 1
    outer loop
      vertex -26.1 11 1.8
      vertex -25.5714 11.8819 1.8
      vertex -25.6556 11.8315 1.8
    endloop
  endfacet
  facet normal 0 0 1
    outer loop
      vertex -25.3903 -11.9569 1.8
      vertex -26.1 -11 1.8
      vertex -25.4827 -11.9239 1.8
    endloop
  endfacet
  facet normal 0 0 1
    outer loop
      vertex -26.1 11 1.8
      vertex -25.6556 11.8315 1.8
      vertex -25.7344 11.773 1.8
    endloop
  endfacet
  facet normal 0 0 1
    outer loop
      vertex -25.4827 -11.9239 1.8
      vertex -26.1 -11 1.8
      vertex -25.5714 -11.8819 1.8
    endloop
  endfacet
  facet normal 0 0 1
    outer loop
      vertex -26.1 11 1.8
      vertex -25.7344 11.773 1.8
      vertex -25.8071 11.7071 1.8
    endloop
  endfacet
  facet normal 0 0 1
    outer loop
      vertex -25.5714 -11.8819 1.8
      vertex -26.1 -11 1.8
      vertex -25.6556 -11.8315 1.8
    endloop
  endfacet
  facet normal 0 0 1
    outer loop
      vertex -26.1 11 1.8
      vertex -25.8071 11.7071 1.8
      vertex -25.873 11.6344 1.8
    endloop
  endfacet
  facet normal 0 0 1
    outer loop
      vertex -25.6556 -11.8315 1.8
      vertex -26.1 -11 1.8
      vertex -25.7344 -11.773 1.8
    endloop
  endfacet
  facet normal 0 0 1
    outer loop
      vertex -26.1 11 1.8
      vertex -25.873 11.6344 1.8
      vertex -25.9315 11.5556 1.8
    endloop
  endfacet
  facet normal 0 0 1
    outer loop
      vertex -25.7344 -11.773 1.8
      vertex -26.1 -11 1.8
      vertex -25.8071 -11.7071 1.8
    endloop
  endfacet
  facet normal 0 0 1
    outer loop
      vertex -26.1 11 1.8
      vertex -25.9315 11.5556 1.8
      vertex -25.9819 11.4714 1.8
    endloop
  endfacet
  facet normal 0 0 1
    outer loop
      vertex -25.8071 -11.7071 1.8
      vertex -26.1 -11 1.8
      vertex -25.873 -11.6344 1.8
    endloop
  endfacet
  facet normal 0 0 1
    outer loop
      vertex -26.1 11 1.8
      vertex -25.9819 11.4714 1.8
      vertex -26.0239 11.3827 1.8
    endloop
  endfacet
  facet normal 0 0 1
    outer loop
      vertex -25.873 -11.6344 1.8
      vertex -26.1 -11 1.8
      vertex -25.9315 -11.5556 1.8
    endloop
  endfacet
  facet normal 0 0 1
    outer loop
      vertex -26.1 11 1.8
      vertex -26.0239 11.3827 1.8
      vertex -26.0569 11.2903 1.8
    endloop
  endfacet
  facet normal 0 0 1
    outer loop
      vertex -25.9315 -11.5556 1.8
      vertex -26.1 -11 1.8
      vertex -25.9819 -11.4714 1.8
    endloop
  endfacet
  facet normal 0 0 1
    outer loop
      vertex -26.1 11 1.8
      vertex -26.0569 11.2903 1.8
      vertex -26.0808 11.1951 1.8
    endloop
  endfacet
  facet normal 0 0 1
    outer loop
      vertex -25.9819 -11.4714 1.8
      vertex -26.1 -11 1.8
      vertex -26.0239 -11.3827 1.8
    endloop
  endfacet
  facet normal 0 0 1
    outer loop
      vertex -26.1 11 1.8
      vertex -26.0808 11.1951 1.8
      vertex -26.0952 11.098 1.8
    endloop
  endfacet
  facet normal 0 0 1
    outer loop
      vertex -26.0239 -11.3827 1.8
      vertex -26.1 -11 1.8
      vertex -26.0569 -11.2903 1.8
    endloop
  endfacet
  facet normal 0 0 1
    outer loop
      vertex -26.0569 -11.2903 1.8
      vertex -26.1 -11 1.8
      vertex -26.0808 -11.1951 1.8
    endloop
  endfacet
  facet normal 0 0 1
    outer loop
      vertex -26.0808 -11.1951 1.8
      vertex -26.1 -11 1.8
      vertex -26.0952 -11.098 1.8
    endloop
  endfacet
  facet normal -0.998803 -0.0489209 0
    outer loop
      vertex 26.1 11 1.8
      vertex 26.0952 11.098 7.2
      vertex 26.0952 11.098 1.8
    endloop
  endfacet
  facet normal -0.998803 -0.0489209 0
    outer loop
      vertex 26.0952 11.098 7.2
      vertex 26.1 11 1.8
      vertex 26.1 11 7.2
    endloop
  endfacet
  facet normal -0.941742 -0.336336 0
    outer loop
      vertex 26.0569 11.2903 1.8
      vertex 26.0239 11.3827 7.2
      vertex 26.0239 11.3827 1.8
    endloop
  endfacet
  facet normal -0.941742 -0.336336 0
    outer loop
      vertex 26.0239 11.3827 7.2
      vertex 26.0569 11.2903 1.8
      vertex 26.0569 11.2903 7.2
    endloop
  endfacet
  facet normal -0.9038 -0.427955 0
    outer loop
      vertex 26.0239 11.3827 1.8
      vertex 25.9819 11.4714 7.2
      vertex 25.9819 11.4714 1.8
    endloop
  endfacet
  facet normal -0.9038 -0.427955 0
    outer loop
      vertex 25.9819 11.4714 7.2
      vertex 26.0239 11.3827 1.8
      vertex 26.0239 11.3827 7.2
    endloop
  endfacet
  facet normal -0.427955 -0.9038 0
    outer loop
      vertex 25.4827 11.9239 1.8
      vertex 25.5714 11.8819 7.2
      vertex 25.4827 11.9239 7.2
    endloop
  endfacet
  facet normal -0.427955 -0.9038 -0
    outer loop
      vertex 25.5714 11.8819 7.2
      vertex 25.4827 11.9239 1.8
      vertex 25.5714 11.8819 1.8
    endloop
  endfacet
  facet normal -0.0489209 -0.998803 0
    outer loop
      vertex 25.3 13.2 7.2
      vertex 25.496 13.1904 8.5
      vertex 25.3 13.2 8.5
    endloop
  endfacet
  facet normal -0.0489209 -0.998803 -0
    outer loop
      vertex 25.496 13.1904 8.5
      vertex 25.3 13.2 7.2
      vertex 25.496 13.1904 7.2
    endloop
  endfacet
  facet normal 0 -1 0
    outer loop
      vertex -25.3 13.2 7.2
      vertex 25.3 13.2 8.5
      vertex -25.3 13.2 8.5
    endloop
  endfacet
  facet normal 0 -1 -0
    outer loop
      vertex 25.3 13.2 8.5
      vertex -25.3 13.2 7.2
      vertex 25.3 13.2 7.2
    endloop
  endfacet
  facet normal 0.9038 0.427955 0
    outer loop
      vertex -27.0638 -12.1428 8.5
      vertex -27.1478 -11.9654 7.2
      vertex -27.1478 -11.9654 8.5
    endloop
  endfacet
  facet normal 0.9038 0.427955 0
    outer loop
      vertex -27.1478 -11.9654 7.2
      vertex -27.0638 -12.1428 8.5
      vertex -27.0638 -12.1428 7.2
    endloop
  endfacet
  facet normal 0 1 -0
    outer loop
      vertex -17.61 -13.2 7.2
      vertex -25.3 -13.2 8.5
      vertex -17.61 -13.2 8.5
    endloop
  endfacet
  facet normal 0 1 0
    outer loop
      vertex -25.3 -13.2 8.5
      vertex -17.61 -13.2 7.2
      vertex -25.3 -13.2 7.2
    endloop
  endfacet
  facet normal 0 1 -0
    outer loop
      vertex 25.3 -13.2 7.2
      vertex -8.11 -13.2 8.5
      vertex 25.3 -13.2 8.5
    endloop
  endfacet
  facet normal 0 1 0
    outer loop
      vertex -8.11 -13.2 8.5
      vertex 25.3 -13.2 7.2
      vertex -8.11 -13.2 7.2
    endloop
  endfacet
  facet normal 0.998803 0.0489209 0
    outer loop
      vertex -27.2904 -11.396 8.5
      vertex -27.3 -11.2 7.2
      vertex -27.3 -11.2 8.5
    endloop
  endfacet
  facet normal 0.998803 0.0489209 0
    outer loop
      vertex -27.3 -11.2 7.2
      vertex -27.2904 -11.396 8.5
      vertex -27.2904 -11.396 7.2
    endloop
  endfacet
  facet normal 0.970023 -0.243015 0
    outer loop
      vertex -27.2616 11.5902 8.5
      vertex -27.2139 11.7806 7.2
      vertex -27.2139 11.7806 8.5
    endloop
  endfacet
  facet normal 0.970023 -0.243015 0
    outer loop
      vertex -27.2139 11.7806 7.2
      vertex -27.2616 11.5902 8.5
      vertex -27.2616 11.5902 7.2
    endloop
  endfacet
  facet normal 0.146696 -0.989182 0
    outer loop
      vertex -25.6902 13.1616 7.2
      vertex -25.496 13.1904 8.5
      vertex -25.6902 13.1616 8.5
    endloop
  endfacet
  facet normal 0.146696 -0.989182 0
    outer loop
      vertex -25.496 13.1904 8.5
      vertex -25.6902 13.1616 7.2
      vertex -25.496 13.1904 7.2
    endloop
  endfacet
  facet normal 0.514196 0.857673 -0
    outer loop
      vertex -26.2428 -12.9638 7.2
      vertex -26.4111 -12.8629 8.5
      vertex -26.2428 -12.9638 8.5
    endloop
  endfacet
  facet normal 0.514196 0.857673 0
    outer loop
      vertex -26.4111 -12.8629 8.5
      vertex -26.2428 -12.9638 7.2
      vertex -26.4111 -12.8629 7.2
    endloop
  endfacet
  facet normal -1 0 0
    outer loop
      vertex 27.3 -11.2 7.2
      vertex 27.3 11.2 8.5
      vertex 27.3 11.2 7.2
    endloop
  endfacet
  facet normal -1 -0 0
    outer loop
      vertex 27.3 11.2 8.5
      vertex 27.3 -11.2 7.2
      vertex 27.3 -11.2 8.5
    endloop
  endfacet
  facet normal -0.243015 -0.970023 0
    outer loop
      vertex 25.6902 13.1616 7.2
      vertex 25.8806 13.1139 8.5
      vertex 25.6902 13.1616 8.5
    endloop
  endfacet
  facet normal -0.243015 -0.970023 -0
    outer loop
      vertex 25.8806 13.1139 8.5
      vertex 25.6902 13.1616 7.2
      vertex 25.8806 13.1139 7.2
    endloop
  endfacet
  facet normal -0.857673 -0.514196 0
    outer loop
      vertex 27.0638 12.1428 7.2
      vertex 26.9629 12.3111 8.5
      vertex 26.9629 12.3111 7.2
    endloop
  endfacet
  facet normal -0.857673 -0.514196 0
    outer loop
      vertex 26.9629 12.3111 8.5
      vertex 27.0638 12.1428 7.2
      vertex 27.0638 12.1428 8.5
    endloop
  endfacet
  facet normal 0.0489209 -0.998803 0
    outer loop
      vertex -25.496 13.1904 7.2
      vertex -25.3 13.2 8.5
      vertex -25.496 13.1904 8.5
    endloop
  endfacet
  facet normal 0.0489209 -0.998803 0
    outer loop
      vertex -25.3 13.2 8.5
      vertex -25.496 13.1904 7.2
      vertex -25.3 13.2 7.2
    endloop
  endfacet
  facet normal -0.998803 0.0489209 0
    outer loop
      vertex 27.2904 -11.396 7.2
      vertex 27.3 -11.2 8.5
      vertex 27.3 -11.2 7.2
    endloop
  endfacet
  facet normal -0.998803 0.0489209 0
    outer loop
      vertex 27.3 -11.2 8.5
      vertex 27.2904 -11.396 7.2
      vertex 27.2904 -11.396 8.5
    endloop
  endfacet
  facet normal 0.427955 0.9038 -0
    outer loop
      vertex -26.0654 -13.0478 7.2
      vertex -26.2428 -12.9638 8.5
      vertex -26.0654 -13.0478 8.5
    endloop
  endfacet
  facet normal 0.427955 0.9038 0
    outer loop
      vertex -26.2428 -12.9638 8.5
      vertex -26.0654 -13.0478 7.2
      vertex -26.2428 -12.9638 7.2
    endloop
  endfacet
  facet normal -0.336788 0.94158 0
    outer loop
      vertex 26.0654 -13.0478 7.2
      vertex 25.8806 -13.1139 8.5
      vertex 26.0654 -13.0478 8.5
    endloop
  endfacet
  facet normal -0.336788 0.94158 0
    outer loop
      vertex 25.8806 -13.1139 8.5
      vertex 26.0654 -13.0478 7.2
      vertex 25.8806 -13.1139 7.2
    endloop
  endfacet
  facet normal 0.595508 -0.80335 0
    outer loop
      vertex -26.5688 12.746 7.2
      vertex -26.4111 12.8629 8.5
      vertex -26.5688 12.746 8.5
    endloop
  endfacet
  facet normal 0.595508 -0.80335 0
    outer loop
      vertex -26.4111 12.8629 8.5
      vertex -26.5688 12.746 7.2
      vertex -26.4111 12.8629 7.2
    endloop
  endfacet
  facet normal -0.671607 0.740908 0
    outer loop
      vertex 26.7142 -12.6142 7.2
      vertex 26.5688 -12.746 8.5
      vertex 26.7142 -12.6142 8.5
    endloop
  endfacet
  facet normal -0.671607 0.740908 0
    outer loop
      vertex 26.5688 -12.746 8.5
      vertex 26.7142 -12.6142 7.2
      vertex 26.5688 -12.746 7.2
    endloop
  endfacet
  facet normal -0.427955 0.9038 0
    outer loop
      vertex 26.2428 -12.9638 7.2
      vertex 26.0654 -13.0478 8.5
      vertex 26.2428 -12.9638 8.5
    endloop
  endfacet
  facet normal -0.427955 0.9038 0
    outer loop
      vertex 26.0654 -13.0478 8.5
      vertex 26.2428 -12.9638 7.2
      vertex 26.0654 -13.0478 7.2
    endloop
  endfacet
  facet normal 0.514196 -0.857673 0
    outer loop
      vertex -26.4111 12.8629 7.2
      vertex -26.2428 12.9638 8.5
      vertex -26.4111 12.8629 8.5
    endloop
  endfacet
  facet normal 0.514196 -0.857673 0
    outer loop
      vertex -26.2428 12.9638 8.5
      vertex -26.4111 12.8629 7.2
      vertex -26.2428 12.9638 7.2
    endloop
  endfacet
  facet normal -0.514196 0.857673 0
    outer loop
      vertex 26.4111 -12.8629 7.2
      vertex 26.2428 -12.9638 8.5
      vertex 26.4111 -12.8629 8.5
    endloop
  endfacet
  facet normal -0.514196 0.857673 0
    outer loop
      vertex 26.2428 -12.9638 8.5
      vertex 26.4111 -12.8629 7.2
      vertex 26.2428 -12.9638 7.2
    endloop
  endfacet
  facet normal 0.243015 -0.970023 0
    outer loop
      vertex -25.8806 13.1139 7.2
      vertex -25.6902 13.1616 8.5
      vertex -25.8806 13.1139 8.5
    endloop
  endfacet
  facet normal 0.243015 -0.970023 0
    outer loop
      vertex -25.6902 13.1616 8.5
      vertex -25.8806 13.1139 7.2
      vertex -25.6902 13.1616 7.2
    endloop
  endfacet
  facet normal 1 -0 0
    outer loop
      vertex -27.3 -11.2 8.5
      vertex -27.3 -6 7.2
      vertex -27.3 -6 8.5
    endloop
  endfacet
  facet normal 1 0 0
    outer loop
      vertex -27.3 -6 7.2
      vertex -27.3 -11.2 8.5
      vertex -27.3 -11.2 7.2
    endloop
  endfacet
  facet normal 1 -0 0
    outer loop
      vertex -27.3 6 8.5
      vertex -27.3 11.2 7.2
      vertex -27.3 11.2 8.5
    endloop
  endfacet
  facet normal 1 0 0
    outer loop
      vertex -27.3 11.2 7.2
      vertex -27.3 6 8.5
      vertex -27.3 6 7.2
    endloop
  endfacet
  facet normal -0.9038 0.427955 0
    outer loop
      vertex 27.0638 -12.1428 7.2
      vertex 27.1478 -11.9654 8.5
      vertex 27.1478 -11.9654 7.2
    endloop
  endfacet
  facet normal -0.9038 0.427955 0
    outer loop
      vertex 27.1478 -11.9654 8.5
      vertex 27.0638 -12.1428 7.2
      vertex 27.0638 -12.1428 8.5
    endloop
  endfacet
  facet normal -0.146696 -0.989182 0
    outer loop
      vertex 25.496 13.1904 7.2
      vertex 25.6902 13.1616 8.5
      vertex 25.496 13.1904 8.5
    endloop
  endfacet
  facet normal -0.146696 -0.989182 -0
    outer loop
      vertex 25.6902 13.1616 8.5
      vertex 25.496 13.1904 7.2
      vertex 25.6902 13.1616 7.2
    endloop
  endfacet
  facet normal 0.243015 0.970023 -0
    outer loop
      vertex -25.6902 -13.1616 7.2
      vertex -25.8806 -13.1139 8.5
      vertex -25.6902 -13.1616 8.5
    endloop
  endfacet
  facet normal 0.243015 0.970023 0
    outer loop
      vertex -25.8806 -13.1139 8.5
      vertex -25.6902 -13.1616 7.2
      vertex -25.8806 -13.1139 7.2
    endloop
  endfacet
  facet normal 0 0 1
    outer loop
      vertex 26.0808 11.1951 7.2
      vertex 27.3 11.2 7.2
      vertex 27.2904 11.396 7.2
    endloop
  endfacet
  facet normal 0 0 1
    outer loop
      vertex 27.3 11.2 7.2
      vertex 26.1 11 7.2
      vertex 27.3 -11.2 7.2
    endloop
  endfacet
  facet normal 0 0 1
    outer loop
      vertex 26.0569 11.2903 7.2
      vertex 27.2904 11.396 7.2
      vertex 27.2616 11.5902 7.2
    endloop
  endfacet
  facet normal -0 0 1
    outer loop
      vertex 26.1 -11 7.2
      vertex 27.3 -11.2 7.2
      vertex 26.1 11 7.2
    endloop
  endfacet
  facet normal 0 0 1
    outer loop
      vertex 26.0569 11.2903 7.2
      vertex 27.2616 11.5902 7.2
      vertex 27.2139 11.7806 7.2
    endloop
  endfacet
  facet normal -0 0 1
    outer loop
      vertex 26.0952 -11.098 7.2
      vertex 27.3 -11.2 7.2
      vertex 26.1 -11 7.2
    endloop
  endfacet
  facet normal 0 0 1
    outer loop
      vertex 26.0239 11.3827 7.2
      vertex 27.2139 11.7806 7.2
      vertex 27.1478 11.9654 7.2
    endloop
  endfacet
  facet normal -0 0 1
    outer loop
      vertex 26.0808 -11.1951 7.2
      vertex 27.3 -11.2 7.2
      vertex 26.0952 -11.098 7.2
    endloop
  endfacet
  facet normal 0 0 1
    outer loop
      vertex 25.9819 11.4714 7.2
      vertex 27.1478 11.9654 7.2
      vertex 27.0638 12.1428 7.2
    endloop
  endfacet
  facet normal 0 0 1
    outer loop
      vertex 27.3 -11.2 7.2
      vertex 26.0808 -11.1951 7.2
      vertex 27.2904 -11.396 7.2
    endloop
  endfacet
  facet normal 0 0 1
    outer loop
      vertex 25.9315 11.5556 7.2
      vertex 27.0638 12.1428 7.2
      vertex 26.9629 12.3111 7.2
    endloop
  endfacet
  facet normal -0 0 1
    outer loop
      vertex 26.0569 -11.2903 7.2
      vertex 27.2904 -11.396 7.2
      vertex 26.0808 -11.1951 7.2
    endloop
  endfacet
  facet normal 0 0 1
    outer loop
      vertex 25.873 11.6344 7.2
      vertex 26.9629 12.3111 7.2
      vertex 26.846 12.4688 7.2
    endloop
  endfacet
  facet normal 0 0 1
    outer loop
      vertex 27.2904 -11.396 7.2
      vertex 26.0569 -11.2903 7.2
      vertex 27.2616 -11.5902 7.2
    endloop
  endfacet
  facet normal 0 0 1
    outer loop
      vertex 25.8071 11.7071 7.2
      vertex 26.846 12.4688 7.2
      vertex 26.7142 12.6142 7.2
    endloop
  endfacet
  facet normal 0 0 1
    outer loop
      vertex 27.2616 -11.5902 7.2
      vertex 26.0569 -11.2903 7.2
      vertex 27.2139 -11.7806 7.2
    endloop
  endfacet
  facet normal 0 0 1
    outer loop
      vertex 25.8071 11.7071 7.2
      vertex 26.7142 12.6142 7.2
      vertex 26.5688 12.746 7.2
    endloop
  endfacet
  facet normal -0 0 1
    outer loop
      vertex 26.0239 -11.3827 7.2
      vertex 27.2139 -11.7806 7.2
      vertex 26.0569 -11.2903 7.2
    endloop
  endfacet
  facet normal 0 0 1
    outer loop
      vertex 25.7344 11.773 7.2
      vertex 26.5688 12.746 7.2
      vertex 26.4111 12.8629 7.2
    endloop
  endfacet
  facet normal 0 0 1
    outer loop
      vertex 27.2139 -11.7806 7.2
      vertex 26.0239 -11.3827 7.2
      vertex 27.1478 -11.9654 7.2
    endloop
  endfacet
  facet normal 0 0 1
    outer loop
      vertex 25.6556 11.8315 7.2
      vertex 26.4111 12.8629 7.2
      vertex 26.2428 12.9638 7.2
    endloop
  endfacet
  facet normal -0 0 1
    outer loop
      vertex 25.9819 -11.4714 7.2
      vertex 27.1478 -11.9654 7.2
      vertex 26.0239 -11.3827 7.2
    endloop
  endfacet
  facet normal 0 0 1
    outer loop
      vertex 27.1478 -11.9654 7.2
      vertex 25.9819 -11.4714 7.2
      vertex 27.0638 -12.1428 7.2
    endloop
  endfacet
  facet normal 0 0 1
    outer loop
      vertex 27.3 11.2 7.2
      vertex 26.0952 11.098 7.2
      vertex 26.1 11 7.2
    endloop
  endfacet
  facet normal 0 0 1
    outer loop
      vertex 27.3 11.2 7.2
      vertex 26.0808 11.1951 7.2
      vertex 26.0952 11.098 7.2
    endloop
  endfacet
  facet normal 0 0 1
    outer loop
      vertex 25.5714 11.8819 7.2
      vertex 26.2428 12.9638 7.2
      vertex 26.0654 13.0478 7.2
    endloop
  endfacet
  facet normal 0 0 1
    outer loop
      vertex 27.2904 11.396 7.2
      vertex 26.0569 11.2903 7.2
      vertex 26.0808 11.1951 7.2
    endloop
  endfacet
  facet normal 0 0 1
    outer loop
      vertex 27.2139 11.7806 7.2
      vertex 26.0239 11.3827 7.2
      vertex 26.0569 11.2903 7.2
    endloop
  endfacet
  facet normal 0 0 1
    outer loop
      vertex 27.1478 11.9654 7.2
      vertex 25.9819 11.4714 7.2
      vertex 26.0239 11.3827 7.2
    endloop
  endfacet
  facet normal 0 0 1
    outer loop
      vertex 27.0638 12.1428 7.2
      vertex 25.9315 11.5556 7.2
      vertex 25.9819 11.4714 7.2
    endloop
  endfacet
  facet normal 0 0 1
    outer loop
      vertex 25.4827 11.9239 7.2
      vertex 26.0654 13.0478 7.2
      vertex 25.8806 13.1139 7.2
    endloop
  endfacet
  facet normal 0 0 1
    outer loop
      vertex 26.9629 12.3111 7.2
      vertex 25.873 11.6344 7.2
      vertex 25.9315 11.5556 7.2
    endloop
  endfacet
  facet normal 0 0 1
    outer loop
      vertex 26.846 12.4688 7.2
      vertex 25.8071 11.7071 7.2
      vertex 25.873 11.6344 7.2
    endloop
  endfacet
  facet normal 0 0 1
    outer loop
      vertex 26.5688 12.746 7.2
      vertex 25.7344 11.773 7.2
      vertex 25.8071 11.7071 7.2
    endloop
  endfacet
  facet normal 0 0 1
    outer loop
      vertex 25.3903 11.9569 7.2
      vertex 25.8806 13.1139 7.2
      vertex 25.6902 13.1616 7.2
    endloop
  endfacet
  facet normal 0 0 1
    outer loop
      vertex 26.4111 12.8629 7.2
      vertex 25.6556 11.8315 7.2
      vertex 25.7344 11.773 7.2
    endloop
  endfacet
  facet normal 0 0 1
    outer loop
      vertex 26.2428 12.9638 7.2
      vertex 25.5714 11.8819 7.2
      vertex 25.6556 11.8315 7.2
    endloop
  endfacet
  facet normal 0 0 1
    outer loop
      vertex 25.3903 11.9569 7.2
      vertex 25.6902 13.1616 7.2
      vertex 25.496 13.1904 7.2
    endloop
  endfacet
  facet normal 0 0 1
    outer loop
      vertex 26.0654 13.0478 7.2
      vertex 25.4827 11.9239 7.2
      vertex 25.5714 11.8819 7.2
    endloop
  endfacet
  facet normal 0 0 1
    outer loop
      vertex 25.8806 13.1139 7.2
      vertex 25.3903 11.9569 7.2
      vertex 25.4827 11.9239 7.2
    endloop
  endfacet
  facet normal 0 0 1
    outer loop
      vertex 25.2951 11.9808 7.2
      vertex 25.496 13.1904 7.2
      vertex 25.3 13.2 7.2
    endloop
  endfacet
  facet normal 0 0 1
    outer loop
      vertex 25.496 13.1904 7.2
      vertex 25.2951 11.9808 7.2
      vertex 25.3903 11.9569 7.2
    endloop
  endfacet
  facet normal 0 0 1
    outer loop
      vertex 25.3 13.2 7.2
      vertex 25.198 11.9952 7.2
      vertex 25.2951 11.9808 7.2
    endloop
  endfacet
  facet normal 0 0 1
    outer loop
      vertex 25.3 13.2 7.2
      vertex 25.1 12 7.2
      vertex 25.198 11.9952 7.2
    endloop
  endfacet
  facet normal 0 0 1
    outer loop
      vertex 25.3 13.2 7.2
      vertex -25.1 12 7.2
      vertex 25.1 12 7.2
    endloop
  endfacet
  facet normal -0 0 1
    outer loop
      vertex -25.3 13.2 7.2
      vertex -25.1 12 7.2
      vertex 25.3 13.2 7.2
    endloop
  endfacet
  facet normal 0 0 1
    outer loop
      vertex -25.3 13.2 7.2
      vertex -25.198 11.9952 7.2
      vertex -25.1 12 7.2
    endloop
  endfacet
  facet normal 0 0 1
    outer loop
      vertex -25.3 13.2 7.2
      vertex -25.2951 11.9808 7.2
      vertex -25.198 11.9952 7.2
    endloop
  endfacet
  facet normal -0 0 1
    outer loop
      vertex -25.496 13.1904 7.2
      vertex -25.2951 11.9808 7.2
      vertex -25.3 13.2 7.2
    endloop
  endfacet
  facet normal 0 0 1
    outer loop
      vertex -25.2951 11.9808 7.2
      vertex -25.496 13.1904 7.2
      vertex -25.3903 11.9569 7.2
    endloop
  endfacet
  facet normal -0 0 1
    outer loop
      vertex -25.6902 13.1616 7.2
      vertex -25.3903 11.9569 7.2
      vertex -25.496 13.1904 7.2
    endloop
  endfacet
  facet normal -0 0 1
    outer loop
      vertex -25.8806 13.1139 7.2
      vertex -25.3903 11.9569 7.2
      vertex -25.6902 13.1616 7.2
    endloop
  endfacet
  facet normal 0 0 1
    outer loop
      vertex -25.3903 11.9569 7.2
      vertex -25.8806 13.1139 7.2
      vertex -25.4827 11.9239 7.2
    endloop
  endfacet
  facet normal -0 0 1
    outer loop
      vertex -26.0654 13.0478 7.2
      vertex -25.4827 11.9239 7.2
      vertex -25.8806 13.1139 7.2
    endloop
  endfacet
  facet normal 0 0 1
    outer loop
      vertex -25.4827 11.9239 7.2
      vertex -26.0654 13.0478 7.2
      vertex -25.5714 11.8819 7.2
    endloop
  endfacet
  facet normal -0 0 1
    outer loop
      vertex -26.2428 12.9638 7.2
      vertex -25.5714 11.8819 7.2
      vertex -26.0654 13.0478 7.2
    endloop
  endfacet
  facet normal 0 0 1
    outer loop
      vertex -25.5714 11.8819 7.2
      vertex -26.2428 12.9638 7.2
      vertex -25.6556 11.8315 7.2
    endloop
  endfacet
  facet normal -0 0 1
    outer loop
      vertex -26.4111 12.8629 7.2
      vertex -25.6556 11.8315 7.2
      vertex -26.2428 12.9638 7.2
    endloop
  endfacet
  facet normal 0 0 1
    outer loop
      vertex -25.6556 11.8315 7.2
      vertex -26.4111 12.8629 7.2
      vertex -25.7344 11.773 7.2
    endloop
  endfacet
  facet normal -0 0 1
    outer loop
      vertex -26.5688 12.746 7.2
      vertex -25.7344 11.773 7.2
      vertex -26.4111 12.8629 7.2
    endloop
  endfacet
  facet normal 0 0 1
    outer loop
      vertex -25.7344 11.773 7.2
      vertex -26.5688 12.746 7.2
      vertex -25.8071 11.7071 7.2
    endloop
  endfacet
  facet normal -0 0 1
    outer loop
      vertex -26.7142 12.6142 7.2
      vertex -25.8071 11.7071 7.2
      vertex -26.5688 12.746 7.2
    endloop
  endfacet
  facet normal -0 0 1
    outer loop
      vertex -26.846 12.4688 7.2
      vertex -25.8071 11.7071 7.2
      vertex -26.7142 12.6142 7.2
    endloop
  endfacet
  facet normal 0 0 1
    outer loop
      vertex -25.8071 11.7071 7.2
      vertex -26.846 12.4688 7.2
      vertex -25.873 11.6344 7.2
    endloop
  endfacet
  facet normal -0 0 1
    outer loop
      vertex -26.9629 12.3111 7.2
      vertex -25.873 11.6344 7.2
      vertex -26.846 12.4688 7.2
    endloop
  endfacet
  facet normal 0 0 1
    outer loop
      vertex -25.873 11.6344 7.2
      vertex -26.9629 12.3111 7.2
      vertex -25.9315 11.5556 7.2
    endloop
  endfacet
  facet normal 0 0 0
    outer loop
      vertex -26.1 11 7.2
      vertex -26.1 6 7.2
      vertex -26.1 -11 7.2
    endloop
  endfacet
  facet normal -0 0 1
    outer loop
      vertex -27.0638 12.1428 7.2
      vertex -25.9315 11.5556 7.2
      vertex -26.9629 12.3111 7.2
    endloop
  endfacet
  facet normal 0 0 1
    outer loop
      vertex -25.9315 11.5556 7.2
      vertex -27.0638 12.1428 7.2
      vertex -25.9819 11.4714 7.2
    endloop
  endfacet
  facet normal -0 0 1
    outer loop
      vertex -27.1478 11.9654 7.2
      vertex -25.9819 11.4714 7.2
      vertex -27.0638 12.1428 7.2
    endloop
  endfacet
  facet normal 0 0 1
    outer loop
      vertex -25.9819 11.4714 7.2
      vertex -27.1478 11.9654 7.2
      vertex -26.0239 11.3827 7.2
    endloop
  endfacet
  facet normal -0 0 1
    outer loop
      vertex -27.2139 11.7806 7.2
      vertex -26.0239 11.3827 7.2
      vertex -27.1478 11.9654 7.2
    endloop
  endfacet
  facet normal 0 0 1
    outer loop
      vertex -26.0239 11.3827 7.2
      vertex -27.2139 11.7806 7.2
      vertex -26.0569 11.2903 7.2
    endloop
  endfacet
  facet normal -0 0 1
    outer loop
      vertex -27.2616 11.5902 7.2
      vertex -26.0569 11.2903 7.2
      vertex -27.2139 11.7806 7.2
    endloop
  endfacet
  facet normal -0 0 1
    outer loop
      vertex -27.2904 11.396 7.2
      vertex -26.0569 11.2903 7.2
      vertex -27.2616 11.5902 7.2
    endloop
  endfacet
  facet normal 0 0 1
    outer loop
      vertex -26.0569 11.2903 7.2
      vertex -27.2904 11.396 7.2
      vertex -26.0808 11.1951 7.2
    endloop
  endfacet
  facet normal -0 0 1
    outer loop
      vertex -27.3 11.2 7.2
      vertex -26.0808 11.1951 7.2
      vertex -27.2904 11.396 7.2
    endloop
  endfacet
  facet normal 0 0 1
    outer loop
      vertex -26.0808 11.1951 7.2
      vertex -27.3 11.2 7.2
      vertex -26.0952 11.098 7.2
    endloop
  endfacet
  facet normal 0 0 1
    outer loop
      vertex -26.0952 11.098 7.2
      vertex -27.3 11.2 7.2
      vertex -26.1 11 7.2
    endloop
  endfacet
  facet normal 0 0 1
    outer loop
      vertex -27.3 6 7.2
      vertex -26.1 11 7.2
      vertex -27.3 11.2 7.2
    endloop
  endfacet
  facet normal 0 0 1
    outer loop
      vertex -26.1 11 7.2
      vertex -27.3 6 7.2
      vertex -26.1 6 7.2
    endloop
  endfacet
  facet normal -0 0 1
    outer loop
      vertex 25.9315 -11.5556 7.2
      vertex 27.0638 -12.1428 7.2
      vertex 25.9819 -11.4714 7.2
    endloop
  endfacet
  facet normal 0 0 1
    outer loop
      vertex 27.0638 -12.1428 7.2
      vertex 25.9315 -11.5556 7.2
      vertex 26.9629 -12.3111 7.2
    endloop
  endfacet
  facet normal -0 0 1
    outer loop
      vertex 25.873 -11.6344 7.2
      vertex 26.9629 -12.3111 7.2
      vertex 25.9315 -11.5556 7.2
    endloop
  endfacet
  facet normal 0 0 1
    outer loop
      vertex 26.9629 -12.3111 7.2
      vertex 25.873 -11.6344 7.2
      vertex 26.846 -12.4688 7.2
    endloop
  endfacet
  facet normal -0 0 1
    outer loop
      vertex 25.8071 -11.7071 7.2
      vertex 26.846 -12.4688 7.2
      vertex 25.873 -11.6344 7.2
    endloop
  endfacet
  facet normal 0 0 1
    outer loop
      vertex 26.846 -12.4688 7.2
      vertex 25.8071 -11.7071 7.2
      vertex 26.7142 -12.6142 7.2
    endloop
  endfacet
  facet normal 0 0 1
    outer loop
      vertex 26.7142 -12.6142 7.2
      vertex 25.8071 -11.7071 7.2
      vertex 26.5688 -12.746 7.2
    endloop
  endfacet
  facet normal -0 0 1
    outer loop
      vertex 25.7344 -11.773 7.2
      vertex 26.5688 -12.746 7.2
      vertex 25.8071 -11.7071 7.2
    endloop
  endfacet
  facet normal 0 0 1
    outer loop
      vertex 26.5688 -12.746 7.2
      vertex 25.7344 -11.773 7.2
      vertex 26.4111 -12.8629 7.2
    endloop
  endfacet
  facet normal -0 0 1
    outer loop
      vertex 25.6556 -11.8315 7.2
      vertex 26.4111 -12.8629 7.2
      vertex 25.7344 -11.773 7.2
    endloop
  endfacet
  facet normal 0 0 1
    outer loop
      vertex 26.4111 -12.8629 7.2
      vertex 25.6556 -11.8315 7.2
      vertex 26.2428 -12.9638 7.2
    endloop
  endfacet
  facet normal -0 0 1
    outer loop
      vertex 25.5714 -11.8819 7.2
      vertex 26.2428 -12.9638 7.2
      vertex 25.6556 -11.8315 7.2
    endloop
  endfacet
  facet normal 0 0 1
    outer loop
      vertex 26.2428 -12.9638 7.2
      vertex 25.5714 -11.8819 7.2
      vertex 26.0654 -13.0478 7.2
    endloop
  endfacet
  facet normal -0 0 1
    outer loop
      vertex 25.4827 -11.9239 7.2
      vertex 26.0654 -13.0478 7.2
      vertex 25.5714 -11.8819 7.2
    endloop
  endfacet
  facet normal 0 0 1
    outer loop
      vertex 26.0654 -13.0478 7.2
      vertex 25.4827 -11.9239 7.2
      vertex 25.8806 -13.1139 7.2
    endloop
  endfacet
  facet normal -0 0 1
    outer loop
      vertex 25.3903 -11.9569 7.2
      vertex 25.8806 -13.1139 7.2
      vertex 25.4827 -11.9239 7.2
    endloop
  endfacet
  facet normal 0 0 1
    outer loop
      vertex 25.8806 -13.1139 7.2
      vertex 25.3903 -11.9569 7.2
      vertex 25.6902 -13.1616 7.2
    endloop
  endfacet
  facet normal 0 0 1
    outer loop
      vertex 25.6902 -13.1616 7.2
      vertex 25.3903 -11.9569 7.2
      vertex 25.496 -13.1904 7.2
    endloop
  endfacet
  facet normal -0 0 1
    outer loop
      vertex 25.2951 -11.9808 7.2
      vertex 25.496 -13.1904 7.2
      vertex 25.3903 -11.9569 7.2
    endloop
  endfacet
  facet normal 0 0 1
    outer loop
      vertex 25.496 -13.1904 7.2
      vertex 25.2951 -11.9808 7.2
      vertex 25.3 -13.2 7.2
    endloop
  endfacet
  facet normal -0 0 1
    outer loop
      vertex 25.198 -11.9952 7.2
      vertex 25.3 -13.2 7.2
      vertex 25.2951 -11.9808 7.2
    endloop
  endfacet
  facet normal -0 0 1
    outer loop
      vertex 25.1 -12 7.2
      vertex 25.3 -13.2 7.2
      vertex 25.198 -11.9952 7.2
    endloop
  endfacet
  facet normal 0 0 1
    outer loop
      vertex -8.11 -13.2 7.2
      vertex 25.1 -12 7.2
      vertex -8.11 -12 7.2
    endloop
  endfacet
  facet normal 0 0 1
    outer loop
      vertex 25.1 -12 7.2
      vertex -8.11 -13.2 7.2
      vertex 25.3 -13.2 7.2
    endloop
  endfacet
  facet normal -0 0 1
    outer loop
      vertex -25.1 -12 7.2
      vertex -17.61 -13.2 7.2
      vertex -17.61 -12 7.2
    endloop
  endfacet
  facet normal 0 0 1
    outer loop
      vertex -25.3 -13.2 7.2
      vertex -25.1 -12 7.2
      vertex -25.198 -11.9952 7.2
    endloop
  endfacet
  facet normal 0 0 1
    outer loop
      vertex -25.3 -13.2 7.2
      vertex -25.198 -11.9952 7.2
      vertex -25.2951 -11.9808 7.2
    endloop
  endfacet
  facet normal 0 0 1
    outer loop
      vertex -25.1 -12 7.2
      vertex -25.3 -13.2 7.2
      vertex -17.61 -13.2 7.2
    endloop
  endfacet
  facet normal 0 0 1
    outer loop
      vertex -25.496 -13.1904 7.2
      vertex -25.2951 -11.9808 7.2
      vertex -25.3903 -11.9569 7.2
    endloop
  endfacet
  facet normal 0 0 1
    outer loop
      vertex -25.8806 -13.1139 7.2
      vertex -25.3903 -11.9569 7.2
      vertex -25.4827 -11.9239 7.2
    endloop
  endfacet
  facet normal 0 0 1
    outer loop
      vertex -25.2951 -11.9808 7.2
      vertex -25.496 -13.1904 7.2
      vertex -25.3 -13.2 7.2
    endloop
  endfacet
  facet normal 0 0 1
    outer loop
      vertex -26.0654 -13.0478 7.2
      vertex -25.4827 -11.9239 7.2
      vertex -25.5714 -11.8819 7.2
    endloop
  endfacet
  facet normal 0 0 1
    outer loop
      vertex -26.2428 -12.9638 7.2
      vertex -25.5714 -11.8819 7.2
      vertex -25.6556 -11.8315 7.2
    endloop
  endfacet
  facet normal 0 0 1
    outer loop
      vertex -25.3903 -11.9569 7.2
      vertex -25.6902 -13.1616 7.2
      vertex -25.496 -13.1904 7.2
    endloop
  endfacet
  facet normal 0 0 1
    outer loop
      vertex -26.4111 -12.8629 7.2
      vertex -25.6556 -11.8315 7.2
      vertex -25.7344 -11.773 7.2
    endloop
  endfacet
  facet normal 0 0 1
    outer loop
      vertex -26.5688 -12.746 7.2
      vertex -25.7344 -11.773 7.2
      vertex -25.8071 -11.7071 7.2
    endloop
  endfacet
  facet normal 0 0 1
    outer loop
      vertex -26.846 -12.4688 7.2
      vertex -25.8071 -11.7071 7.2
      vertex -25.873 -11.6344 7.2
    endloop
  endfacet
  facet normal 0 0 1
    outer loop
      vertex -25.3903 -11.9569 7.2
      vertex -25.8806 -13.1139 7.2
      vertex -25.6902 -13.1616 7.2
    endloop
  endfacet
  facet normal 0 0 1
    outer loop
      vertex -26.9629 -12.3111 7.2
      vertex -25.873 -11.6344 7.2
      vertex -25.9315 -11.5556 7.2
    endloop
  endfacet
  facet normal 0 0 1
    outer loop
      vertex -27.0638 -12.1428 7.2
      vertex -25.9315 -11.5556 7.2
      vertex -25.9819 -11.4714 7.2
    endloop
  endfacet
  facet normal 0 0 1
    outer loop
      vertex -27.1478 -11.9654 7.2
      vertex -25.9819 -11.4714 7.2
      vertex -26.0239 -11.3827 7.2
    endloop
  endfacet
  facet normal 0 0 1
    outer loop
      vertex -27.2139 -11.7806 7.2
      vertex -26.0239 -11.3827 7.2
      vertex -26.0569 -11.2903 7.2
    endloop
  endfacet
  facet normal 0 0 1
    outer loop
      vertex -25.4827 -11.9239 7.2
      vertex -26.0654 -13.0478 7.2
      vertex -25.8806 -13.1139 7.2
    endloop
  endfacet
  facet normal 0 0 1
    outer loop
      vertex -27.2904 -11.396 7.2
      vertex -26.0569 -11.2903 7.2
      vertex -26.0808 -11.1951 7.2
    endloop
  endfacet
  facet normal 0 0 1
    outer loop
      vertex -27.3 -11.2 7.2
      vertex -26.0808 -11.1951 7.2
      vertex -26.0952 -11.098 7.2
    endloop
  endfacet
  facet normal 0 0 1
    outer loop
      vertex -27.3 -11.2 7.2
      vertex -26.0952 -11.098 7.2
      vertex -26.1 -11 7.2
    endloop
  endfacet
  facet normal -0 0 0
    outer loop
      vertex -26.1 -6 7.2
      vertex -26.1 -11 7.2
      vertex -26.1 6 7.2
    endloop
  endfacet
  facet normal 0 0 1
    outer loop
      vertex -25.5714 -11.8819 7.2
      vertex -26.2428 -12.9638 7.2
      vertex -26.0654 -13.0478 7.2
    endloop
  endfacet
  facet normal -0 0 1
    outer loop
      vertex -27.3 -6 7.2
      vertex -26.1 -11 7.2
      vertex -26.1 -6 7.2
    endloop
  endfacet
  facet normal 0 0 1
    outer loop
      vertex -26.0808 -11.1951 7.2
      vertex -27.3 -11.2 7.2
      vertex -27.2904 -11.396 7.2
    endloop
  endfacet
  facet normal 0 0 1
    outer loop
      vertex -25.6556 -11.8315 7.2
      vertex -26.4111 -12.8629 7.2
      vertex -26.2428 -12.9638 7.2
    endloop
  endfacet
  facet normal 0 0 1
    outer loop
      vertex -25.7344 -11.773 7.2
      vertex -26.5688 -12.746 7.2
      vertex -26.4111 -12.8629 7.2
    endloop
  endfacet
  facet normal 0 0 1
    outer loop
      vertex -25.8071 -11.7071 7.2
      vertex -26.7142 -12.6142 7.2
      vertex -26.5688 -12.746 7.2
    endloop
  endfacet
  facet normal 0 0 1
    outer loop
      vertex -25.8071 -11.7071 7.2
      vertex -26.846 -12.4688 7.2
      vertex -26.7142 -12.6142 7.2
    endloop
  endfacet
  facet normal 0 0 1
    outer loop
      vertex -25.873 -11.6344 7.2
      vertex -26.9629 -12.3111 7.2
      vertex -26.846 -12.4688 7.2
    endloop
  endfacet
  facet normal 0 0 1
    outer loop
      vertex -25.9315 -11.5556 7.2
      vertex -27.0638 -12.1428 7.2
      vertex -26.9629 -12.3111 7.2
    endloop
  endfacet
  facet normal 0 0 1
    outer loop
      vertex -25.9819 -11.4714 7.2
      vertex -27.1478 -11.9654 7.2
      vertex -27.0638 -12.1428 7.2
    endloop
  endfacet
  facet normal 0 0 1
    outer loop
      vertex -26.0239 -11.3827 7.2
      vertex -27.2139 -11.7806 7.2
      vertex -27.1478 -11.9654 7.2
    endloop
  endfacet
  facet normal 0 0 1
    outer loop
      vertex -26.0569 -11.2903 7.2
      vertex -27.2616 -11.5902 7.2
      vertex -27.2139 -11.7806 7.2
    endloop
  endfacet
  facet normal 0 0 1
    outer loop
      vertex -26.1 -11 7.2
      vertex -27.3 -6 7.2
      vertex -27.3 -11.2 7.2
    endloop
  endfacet
  facet normal 0 0 1
    outer loop
      vertex -26.0569 -11.2903 7.2
      vertex -27.2904 -11.396 7.2
      vertex -27.2616 -11.5902 7.2
    endloop
  endfacet
  facet normal 0.80335 0.595508 0
    outer loop
      vertex -26.846 -12.4688 8.5
      vertex -26.9629 -12.3111 7.2
      vertex -26.9629 -12.3111 8.5
    endloop
  endfacet
  facet normal 0.80335 0.595508 0
    outer loop
      vertex -26.9629 -12.3111 7.2
      vertex -26.846 -12.4688 8.5
      vertex -26.846 -12.4688 7.2
    endloop
  endfacet
  facet normal 0.146696 0.989182 -0
    outer loop
      vertex -25.496 -13.1904 7.2
      vertex -25.6902 -13.1616 8.5
      vertex -25.496 -13.1904 8.5
    endloop
  endfacet
  facet normal 0.146696 0.989182 0
    outer loop
      vertex -25.6902 -13.1616 8.5
      vertex -25.496 -13.1904 7.2
      vertex -25.6902 -13.1616 7.2
    endloop
  endfacet
  facet normal 0.0489209 0.998803 -0
    outer loop
      vertex -25.3 -13.2 7.2
      vertex -25.496 -13.1904 8.5
      vertex -25.3 -13.2 8.5
    endloop
  endfacet
  facet normal 0.0489209 0.998803 0
    outer loop
      vertex -25.496 -13.1904 8.5
      vertex -25.3 -13.2 7.2
      vertex -25.496 -13.1904 7.2
    endloop
  endfacet
  facet normal -0.0489209 0.998803 0
    outer loop
      vertex 25.496 -13.1904 7.2
      vertex 25.3 -13.2 8.5
      vertex 25.496 -13.1904 8.5
    endloop
  endfacet
  facet normal -0.0489209 0.998803 0
    outer loop
      vertex 25.3 -13.2 8.5
      vertex 25.496 -13.1904 7.2
      vertex 25.3 -13.2 7.2
    endloop
  endfacet
  facet normal 0.336788 -0.94158 0
    outer loop
      vertex -26.0654 13.0478 7.2
      vertex -25.8806 13.1139 8.5
      vertex -26.0654 13.0478 8.5
    endloop
  endfacet
  facet normal 0.336788 -0.94158 0
    outer loop
      vertex -25.8806 13.1139 8.5
      vertex -26.0654 13.0478 7.2
      vertex -25.8806 13.1139 7.2
    endloop
  endfacet
  facet normal 0.671607 -0.740908 0
    outer loop
      vertex -26.7142 12.6142 7.2
      vertex -26.5688 12.746 8.5
      vertex -26.7142 12.6142 8.5
    endloop
  endfacet
  facet normal 0.671607 -0.740908 0
    outer loop
      vertex -26.5688 12.746 8.5
      vertex -26.7142 12.6142 7.2
      vertex -26.5688 12.746 7.2
    endloop
  endfacet
  facet normal 0.857673 -0.514196 0
    outer loop
      vertex -27.0638 12.1428 8.5
      vertex -26.9629 12.3111 7.2
      vertex -26.9629 12.3111 8.5
    endloop
  endfacet
  facet normal 0.857673 -0.514196 0
    outer loop
      vertex -26.9629 12.3111 7.2
      vertex -27.0638 12.1428 8.5
      vertex -27.0638 12.1428 7.2
    endloop
  endfacet
  facet normal -0.146696 0.989182 0
    outer loop
      vertex 25.6902 -13.1616 7.2
      vertex 25.496 -13.1904 8.5
      vertex 25.6902 -13.1616 8.5
    endloop
  endfacet
  facet normal -0.146696 0.989182 0
    outer loop
      vertex 25.496 -13.1904 8.5
      vertex 25.6902 -13.1616 7.2
      vertex 25.496 -13.1904 7.2
    endloop
  endfacet
  facet normal -0.595508 -0.80335 0
    outer loop
      vertex 26.4111 12.8629 7.2
      vertex 26.5688 12.746 8.5
      vertex 26.4111 12.8629 8.5
    endloop
  endfacet
  facet normal -0.595508 -0.80335 -0
    outer loop
      vertex 26.5688 12.746 8.5
      vertex 26.4111 12.8629 7.2
      vertex 26.5688 12.746 7.2
    endloop
  endfacet
  facet normal 0.740908 -0.671607 0
    outer loop
      vertex -26.846 12.4688 8.5
      vertex -26.7142 12.6142 7.2
      vertex -26.7142 12.6142 8.5
    endloop
  endfacet
  facet normal 0.740908 -0.671607 0
    outer loop
      vertex -26.7142 12.6142 7.2
      vertex -26.846 12.4688 8.5
      vertex -26.846 12.4688 7.2
    endloop
  endfacet
  facet normal 0.989182 0.146696 0
    outer loop
      vertex -27.2616 -11.5902 8.5
      vertex -27.2904 -11.396 7.2
      vertex -27.2904 -11.396 8.5
    endloop
  endfacet
  facet normal 0.989182 0.146696 0
    outer loop
      vertex -27.2904 -11.396 7.2
      vertex -27.2616 -11.5902 8.5
      vertex -27.2616 -11.5902 7.2
    endloop
  endfacet
  facet normal 0.9038 -0.427955 0
    outer loop
      vertex -27.1478 11.9654 8.5
      vertex -27.0638 12.1428 7.2
      vertex -27.0638 12.1428 8.5
    endloop
  endfacet
  facet normal 0.9038 -0.427955 0
    outer loop
      vertex -27.0638 12.1428 7.2
      vertex -27.1478 11.9654 8.5
      vertex -27.1478 11.9654 7.2
    endloop
  endfacet
  facet normal -0.989182 -0.146696 0
    outer loop
      vertex 27.2904 11.396 7.2
      vertex 27.2616 11.5902 8.5
      vertex 27.2616 11.5902 7.2
    endloop
  endfacet
  facet normal -0.989182 -0.146696 0
    outer loop
      vertex 27.2616 11.5902 8.5
      vertex 27.2904 11.396 7.2
      vertex 27.2904 11.396 8.5
    endloop
  endfacet
  facet normal -0.989182 0.146696 0
    outer loop
      vertex 27.2616 -11.5902 7.2
      vertex 27.2904 -11.396 8.5
      vertex 27.2904 -11.396 7.2
    endloop
  endfacet
  facet normal -0.989182 0.146696 0
    outer loop
      vertex 27.2904 -11.396 8.5
      vertex 27.2616 -11.5902 7.2
      vertex 27.2616 -11.5902 8.5
    endloop
  endfacet
  facet normal 0.740908 0.671607 0
    outer loop
      vertex -26.7142 -12.6142 8.5
      vertex -26.846 -12.4688 7.2
      vertex -26.846 -12.4688 8.5
    endloop
  endfacet
  facet normal 0.740908 0.671607 0
    outer loop
      vertex -26.846 -12.4688 7.2
      vertex -26.7142 -12.6142 8.5
      vertex -26.7142 -12.6142 7.2
    endloop
  endfacet
  facet normal -0.9038 -0.427955 0
    outer loop
      vertex 27.1478 11.9654 7.2
      vertex 27.0638 12.1428 8.5
      vertex 27.0638 12.1428 7.2
    endloop
  endfacet
  facet normal -0.9038 -0.427955 0
    outer loop
      vertex 27.0638 12.1428 8.5
      vertex 27.1478 11.9654 7.2
      vertex 27.1478 11.9654 8.5
    endloop
  endfacet
  facet normal 0.336788 0.94158 -0
    outer loop
      vertex -25.8806 -13.1139 7.2
      vertex -26.0654 -13.0478 8.5
      vertex -25.8806 -13.1139 8.5
    endloop
  endfacet
  facet normal 0.336788 0.94158 0
    outer loop
      vertex -26.0654 -13.0478 8.5
      vertex -25.8806 -13.1139 7.2
      vertex -26.0654 -13.0478 7.2
    endloop
  endfacet
  facet normal 0.970023 0.243015 0
    outer loop
      vertex -27.2139 -11.7806 8.5
      vertex -27.2616 -11.5902 7.2
      vertex -27.2616 -11.5902 8.5
    endloop
  endfacet
  facet normal 0.970023 0.243015 0
    outer loop
      vertex -27.2616 -11.5902 7.2
      vertex -27.2139 -11.7806 8.5
      vertex -27.2139 -11.7806 7.2
    endloop
  endfacet
  facet normal 0.94158 0.336788 0
    outer loop
      vertex -27.1478 -11.9654 8.5
      vertex -27.2139 -11.7806 7.2
      vertex -27.2139 -11.7806 8.5
    endloop
  endfacet
  facet normal 0.94158 0.336788 0
    outer loop
      vertex -27.2139 -11.7806 7.2
      vertex -27.1478 -11.9654 8.5
      vertex -27.1478 -11.9654 7.2
    endloop
  endfacet
  facet normal 0.427955 -0.9038 0
    outer loop
      vertex -26.2428 12.9638 7.2
      vertex -26.0654 13.0478 8.5
      vertex -26.2428 12.9638 8.5
    endloop
  endfacet
  facet normal 0.427955 -0.9038 0
    outer loop
      vertex -26.0654 13.0478 8.5
      vertex -26.2428 12.9638 7.2
      vertex -26.0654 13.0478 7.2
    endloop
  endfacet
  facet normal 0.80335 -0.595508 0
    outer loop
      vertex -26.9629 12.3111 8.5
      vertex -26.846 12.4688 7.2
      vertex -26.846 12.4688 8.5
    endloop
  endfacet
  facet normal 0.80335 -0.595508 0
    outer loop
      vertex -26.846 12.4688 7.2
      vertex -26.9629 12.3111 8.5
      vertex -26.9629 12.3111 7.2
    endloop
  endfacet
  facet normal -0.80335 0.595508 0
    outer loop
      vertex 26.846 -12.4688 7.2
      vertex 26.9629 -12.3111 8.5
      vertex 26.9629 -12.3111 7.2
    endloop
  endfacet
  facet normal -0.80335 0.595508 0
    outer loop
      vertex 26.9629 -12.3111 8.5
      vertex 26.846 -12.4688 7.2
      vertex 26.846 -12.4688 8.5
    endloop
  endfacet
  facet normal -0.336788 -0.94158 0
    outer loop
      vertex 25.8806 13.1139 7.2
      vertex 26.0654 13.0478 8.5
      vertex 25.8806 13.1139 8.5
    endloop
  endfacet
  facet normal -0.336788 -0.94158 -0
    outer loop
      vertex 26.0654 13.0478 8.5
      vertex 25.8806 13.1139 7.2
      vertex 26.0654 13.0478 7.2
    endloop
  endfacet
  facet normal 0.857673 0.514196 0
    outer loop
      vertex -26.9629 -12.3111 8.5
      vertex -27.0638 -12.1428 7.2
      vertex -27.0638 -12.1428 8.5
    endloop
  endfacet
  facet normal 0.857673 0.514196 0
    outer loop
      vertex -27.0638 -12.1428 7.2
      vertex -26.9629 -12.3111 8.5
      vertex -26.9629 -12.3111 7.2
    endloop
  endfacet
  facet normal 0.671607 0.740908 -0
    outer loop
      vertex -26.5688 -12.746 7.2
      vertex -26.7142 -12.6142 8.5
      vertex -26.5688 -12.746 8.5
    endloop
  endfacet
  facet normal 0.671607 0.740908 0
    outer loop
      vertex -26.7142 -12.6142 8.5
      vertex -26.5688 -12.746 7.2
      vertex -26.7142 -12.6142 7.2
    endloop
  endfacet
  facet normal 0.595508 0.80335 -0
    outer loop
      vertex -26.4111 -12.8629 7.2
      vertex -26.5688 -12.746 8.5
      vertex -26.4111 -12.8629 8.5
    endloop
  endfacet
  facet normal 0.595508 0.80335 0
    outer loop
      vertex -26.5688 -12.746 8.5
      vertex -26.4111 -12.8629 7.2
      vertex -26.5688 -12.746 7.2
    endloop
  endfacet
  facet normal -0.243015 0.970023 0
    outer loop
      vertex 25.8806 -13.1139 7.2
      vertex 25.6902 -13.1616 8.5
      vertex 25.8806 -13.1139 8.5
    endloop
  endfacet
  facet normal -0.243015 0.970023 0
    outer loop
      vertex 25.6902 -13.1616 8.5
      vertex 25.8806 -13.1139 7.2
      vertex 25.6902 -13.1616 7.2
    endloop
  endfacet
  facet normal -0.970023 0.243015 0
    outer loop
      vertex 27.2139 -11.7806 7.2
      vertex 27.2616 -11.5902 8.5
      vertex 27.2616 -11.5902 7.2
    endloop
  endfacet
  facet normal -0.970023 0.243015 0
    outer loop
      vertex 27.2616 -11.5902 8.5
      vertex 27.2139 -11.7806 7.2
      vertex 27.2139 -11.7806 8.5
    endloop
  endfacet
  facet normal 0.94158 -0.336788 0
    outer loop
      vertex -27.2139 11.7806 8.5
      vertex -27.1478 11.9654 7.2
      vertex -27.1478 11.9654 8.5
    endloop
  endfacet
  facet normal 0.94158 -0.336788 0
    outer loop
      vertex -27.1478 11.9654 7.2
      vertex -27.2139 11.7806 8.5
      vertex -27.2139 11.7806 7.2
    endloop
  endfacet
  facet normal -0.970023 -0.243015 0
    outer loop
      vertex 27.2616 11.5902 7.2
      vertex 27.2139 11.7806 8.5
      vertex 27.2139 11.7806 7.2
    endloop
  endfacet
  facet normal -0.970023 -0.243015 0
    outer loop
      vertex 27.2139 11.7806 8.5
      vertex 27.2616 11.5902 7.2
      vertex 27.2616 11.5902 8.5
    endloop
  endfacet
  facet normal -0.998803 -0.0489209 0
    outer loop
      vertex 27.3 11.2 7.2
      vertex 27.2904 11.396 8.5
      vertex 27.2904 11.396 7.2
    endloop
  endfacet
  facet normal -0.998803 -0.0489209 0
    outer loop
      vertex 27.2904 11.396 8.5
      vertex 27.3 11.2 7.2
      vertex 27.3 11.2 8.5
    endloop
  endfacet
  facet normal -0.671607 -0.740908 0
    outer loop
      vertex 26.5688 12.746 7.2
      vertex 26.7142 12.6142 8.5
      vertex 26.5688 12.746 8.5
    endloop
  endfacet
  facet normal -0.671607 -0.740908 -0
    outer loop
      vertex 26.7142 12.6142 8.5
      vertex 26.5688 12.746 7.2
      vertex 26.7142 12.6142 7.2
    endloop
  endfacet
  facet normal 0.998803 -0.0489209 0
    outer loop
      vertex -27.3 11.2 8.5
      vertex -27.2904 11.396 7.2
      vertex -27.2904 11.396 8.5
    endloop
  endfacet
  facet normal 0.998803 -0.0489209 0
    outer loop
      vertex -27.2904 11.396 7.2
      vertex -27.3 11.2 8.5
      vertex -27.3 11.2 7.2
    endloop
  endfacet
  facet normal -0.595508 0.80335 0
    outer loop
      vertex 26.5688 -12.746 7.2
      vertex 26.4111 -12.8629 8.5
      vertex 26.5688 -12.746 8.5
    endloop
  endfacet
  facet normal -0.595508 0.80335 0
    outer loop
      vertex 26.4111 -12.8629 8.5
      vertex 26.5688 -12.746 7.2
      vertex 26.4111 -12.8629 7.2
    endloop
  endfacet
  facet normal -0.94158 0.336788 0
    outer loop
      vertex 27.1478 -11.9654 7.2
      vertex 27.2139 -11.7806 8.5
      vertex 27.2139 -11.7806 7.2
    endloop
  endfacet
  facet normal -0.94158 0.336788 0
    outer loop
      vertex 27.2139 -11.7806 8.5
      vertex 27.1478 -11.9654 7.2
      vertex 27.1478 -11.9654 8.5
    endloop
  endfacet
  facet normal -0.94158 -0.336788 0
    outer loop
      vertex 27.2139 11.7806 7.2
      vertex 27.1478 11.9654 8.5
      vertex 27.1478 11.9654 7.2
    endloop
  endfacet
  facet normal -0.94158 -0.336788 0
    outer loop
      vertex 27.1478 11.9654 8.5
      vertex 27.2139 11.7806 7.2
      vertex 27.2139 11.7806 8.5
    endloop
  endfacet
  facet normal -0.857673 0.514196 0
    outer loop
      vertex 26.9629 -12.3111 7.2
      vertex 27.0638 -12.1428 8.5
      vertex 27.0638 -12.1428 7.2
    endloop
  endfacet
  facet normal -0.857673 0.514196 0
    outer loop
      vertex 27.0638 -12.1428 8.5
      vertex 26.9629 -12.3111 7.2
      vertex 26.9629 -12.3111 8.5
    endloop
  endfacet
  facet normal -0.427955 -0.9038 0
    outer loop
      vertex 26.0654 13.0478 7.2
      vertex 26.2428 12.9638 8.5
      vertex 26.0654 13.0478 8.5
    endloop
  endfacet
  facet normal -0.427955 -0.9038 -0
    outer loop
      vertex 26.2428 12.9638 8.5
      vertex 26.0654 13.0478 7.2
      vertex 26.2428 12.9638 7.2
    endloop
  endfacet
  facet normal -0.740908 -0.671607 0
    outer loop
      vertex 26.846 12.4688 7.2
      vertex 26.7142 12.6142 8.5
      vertex 26.7142 12.6142 7.2
    endloop
  endfacet
  facet normal -0.740908 -0.671607 0
    outer loop
      vertex 26.7142 12.6142 8.5
      vertex 26.846 12.4688 7.2
      vertex 26.846 12.4688 8.5
    endloop
  endfacet
  facet normal 0.989182 -0.146696 0
    outer loop
      vertex -27.2904 11.396 8.5
      vertex -27.2616 11.5902 7.2
      vertex -27.2616 11.5902 8.5
    endloop
  endfacet
  facet normal 0.989182 -0.146696 0
    outer loop
      vertex -27.2616 11.5902 7.2
      vertex -27.2904 11.396 8.5
      vertex -27.2904 11.396 7.2
    endloop
  endfacet
  facet normal -0.80335 -0.595508 0
    outer loop
      vertex 26.9629 12.3111 7.2
      vertex 26.846 12.4688 8.5
      vertex 26.846 12.4688 7.2
    endloop
  endfacet
  facet normal -0.80335 -0.595508 0
    outer loop
      vertex 26.846 12.4688 8.5
      vertex 26.9629 12.3111 7.2
      vertex 26.9629 12.3111 8.5
    endloop
  endfacet
  facet normal -0.514196 -0.857673 0
    outer loop
      vertex 26.2428 12.9638 7.2
      vertex 26.4111 12.8629 8.5
      vertex 26.2428 12.9638 8.5
    endloop
  endfacet
  facet normal -0.514196 -0.857673 -0
    outer loop
      vertex 26.4111 12.8629 8.5
      vertex 26.2428 12.9638 7.2
      vertex 26.4111 12.8629 7.2
    endloop
  endfacet
  facet normal -0.740908 0.671607 0
    outer loop
      vertex 26.7142 -12.6142 7.2
      vertex 26.846 -12.4688 8.5
      vertex 26.846 -12.4688 7.2
    endloop
  endfacet
  facet normal -0.740908 0.671607 0
    outer loop
      vertex 26.846 -12.4688 8.5
      vertex 26.7142 -12.6142 7.2
      vertex 26.7142 -12.6142 8.5
    endloop
  endfacet
  facet normal -1 0 0
    outer loop
      vertex -26.1 -6 4.4
      vertex -26.1 6 7.2
      vertex -26.1 6 4.4
    endloop
  endfacet
  facet normal -1 -0 0
    outer loop
      vertex -26.1 6 7.2
      vertex -26.1 -6 4.4
      vertex -26.1 -6 7.2
    endloop
  endfacet
  facet normal -0 0 1
    outer loop
      vertex -28.1 6 4.4
      vertex -26.1 -6 4.4
      vertex -26.1 6 4.4
    endloop
  endfacet
  facet normal 0 0 1
    outer loop
      vertex -26.1 -6 4.4
      vertex -28.1 6 4.4
      vertex -28.1 -6 4.4
    endloop
  endfacet
  facet normal 0 1 0
    outer loop
      vertex -26.1 -6 7.2
      vertex -26.1 -6 4.4
      vertex -27.3 -6 7.2
    endloop
  endfacet
  facet normal 0 1 -0
    outer loop
      vertex -27.3 -6 7.2
      vertex -28.1 -6 8.5
      vertex -27.3 -6 8.5
    endloop
  endfacet
  facet normal 0 1 0
    outer loop
      vertex -28.1 -6 4.4
      vertex -27.3 -6 7.2
      vertex -26.1 -6 4.4
    endloop
  endfacet
  facet normal 0 1 0
    outer loop
      vertex -27.3 -6 7.2
      vertex -28.1 -6 4.4
      vertex -28.1 -6 8.5
    endloop
  endfacet
  facet normal 0 -1 0
    outer loop
      vertex -28.1 6 8.5
      vertex -27.3 6 7.2
      vertex -27.3 6 8.5
    endloop
  endfacet
  facet normal 0 -1 0
    outer loop
      vertex -28.1 6 4.4
      vertex -27.3 6 7.2
      vertex -28.1 6 8.5
    endloop
  endfacet
  facet normal 0 -1 0
    outer loop
      vertex -26.1 6 4.4
      vertex -27.3 6 7.2
      vertex -28.1 6 4.4
    endloop
  endfacet
  facet normal 0 -1 0
    outer loop
      vertex -27.3 6 7.2
      vertex -26.1 6 4.4
      vertex -26.1 6 7.2
    endloop
  endfacet
  facet normal -1 0 0
    outer loop
      vertex -8.11 -12 1.9
      vertex -8.11 -13.2 7.2
      vertex -8.11 -12 7.2
    endloop
  endfacet
  facet normal -1 0 0
    outer loop
      vertex -8.11 -14 1.9
      vertex -8.11 -13.2 7.2
      vertex -8.11 -12 1.9
    endloop
  endfacet
  facet normal -1 0 0
    outer loop
      vertex -8.11 -14 8.5
      vertex -8.11 -13.2 7.2
      vertex -8.11 -14 1.9
    endloop
  endfacet
  facet normal -1 0 0
    outer loop
      vertex -8.11 -13.2 7.2
      vertex -8.11 -14 8.5
      vertex -8.11 -13.2 8.5
    endloop
  endfacet
  facet normal -0 0 1
    outer loop
      vertex -17.61 -12 1.9
      vertex -8.11 -14 1.9
      vertex -8.11 -12 1.9
    endloop
  endfacet
  facet normal 0 0 1
    outer loop
      vertex -8.11 -14 1.9
      vertex -17.61 -12 1.9
      vertex -17.61 -14 1.9
    endloop
  endfacet
  facet normal 1 -0 0
    outer loop
      vertex -17.61 -13.2 7.2
      vertex -17.61 -12 1.9
      vertex -17.61 -12 7.2
    endloop
  endfacet
  facet normal 1 0 0
    outer loop
      vertex -17.61 -14 1.9
      vertex -17.61 -13.2 7.2
      vertex -17.61 -14 8.5
    endloop
  endfacet
  facet normal 1 0 0
    outer loop
      vertex -17.61 -13.2 7.2
      vertex -17.61 -14 1.9
      vertex -17.61 -12 1.9
    endloop
  endfacet
  facet normal 1 0 0
    outer loop
      vertex -17.61 -13.2 8.5
      vertex -17.61 -14 8.5
      vertex -17.61 -13.2 7.2
    endloop
  endfacet
endsolid OpenSCAD_Model
