solid OpenSCAD_Model
  facet normal 0.514246 -0.857643 0
    outer loop
      vertex 26.5142 -13.6458 0
      vertex 26.7667 -13.4944 6.6
      vertex 26.5142 -13.6458 6.6
    endloop
  endfacet
  facet normal 0.514246 -0.857643 0
    outer loop
      vertex 26.7667 -13.4944 6.6
      vertex 26.5142 -13.6458 0
      vertex 26.7667 -13.4944 0
    endloop
  endfacet
  facet normal -0.427269 0.904125 0
    outer loop
      vertex -26.248 13.7716 0
      vertex -26.5142 13.6458 6.6
      vertex -26.248 13.7716 6.6
    endloop
  endfacet
  facet normal -0.427269 0.904125 0
    outer loop
      vertex -26.5142 13.6458 6.6
      vertex -26.248 13.7716 0
      vertex -26.5142 13.6458 0
    endloop
  endfacet
  facet normal -0.671607 -0.740908 0
    outer loop
      vertex -27.2213 -13.1213 0
      vertex -27.0032 -13.319 6.6
      vertex -27.2213 -13.1213 6.6
    endloop
  endfacet
  facet normal -0.671607 -0.740908 -0
    outer loop
      vertex -27.0032 -13.319 6.6
      vertex -27.2213 -13.1213 0
      vertex -27.0032 -13.319 0
    endloop
  endfacet
  facet normal -0.904063 -0.4274 0
    outer loop
      vertex -27.7458 -12.4142 0
      vertex -27.8716 -12.1481 6.6
      vertex -27.8716 -12.1481 0
    endloop
  endfacet
  facet normal -0.904063 -0.4274 0
    outer loop
      vertex -27.8716 -12.1481 6.6
      vertex -27.7458 -12.4142 0
      vertex -27.7458 -12.4142 6.6
    endloop
  endfacet
  facet normal -0.740908 -0.671607 0
    outer loop
      vertex -27.2213 -13.1213 0
      vertex -27.419 -12.9032 6.6
      vertex -27.419 -12.9032 0
    endloop
  endfacet
  facet normal -0.740908 -0.671607 0
    outer loop
      vertex -27.419 -12.9032 6.6
      vertex -27.2213 -13.1213 0
      vertex -27.2213 -13.1213 6.6
    endloop
  endfacet
  facet normal 0.904063 -0.4274 0
    outer loop
      vertex 27.7458 -12.4142 6.6
      vertex 27.8716 -12.1481 0
      vertex 27.8716 -12.1481 6.6
    endloop
  endfacet
  facet normal 0.904063 -0.4274 0
    outer loop
      vertex 27.8716 -12.1481 0
      vertex 27.7458 -12.4142 6.6
      vertex 27.7458 -12.4142 0
    endloop
  endfacet
  facet normal 0.336939 -0.941527 0
    outer loop
      vertex 25.9708 -13.8708 0
      vertex 26.248 -13.7716 6.6
      vertex 25.9708 -13.8708 6.6
    endloop
  endfacet
  facet normal 0.336939 -0.941527 0
    outer loop
      vertex 26.248 -13.7716 6.6
      vertex 25.9708 -13.8708 0
      vertex 26.248 -13.7716 0
    endloop
  endfacet
  facet normal 0.427269 -0.904125 0
    outer loop
      vertex 26.248 -13.7716 0
      vertex 26.5142 -13.6458 6.6
      vertex 26.248 -13.7716 6.6
    endloop
  endfacet
  facet normal 0.427269 -0.904125 0
    outer loop
      vertex 26.5142 -13.6458 6.6
      vertex 26.248 -13.7716 0
      vertex 26.5142 -13.6458 0
    endloop
  endfacet
  facet normal 0.740908 -0.671607 0
    outer loop
      vertex 27.2213 -13.1213 6.6
      vertex 27.419 -12.9032 0
      vertex 27.419 -12.9032 6.6
    endloop
  endfacet
  facet normal 0.740908 -0.671607 0
    outer loop
      vertex 27.419 -12.9032 0
      vertex 27.2213 -13.1213 6.6
      vertex 27.2213 -13.1213 0
    endloop
  endfacet
  facet normal -0.671607 0.740908 0
    outer loop
      vertex -27.0032 13.319 0
      vertex -27.2213 13.1213 6.6
      vertex -27.0032 13.319 6.6
    endloop
  endfacet
  facet normal -0.671607 0.740908 0
    outer loop
      vertex -27.2213 13.1213 6.6
      vertex -27.0032 13.319 0
      vertex -27.2213 13.1213 0
    endloop
  endfacet
  facet normal -0.514246 0.857643 0
    outer loop
      vertex -26.5142 13.6458 0
      vertex -26.7667 13.4944 6.6
      vertex -26.5142 13.6458 6.6
    endloop
  endfacet
  facet normal -0.514246 0.857643 0
    outer loop
      vertex -26.7667 13.4944 6.6
      vertex -26.5142 13.6458 0
      vertex -26.7667 13.4944 0
    endloop
  endfacet
  facet normal 0.0492599 0.998786 -0
    outer loop
      vertex 25.394 13.9855 0
      vertex 25.1 14 6.6
      vertex 25.394 13.9855 6.6
    endloop
  endfacet
  facet normal 0.0492599 0.998786 0
    outer loop
      vertex 25.1 14 6.6
      vertex 25.394 13.9855 0
      vertex 25.1 14 0
    endloop
  endfacet
  facet normal 0.146364 0.989231 -0
    outer loop
      vertex 25.6853 13.9424 0
      vertex 25.394 13.9855 6.6
      vertex 25.6853 13.9424 6.6
    endloop
  endfacet
  facet normal 0.146364 0.989231 0
    outer loop
      vertex 25.394 13.9855 6.6
      vertex 25.6853 13.9424 0
      vertex 25.394 13.9855 0
    endloop
  endfacet
  facet normal -0.998787 0.0492431 0
    outer loop
      vertex -28.1 11 0
      vertex -28.0855 11.2941 6.6
      vertex -28.0855 11.2941 0
    endloop
  endfacet
  facet normal -0.998787 0.0492431 0
    outer loop
      vertex -28.0855 11.2941 6.6
      vertex -28.1 11 0
      vertex -28.1 11 6.6
    endloop
  endfacet
  facet normal -0.941565 -0.336831 0
    outer loop
      vertex -27.8716 -12.1481 0
      vertex -27.9708 -11.8708 6.6
      vertex -27.9708 -11.8708 0
    endloop
  endfacet
  facet normal -0.941565 -0.336831 0
    outer loop
      vertex -27.9708 -11.8708 6.6
      vertex -27.8716 -12.1481 0
      vertex -27.8716 -12.1481 6.6
    endloop
  endfacet
  facet normal -0.514246 -0.857643 0
    outer loop
      vertex -26.7667 -13.4944 0
      vertex -26.5142 -13.6458 6.6
      vertex -26.7667 -13.4944 6.6
    endloop
  endfacet
  facet normal -0.514246 -0.857643 -0
    outer loop
      vertex -26.5142 -13.6458 6.6
      vertex -26.7667 -13.4944 0
      vertex -26.5142 -13.6458 0
    endloop
  endfacet
  facet normal -0.336939 -0.941527 0
    outer loop
      vertex -26.248 -13.7716 0
      vertex -25.9708 -13.8708 6.6
      vertex -26.248 -13.7716 6.6
    endloop
  endfacet
  facet normal -0.336939 -0.941527 -0
    outer loop
      vertex -25.9708 -13.8708 6.6
      vertex -26.248 -13.7716 0
      vertex -25.9708 -13.8708 0
    endloop
  endfacet
  facet normal 0.595699 0.803208 -0
    outer loop
      vertex 27.0032 13.319 0
      vertex 26.7667 13.4944 6.6
      vertex 27.0032 13.319 6.6
    endloop
  endfacet
  facet normal 0.595699 0.803208 0
    outer loop
      vertex 26.7667 13.4944 6.6
      vertex 27.0032 13.319 0
      vertex 26.7667 13.4944 0
    endloop
  endfacet
  facet normal 0.803208 0.595699 0
    outer loop
      vertex 27.5944 12.6667 6.6
      vertex 27.419 12.9032 0
      vertex 27.419 12.9032 6.6
    endloop
  endfacet
  facet normal 0.803208 0.595699 0
    outer loop
      vertex 27.419 12.9032 0
      vertex 27.5944 12.6667 6.6
      vertex 27.5944 12.6667 0
    endloop
  endfacet
  facet normal 0.857643 0.514246 0
    outer loop
      vertex 27.7458 12.4142 6.6
      vertex 27.5944 12.6667 0
      vertex 27.5944 12.6667 6.6
    endloop
  endfacet
  facet normal 0.857643 0.514246 0
    outer loop
      vertex 27.5944 12.6667 0
      vertex 27.7458 12.4142 6.6
      vertex 27.7458 12.4142 0
    endloop
  endfacet
  facet normal -0.243255 -0.969962 0
    outer loop
      vertex -25.9708 -13.8708 0
      vertex -25.6853 -13.9424 6.6
      vertex -25.9708 -13.8708 6.6
    endloop
  endfacet
  facet normal -0.243255 -0.969962 -0
    outer loop
      vertex -25.6853 -13.9424 6.6
      vertex -25.9708 -13.8708 0
      vertex -25.6853 -13.9424 0
    endloop
  endfacet
  facet normal 0.0492599 -0.998786 0
    outer loop
      vertex 25.1 -14 0
      vertex 25.394 -13.9855 6.6
      vertex 25.1 -14 6.6
    endloop
  endfacet
  facet normal 0.0492599 -0.998786 0
    outer loop
      vertex 25.394 -13.9855 6.6
      vertex 25.1 -14 0
      vertex 25.394 -13.9855 0
    endloop
  endfacet
  facet normal -0.595699 -0.803208 0
    outer loop
      vertex -27.0032 -13.319 0
      vertex -26.7667 -13.4944 6.6
      vertex -27.0032 -13.319 6.6
    endloop
  endfacet
  facet normal -0.595699 -0.803208 -0
    outer loop
      vertex -26.7667 -13.4944 6.6
      vertex -27.0032 -13.319 0
      vertex -26.7667 -13.4944 0
    endloop
  endfacet
  facet normal -0.998787 -0.0492431 0
    outer loop
      vertex -28.0855 -11.2941 0
      vertex -28.1 -11 6.6
      vertex -28.1 -11 0
    endloop
  endfacet
  facet normal -0.998787 -0.0492431 0
    outer loop
      vertex -28.1 -11 6.6
      vertex -28.0855 -11.2941 0
      vertex -28.0855 -11.2941 6.6
    endloop
  endfacet
  facet normal -0.146364 -0.989231 0
    outer loop
      vertex -25.6853 -13.9424 0
      vertex -25.394 -13.9855 6.6
      vertex -25.6853 -13.9424 6.6
    endloop
  endfacet
  facet normal -0.146364 -0.989231 -0
    outer loop
      vertex -25.394 -13.9855 6.6
      vertex -25.6853 -13.9424 0
      vertex -25.394 -13.9855 0
    endloop
  endfacet
  facet normal 0.514246 0.857643 -0
    outer loop
      vertex 26.7667 13.4944 0
      vertex 26.5142 13.6458 6.6
      vertex 26.7667 13.4944 6.6
    endloop
  endfacet
  facet normal 0.514246 0.857643 0
    outer loop
      vertex 26.5142 13.6458 6.6
      vertex 26.7667 13.4944 0
      vertex 26.5142 13.6458 0
    endloop
  endfacet
  facet normal 0 1 0
    outer loop
      vertex 25.1 14 6.6
      vertex -13.11 14 5.6
      vertex -13.11 14 6.6
    endloop
  endfacet
  facet normal 0 1 0
    outer loop
      vertex -25.1 14 0
      vertex -13.11 14 5.6
      vertex 25.1 14 0
    endloop
  endfacet
  facet normal 0 1 -0
    outer loop
      vertex 25.1 14 0
      vertex -13.11 14 5.6
      vertex 25.1 14 6.6
    endloop
  endfacet
  facet normal 0 1 -0
    outer loop
      vertex -22.61 14 5.6
      vertex -25.1 14 6.6
      vertex -22.61 14 6.6
    endloop
  endfacet
  facet normal 0 1 0
    outer loop
      vertex -22.61 14 5.6
      vertex -25.1 14 0
      vertex -25.1 14 6.6
    endloop
  endfacet
  facet normal 0 1 0
    outer loop
      vertex -13.11 14 5.6
      vertex -25.1 14 0
      vertex -22.61 14 5.6
    endloop
  endfacet
  facet normal -1 0 0
    outer loop
      vertex -28.1 11 0
      vertex -28.1 5.5 5.1
      vertex -28.1 11 6.6
    endloop
  endfacet
  facet normal -1 0 0
    outer loop
      vertex -28.1 11 0
      vertex -28.1 -5.5 5.1
      vertex -28.1 5.5 5.1
    endloop
  endfacet
  facet normal -1 0 0
    outer loop
      vertex -28.1 -11 0
      vertex -28.1 -5.5 5.1
      vertex -28.1 11 0
    endloop
  endfacet
  facet normal -1 0 0
    outer loop
      vertex -28.1 -11 6.6
      vertex -28.1 -5.5 5.1
      vertex -28.1 -11 0
    endloop
  endfacet
  facet normal -1 0 0
    outer loop
      vertex -28.1 -5.5 5.1
      vertex -28.1 -11 6.6
      vertex -28.1 -5.5 6.6
    endloop
  endfacet
  facet normal -1 -0 0
    outer loop
      vertex -28.1 11 6.6
      vertex -28.1 5.5 5.1
      vertex -28.1 5.5 6.6
    endloop
  endfacet
  facet normal 0.146364 -0.989231 0
    outer loop
      vertex 25.394 -13.9855 0
      vertex 25.6853 -13.9424 6.6
      vertex 25.394 -13.9855 6.6
    endloop
  endfacet
  facet normal 0.146364 -0.989231 0
    outer loop
      vertex 25.6853 -13.9424 6.6
      vertex 25.394 -13.9855 0
      vertex 25.6853 -13.9424 0
    endloop
  endfacet
  facet normal 0 -1 0
    outer loop
      vertex -25.1 -14 0
      vertex 25.1 -14 6.6
      vertex -25.1 -14 6.6
    endloop
  endfacet
  facet normal 0 -1 -0
    outer loop
      vertex 25.1 -14 6.6
      vertex -25.1 -14 0
      vertex 25.1 -14 0
    endloop
  endfacet
  facet normal 0.243255 -0.969962 0
    outer loop
      vertex 25.6853 -13.9424 0
      vertex 25.9708 -13.8708 6.6
      vertex 25.6853 -13.9424 6.6
    endloop
  endfacet
  facet normal 0.243255 -0.969962 0
    outer loop
      vertex 25.9708 -13.8708 6.6
      vertex 25.6853 -13.9424 0
      vertex 25.9708 -13.8708 0
    endloop
  endfacet
  facet normal -0.0492599 0.998786 0
    outer loop
      vertex -25.1 14 0
      vertex -25.394 13.9855 6.6
      vertex -25.1 14 6.6
    endloop
  endfacet
  facet normal -0.0492599 0.998786 0
    outer loop
      vertex -25.394 13.9855 6.6
      vertex -25.1 14 0
      vertex -25.394 13.9855 0
    endloop
  endfacet
  facet normal -0.803208 -0.595699 0
    outer loop
      vertex -27.419 -12.9032 0
      vertex -27.5944 -12.6667 6.6
      vertex -27.5944 -12.6667 0
    endloop
  endfacet
  facet normal -0.803208 -0.595699 0
    outer loop
      vertex -27.5944 -12.6667 6.6
      vertex -27.419 -12.9032 0
      vertex -27.419 -12.9032 6.6
    endloop
  endfacet
  facet normal 0.336939 0.941527 -0
    outer loop
      vertex 26.248 13.7716 0
      vertex 25.9708 13.8708 6.6
      vertex 26.248 13.7716 6.6
    endloop
  endfacet
  facet normal 0.336939 0.941527 0
    outer loop
      vertex 25.9708 13.8708 6.6
      vertex 26.248 13.7716 0
      vertex 25.9708 13.8708 0
    endloop
  endfacet
  facet normal 1 -0 0
    outer loop
      vertex 28.1 -11 6.6
      vertex 28.1 11 0
      vertex 28.1 11 6.6
    endloop
  endfacet
  facet normal 1 0 0
    outer loop
      vertex 28.1 11 0
      vertex 28.1 -11 6.6
      vertex 28.1 -11 0
    endloop
  endfacet
  facet normal 0.427269 0.904125 -0
    outer loop
      vertex 26.5142 13.6458 0
      vertex 26.248 13.7716 6.6
      vertex 26.5142 13.6458 6.6
    endloop
  endfacet
  facet normal 0.427269 0.904125 0
    outer loop
      vertex 26.248 13.7716 6.6
      vertex 26.5142 13.6458 0
      vertex 26.248 13.7716 0
    endloop
  endfacet
  facet normal -0.970042 0.242935 0
    outer loop
      vertex -28.0423 11.5853 0
      vertex -27.9708 11.8708 6.6
      vertex -27.9708 11.8708 0
    endloop
  endfacet
  facet normal -0.970042 0.242935 0
    outer loop
      vertex -27.9708 11.8708 6.6
      vertex -28.0423 11.5853 0
      vertex -28.0423 11.5853 6.6
    endloop
  endfacet
  facet normal -0.970042 -0.242935 0
    outer loop
      vertex -27.9708 -11.8708 0
      vertex -28.0423 -11.5853 6.6
      vertex -28.0423 -11.5853 0
    endloop
  endfacet
  facet normal -0.970042 -0.242935 0
    outer loop
      vertex -28.0423 -11.5853 6.6
      vertex -27.9708 -11.8708 0
      vertex -27.9708 -11.8708 6.6
    endloop
  endfacet
  facet normal 0.243255 0.969962 -0
    outer loop
      vertex 25.9708 13.8708 0
      vertex 25.6853 13.9424 6.6
      vertex 25.9708 13.8708 6.6
    endloop
  endfacet
  facet normal 0.243255 0.969962 0
    outer loop
      vertex 25.6853 13.9424 6.6
      vertex 25.9708 13.8708 0
      vertex 25.6853 13.9424 0
    endloop
  endfacet
  facet normal -0.857643 -0.514246 0
    outer loop
      vertex -27.5944 -12.6667 0
      vertex -27.7458 -12.4142 6.6
      vertex -27.7458 -12.4142 0
    endloop
  endfacet
  facet normal -0.857643 -0.514246 0
    outer loop
      vertex -27.7458 -12.4142 6.6
      vertex -27.5944 -12.6667 0
      vertex -27.5944 -12.6667 6.6
    endloop
  endfacet
  facet normal -0.243255 0.969962 0
    outer loop
      vertex -25.6853 13.9424 0
      vertex -25.9708 13.8708 6.6
      vertex -25.6853 13.9424 6.6
    endloop
  endfacet
  facet normal -0.243255 0.969962 0
    outer loop
      vertex -25.9708 13.8708 6.6
      vertex -25.6853 13.9424 0
      vertex -25.9708 13.8708 0
    endloop
  endfacet
  facet normal -0.595699 0.803208 0
    outer loop
      vertex -26.7667 13.4944 0
      vertex -27.0032 13.319 6.6
      vertex -26.7667 13.4944 6.6
    endloop
  endfacet
  facet normal -0.595699 0.803208 0
    outer loop
      vertex -27.0032 13.319 6.6
      vertex -26.7667 13.4944 0
      vertex -27.0032 13.319 0
    endloop
  endfacet
  facet normal 0.989174 -0.146746 0
    outer loop
      vertex 28.0423 -11.5853 6.6
      vertex 28.0855 -11.2941 0
      vertex 28.0855 -11.2941 6.6
    endloop
  endfacet
  facet normal 0.989174 -0.146746 0
    outer loop
      vertex 28.0855 -11.2941 0
      vertex 28.0423 -11.5853 6.6
      vertex 28.0423 -11.5853 0
    endloop
  endfacet
  facet normal -0.0492599 -0.998786 0
    outer loop
      vertex -25.394 -13.9855 0
      vertex -25.1 -14 6.6
      vertex -25.394 -13.9855 6.6
    endloop
  endfacet
  facet normal -0.0492599 -0.998786 -0
    outer loop
      vertex -25.1 -14 6.6
      vertex -25.394 -13.9855 0
      vertex -25.1 -14 0
    endloop
  endfacet
  facet normal 0.941565 0.336831 0
    outer loop
      vertex 27.9708 11.8708 6.6
      vertex 27.8716 12.1481 0
      vertex 27.8716 12.1481 6.6
    endloop
  endfacet
  facet normal 0.941565 0.336831 0
    outer loop
      vertex 27.8716 12.1481 0
      vertex 27.9708 11.8708 6.6
      vertex 27.9708 11.8708 0
    endloop
  endfacet
  facet normal -0.941565 0.336831 0
    outer loop
      vertex -27.9708 11.8708 0
      vertex -27.8716 12.1481 6.6
      vertex -27.8716 12.1481 0
    endloop
  endfacet
  facet normal -0.941565 0.336831 0
    outer loop
      vertex -27.8716 12.1481 6.6
      vertex -27.9708 11.8708 0
      vertex -27.9708 11.8708 6.6
    endloop
  endfacet
  facet normal 0.941565 -0.336831 0
    outer loop
      vertex 27.8716 -12.1481 6.6
      vertex 27.9708 -11.8708 0
      vertex 27.9708 -11.8708 6.6
    endloop
  endfacet
  facet normal 0.941565 -0.336831 0
    outer loop
      vertex 27.9708 -11.8708 0
      vertex 27.8716 -12.1481 6.6
      vertex 27.8716 -12.1481 0
    endloop
  endfacet
  facet normal -0.989174 0.146746 0
    outer loop
      vertex -28.0855 11.2941 0
      vertex -28.0423 11.5853 6.6
      vertex -28.0423 11.5853 0
    endloop
  endfacet
  facet normal -0.989174 0.146746 0
    outer loop
      vertex -28.0423 11.5853 6.6
      vertex -28.0855 11.2941 0
      vertex -28.0855 11.2941 6.6
    endloop
  endfacet
  facet normal -0.857643 0.514246 0
    outer loop
      vertex -27.7458 12.4142 0
      vertex -27.5944 12.6667 6.6
      vertex -27.5944 12.6667 0
    endloop
  endfacet
  facet normal -0.857643 0.514246 0
    outer loop
      vertex -27.5944 12.6667 6.6
      vertex -27.7458 12.4142 0
      vertex -27.7458 12.4142 6.6
    endloop
  endfacet
  facet normal -0.146364 0.989231 0
    outer loop
      vertex -25.394 13.9855 0
      vertex -25.6853 13.9424 6.6
      vertex -25.394 13.9855 6.6
    endloop
  endfacet
  facet normal -0.146364 0.989231 0
    outer loop
      vertex -25.6853 13.9424 6.6
      vertex -25.394 13.9855 0
      vertex -25.6853 13.9424 0
    endloop
  endfacet
  facet normal -0.336939 0.941527 0
    outer loop
      vertex -25.9708 13.8708 0
      vertex -26.248 13.7716 6.6
      vertex -25.9708 13.8708 6.6
    endloop
  endfacet
  facet normal -0.336939 0.941527 0
    outer loop
      vertex -26.248 13.7716 6.6
      vertex -25.9708 13.8708 0
      vertex -26.248 13.7716 0
    endloop
  endfacet
  facet normal -0.740908 0.671607 0
    outer loop
      vertex -27.419 12.9032 0
      vertex -27.2213 13.1213 6.6
      vertex -27.2213 13.1213 0
    endloop
  endfacet
  facet normal -0.740908 0.671607 0
    outer loop
      vertex -27.2213 13.1213 6.6
      vertex -27.419 12.9032 0
      vertex -27.419 12.9032 6.6
    endloop
  endfacet
  facet normal 0.970042 0.242935 0
    outer loop
      vertex 28.0423 11.5853 6.6
      vertex 27.9708 11.8708 0
      vertex 27.9708 11.8708 6.6
    endloop
  endfacet
  facet normal 0.970042 0.242935 0
    outer loop
      vertex 27.9708 11.8708 0
      vertex 28.0423 11.5853 6.6
      vertex 28.0423 11.5853 0
    endloop
  endfacet
  facet normal 0.989174 0.146746 0
    outer loop
      vertex 28.0855 11.2941 6.6
      vertex 28.0423 11.5853 0
      vertex 28.0423 11.5853 6.6
    endloop
  endfacet
  facet normal 0.989174 0.146746 0
    outer loop
      vertex 28.0423 11.5853 0
      vertex 28.0855 11.2941 6.6
      vertex 28.0855 11.2941 0
    endloop
  endfacet
  facet normal -0.427269 -0.904125 0
    outer loop
      vertex -26.5142 -13.6458 0
      vertex -26.248 -13.7716 6.6
      vertex -26.5142 -13.6458 6.6
    endloop
  endfacet
  facet normal -0.427269 -0.904125 -0
    outer loop
      vertex -26.248 -13.7716 6.6
      vertex -26.5142 -13.6458 0
      vertex -26.248 -13.7716 0
    endloop
  endfacet
  facet normal 0.970042 -0.242935 0
    outer loop
      vertex 27.9708 -11.8708 6.6
      vertex 28.0423 -11.5853 0
      vertex 28.0423 -11.5853 6.6
    endloop
  endfacet
  facet normal 0.970042 -0.242935 0
    outer loop
      vertex 28.0423 -11.5853 0
      vertex 27.9708 -11.8708 6.6
      vertex 27.9708 -11.8708 0
    endloop
  endfacet
  facet normal -0.803208 0.595699 0
    outer loop
      vertex -27.5944 12.6667 0
      vertex -27.419 12.9032 6.6
      vertex -27.419 12.9032 0
    endloop
  endfacet
  facet normal -0.803208 0.595699 0
    outer loop
      vertex -27.419 12.9032 6.6
      vertex -27.5944 12.6667 0
      vertex -27.5944 12.6667 6.6
    endloop
  endfacet
  facet normal -0.904063 0.4274 0
    outer loop
      vertex -27.8716 12.1481 0
      vertex -27.7458 12.4142 6.6
      vertex -27.7458 12.4142 0
    endloop
  endfacet
  facet normal -0.904063 0.4274 0
    outer loop
      vertex -27.7458 12.4142 6.6
      vertex -27.8716 12.1481 0
      vertex -27.8716 12.1481 6.6
    endloop
  endfacet
  facet normal 0.671607 0.740908 -0
    outer loop
      vertex 27.2213 13.1213 0
      vertex 27.0032 13.319 6.6
      vertex 27.2213 13.1213 6.6
    endloop
  endfacet
  facet normal 0.671607 0.740908 0
    outer loop
      vertex 27.0032 13.319 6.6
      vertex 27.2213 13.1213 0
      vertex 27.0032 13.319 0
    endloop
  endfacet
  facet normal 0.904063 0.4274 0
    outer loop
      vertex 27.8716 12.1481 6.6
      vertex 27.7458 12.4142 0
      vertex 27.7458 12.4142 6.6
    endloop
  endfacet
  facet normal 0.904063 0.4274 0
    outer loop
      vertex 27.7458 12.4142 0
      vertex 27.8716 12.1481 6.6
      vertex 27.8716 12.1481 0
    endloop
  endfacet
  facet normal -0.989174 -0.146746 0
    outer loop
      vertex -28.0423 -11.5853 0
      vertex -28.0855 -11.2941 6.6
      vertex -28.0855 -11.2941 0
    endloop
  endfacet
  facet normal -0.989174 -0.146746 0
    outer loop
      vertex -28.0855 -11.2941 6.6
      vertex -28.0423 -11.5853 0
      vertex -28.0423 -11.5853 6.6
    endloop
  endfacet
  facet normal 0.595699 -0.803208 0
    outer loop
      vertex 26.7667 -13.4944 0
      vertex 27.0032 -13.319 6.6
      vertex 26.7667 -13.4944 6.6
    endloop
  endfacet
  facet normal 0.595699 -0.803208 0
    outer loop
      vertex 27.0032 -13.319 6.6
      vertex 26.7667 -13.4944 0
      vertex 27.0032 -13.319 0
    endloop
  endfacet
  facet normal 0.998787 -0.0492431 0
    outer loop
      vertex 28.0855 -11.2941 6.6
      vertex 28.1 -11 0
      vertex 28.1 -11 6.6
    endloop
  endfacet
  facet normal 0.998787 -0.0492431 0
    outer loop
      vertex 28.1 -11 0
      vertex 28.0855 -11.2941 6.6
      vertex 28.0855 -11.2941 0
    endloop
  endfacet
  facet normal 0.857643 -0.514246 0
    outer loop
      vertex 27.5944 -12.6667 6.6
      vertex 27.7458 -12.4142 0
      vertex 27.7458 -12.4142 6.6
    endloop
  endfacet
  facet normal 0.857643 -0.514246 0
    outer loop
      vertex 27.7458 -12.4142 0
      vertex 27.5944 -12.6667 6.6
      vertex 27.5944 -12.6667 0
    endloop
  endfacet
  facet normal 0 0 1
    outer loop
      vertex -28.1 -11 6.6
      vertex -27.1 -11 6.6
      vertex -27.1 -5.5 6.6
    endloop
  endfacet
  facet normal 0 -0 1
    outer loop
      vertex -28.0855 -11.2941 6.6
      vertex -27.1 -11 6.6
      vertex -28.1 -11 6.6
    endloop
  endfacet
  facet normal 0 0 1
    outer loop
      vertex -27.1 -11 6.6
      vertex -27.419 -12.9032 6.6
      vertex -27.2213 -13.1213 6.6
    endloop
  endfacet
  facet normal 0 0 1
    outer loop
      vertex -27.1 -11 6.6
      vertex -27.5944 -12.6667 6.6
      vertex -27.419 -12.9032 6.6
    endloop
  endfacet
  facet normal 0 0 1
    outer loop
      vertex -27.1 -11 6.6
      vertex -27.7458 -12.4142 6.6
      vertex -27.5944 -12.6667 6.6
    endloop
  endfacet
  facet normal 0 0 1
    outer loop
      vertex -27.1 -11 6.6
      vertex -27.8716 -12.1481 6.6
      vertex -27.7458 -12.4142 6.6
    endloop
  endfacet
  facet normal 0 0 1
    outer loop
      vertex -27.1 -11 6.6
      vertex -27.9708 -11.8708 6.6
      vertex -27.8716 -12.1481 6.6
    endloop
  endfacet
  facet normal 0 0 1
    outer loop
      vertex -27.1 -11 6.6
      vertex -28.0423 -11.5853 6.6
      vertex -27.9708 -11.8708 6.6
    endloop
  endfacet
  facet normal 0 0 1
    outer loop
      vertex -28.1 -11 6.6
      vertex -27.1 -5.5 6.6
      vertex -28.1 -5.5 6.6
    endloop
  endfacet
  facet normal 0 0 1
    outer loop
      vertex -27.1 -11 6.6
      vertex -28.0855 -11.2941 6.6
      vertex -28.0423 -11.5853 6.6
    endloop
  endfacet
  facet normal 0 0 1
    outer loop
      vertex 27.1 11 6.6
      vertex 28.1 11 6.6
      vertex 28.0855 11.2941 6.6
    endloop
  endfacet
  facet normal 0 0 1
    outer loop
      vertex 28.1 11 6.6
      vertex 27.1 11 6.6
      vertex 28.1 -11 6.6
    endloop
  endfacet
  facet normal 0 0 1
    outer loop
      vertex 27.0904 11.196 6.6
      vertex 28.0855 11.2941 6.6
      vertex 28.0423 11.5853 6.6
    endloop
  endfacet
  facet normal 0 0 1
    outer loop
      vertex 27.1 -11 6.6
      vertex 28.1 -11 6.6
      vertex 27.1 11 6.6
    endloop
  endfacet
  facet normal 0 0 1
    outer loop
      vertex 27.0616 11.3902 6.6
      vertex 28.0423 11.5853 6.6
      vertex 27.9708 11.8708 6.6
    endloop
  endfacet
  facet normal 0 0 1
    outer loop
      vertex 28.1 -11 6.6
      vertex 27.1 -11 6.6
      vertex 28.0855 -11.2941 6.6
    endloop
  endfacet
  facet normal 0 0 1
    outer loop
      vertex 27.0139 11.5806 6.6
      vertex 27.9708 11.8708 6.6
      vertex 27.8716 12.1481 6.6
    endloop
  endfacet
  facet normal -0 0 1
    outer loop
      vertex 27.0904 -11.196 6.6
      vertex 28.0855 -11.2941 6.6
      vertex 27.1 -11 6.6
    endloop
  endfacet
  facet normal 0 0 1
    outer loop
      vertex 26.9478 11.7654 6.6
      vertex 27.8716 12.1481 6.6
      vertex 27.7458 12.4142 6.6
    endloop
  endfacet
  facet normal 0 0 1
    outer loop
      vertex 28.0855 -11.2941 6.6
      vertex 27.0904 -11.196 6.6
      vertex 28.0423 -11.5853 6.6
    endloop
  endfacet
  facet normal 0 0 1
    outer loop
      vertex 26.8638 11.9428 6.6
      vertex 27.7458 12.4142 6.6
      vertex 27.5944 12.6667 6.6
    endloop
  endfacet
  facet normal -0 0 1
    outer loop
      vertex 27.0616 -11.3902 6.6
      vertex 28.0423 -11.5853 6.6
      vertex 27.0904 -11.196 6.6
    endloop
  endfacet
  facet normal 0 0 1
    outer loop
      vertex 26.7629 12.1111 6.6
      vertex 27.5944 12.6667 6.6
      vertex 27.419 12.9032 6.6
    endloop
  endfacet
  facet normal 0 0 1
    outer loop
      vertex 28.0423 -11.5853 6.6
      vertex 27.0616 -11.3902 6.6
      vertex 27.9708 -11.8708 6.6
    endloop
  endfacet
  facet normal 0 0 1
    outer loop
      vertex 26.646 12.2688 6.6
      vertex 27.419 12.9032 6.6
      vertex 27.2213 13.1213 6.6
    endloop
  endfacet
  facet normal -0 0 1
    outer loop
      vertex 27.0139 -11.5806 6.6
      vertex 27.9708 -11.8708 6.6
      vertex 27.0616 -11.3902 6.6
    endloop
  endfacet
  facet normal 0 0 1
    outer loop
      vertex 27.9708 -11.8708 6.6
      vertex 27.0139 -11.5806 6.6
      vertex 27.8716 -12.1481 6.6
    endloop
  endfacet
  facet normal 0 0 1
    outer loop
      vertex 28.0855 11.2941 6.6
      vertex 27.0904 11.196 6.6
      vertex 27.1 11 6.6
    endloop
  endfacet
  facet normal 0 0 1
    outer loop
      vertex 28.0423 11.5853 6.6
      vertex 27.0616 11.3902 6.6
      vertex 27.0904 11.196 6.6
    endloop
  endfacet
  facet normal 0 0 1
    outer loop
      vertex 27.9708 11.8708 6.6
      vertex 27.0139 11.5806 6.6
      vertex 27.0616 11.3902 6.6
    endloop
  endfacet
  facet normal 0 0 1
    outer loop
      vertex 26.5142 12.4142 6.6
      vertex 27.2213 13.1213 6.6
      vertex 27.0032 13.319 6.6
    endloop
  endfacet
  facet normal 0 0 1
    outer loop
      vertex 27.8716 12.1481 6.6
      vertex 26.9478 11.7654 6.6
      vertex 27.0139 11.5806 6.6
    endloop
  endfacet
  facet normal 0 0 1
    outer loop
      vertex 27.7458 12.4142 6.6
      vertex 26.8638 11.9428 6.6
      vertex 26.9478 11.7654 6.6
    endloop
  endfacet
  facet normal 0 0 1
    outer loop
      vertex 26.3688 12.546 6.6
      vertex 27.0032 13.319 6.6
      vertex 26.7667 13.4944 6.6
    endloop
  endfacet
  facet normal 0 0 1
    outer loop
      vertex 27.5944 12.6667 6.6
      vertex 26.7629 12.1111 6.6
      vertex 26.8638 11.9428 6.6
    endloop
  endfacet
  facet normal 0 0 1
    outer loop
      vertex 27.419 12.9032 6.6
      vertex 26.646 12.2688 6.6
      vertex 26.7629 12.1111 6.6
    endloop
  endfacet
  facet normal 0 0 1
    outer loop
      vertex 27.2213 13.1213 6.6
      vertex 26.5142 12.4142 6.6
      vertex 26.646 12.2688 6.6
    endloop
  endfacet
  facet normal 0 0 1
    outer loop
      vertex 26.2111 12.6629 6.6
      vertex 26.7667 13.4944 6.6
      vertex 26.5142 13.6458 6.6
    endloop
  endfacet
  facet normal 0 0 1
    outer loop
      vertex 27.0032 13.319 6.6
      vertex 26.3688 12.546 6.6
      vertex 26.5142 12.4142 6.6
    endloop
  endfacet
  facet normal 0 0 1
    outer loop
      vertex 26.0428 12.7638 6.6
      vertex 26.5142 13.6458 6.6
      vertex 26.248 13.7716 6.6
    endloop
  endfacet
  facet normal 0 0 1
    outer loop
      vertex 26.7667 13.4944 6.6
      vertex 26.2111 12.6629 6.6
      vertex 26.3688 12.546 6.6
    endloop
  endfacet
  facet normal 0 0 1
    outer loop
      vertex 26.5142 13.6458 6.6
      vertex 26.0428 12.7638 6.6
      vertex 26.2111 12.6629 6.6
    endloop
  endfacet
  facet normal 0 0 1
    outer loop
      vertex 25.8654 12.8478 6.6
      vertex 26.248 13.7716 6.6
      vertex 25.9708 13.8708 6.6
    endloop
  endfacet
  facet normal 0 0 1
    outer loop
      vertex 26.248 13.7716 6.6
      vertex 25.8654 12.8478 6.6
      vertex 26.0428 12.7638 6.6
    endloop
  endfacet
  facet normal 0 0 1
    outer loop
      vertex 25.6806 12.9139 6.6
      vertex 25.9708 13.8708 6.6
      vertex 25.6853 13.9424 6.6
    endloop
  endfacet
  facet normal 0 0 1
    outer loop
      vertex 25.9708 13.8708 6.6
      vertex 25.6806 12.9139 6.6
      vertex 25.8654 12.8478 6.6
    endloop
  endfacet
  facet normal 0 0 1
    outer loop
      vertex 25.6853 13.9424 6.6
      vertex 25.4902 12.9616 6.6
      vertex 25.6806 12.9139 6.6
    endloop
  endfacet
  facet normal 0 0 1
    outer loop
      vertex 25.394 13.9855 6.6
      vertex 25.4902 12.9616 6.6
      vertex 25.6853 13.9424 6.6
    endloop
  endfacet
  facet normal 0 0 1
    outer loop
      vertex 25.394 13.9855 6.6
      vertex 25.296 12.9904 6.6
      vertex 25.4902 12.9616 6.6
    endloop
  endfacet
  facet normal 0 0 1
    outer loop
      vertex 25.1 14 6.6
      vertex 25.296 12.9904 6.6
      vertex 25.394 13.9855 6.6
    endloop
  endfacet
  facet normal 0 0 1
    outer loop
      vertex 25.1 14 6.6
      vertex 25.1 13 6.6
      vertex 25.296 12.9904 6.6
    endloop
  endfacet
  facet normal -0 0 1
    outer loop
      vertex -13.11 14 6.6
      vertex 25.1 13 6.6
      vertex 25.1 14 6.6
    endloop
  endfacet
  facet normal 0 0 1
    outer loop
      vertex 25.1 13 6.6
      vertex -13.11 14 6.6
      vertex -13.11 13 6.6
    endloop
  endfacet
  facet normal -0 0 1
    outer loop
      vertex 26.9478 -11.7654 6.6
      vertex 27.8716 -12.1481 6.6
      vertex 27.0139 -11.5806 6.6
    endloop
  endfacet
  facet normal 0 0 1
    outer loop
      vertex 27.8716 -12.1481 6.6
      vertex 26.9478 -11.7654 6.6
      vertex 27.7458 -12.4142 6.6
    endloop
  endfacet
  facet normal -0 0 1
    outer loop
      vertex 26.8638 -11.9428 6.6
      vertex 27.7458 -12.4142 6.6
      vertex 26.9478 -11.7654 6.6
    endloop
  endfacet
  facet normal 0 0 1
    outer loop
      vertex 27.7458 -12.4142 6.6
      vertex 26.8638 -11.9428 6.6
      vertex 27.5944 -12.6667 6.6
    endloop
  endfacet
  facet normal -0 0 1
    outer loop
      vertex 26.7629 -12.1111 6.6
      vertex 27.5944 -12.6667 6.6
      vertex 26.8638 -11.9428 6.6
    endloop
  endfacet
  facet normal 0 0 1
    outer loop
      vertex 27.5944 -12.6667 6.6
      vertex 26.7629 -12.1111 6.6
      vertex 27.419 -12.9032 6.6
    endloop
  endfacet
  facet normal -0 0 1
    outer loop
      vertex 26.646 -12.2688 6.6
      vertex 27.419 -12.9032 6.6
      vertex 26.7629 -12.1111 6.6
    endloop
  endfacet
  facet normal 0 0 1
    outer loop
      vertex 27.419 -12.9032 6.6
      vertex 26.646 -12.2688 6.6
      vertex 27.2213 -13.1213 6.6
    endloop
  endfacet
  facet normal -0 0 1
    outer loop
      vertex 26.5142 -12.4142 6.6
      vertex 27.2213 -13.1213 6.6
      vertex 26.646 -12.2688 6.6
    endloop
  endfacet
  facet normal 0 0 1
    outer loop
      vertex 27.2213 -13.1213 6.6
      vertex 26.5142 -12.4142 6.6
      vertex 27.0032 -13.319 6.6
    endloop
  endfacet
  facet normal -0 0 1
    outer loop
      vertex 26.3688 -12.546 6.6
      vertex 27.0032 -13.319 6.6
      vertex 26.5142 -12.4142 6.6
    endloop
  endfacet
  facet normal 0 0 1
    outer loop
      vertex 27.0032 -13.319 6.6
      vertex 26.3688 -12.546 6.6
      vertex 26.7667 -13.4944 6.6
    endloop
  endfacet
  facet normal -0 0 1
    outer loop
      vertex 26.2111 -12.6629 6.6
      vertex 26.7667 -13.4944 6.6
      vertex 26.3688 -12.546 6.6
    endloop
  endfacet
  facet normal 0 0 1
    outer loop
      vertex 26.7667 -13.4944 6.6
      vertex 26.2111 -12.6629 6.6
      vertex 26.5142 -13.6458 6.6
    endloop
  endfacet
  facet normal -0 0 1
    outer loop
      vertex 26.0428 -12.7638 6.6
      vertex 26.5142 -13.6458 6.6
      vertex 26.2111 -12.6629 6.6
    endloop
  endfacet
  facet normal 0 0 1
    outer loop
      vertex 26.5142 -13.6458 6.6
      vertex 26.0428 -12.7638 6.6
      vertex 26.248 -13.7716 6.6
    endloop
  endfacet
  facet normal -0 0 1
    outer loop
      vertex 25.8654 -12.8478 6.6
      vertex 26.248 -13.7716 6.6
      vertex 26.0428 -12.7638 6.6
    endloop
  endfacet
  facet normal 0 0 1
    outer loop
      vertex 26.248 -13.7716 6.6
      vertex 25.8654 -12.8478 6.6
      vertex 25.9708 -13.8708 6.6
    endloop
  endfacet
  facet normal -0 0 1
    outer loop
      vertex 25.6806 -12.9139 6.6
      vertex 25.9708 -13.8708 6.6
      vertex 25.8654 -12.8478 6.6
    endloop
  endfacet
  facet normal 0 0 1
    outer loop
      vertex 25.9708 -13.8708 6.6
      vertex 25.6806 -12.9139 6.6
      vertex 25.6853 -13.9424 6.6
    endloop
  endfacet
  facet normal -0 0 1
    outer loop
      vertex 25.4902 -12.9616 6.6
      vertex 25.6853 -13.9424 6.6
      vertex 25.6806 -12.9139 6.6
    endloop
  endfacet
  facet normal 0 0 1
    outer loop
      vertex 25.4902 -12.9616 6.6
      vertex 25.394 -13.9855 6.6
      vertex 25.6853 -13.9424 6.6
    endloop
  endfacet
  facet normal -0 0 1
    outer loop
      vertex 25.296 -12.9904 6.6
      vertex 25.394 -13.9855 6.6
      vertex 25.4902 -12.9616 6.6
    endloop
  endfacet
  facet normal -0 0 1
    outer loop
      vertex 25.1 -13 6.6
      vertex 25.394 -13.9855 6.6
      vertex 25.296 -12.9904 6.6
    endloop
  endfacet
  facet normal 0 0 1
    outer loop
      vertex 25.1 -13 6.6
      vertex 25.1 -14 6.6
      vertex 25.394 -13.9855 6.6
    endloop
  endfacet
  facet normal -0 0 1
    outer loop
      vertex -25.1 -13 6.6
      vertex 25.1 -14 6.6
      vertex 25.1 -13 6.6
    endloop
  endfacet
  facet normal 0 0 1
    outer loop
      vertex -25.1 -13 6.6
      vertex -25.1 -14 6.6
      vertex 25.1 -14 6.6
    endloop
  endfacet
  facet normal 0 0 1
    outer loop
      vertex -25.296 -12.9904 6.6
      vertex -25.1 -14 6.6
      vertex -25.1 -13 6.6
    endloop
  endfacet
  facet normal 0 0 1
    outer loop
      vertex -25.296 -12.9904 6.6
      vertex -25.394 -13.9855 6.6
      vertex -25.1 -14 6.6
    endloop
  endfacet
  facet normal 0 0 1
    outer loop
      vertex -25.4902 -12.9616 6.6
      vertex -25.394 -13.9855 6.6
      vertex -25.296 -12.9904 6.6
    endloop
  endfacet
  facet normal 0 0 1
    outer loop
      vertex -25.6853 -13.9424 6.6
      vertex -25.4902 -12.9616 6.6
      vertex -25.6806 -12.9139 6.6
    endloop
  endfacet
  facet normal 0 0 1
    outer loop
      vertex -25.4902 -12.9616 6.6
      vertex -25.6853 -13.9424 6.6
      vertex -25.394 -13.9855 6.6
    endloop
  endfacet
  facet normal 0 0 1
    outer loop
      vertex -25.9708 -13.8708 6.6
      vertex -25.6806 -12.9139 6.6
      vertex -25.8654 -12.8478 6.6
    endloop
  endfacet
  facet normal 0 0 1
    outer loop
      vertex -25.6806 -12.9139 6.6
      vertex -25.9708 -13.8708 6.6
      vertex -25.6853 -13.9424 6.6
    endloop
  endfacet
  facet normal 0 0 1
    outer loop
      vertex -26.248 -13.7716 6.6
      vertex -25.8654 -12.8478 6.6
      vertex -26.0428 -12.7638 6.6
    endloop
  endfacet
  facet normal 0 0 1
    outer loop
      vertex -26.5142 -13.6458 6.6
      vertex -26.0428 -12.7638 6.6
      vertex -26.2111 -12.6629 6.6
    endloop
  endfacet
  facet normal 0 0 1
    outer loop
      vertex -25.8654 -12.8478 6.6
      vertex -26.248 -13.7716 6.6
      vertex -25.9708 -13.8708 6.6
    endloop
  endfacet
  facet normal 0 0 1
    outer loop
      vertex -26.7667 -13.4944 6.6
      vertex -26.2111 -12.6629 6.6
      vertex -26.3688 -12.546 6.6
    endloop
  endfacet
  facet normal 0 0 1
    outer loop
      vertex -26.0428 -12.7638 6.6
      vertex -26.5142 -13.6458 6.6
      vertex -26.248 -13.7716 6.6
    endloop
  endfacet
  facet normal 0 0 1
    outer loop
      vertex -27.0032 -13.319 6.6
      vertex -26.3688 -12.546 6.6
      vertex -26.5142 -12.4142 6.6
    endloop
  endfacet
  facet normal 0 0 1
    outer loop
      vertex -27.2213 -13.1213 6.6
      vertex -26.5142 -12.4142 6.6
      vertex -26.646 -12.2688 6.6
    endloop
  endfacet
  facet normal 0 0 1
    outer loop
      vertex -27.2213 -13.1213 6.6
      vertex -26.646 -12.2688 6.6
      vertex -26.7629 -12.1111 6.6
    endloop
  endfacet
  facet normal 0 0 1
    outer loop
      vertex -26.2111 -12.6629 6.6
      vertex -26.7667 -13.4944 6.6
      vertex -26.5142 -13.6458 6.6
    endloop
  endfacet
  facet normal 0 0 1
    outer loop
      vertex -27.2213 -13.1213 6.6
      vertex -26.7629 -12.1111 6.6
      vertex -26.8638 -11.9428 6.6
    endloop
  endfacet
  facet normal 0 0 1
    outer loop
      vertex -27.2213 -13.1213 6.6
      vertex -26.8638 -11.9428 6.6
      vertex -26.9478 -11.7654 6.6
    endloop
  endfacet
  facet normal 0 0 1
    outer loop
      vertex -26.3688 -12.546 6.6
      vertex -27.0032 -13.319 6.6
      vertex -26.7667 -13.4944 6.6
    endloop
  endfacet
  facet normal 0 0 1
    outer loop
      vertex -27.2213 -13.1213 6.6
      vertex -26.9478 -11.7654 6.6
      vertex -27.0139 -11.5806 6.6
    endloop
  endfacet
  facet normal 0 0 1
    outer loop
      vertex -27.2213 -13.1213 6.6
      vertex -27.0139 -11.5806 6.6
      vertex -27.0616 -11.3902 6.6
    endloop
  endfacet
  facet normal 0 0 1
    outer loop
      vertex -27.2213 -13.1213 6.6
      vertex -27.0616 -11.3902 6.6
      vertex -27.0904 -11.196 6.6
    endloop
  endfacet
  facet normal 0 0 1
    outer loop
      vertex -27.2213 -13.1213 6.6
      vertex -27.0904 -11.196 6.6
      vertex -27.1 -11 6.6
    endloop
  endfacet
  facet normal 0 0 1
    outer loop
      vertex -26.5142 -12.4142 6.6
      vertex -27.2213 -13.1213 6.6
      vertex -27.0032 -13.319 6.6
    endloop
  endfacet
  facet normal -0 0 1
    outer loop
      vertex -25.1 14 6.6
      vertex -22.61 13 6.6
      vertex -22.61 14 6.6
    endloop
  endfacet
  facet normal 0 0 1
    outer loop
      vertex -25.1 14 6.6
      vertex -25.1 13 6.6
      vertex -22.61 13 6.6
    endloop
  endfacet
  facet normal 0 0 1
    outer loop
      vertex -25.1 14 6.6
      vertex -25.296 12.9904 6.6
      vertex -25.1 13 6.6
    endloop
  endfacet
  facet normal -0 0 1
    outer loop
      vertex -25.394 13.9855 6.6
      vertex -25.296 12.9904 6.6
      vertex -25.1 14 6.6
    endloop
  endfacet
  facet normal 0 0 1
    outer loop
      vertex -25.394 13.9855 6.6
      vertex -25.4902 12.9616 6.6
      vertex -25.296 12.9904 6.6
    endloop
  endfacet
  facet normal -0 0 1
    outer loop
      vertex -25.6853 13.9424 6.6
      vertex -25.4902 12.9616 6.6
      vertex -25.394 13.9855 6.6
    endloop
  endfacet
  facet normal 0 0 1
    outer loop
      vertex -25.4902 12.9616 6.6
      vertex -25.6853 13.9424 6.6
      vertex -25.6806 12.9139 6.6
    endloop
  endfacet
  facet normal -0 0 1
    outer loop
      vertex -25.9708 13.8708 6.6
      vertex -25.6806 12.9139 6.6
      vertex -25.6853 13.9424 6.6
    endloop
  endfacet
  facet normal 0 0 1
    outer loop
      vertex -25.6806 12.9139 6.6
      vertex -25.9708 13.8708 6.6
      vertex -25.8654 12.8478 6.6
    endloop
  endfacet
  facet normal -0 0 1
    outer loop
      vertex -26.248 13.7716 6.6
      vertex -25.8654 12.8478 6.6
      vertex -25.9708 13.8708 6.6
    endloop
  endfacet
  facet normal 0 0 1
    outer loop
      vertex -25.8654 12.8478 6.6
      vertex -26.248 13.7716 6.6
      vertex -26.0428 12.7638 6.6
    endloop
  endfacet
  facet normal -0 0 1
    outer loop
      vertex -26.5142 13.6458 6.6
      vertex -26.0428 12.7638 6.6
      vertex -26.248 13.7716 6.6
    endloop
  endfacet
  facet normal 0 0 1
    outer loop
      vertex -26.0428 12.7638 6.6
      vertex -26.5142 13.6458 6.6
      vertex -26.2111 12.6629 6.6
    endloop
  endfacet
  facet normal -0 0 1
    outer loop
      vertex -26.7667 13.4944 6.6
      vertex -26.2111 12.6629 6.6
      vertex -26.5142 13.6458 6.6
    endloop
  endfacet
  facet normal 0 0 1
    outer loop
      vertex -26.2111 12.6629 6.6
      vertex -26.7667 13.4944 6.6
      vertex -26.3688 12.546 6.6
    endloop
  endfacet
  facet normal -0 0 1
    outer loop
      vertex -27.0032 13.319 6.6
      vertex -26.3688 12.546 6.6
      vertex -26.7667 13.4944 6.6
    endloop
  endfacet
  facet normal 0 0 1
    outer loop
      vertex -26.3688 12.546 6.6
      vertex -27.0032 13.319 6.6
      vertex -26.5142 12.4142 6.6
    endloop
  endfacet
  facet normal -0 0 1
    outer loop
      vertex -27.2213 13.1213 6.6
      vertex -26.5142 12.4142 6.6
      vertex -27.0032 13.319 6.6
    endloop
  endfacet
  facet normal 0 0 1
    outer loop
      vertex -26.5142 12.4142 6.6
      vertex -27.2213 13.1213 6.6
      vertex -26.646 12.2688 6.6
    endloop
  endfacet
  facet normal -0 0 1
    outer loop
      vertex -27.419 12.9032 6.6
      vertex -26.646 12.2688 6.6
      vertex -27.2213 13.1213 6.6
    endloop
  endfacet
  facet normal 0 0 1
    outer loop
      vertex -26.646 12.2688 6.6
      vertex -27.419 12.9032 6.6
      vertex -26.7629 12.1111 6.6
    endloop
  endfacet
  facet normal -0 0 1
    outer loop
      vertex -27.5944 12.6667 6.6
      vertex -26.7629 12.1111 6.6
      vertex -27.419 12.9032 6.6
    endloop
  endfacet
  facet normal 0 0 1
    outer loop
      vertex -26.7629 12.1111 6.6
      vertex -27.5944 12.6667 6.6
      vertex -26.8638 11.9428 6.6
    endloop
  endfacet
  facet normal -0 0 1
    outer loop
      vertex -27.7458 12.4142 6.6
      vertex -26.8638 11.9428 6.6
      vertex -27.5944 12.6667 6.6
    endloop
  endfacet
  facet normal 0 0 1
    outer loop
      vertex -26.8638 11.9428 6.6
      vertex -27.7458 12.4142 6.6
      vertex -26.9478 11.7654 6.6
    endloop
  endfacet
  facet normal -0 0 1
    outer loop
      vertex -27.8716 12.1481 6.6
      vertex -26.9478 11.7654 6.6
      vertex -27.7458 12.4142 6.6
    endloop
  endfacet
  facet normal 0 0 1
    outer loop
      vertex -26.9478 11.7654 6.6
      vertex -27.8716 12.1481 6.6
      vertex -27.0139 11.5806 6.6
    endloop
  endfacet
  facet normal -0 0 1
    outer loop
      vertex -27.9708 11.8708 6.6
      vertex -27.0139 11.5806 6.6
      vertex -27.8716 12.1481 6.6
    endloop
  endfacet
  facet normal 0 0 1
    outer loop
      vertex -27.0139 11.5806 6.6
      vertex -27.9708 11.8708 6.6
      vertex -27.0616 11.3902 6.6
    endloop
  endfacet
  facet normal -0 0 1
    outer loop
      vertex -28.0423 11.5853 6.6
      vertex -27.0616 11.3902 6.6
      vertex -27.9708 11.8708 6.6
    endloop
  endfacet
  facet normal 0 0 1
    outer loop
      vertex -27.0616 11.3902 6.6
      vertex -28.0423 11.5853 6.6
      vertex -27.0904 11.196 6.6
    endloop
  endfacet
  facet normal -0 0 1
    outer loop
      vertex -28.0855 11.2941 6.6
      vertex -27.0904 11.196 6.6
      vertex -28.0423 11.5853 6.6
    endloop
  endfacet
  facet normal 0 0 1
    outer loop
      vertex -27.0904 11.196 6.6
      vertex -28.0855 11.2941 6.6
      vertex -27.1 11 6.6
    endloop
  endfacet
  facet normal 0 0 1
    outer loop
      vertex -27.1 11 6.6
      vertex -28.0855 11.2941 6.6
      vertex -28.1 11 6.6
    endloop
  endfacet
  facet normal 0 0 1
    outer loop
      vertex -27.1 11 6.6
      vertex -28.1 11 6.6
      vertex -27.1 5.5 6.6
    endloop
  endfacet
  facet normal 0 0 1
    outer loop
      vertex -27.1 5.5 6.6
      vertex -28.1 11 6.6
      vertex -28.1 5.5 6.6
    endloop
  endfacet
  facet normal 0.998787 0.0492431 0
    outer loop
      vertex 28.1 11 6.6
      vertex 28.0855 11.2941 0
      vertex 28.0855 11.2941 6.6
    endloop
  endfacet
  facet normal 0.998787 0.0492431 0
    outer loop
      vertex 28.0855 11.2941 0
      vertex 28.1 11 6.6
      vertex 28.1 11 0
    endloop
  endfacet
  facet normal 0.803208 -0.595699 0
    outer loop
      vertex 27.419 -12.9032 6.6
      vertex 27.5944 -12.6667 0
      vertex 27.5944 -12.6667 6.6
    endloop
  endfacet
  facet normal 0.803208 -0.595699 0
    outer loop
      vertex 27.5944 -12.6667 0
      vertex 27.419 -12.9032 6.6
      vertex 27.419 -12.9032 0
    endloop
  endfacet
  facet normal 0.740908 0.671607 0
    outer loop
      vertex 27.419 12.9032 6.6
      vertex 27.2213 13.1213 0
      vertex 27.2213 13.1213 6.6
    endloop
  endfacet
  facet normal 0.740908 0.671607 0
    outer loop
      vertex 27.2213 13.1213 0
      vertex 27.419 12.9032 6.6
      vertex 27.419 12.9032 0
    endloop
  endfacet
  facet normal 0 0 -1
    outer loop
      vertex 25.1 -14 0
      vertex 28.1 -11 0
      vertex 28.0855 -11.2941 0
    endloop
  endfacet
  facet normal 0 0 -1
    outer loop
      vertex 28.1 -11 0
      vertex 15 -8.2 0
      vertex 28.1 11 0
    endloop
  endfacet
  facet normal 0 0 -1
    outer loop
      vertex 25.1 -14 0
      vertex 28.0855 -11.2941 0
      vertex 28.0423 -11.5853 0
    endloop
  endfacet
  facet normal 0 0 -1
    outer loop
      vertex 15 8.2 0
      vertex 28.1 11 0
      vertex 15 -8.2 0
    endloop
  endfacet
  facet normal 0 0 -1
    outer loop
      vertex 25.1 -14 0
      vertex 28.0423 -11.5853 0
      vertex 27.9708 -11.8708 0
    endloop
  endfacet
  facet normal 0 -0 -1
    outer loop
      vertex 25.1 14 0
      vertex 28.1 11 0
      vertex 15 8.2 0
    endloop
  endfacet
  facet normal 0 0 -1
    outer loop
      vertex 25.1 -14 0
      vertex 27.9708 -11.8708 0
      vertex 27.8716 -12.1481 0
    endloop
  endfacet
  facet normal 0 0 -1
    outer loop
      vertex 28.1 11 0
      vertex 25.1 14 0
      vertex 28.0855 11.2941 0
    endloop
  endfacet
  facet normal 0 0 -1
    outer loop
      vertex 25.1 -14 0
      vertex 27.8716 -12.1481 0
      vertex 27.7458 -12.4142 0
    endloop
  endfacet
  facet normal 0 0 -1
    outer loop
      vertex 28.0855 11.2941 0
      vertex 25.1 14 0
      vertex 28.0423 11.5853 0
    endloop
  endfacet
  facet normal 0 0 -1
    outer loop
      vertex 25.1 -14 0
      vertex 27.7458 -12.4142 0
      vertex 27.5944 -12.6667 0
    endloop
  endfacet
  facet normal 0 0 -1
    outer loop
      vertex 28.0423 11.5853 0
      vertex 25.1 14 0
      vertex 27.9708 11.8708 0
    endloop
  endfacet
  facet normal 0 0 -1
    outer loop
      vertex 25.1 -14 0
      vertex 27.5944 -12.6667 0
      vertex 27.419 -12.9032 0
    endloop
  endfacet
  facet normal 0 0 -1
    outer loop
      vertex 27.9708 11.8708 0
      vertex 25.1 14 0
      vertex 27.8716 12.1481 0
    endloop
  endfacet
  facet normal 0 0 -1
    outer loop
      vertex 25.1 -14 0
      vertex 27.419 -12.9032 0
      vertex 27.2213 -13.1213 0
    endloop
  endfacet
  facet normal 0 0 -1
    outer loop
      vertex 27.8716 12.1481 0
      vertex 25.1 14 0
      vertex 27.7458 12.4142 0
    endloop
  endfacet
  facet normal 0 0 -1
    outer loop
      vertex 25.1 -14 0
      vertex 27.2213 -13.1213 0
      vertex 27.0032 -13.319 0
    endloop
  endfacet
  facet normal 0 0 -1
    outer loop
      vertex 27.7458 12.4142 0
      vertex 25.1 14 0
      vertex 27.5944 12.6667 0
    endloop
  endfacet
  facet normal 0 0 -1
    outer loop
      vertex 25.1 -14 0
      vertex 27.0032 -13.319 0
      vertex 26.7667 -13.4944 0
    endloop
  endfacet
  facet normal 0 0 -1
    outer loop
      vertex 27.5944 12.6667 0
      vertex 25.1 14 0
      vertex 27.419 12.9032 0
    endloop
  endfacet
  facet normal 0 0 -1
    outer loop
      vertex 25.1 -14 0
      vertex 26.7667 -13.4944 0
      vertex 26.5142 -13.6458 0
    endloop
  endfacet
  facet normal 0 0 -1
    outer loop
      vertex 27.419 12.9032 0
      vertex 25.1 14 0
      vertex 27.2213 13.1213 0
    endloop
  endfacet
  facet normal 0 0 -1
    outer loop
      vertex 25.1 -14 0
      vertex 26.5142 -13.6458 0
      vertex 26.248 -13.7716 0
    endloop
  endfacet
  facet normal 0 0 -1
    outer loop
      vertex 27.2213 13.1213 0
      vertex 25.1 14 0
      vertex 27.0032 13.319 0
    endloop
  endfacet
  facet normal 0 0 -1
    outer loop
      vertex 25.1 -14 0
      vertex 26.248 -13.7716 0
      vertex 25.9708 -13.8708 0
    endloop
  endfacet
  facet normal 0 0 -1
    outer loop
      vertex 27.0032 13.319 0
      vertex 25.1 14 0
      vertex 26.7667 13.4944 0
    endloop
  endfacet
  facet normal 0 0 -1
    outer loop
      vertex 25.1 -14 0
      vertex 25.9708 -13.8708 0
      vertex 25.6853 -13.9424 0
    endloop
  endfacet
  facet normal 0 0 -1
    outer loop
      vertex 26.7667 13.4944 0
      vertex 25.1 14 0
      vertex 26.5142 13.6458 0
    endloop
  endfacet
  facet normal 0 0 -1
    outer loop
      vertex 25.1 -14 0
      vertex 25.6853 -13.9424 0
      vertex 25.394 -13.9855 0
    endloop
  endfacet
  facet normal 0 0 -1
    outer loop
      vertex 26.5142 13.6458 0
      vertex 25.1 14 0
      vertex 26.248 13.7716 0
    endloop
  endfacet
  facet normal -0 0 -1
    outer loop
      vertex 28.1 -11 0
      vertex 25.1 -14 0
      vertex 15 -8.2 0
    endloop
  endfacet
  facet normal 0 0 -1
    outer loop
      vertex 26.248 13.7716 0
      vertex 25.1 14 0
      vertex 25.9708 13.8708 0
    endloop
  endfacet
  facet normal 0 0 -1
    outer loop
      vertex 25.9708 13.8708 0
      vertex 25.1 14 0
      vertex 25.6853 13.9424 0
    endloop
  endfacet
  facet normal 0 0 -1
    outer loop
      vertex 25.1 -14 0
      vertex 14.9961 -8.27841 0
      vertex 15 -8.2 0
    endloop
  endfacet
  facet normal 0 0 -1
    outer loop
      vertex 25.1 -14 0
      vertex 14.9846 -8.35606 0
      vertex 14.9961 -8.27841 0
    endloop
  endfacet
  facet normal 0 0 -1
    outer loop
      vertex 25.1 -14 0
      vertex 14.9655 -8.43222 0
      vertex 14.9846 -8.35606 0
    endloop
  endfacet
  facet normal 0 0 -1
    outer loop
      vertex 25.1 -14 0
      vertex 14.9391 -8.50615 0
      vertex 14.9655 -8.43222 0
    endloop
  endfacet
  facet normal 0 0 -1
    outer loop
      vertex 25.1 -14 0
      vertex 14.9055 -8.57712 0
      vertex 14.9391 -8.50615 0
    endloop
  endfacet
  facet normal 0 0 -1
    outer loop
      vertex 25.1 -14 0
      vertex 14.8652 -8.64445 0
      vertex 14.9055 -8.57712 0
    endloop
  endfacet
  facet normal 0 0 -1
    outer loop
      vertex 25.1 -14 0
      vertex 14.8184 -8.7075 0
      vertex 14.8652 -8.64445 0
    endloop
  endfacet
  facet normal 0 0 -1
    outer loop
      vertex 25.1 -14 0
      vertex 14.7657 -8.76569 0
      vertex 14.8184 -8.7075 0
    endloop
  endfacet
  facet normal 0 0 -1
    outer loop
      vertex 25.1 -14 0
      vertex 14.7075 -8.81841 0
      vertex 14.7657 -8.76569 0
    endloop
  endfacet
  facet normal 0 0 -1
    outer loop
      vertex 25.1 -14 0
      vertex 14.6445 -8.86517 0
      vertex 14.7075 -8.81841 0
    endloop
  endfacet
  facet normal 0 0 -1
    outer loop
      vertex 25.1 -14 0
      vertex 14.5771 -8.90553 0
      vertex 14.6445 -8.86517 0
    endloop
  endfacet
  facet normal 0 0 -1
    outer loop
      vertex 25.1 -14 0
      vertex 14.5061 -8.9391 0
      vertex 14.5771 -8.90553 0
    endloop
  endfacet
  facet normal 0 0 -1
    outer loop
      vertex 25.1 -14 0
      vertex 14.4322 -8.96555 0
      vertex 14.5061 -8.9391 0
    endloop
  endfacet
  facet normal 0 0 -1
    outer loop
      vertex 25.1 -14 0
      vertex 14.3561 -8.98462 0
      vertex 14.4322 -8.96555 0
    endloop
  endfacet
  facet normal 0 0 -1
    outer loop
      vertex 25.1 -14 0
      vertex 14.2784 -8.99614 0
      vertex 14.3561 -8.98462 0
    endloop
  endfacet
  facet normal 0 0 -1
    outer loop
      vertex 25.1 -14 0
      vertex 14.2 -9 0
      vertex 14.2784 -8.99614 0
    endloop
  endfacet
  facet normal 0 0 -1
    outer loop
      vertex 25.1 -14 0
      vertex 13.8 -9 0
      vertex 14.2 -9 0
    endloop
  endfacet
  facet normal 0 0 -1
    outer loop
      vertex 25.1 -14 0
      vertex 13.7216 -8.99614 0
      vertex 13.8 -9 0
    endloop
  endfacet
  facet normal 0 0 -1
    outer loop
      vertex 25.1 -14 0
      vertex 13.6439 -8.98462 0
      vertex 13.7216 -8.99614 0
    endloop
  endfacet
  facet normal 0 0 -1
    outer loop
      vertex 7.35606 -8.98462 0
      vertex 13.6439 -8.98462 0
      vertex 25.1 -14 0
    endloop
  endfacet
  facet normal 0 0 -1
    outer loop
      vertex 13.6439 -8.98462 0
      vertex 7.35606 -8.98462 0
      vertex 13.5678 -8.96555 0
    endloop
  endfacet
  facet normal 0 0 -1
    outer loop
      vertex 13 -8.2 0
      vertex 8 -8.2 0
      vertex 13 8.2 0
    endloop
  endfacet
  facet normal 0 0 -1
    outer loop
      vertex 13.0039 -8.27841 0
      vertex 8 -8.2 0
      vertex 13 -8.2 0
    endloop
  endfacet
  facet normal 0 0 -1
    outer loop
      vertex 7.99614 -8.27841 0
      vertex 13.0039 -8.27841 0
      vertex 13.0154 -8.35606 0
    endloop
  endfacet
  facet normal 0 0 -1
    outer loop
      vertex 7.98462 -8.35606 0
      vertex 13.0154 -8.35606 0
      vertex 13.0345 -8.43222 0
    endloop
  endfacet
  facet normal 0 0 -1
    outer loop
      vertex 7.96555 -8.43222 0
      vertex 13.0345 -8.43222 0
      vertex 13.0609 -8.50615 0
    endloop
  endfacet
  facet normal 0 0 -1
    outer loop
      vertex 7.9391 -8.50615 0
      vertex 13.0609 -8.50615 0
      vertex 13.0945 -8.57712 0
    endloop
  endfacet
  facet normal 0 0 -1
    outer loop
      vertex 7.90553 -8.57712 0
      vertex 13.0945 -8.57712 0
      vertex 13.1348 -8.64445 0
    endloop
  endfacet
  facet normal 0 0 -1
    outer loop
      vertex 7.86517 -8.64445 0
      vertex 13.1348 -8.64445 0
      vertex 13.1816 -8.7075 0
    endloop
  endfacet
  facet normal 0 0 -1
    outer loop
      vertex 7.81841 -8.7075 0
      vertex 13.1816 -8.7075 0
      vertex 13.2343 -8.76569 0
    endloop
  endfacet
  facet normal 0 0 -1
    outer loop
      vertex 7.76569 -8.76569 0
      vertex 13.2343 -8.76569 0
      vertex 13.2925 -8.81841 0
    endloop
  endfacet
  facet normal 0 0 -1
    outer loop
      vertex 7.7075 -8.81841 0
      vertex 13.2925 -8.81841 0
      vertex 13.3555 -8.86517 0
    endloop
  endfacet
  facet normal 0 0 -1
    outer loop
      vertex 7.64445 -8.86517 0
      vertex 13.3555 -8.86517 0
      vertex 13.4229 -8.90553 0
    endloop
  endfacet
  facet normal 0 0 -1
    outer loop
      vertex 7.57712 -8.90553 0
      vertex 13.4229 -8.90553 0
      vertex 13.4939 -8.9391 0
    endloop
  endfacet
  facet normal 0 -0 -1
    outer loop
      vertex 7.43222 -8.96555 0
      vertex 13.5678 -8.96555 0
      vertex 7.35606 -8.98462 0
    endloop
  endfacet
  facet normal 0 0 -1
    outer loop
      vertex 13.0039 -8.27841 0
      vertex 7.99614 -8.27841 0
      vertex 8 -8.2 0
    endloop
  endfacet
  facet normal 0 0 -1
    outer loop
      vertex 13.0154 -8.35606 0
      vertex 7.98462 -8.35606 0
      vertex 7.99614 -8.27841 0
    endloop
  endfacet
  facet normal 0 0 -1
    outer loop
      vertex 13.0345 -8.43222 0
      vertex 7.96555 -8.43222 0
      vertex 7.98462 -8.35606 0
    endloop
  endfacet
  facet normal 0 0 -1
    outer loop
      vertex 13.0609 -8.50615 0
      vertex 7.9391 -8.50615 0
      vertex 7.96555 -8.43222 0
    endloop
  endfacet
  facet normal 0 0 -1
    outer loop
      vertex 13.0945 -8.57712 0
      vertex 7.90553 -8.57712 0
      vertex 7.9391 -8.50615 0
    endloop
  endfacet
  facet normal 0 0 -1
    outer loop
      vertex 13.1348 -8.64445 0
      vertex 7.86517 -8.64445 0
      vertex 7.90553 -8.57712 0
    endloop
  endfacet
  facet normal 0 0 -1
    outer loop
      vertex 13.1816 -8.7075 0
      vertex 7.81841 -8.7075 0
      vertex 7.86517 -8.64445 0
    endloop
  endfacet
  facet normal 0 0 -1
    outer loop
      vertex 13.2343 -8.76569 0
      vertex 7.76569 -8.76569 0
      vertex 7.81841 -8.7075 0
    endloop
  endfacet
  facet normal 0 0 -1
    outer loop
      vertex 13.2925 -8.81841 0
      vertex 7.7075 -8.81841 0
      vertex 7.76569 -8.76569 0
    endloop
  endfacet
  facet normal 0 0 -1
    outer loop
      vertex 13.3555 -8.86517 0
      vertex 7.64445 -8.86517 0
      vertex 7.7075 -8.81841 0
    endloop
  endfacet
  facet normal 0 0 -1
    outer loop
      vertex 13.4229 -8.90553 0
      vertex 7.57712 -8.90553 0
      vertex 7.64445 -8.86517 0
    endloop
  endfacet
  facet normal 0 0 -1
    outer loop
      vertex 13.4939 -8.9391 0
      vertex 7.50615 -8.9391 0
      vertex 7.57712 -8.90553 0
    endloop
  endfacet
  facet normal -0 0 -1
    outer loop
      vertex 13.4939 -8.9391 0
      vertex 7.43222 -8.96555 0
      vertex 7.50615 -8.9391 0
    endloop
  endfacet
  facet normal 0 0 -1
    outer loop
      vertex 13.5678 -8.96555 0
      vertex 7.43222 -8.96555 0
      vertex 13.4939 -8.9391 0
    endloop
  endfacet
  facet normal 0 0 -1
    outer loop
      vertex 25.1 -14 0
      vertex 7.27841 -8.99614 0
      vertex 7.35606 -8.98462 0
    endloop
  endfacet
  facet normal 0 0 -1
    outer loop
      vertex 25.1 -14 0
      vertex 7.2 -9 0
      vertex 7.27841 -8.99614 0
    endloop
  endfacet
  facet normal 0 0 -1
    outer loop
      vertex 25.1 -14 0
      vertex 6.8 -9 0
      vertex 7.2 -9 0
    endloop
  endfacet
  facet normal 0 0 -1
    outer loop
      vertex 25.1 -14 0
      vertex 6.72159 -8.99614 0
      vertex 6.8 -9 0
    endloop
  endfacet
  facet normal 0 0 -1
    outer loop
      vertex 0.278412 -8.99614 0
      vertex 6.72159 -8.99614 0
      vertex 25.1 -14 0
    endloop
  endfacet
  facet normal 0 0 -1
    outer loop
      vertex 6.72159 -8.99614 0
      vertex 0.278412 -8.99614 0
      vertex 6.64394 -8.98462 0
    endloop
  endfacet
  facet normal 0 0 -1
    outer loop
      vertex 6 -8.2 0
      vertex 1 -8.2 0
      vertex 6 8.2 0
    endloop
  endfacet
  facet normal 0 0 -1
    outer loop
      vertex 6.00386 -8.27841 0
      vertex 1 -8.2 0
      vertex 6 -8.2 0
    endloop
  endfacet
  facet normal 0 0 -1
    outer loop
      vertex 0.99614 -8.27841 0
      vertex 6.00386 -8.27841 0
      vertex 6.01538 -8.35606 0
    endloop
  endfacet
  facet normal 0 0 -1
    outer loop
      vertex 0.984619 -8.35606 0
      vertex 6.01538 -8.35606 0
      vertex 6.03445 -8.43222 0
    endloop
  endfacet
  facet normal 0 0 -1
    outer loop
      vertex 0.965546 -8.43222 0
      vertex 6.03445 -8.43222 0
      vertex 6.0609 -8.50615 0
    endloop
  endfacet
  facet normal 0 0 -1
    outer loop
      vertex 0.939102 -8.50615 0
      vertex 6.0609 -8.50615 0
      vertex 6.09447 -8.57712 0
    endloop
  endfacet
  facet normal 0 0 -1
    outer loop
      vertex 0.905533 -8.57712 0
      vertex 6.09447 -8.57712 0
      vertex 6.13483 -8.64445 0
    endloop
  endfacet
  facet normal 0 0 -1
    outer loop
      vertex 0.865173 -8.64445 0
      vertex 6.13483 -8.64445 0
      vertex 6.18159 -8.7075 0
    endloop
  endfacet
  facet normal 0 0 -1
    outer loop
      vertex 0.818405 -8.7075 0
      vertex 6.18159 -8.7075 0
      vertex 6.23431 -8.76569 0
    endloop
  endfacet
  facet normal 0 0 -1
    outer loop
      vertex 0.765686 -8.76569 0
      vertex 6.23431 -8.76569 0
      vertex 6.2925 -8.81841 0
    endloop
  endfacet
  facet normal 0 0 -1
    outer loop
      vertex 0.707504 -8.81841 0
      vertex 6.2925 -8.81841 0
      vertex 6.35555 -8.86517 0
    endloop
  endfacet
  facet normal 0 0 -1
    outer loop
      vertex 0.644455 -8.86517 0
      vertex 6.35555 -8.86517 0
      vertex 6.42288 -8.90553 0
    endloop
  endfacet
  facet normal 0 0 -1
    outer loop
      vertex 0.577118 -8.90553 0
      vertex 6.42288 -8.90553 0
      vertex 6.49385 -8.9391 0
    endloop
  endfacet
  facet normal 0 0 -1
    outer loop
      vertex 0.506149 -8.9391 0
      vertex 6.49385 -8.9391 0
      vertex 6.56778 -8.96555 0
    endloop
  endfacet
  facet normal 0 -0 -1
    outer loop
      vertex 0.356064 -8.98462 0
      vertex 6.64394 -8.98462 0
      vertex 0.278412 -8.99614 0
    endloop
  endfacet
  facet normal 0 0 -1
    outer loop
      vertex 6.00386 -8.27841 0
      vertex 0.99614 -8.27841 0
      vertex 1 -8.2 0
    endloop
  endfacet
  facet normal 0 0 -1
    outer loop
      vertex 6.01538 -8.35606 0
      vertex 0.984619 -8.35606 0
      vertex 0.99614 -8.27841 0
    endloop
  endfacet
  facet normal 0 0 -1
    outer loop
      vertex 6.03445 -8.43222 0
      vertex 0.965546 -8.43222 0
      vertex 0.984619 -8.35606 0
    endloop
  endfacet
  facet normal 0 0 -1
    outer loop
      vertex 6.0609 -8.50615 0
      vertex 0.939102 -8.50615 0
      vertex 0.965546 -8.43222 0
    endloop
  endfacet
  facet normal 0 0 -1
    outer loop
      vertex 6.09447 -8.57712 0
      vertex 0.905533 -8.57712 0
      vertex 0.939102 -8.50615 0
    endloop
  endfacet
  facet normal 0 0 -1
    outer loop
      vertex 6.13483 -8.64445 0
      vertex 0.865173 -8.64445 0
      vertex 0.905533 -8.57712 0
    endloop
  endfacet
  facet normal 0 0 -1
    outer loop
      vertex 6.18159 -8.7075 0
      vertex 0.818405 -8.7075 0
      vertex 0.865173 -8.64445 0
    endloop
  endfacet
  facet normal 0 0 -1
    outer loop
      vertex 6.23431 -8.76569 0
      vertex 0.765686 -8.76569 0
      vertex 0.818405 -8.7075 0
    endloop
  endfacet
  facet normal 0 0 -1
    outer loop
      vertex 6.2925 -8.81841 0
      vertex 0.707504 -8.81841 0
      vertex 0.765686 -8.76569 0
    endloop
  endfacet
  facet normal 0 0 -1
    outer loop
      vertex 6.35555 -8.86517 0
      vertex 0.644455 -8.86517 0
      vertex 0.707504 -8.81841 0
    endloop
  endfacet
  facet normal 0 0 -1
    outer loop
      vertex 6.42288 -8.90553 0
      vertex 0.577118 -8.90553 0
      vertex 0.644455 -8.86517 0
    endloop
  endfacet
  facet normal 0 0 -1
    outer loop
      vertex 6.49385 -8.9391 0
      vertex 0.506149 -8.9391 0
      vertex 0.577118 -8.90553 0
    endloop
  endfacet
  facet normal 0 0 -1
    outer loop
      vertex 6.56778 -8.96555 0
      vertex 0.43222 -8.96555 0
      vertex 0.506149 -8.9391 0
    endloop
  endfacet
  facet normal -0 0 -1
    outer loop
      vertex 6.56778 -8.96555 0
      vertex 0.356064 -8.98462 0
      vertex 0.43222 -8.96555 0
    endloop
  endfacet
  facet normal 0 0 -1
    outer loop
      vertex 6.64394 -8.98462 0
      vertex 0.356064 -8.98462 0
      vertex 6.56778 -8.96555 0
    endloop
  endfacet
  facet normal 0 0 -1
    outer loop
      vertex 25.1 -14 0
      vertex 0.199997 -9 0
      vertex 0.278412 -8.99614 0
    endloop
  endfacet
  facet normal 0 0 -1
    outer loop
      vertex 25.1 -14 0
      vertex -0.199997 -9 0
      vertex 0.199997 -9 0
    endloop
  endfacet
  facet normal 0 0 -1
    outer loop
      vertex -25.1 -14 0
      vertex -0.199997 -9 0
      vertex 25.1 -14 0
    endloop
  endfacet
  facet normal -0 0 -1
    outer loop
      vertex -0.199997 -9 0
      vertex -25.1 -14 0
      vertex -0.278412 -8.99614 0
    endloop
  endfacet
  facet normal 0 0 -1
    outer loop
      vertex -1 -8.2 0
      vertex -6 -8.2 0
      vertex -1 8.2 0
    endloop
  endfacet
  facet normal 0 0 -1
    outer loop
      vertex -0.99614 -8.27841 0
      vertex -6 -8.2 0
      vertex -1 -8.2 0
    endloop
  endfacet
  facet normal 0 0 -1
    outer loop
      vertex -6.00386 -8.27841 0
      vertex -0.99614 -8.27841 0
      vertex -0.984619 -8.35606 0
    endloop
  endfacet
  facet normal 0 0 -1
    outer loop
      vertex -6.01538 -8.35606 0
      vertex -0.984619 -8.35606 0
      vertex -0.965546 -8.43222 0
    endloop
  endfacet
  facet normal 0 0 -1
    outer loop
      vertex -6.03445 -8.43222 0
      vertex -0.965546 -8.43222 0
      vertex -0.939102 -8.50615 0
    endloop
  endfacet
  facet normal 0 0 -1
    outer loop
      vertex -6.0609 -8.50615 0
      vertex -0.939102 -8.50615 0
      vertex -0.905533 -8.57712 0
    endloop
  endfacet
  facet normal 0 0 -1
    outer loop
      vertex -6.09447 -8.57712 0
      vertex -0.905533 -8.57712 0
      vertex -0.865173 -8.64445 0
    endloop
  endfacet
  facet normal 0 0 -1
    outer loop
      vertex -6.13483 -8.64445 0
      vertex -0.865173 -8.64445 0
      vertex -0.818405 -8.7075 0
    endloop
  endfacet
  facet normal 0 0 -1
    outer loop
      vertex -6.18159 -8.7075 0
      vertex -0.818405 -8.7075 0
      vertex -0.765686 -8.76569 0
    endloop
  endfacet
  facet normal 0 0 -1
    outer loop
      vertex -6.23431 -8.76569 0
      vertex -0.765686 -8.76569 0
      vertex -0.707504 -8.81841 0
    endloop
  endfacet
  facet normal 0 0 -1
    outer loop
      vertex -6.2925 -8.81841 0
      vertex -0.707504 -8.81841 0
      vertex -0.644455 -8.86517 0
    endloop
  endfacet
  facet normal 0 0 -1
    outer loop
      vertex -6.35555 -8.86517 0
      vertex -0.644455 -8.86517 0
      vertex -0.577118 -8.90553 0
    endloop
  endfacet
  facet normal 0 0 -1
    outer loop
      vertex -6.42288 -8.90553 0
      vertex -0.577118 -8.90553 0
      vertex -0.506149 -8.9391 0
    endloop
  endfacet
  facet normal 0 0 -1
    outer loop
      vertex -6.49385 -8.9391 0
      vertex -0.506149 -8.9391 0
      vertex -0.43222 -8.96555 0
    endloop
  endfacet
  facet normal 0 0 -1
    outer loop
      vertex -6.56778 -8.96555 0
      vertex -0.43222 -8.96555 0
      vertex -0.356064 -8.98462 0
    endloop
  endfacet
  facet normal 0 -0 -1
    outer loop
      vertex -6.72159 -8.99614 0
      vertex -0.278412 -8.99614 0
      vertex -25.1 -14 0
    endloop
  endfacet
  facet normal 0 0 -1
    outer loop
      vertex -0.99614 -8.27841 0
      vertex -6.00386 -8.27841 0
      vertex -6 -8.2 0
    endloop
  endfacet
  facet normal 0 0 -1
    outer loop
      vertex -0.984619 -8.35606 0
      vertex -6.01538 -8.35606 0
      vertex -6.00386 -8.27841 0
    endloop
  endfacet
  facet normal 0 0 -1
    outer loop
      vertex -0.965546 -8.43222 0
      vertex -6.03445 -8.43222 0
      vertex -6.01538 -8.35606 0
    endloop
  endfacet
  facet normal 0 0 -1
    outer loop
      vertex -0.939102 -8.50615 0
      vertex -6.0609 -8.50615 0
      vertex -6.03445 -8.43222 0
    endloop
  endfacet
  facet normal 0 0 -1
    outer loop
      vertex -0.905533 -8.57712 0
      vertex -6.09447 -8.57712 0
      vertex -6.0609 -8.50615 0
    endloop
  endfacet
  facet normal 0 0 -1
    outer loop
      vertex -0.865173 -8.64445 0
      vertex -6.13483 -8.64445 0
      vertex -6.09447 -8.57712 0
    endloop
  endfacet
  facet normal 0 0 -1
    outer loop
      vertex -0.818405 -8.7075 0
      vertex -6.18159 -8.7075 0
      vertex -6.13483 -8.64445 0
    endloop
  endfacet
  facet normal 0 0 -1
    outer loop
      vertex -0.765686 -8.76569 0
      vertex -6.23431 -8.76569 0
      vertex -6.18159 -8.7075 0
    endloop
  endfacet
  facet normal 0 0 -1
    outer loop
      vertex -0.707504 -8.81841 0
      vertex -6.2925 -8.81841 0
      vertex -6.23431 -8.76569 0
    endloop
  endfacet
  facet normal 0 0 -1
    outer loop
      vertex -0.644455 -8.86517 0
      vertex -6.35555 -8.86517 0
      vertex -6.2925 -8.81841 0
    endloop
  endfacet
  facet normal 0 0 -1
    outer loop
      vertex -0.577118 -8.90553 0
      vertex -6.42288 -8.90553 0
      vertex -6.35555 -8.86517 0
    endloop
  endfacet
  facet normal 0 0 -1
    outer loop
      vertex -0.506149 -8.9391 0
      vertex -6.49385 -8.9391 0
      vertex -6.42288 -8.90553 0
    endloop
  endfacet
  facet normal 0 0 -1
    outer loop
      vertex -0.43222 -8.96555 0
      vertex -6.56778 -8.96555 0
      vertex -6.49385 -8.9391 0
    endloop
  endfacet
  facet normal 0 0 -1
    outer loop
      vertex -0.356064 -8.98462 0
      vertex -6.64394 -8.98462 0
      vertex -6.56778 -8.96555 0
    endloop
  endfacet
  facet normal -0 0 -1
    outer loop
      vertex -0.356064 -8.98462 0
      vertex -6.72159 -8.99614 0
      vertex -6.64394 -8.98462 0
    endloop
  endfacet
  facet normal 0 0 -1
    outer loop
      vertex -0.278412 -8.99614 0
      vertex -6.72159 -8.99614 0
      vertex -0.356064 -8.98462 0
    endloop
  endfacet
  facet normal 0 0 -1
    outer loop
      vertex -6.72159 -8.99614 0
      vertex -25.1 -14 0
      vertex -6.8 -9 0
    endloop
  endfacet
  facet normal -0 0 -1
    outer loop
      vertex -6.8 -9 0
      vertex -25.1 -14 0
      vertex -7.2 -9 0
    endloop
  endfacet
  facet normal -0 0 -1
    outer loop
      vertex -7.2 -9 0
      vertex -25.1 -14 0
      vertex -7.27841 -8.99614 0
    endloop
  endfacet
  facet normal 0 0 -1
    outer loop
      vertex -8 -8.2 0
      vertex -13 -8.2 0
      vertex -8 8.2 0
    endloop
  endfacet
  facet normal 0 0 -1
    outer loop
      vertex -7.99614 -8.27841 0
      vertex -13 -8.2 0
      vertex -8 -8.2 0
    endloop
  endfacet
  facet normal 0 0 -1
    outer loop
      vertex -13.0039 -8.27841 0
      vertex -7.99614 -8.27841 0
      vertex -7.98462 -8.35606 0
    endloop
  endfacet
  facet normal 0 0 -1
    outer loop
      vertex -13.0154 -8.35606 0
      vertex -7.98462 -8.35606 0
      vertex -7.96555 -8.43222 0
    endloop
  endfacet
  facet normal 0 0 -1
    outer loop
      vertex -13.0345 -8.43222 0
      vertex -7.96555 -8.43222 0
      vertex -7.9391 -8.50615 0
    endloop
  endfacet
  facet normal 0 0 -1
    outer loop
      vertex -13.0609 -8.50615 0
      vertex -7.9391 -8.50615 0
      vertex -7.90553 -8.57712 0
    endloop
  endfacet
  facet normal 0 0 -1
    outer loop
      vertex -13.0945 -8.57712 0
      vertex -7.90553 -8.57712 0
      vertex -7.86517 -8.64445 0
    endloop
  endfacet
  facet normal 0 0 -1
    outer loop
      vertex -13.1348 -8.64445 0
      vertex -7.86517 -8.64445 0
      vertex -7.81841 -8.7075 0
    endloop
  endfacet
  facet normal 0 0 -1
    outer loop
      vertex -13.1816 -8.7075 0
      vertex -7.81841 -8.7075 0
      vertex -7.76569 -8.76569 0
    endloop
  endfacet
  facet normal 0 0 -1
    outer loop
      vertex -13.2343 -8.76569 0
      vertex -7.76569 -8.76569 0
      vertex -7.7075 -8.81841 0
    endloop
  endfacet
  facet normal 0 0 -1
    outer loop
      vertex -13.2925 -8.81841 0
      vertex -7.7075 -8.81841 0
      vertex -7.64445 -8.86517 0
    endloop
  endfacet
  facet normal 0 0 -1
    outer loop
      vertex -13.3555 -8.86517 0
      vertex -7.64445 -8.86517 0
      vertex -7.57712 -8.90553 0
    endloop
  endfacet
  facet normal 0 0 -1
    outer loop
      vertex -13.4229 -8.90553 0
      vertex -7.57712 -8.90553 0
      vertex -7.50615 -8.9391 0
    endloop
  endfacet
  facet normal 0 0 -1
    outer loop
      vertex -13.4939 -8.9391 0
      vertex -7.50615 -8.9391 0
      vertex -7.43222 -8.96555 0
    endloop
  endfacet
  facet normal 0 0 -1
    outer loop
      vertex -13.5678 -8.96555 0
      vertex -7.43222 -8.96555 0
      vertex -7.35606 -8.98462 0
    endloop
  endfacet
  facet normal -0 0 -1
    outer loop
      vertex -7.27841 -8.99614 0
      vertex -25.1 -14 0
      vertex -7.35606 -8.98462 0
    endloop
  endfacet
  facet normal 0 0 -1
    outer loop
      vertex -7.99614 -8.27841 0
      vertex -13.0039 -8.27841 0
      vertex -13 -8.2 0
    endloop
  endfacet
  facet normal 0 0 -1
    outer loop
      vertex -7.98462 -8.35606 0
      vertex -13.0154 -8.35606 0
      vertex -13.0039 -8.27841 0
    endloop
  endfacet
  facet normal 0 0 -1
    outer loop
      vertex -7.96555 -8.43222 0
      vertex -13.0345 -8.43222 0
      vertex -13.0154 -8.35606 0
    endloop
  endfacet
  facet normal 0 0 -1
    outer loop
      vertex -7.9391 -8.50615 0
      vertex -13.0609 -8.50615 0
      vertex -13.0345 -8.43222 0
    endloop
  endfacet
  facet normal 0 0 -1
    outer loop
      vertex -7.90553 -8.57712 0
      vertex -13.0945 -8.57712 0
      vertex -13.0609 -8.50615 0
    endloop
  endfacet
  facet normal 0 0 -1
    outer loop
      vertex -7.86517 -8.64445 0
      vertex -13.1348 -8.64445 0
      vertex -13.0945 -8.57712 0
    endloop
  endfacet
  facet normal 0 0 -1
    outer loop
      vertex -7.81841 -8.7075 0
      vertex -13.1816 -8.7075 0
      vertex -13.1348 -8.64445 0
    endloop
  endfacet
  facet normal 0 0 -1
    outer loop
      vertex -7.76569 -8.76569 0
      vertex -13.2343 -8.76569 0
      vertex -13.1816 -8.7075 0
    endloop
  endfacet
  facet normal 0 0 -1
    outer loop
      vertex -7.7075 -8.81841 0
      vertex -13.2925 -8.81841 0
      vertex -13.2343 -8.76569 0
    endloop
  endfacet
  facet normal 0 0 -1
    outer loop
      vertex -7.64445 -8.86517 0
      vertex -13.3555 -8.86517 0
      vertex -13.2925 -8.81841 0
    endloop
  endfacet
  facet normal 0 0 -1
    outer loop
      vertex -7.57712 -8.90553 0
      vertex -13.4229 -8.90553 0
      vertex -13.3555 -8.86517 0
    endloop
  endfacet
  facet normal 0 0 -1
    outer loop
      vertex -7.50615 -8.9391 0
      vertex -13.4939 -8.9391 0
      vertex -13.4229 -8.90553 0
    endloop
  endfacet
  facet normal 0 0 -1
    outer loop
      vertex -7.43222 -8.96555 0
      vertex -13.5678 -8.96555 0
      vertex -13.4939 -8.9391 0
    endloop
  endfacet
  facet normal 0 -0 -1
    outer loop
      vertex -13.6439 -8.98462 0
      vertex -7.35606 -8.98462 0
      vertex -25.1 -14 0
    endloop
  endfacet
  facet normal 0 0 -1
    outer loop
      vertex -7.35606 -8.98462 0
      vertex -13.6439 -8.98462 0
      vertex -13.5678 -8.96555 0
    endloop
  endfacet
  facet normal 0 0 -1
    outer loop
      vertex -13.6439 -8.98462 0
      vertex -25.1 -14 0
      vertex -13.7216 -8.99614 0
    endloop
  endfacet
  facet normal 0 0 -1
    outer loop
      vertex -13.7216 -8.99614 0
      vertex -25.1 -14 0
      vertex -13.8 -9 0
    endloop
  endfacet
  facet normal -0 0 -1
    outer loop
      vertex -13.8 -9 0
      vertex -25.1 -14 0
      vertex -14.2 -9 0
    endloop
  endfacet
  facet normal 0 0 -1
    outer loop
      vertex -28.1 -11 0
      vertex -15 -8.2 0
      vertex -25.1 -14 0
    endloop
  endfacet
  facet normal -0 0 -1
    outer loop
      vertex -14.9961 -8.27841 0
      vertex -25.1 -14 0
      vertex -15 -8.2 0
    endloop
  endfacet
  facet normal -0 0 -1
    outer loop
      vertex -14.9846 -8.35606 0
      vertex -25.1 -14 0
      vertex -14.9961 -8.27841 0
    endloop
  endfacet
  facet normal -0 0 -1
    outer loop
      vertex -14.9655 -8.43222 0
      vertex -25.1 -14 0
      vertex -14.9846 -8.35606 0
    endloop
  endfacet
  facet normal -0 0 -1
    outer loop
      vertex -14.9391 -8.50615 0
      vertex -25.1 -14 0
      vertex -14.9655 -8.43222 0
    endloop
  endfacet
  facet normal -0 0 -1
    outer loop
      vertex -14.9055 -8.57712 0
      vertex -25.1 -14 0
      vertex -14.9391 -8.50615 0
    endloop
  endfacet
  facet normal -0 0 -1
    outer loop
      vertex -14.8652 -8.64445 0
      vertex -25.1 -14 0
      vertex -14.9055 -8.57712 0
    endloop
  endfacet
  facet normal -0 0 -1
    outer loop
      vertex -14.8184 -8.7075 0
      vertex -25.1 -14 0
      vertex -14.8652 -8.64445 0
    endloop
  endfacet
  facet normal -0 0 -1
    outer loop
      vertex -14.7657 -8.76569 0
      vertex -25.1 -14 0
      vertex -14.8184 -8.7075 0
    endloop
  endfacet
  facet normal -0 0 -1
    outer loop
      vertex -14.7075 -8.81841 0
      vertex -25.1 -14 0
      vertex -14.7657 -8.76569 0
    endloop
  endfacet
  facet normal -0 0 -1
    outer loop
      vertex -14.6445 -8.86517 0
      vertex -25.1 -14 0
      vertex -14.7075 -8.81841 0
    endloop
  endfacet
  facet normal -0 0 -1
    outer loop
      vertex -14.5771 -8.90553 0
      vertex -25.1 -14 0
      vertex -14.6445 -8.86517 0
    endloop
  endfacet
  facet normal -0 0 -1
    outer loop
      vertex -14.5061 -8.9391 0
      vertex -25.1 -14 0
      vertex -14.5771 -8.90553 0
    endloop
  endfacet
  facet normal -0 0 -1
    outer loop
      vertex -14.4322 -8.96555 0
      vertex -25.1 -14 0
      vertex -14.5061 -8.9391 0
    endloop
  endfacet
  facet normal -0 0 -1
    outer loop
      vertex -14.3561 -8.98462 0
      vertex -25.1 -14 0
      vertex -14.4322 -8.96555 0
    endloop
  endfacet
  facet normal -0 0 -1
    outer loop
      vertex -14.2784 -8.99614 0
      vertex -25.1 -14 0
      vertex -14.3561 -8.98462 0
    endloop
  endfacet
  facet normal -0 0 -1
    outer loop
      vertex -14.2 -9 0
      vertex -25.1 -14 0
      vertex -14.2784 -8.99614 0
    endloop
  endfacet
  facet normal 0 0 -1
    outer loop
      vertex 25.6853 13.9424 0
      vertex 25.1 14 0
      vertex 25.394 13.9855 0
    endloop
  endfacet
  facet normal 0 0 -1
    outer loop
      vertex 14.9961 8.27841 0
      vertex 25.1 14 0
      vertex 15 8.2 0
    endloop
  endfacet
  facet normal 0 0 -1
    outer loop
      vertex 14.9846 8.35606 0
      vertex 25.1 14 0
      vertex 14.9961 8.27841 0
    endloop
  endfacet
  facet normal 0 0 -1
    outer loop
      vertex 14.9655 8.43222 0
      vertex 25.1 14 0
      vertex 14.9846 8.35606 0
    endloop
  endfacet
  facet normal 0 0 -1
    outer loop
      vertex 14.9391 8.50615 0
      vertex 25.1 14 0
      vertex 14.9655 8.43222 0
    endloop
  endfacet
  facet normal 0 0 -1
    outer loop
      vertex 14.9055 8.57712 0
      vertex 25.1 14 0
      vertex 14.9391 8.50615 0
    endloop
  endfacet
  facet normal 0 0 -1
    outer loop
      vertex 14.8652 8.64445 0
      vertex 25.1 14 0
      vertex 14.9055 8.57712 0
    endloop
  endfacet
  facet normal 0 0 -1
    outer loop
      vertex 14.8184 8.7075 0
      vertex 25.1 14 0
      vertex 14.8652 8.64445 0
    endloop
  endfacet
  facet normal 0 0 -1
    outer loop
      vertex 14.7657 8.76569 0
      vertex 25.1 14 0
      vertex 14.8184 8.7075 0
    endloop
  endfacet
  facet normal 0 0 -1
    outer loop
      vertex 14.7075 8.81841 0
      vertex 25.1 14 0
      vertex 14.7657 8.76569 0
    endloop
  endfacet
  facet normal 0 0 -1
    outer loop
      vertex 14.6445 8.86517 0
      vertex 25.1 14 0
      vertex 14.7075 8.81841 0
    endloop
  endfacet
  facet normal 0 0 -1
    outer loop
      vertex 14.5771 8.90553 0
      vertex 25.1 14 0
      vertex 14.6445 8.86517 0
    endloop
  endfacet
  facet normal 0 0 -1
    outer loop
      vertex 14.5061 8.9391 0
      vertex 25.1 14 0
      vertex 14.5771 8.90553 0
    endloop
  endfacet
  facet normal 0 0 -1
    outer loop
      vertex 14.4322 8.96555 0
      vertex 25.1 14 0
      vertex 14.5061 8.9391 0
    endloop
  endfacet
  facet normal 0 0 -1
    outer loop
      vertex 14.3561 8.98462 0
      vertex 25.1 14 0
      vertex 14.4322 8.96555 0
    endloop
  endfacet
  facet normal 0 0 -1
    outer loop
      vertex 14.2784 8.99614 0
      vertex 25.1 14 0
      vertex 14.3561 8.98462 0
    endloop
  endfacet
  facet normal 0 0 -1
    outer loop
      vertex 14.2 9 0
      vertex 25.1 14 0
      vertex 14.2784 8.99614 0
    endloop
  endfacet
  facet normal 0 0 -1
    outer loop
      vertex 13.8 9 0
      vertex 25.1 14 0
      vertex 14.2 9 0
    endloop
  endfacet
  facet normal 0 0 -1
    outer loop
      vertex 13.7216 8.99614 0
      vertex 25.1 14 0
      vertex 13.8 9 0
    endloop
  endfacet
  facet normal 0 0 -1
    outer loop
      vertex 13.6439 8.98462 0
      vertex 25.1 14 0
      vertex 13.7216 8.99614 0
    endloop
  endfacet
  facet normal 0 0 -1
    outer loop
      vertex 7.35606 8.98462 0
      vertex 13.6439 8.98462 0
      vertex 13.5678 8.96555 0
    endloop
  endfacet
  facet normal 0 0 -1
    outer loop
      vertex 7.43222 8.96555 0
      vertex 13.5678 8.96555 0
      vertex 13.4939 8.9391 0
    endloop
  endfacet
  facet normal 0 0 -1
    outer loop
      vertex 8 8.2 0
      vertex 13 8.2 0
      vertex 8 -8.2 0
    endloop
  endfacet
  facet normal 0 0 -1
    outer loop
      vertex 13 8.2 0
      vertex 8 8.2 0
      vertex 13.0039 8.27841 0
    endloop
  endfacet
  facet normal 0 0 -1
    outer loop
      vertex 7.99614 8.27841 0
      vertex 13.0039 8.27841 0
      vertex 8 8.2 0
    endloop
  endfacet
  facet normal 0 0 -1
    outer loop
      vertex 13.0039 8.27841 0
      vertex 7.99614 8.27841 0
      vertex 13.0154 8.35606 0
    endloop
  endfacet
  facet normal 0 0 -1
    outer loop
      vertex 7.98462 8.35606 0
      vertex 13.0154 8.35606 0
      vertex 7.99614 8.27841 0
    endloop
  endfacet
  facet normal 0 0 -1
    outer loop
      vertex 13.0154 8.35606 0
      vertex 7.98462 8.35606 0
      vertex 13.0345 8.43222 0
    endloop
  endfacet
  facet normal 0 0 -1
    outer loop
      vertex 7.96555 8.43222 0
      vertex 13.0345 8.43222 0
      vertex 7.98462 8.35606 0
    endloop
  endfacet
  facet normal 0 0 -1
    outer loop
      vertex 13.0345 8.43222 0
      vertex 7.96555 8.43222 0
      vertex 13.0609 8.50615 0
    endloop
  endfacet
  facet normal 0 0 -1
    outer loop
      vertex 7.9391 8.50615 0
      vertex 13.0609 8.50615 0
      vertex 7.96555 8.43222 0
    endloop
  endfacet
  facet normal 0 0 -1
    outer loop
      vertex 13.0609 8.50615 0
      vertex 7.9391 8.50615 0
      vertex 13.0945 8.57712 0
    endloop
  endfacet
  facet normal 0 0 -1
    outer loop
      vertex 7.90553 8.57712 0
      vertex 13.0945 8.57712 0
      vertex 7.9391 8.50615 0
    endloop
  endfacet
  facet normal 0 0 -1
    outer loop
      vertex 13.0945 8.57712 0
      vertex 7.90553 8.57712 0
      vertex 13.1348 8.64445 0
    endloop
  endfacet
  facet normal 0 0 -1
    outer loop
      vertex 7.86517 8.64445 0
      vertex 13.1348 8.64445 0
      vertex 7.90553 8.57712 0
    endloop
  endfacet
  facet normal 0 0 -1
    outer loop
      vertex 13.1348 8.64445 0
      vertex 7.86517 8.64445 0
      vertex 13.1816 8.7075 0
    endloop
  endfacet
  facet normal 0 0 -1
    outer loop
      vertex 7.81841 8.7075 0
      vertex 13.1816 8.7075 0
      vertex 7.86517 8.64445 0
    endloop
  endfacet
  facet normal 0 0 -1
    outer loop
      vertex 13.1816 8.7075 0
      vertex 7.81841 8.7075 0
      vertex 13.2343 8.76569 0
    endloop
  endfacet
  facet normal 0 0 -1
    outer loop
      vertex 7.76569 8.76569 0
      vertex 13.2343 8.76569 0
      vertex 7.81841 8.7075 0
    endloop
  endfacet
  facet normal 0 0 -1
    outer loop
      vertex 13.2343 8.76569 0
      vertex 7.76569 8.76569 0
      vertex 13.2925 8.81841 0
    endloop
  endfacet
  facet normal 0 0 -1
    outer loop
      vertex 7.7075 8.81841 0
      vertex 13.2925 8.81841 0
      vertex 7.76569 8.76569 0
    endloop
  endfacet
  facet normal 0 0 -1
    outer loop
      vertex 13.2925 8.81841 0
      vertex 7.7075 8.81841 0
      vertex 13.3555 8.86517 0
    endloop
  endfacet
  facet normal 0 0 -1
    outer loop
      vertex 7.64445 8.86517 0
      vertex 13.3555 8.86517 0
      vertex 7.7075 8.81841 0
    endloop
  endfacet
  facet normal 0 0 -1
    outer loop
      vertex 13.3555 8.86517 0
      vertex 7.64445 8.86517 0
      vertex 13.4229 8.90553 0
    endloop
  endfacet
  facet normal 0 0 -1
    outer loop
      vertex 7.57712 8.90553 0
      vertex 13.4229 8.90553 0
      vertex 7.64445 8.86517 0
    endloop
  endfacet
  facet normal 0 0 -1
    outer loop
      vertex 13.4229 8.90553 0
      vertex 7.57712 8.90553 0
      vertex 13.4939 8.9391 0
    endloop
  endfacet
  facet normal 0 0 -1
    outer loop
      vertex 7.50615 8.9391 0
      vertex 13.4939 8.9391 0
      vertex 7.57712 8.90553 0
    endloop
  endfacet
  facet normal 0 0 -1
    outer loop
      vertex 7.43222 8.96555 0
      vertex 13.4939 8.9391 0
      vertex 7.50615 8.9391 0
    endloop
  endfacet
  facet normal 0 0 -1
    outer loop
      vertex 13.5678 8.96555 0
      vertex 7.43222 8.96555 0
      vertex 7.35606 8.98462 0
    endloop
  endfacet
  facet normal 0 0 -1
    outer loop
      vertex 13.6439 8.98462 0
      vertex 7.35606 8.98462 0
      vertex 25.1 14 0
    endloop
  endfacet
  facet normal 0 0 -1
    outer loop
      vertex 7.27841 8.99614 0
      vertex 25.1 14 0
      vertex 7.35606 8.98462 0
    endloop
  endfacet
  facet normal 0 0 -1
    outer loop
      vertex 7.2 9 0
      vertex 25.1 14 0
      vertex 7.27841 8.99614 0
    endloop
  endfacet
  facet normal 0 0 -1
    outer loop
      vertex 6.8 9 0
      vertex 25.1 14 0
      vertex 7.2 9 0
    endloop
  endfacet
  facet normal 0 0 -1
    outer loop
      vertex 6.72159 8.99614 0
      vertex 25.1 14 0
      vertex 6.8 9 0
    endloop
  endfacet
  facet normal 0 0 -1
    outer loop
      vertex 0.278412 8.99614 0
      vertex 6.72159 8.99614 0
      vertex 6.64394 8.98462 0
    endloop
  endfacet
  facet normal 0 0 -1
    outer loop
      vertex 0.356064 8.98462 0
      vertex 6.64394 8.98462 0
      vertex 6.56778 8.96555 0
    endloop
  endfacet
  facet normal 0 0 -1
    outer loop
      vertex 1 8.2 0
      vertex 6 8.2 0
      vertex 1 -8.2 0
    endloop
  endfacet
  facet normal 0 0 -1
    outer loop
      vertex 6 8.2 0
      vertex 1 8.2 0
      vertex 6.00386 8.27841 0
    endloop
  endfacet
  facet normal 0 0 -1
    outer loop
      vertex 0.99614 8.27841 0
      vertex 6.00386 8.27841 0
      vertex 1 8.2 0
    endloop
  endfacet
  facet normal 0 0 -1
    outer loop
      vertex 6.00386 8.27841 0
      vertex 0.99614 8.27841 0
      vertex 6.01538 8.35606 0
    endloop
  endfacet
  facet normal 0 0 -1
    outer loop
      vertex 0.984619 8.35606 0
      vertex 6.01538 8.35606 0
      vertex 0.99614 8.27841 0
    endloop
  endfacet
  facet normal 0 0 -1
    outer loop
      vertex 6.01538 8.35606 0
      vertex 0.984619 8.35606 0
      vertex 6.03445 8.43222 0
    endloop
  endfacet
  facet normal 0 0 -1
    outer loop
      vertex 0.965546 8.43222 0
      vertex 6.03445 8.43222 0
      vertex 0.984619 8.35606 0
    endloop
  endfacet
  facet normal 0 0 -1
    outer loop
      vertex 6.03445 8.43222 0
      vertex 0.965546 8.43222 0
      vertex 6.0609 8.50615 0
    endloop
  endfacet
  facet normal 0 0 -1
    outer loop
      vertex 0.939102 8.50615 0
      vertex 6.0609 8.50615 0
      vertex 0.965546 8.43222 0
    endloop
  endfacet
  facet normal 0 0 -1
    outer loop
      vertex 6.0609 8.50615 0
      vertex 0.939102 8.50615 0
      vertex 6.09447 8.57712 0
    endloop
  endfacet
  facet normal 0 0 -1
    outer loop
      vertex 0.905533 8.57712 0
      vertex 6.09447 8.57712 0
      vertex 0.939102 8.50615 0
    endloop
  endfacet
  facet normal 0 0 -1
    outer loop
      vertex 6.09447 8.57712 0
      vertex 0.905533 8.57712 0
      vertex 6.13483 8.64445 0
    endloop
  endfacet
  facet normal 0 0 -1
    outer loop
      vertex 0.865173 8.64445 0
      vertex 6.13483 8.64445 0
      vertex 0.905533 8.57712 0
    endloop
  endfacet
  facet normal 0 0 -1
    outer loop
      vertex 6.13483 8.64445 0
      vertex 0.865173 8.64445 0
      vertex 6.18159 8.7075 0
    endloop
  endfacet
  facet normal 0 0 -1
    outer loop
      vertex 0.818405 8.7075 0
      vertex 6.18159 8.7075 0
      vertex 0.865173 8.64445 0
    endloop
  endfacet
  facet normal 0 0 -1
    outer loop
      vertex 6.18159 8.7075 0
      vertex 0.818405 8.7075 0
      vertex 6.23431 8.76569 0
    endloop
  endfacet
  facet normal 0 0 -1
    outer loop
      vertex 0.765686 8.76569 0
      vertex 6.23431 8.76569 0
      vertex 0.818405 8.7075 0
    endloop
  endfacet
  facet normal 0 0 -1
    outer loop
      vertex 6.23431 8.76569 0
      vertex 0.765686 8.76569 0
      vertex 6.2925 8.81841 0
    endloop
  endfacet
  facet normal 0 0 -1
    outer loop
      vertex 0.707504 8.81841 0
      vertex 6.2925 8.81841 0
      vertex 0.765686 8.76569 0
    endloop
  endfacet
  facet normal 0 0 -1
    outer loop
      vertex 6.2925 8.81841 0
      vertex 0.707504 8.81841 0
      vertex 6.35555 8.86517 0
    endloop
  endfacet
  facet normal 0 0 -1
    outer loop
      vertex 0.644455 8.86517 0
      vertex 6.35555 8.86517 0
      vertex 0.707504 8.81841 0
    endloop
  endfacet
  facet normal 0 0 -1
    outer loop
      vertex 6.35555 8.86517 0
      vertex 0.644455 8.86517 0
      vertex 6.42288 8.90553 0
    endloop
  endfacet
  facet normal 0 0 -1
    outer loop
      vertex 0.577118 8.90553 0
      vertex 6.42288 8.90553 0
      vertex 0.644455 8.86517 0
    endloop
  endfacet
  facet normal 0 0 -1
    outer loop
      vertex 6.42288 8.90553 0
      vertex 0.577118 8.90553 0
      vertex 6.49385 8.9391 0
    endloop
  endfacet
  facet normal 0 0 -1
    outer loop
      vertex 0.506149 8.9391 0
      vertex 6.49385 8.9391 0
      vertex 0.577118 8.90553 0
    endloop
  endfacet
  facet normal 0 0 -1
    outer loop
      vertex 6.49385 8.9391 0
      vertex 0.506149 8.9391 0
      vertex 6.56778 8.96555 0
    endloop
  endfacet
  facet normal 0 0 -1
    outer loop
      vertex 0.43222 8.96555 0
      vertex 6.56778 8.96555 0
      vertex 0.506149 8.9391 0
    endloop
  endfacet
  facet normal 0 0 -1
    outer loop
      vertex 0.356064 8.98462 0
      vertex 6.56778 8.96555 0
      vertex 0.43222 8.96555 0
    endloop
  endfacet
  facet normal 0 0 -1
    outer loop
      vertex 6.64394 8.98462 0
      vertex 0.356064 8.98462 0
      vertex 0.278412 8.99614 0
    endloop
  endfacet
  facet normal 0 0 -1
    outer loop
      vertex 6.72159 8.99614 0
      vertex 0.278412 8.99614 0
      vertex 25.1 14 0
    endloop
  endfacet
  facet normal 0 0 -1
    outer loop
      vertex 0.199997 9 0
      vertex 25.1 14 0
      vertex 0.278412 8.99614 0
    endloop
  endfacet
  facet normal 0 0 -1
    outer loop
      vertex -0.199997 9 0
      vertex 25.1 14 0
      vertex 0.199997 9 0
    endloop
  endfacet
  facet normal 0 0 -1
    outer loop
      vertex -25.1 14 0
      vertex -0.199997 9 0
      vertex -0.278412 8.99614 0
    endloop
  endfacet
  facet normal 0 0 -1
    outer loop
      vertex -6.72159 8.99614 0
      vertex -0.278412 8.99614 0
      vertex -0.356064 8.98462 0
    endloop
  endfacet
  facet normal 0 0 -1
    outer loop
      vertex -6 8.2 0
      vertex -1 8.2 0
      vertex -6 -8.2 0
    endloop
  endfacet
  facet normal 0 0 -1
    outer loop
      vertex -1 8.2 0
      vertex -6 8.2 0
      vertex -0.99614 8.27841 0
    endloop
  endfacet
  facet normal 0 0 -1
    outer loop
      vertex -6.00386 8.27841 0
      vertex -0.99614 8.27841 0
      vertex -6 8.2 0
    endloop
  endfacet
  facet normal 0 0 -1
    outer loop
      vertex -0.99614 8.27841 0
      vertex -6.00386 8.27841 0
      vertex -0.984619 8.35606 0
    endloop
  endfacet
  facet normal 0 0 -1
    outer loop
      vertex -6.01538 8.35606 0
      vertex -0.984619 8.35606 0
      vertex -6.00386 8.27841 0
    endloop
  endfacet
  facet normal 0 0 -1
    outer loop
      vertex -0.984619 8.35606 0
      vertex -6.01538 8.35606 0
      vertex -0.965546 8.43222 0
    endloop
  endfacet
  facet normal 0 0 -1
    outer loop
      vertex -6.03445 8.43222 0
      vertex -0.965546 8.43222 0
      vertex -6.01538 8.35606 0
    endloop
  endfacet
  facet normal 0 0 -1
    outer loop
      vertex -0.965546 8.43222 0
      vertex -6.03445 8.43222 0
      vertex -0.939102 8.50615 0
    endloop
  endfacet
  facet normal 0 0 -1
    outer loop
      vertex -6.0609 8.50615 0
      vertex -0.939102 8.50615 0
      vertex -6.03445 8.43222 0
    endloop
  endfacet
  facet normal 0 0 -1
    outer loop
      vertex -0.939102 8.50615 0
      vertex -6.0609 8.50615 0
      vertex -0.905533 8.57712 0
    endloop
  endfacet
  facet normal 0 0 -1
    outer loop
      vertex -6.09447 8.57712 0
      vertex -0.905533 8.57712 0
      vertex -6.0609 8.50615 0
    endloop
  endfacet
  facet normal 0 0 -1
    outer loop
      vertex -0.905533 8.57712 0
      vertex -6.09447 8.57712 0
      vertex -0.865173 8.64445 0
    endloop
  endfacet
  facet normal 0 0 -1
    outer loop
      vertex -6.13483 8.64445 0
      vertex -0.865173 8.64445 0
      vertex -6.09447 8.57712 0
    endloop
  endfacet
  facet normal 0 0 -1
    outer loop
      vertex -0.865173 8.64445 0
      vertex -6.13483 8.64445 0
      vertex -0.818405 8.7075 0
    endloop
  endfacet
  facet normal 0 0 -1
    outer loop
      vertex -6.18159 8.7075 0
      vertex -0.818405 8.7075 0
      vertex -6.13483 8.64445 0
    endloop
  endfacet
  facet normal 0 0 -1
    outer loop
      vertex -0.818405 8.7075 0
      vertex -6.18159 8.7075 0
      vertex -0.765686 8.76569 0
    endloop
  endfacet
  facet normal 0 0 -1
    outer loop
      vertex -6.23431 8.76569 0
      vertex -0.765686 8.76569 0
      vertex -6.18159 8.7075 0
    endloop
  endfacet
  facet normal 0 0 -1
    outer loop
      vertex -0.765686 8.76569 0
      vertex -6.23431 8.76569 0
      vertex -0.707504 8.81841 0
    endloop
  endfacet
  facet normal 0 0 -1
    outer loop
      vertex -6.2925 8.81841 0
      vertex -0.707504 8.81841 0
      vertex -6.23431 8.76569 0
    endloop
  endfacet
  facet normal 0 0 -1
    outer loop
      vertex -0.707504 8.81841 0
      vertex -6.2925 8.81841 0
      vertex -0.644455 8.86517 0
    endloop
  endfacet
  facet normal 0 0 -1
    outer loop
      vertex -6.35555 8.86517 0
      vertex -0.644455 8.86517 0
      vertex -6.2925 8.81841 0
    endloop
  endfacet
  facet normal 0 0 -1
    outer loop
      vertex -0.644455 8.86517 0
      vertex -6.35555 8.86517 0
      vertex -0.577118 8.90553 0
    endloop
  endfacet
  facet normal 0 0 -1
    outer loop
      vertex -6.42288 8.90553 0
      vertex -0.577118 8.90553 0
      vertex -6.35555 8.86517 0
    endloop
  endfacet
  facet normal 0 0 -1
    outer loop
      vertex -0.577118 8.90553 0
      vertex -6.42288 8.90553 0
      vertex -0.506149 8.9391 0
    endloop
  endfacet
  facet normal 0 0 -1
    outer loop
      vertex -6.49385 8.9391 0
      vertex -0.506149 8.9391 0
      vertex -6.42288 8.90553 0
    endloop
  endfacet
  facet normal 0 0 -1
    outer loop
      vertex -0.506149 8.9391 0
      vertex -6.49385 8.9391 0
      vertex -0.43222 8.96555 0
    endloop
  endfacet
  facet normal 0 0 -1
    outer loop
      vertex -6.56778 8.96555 0
      vertex -0.43222 8.96555 0
      vertex -6.49385 8.9391 0
    endloop
  endfacet
  facet normal 0 0 -1
    outer loop
      vertex -0.43222 8.96555 0
      vertex -6.56778 8.96555 0
      vertex -0.356064 8.98462 0
    endloop
  endfacet
  facet normal 0 0 -1
    outer loop
      vertex -6.64394 8.98462 0
      vertex -0.356064 8.98462 0
      vertex -6.56778 8.96555 0
    endloop
  endfacet
  facet normal 0 0 -1
    outer loop
      vertex -6.72159 8.99614 0
      vertex -0.356064 8.98462 0
      vertex -6.64394 8.98462 0
    endloop
  endfacet
  facet normal 0 0 -1
    outer loop
      vertex -0.278412 8.99614 0
      vertex -6.72159 8.99614 0
      vertex -25.1 14 0
    endloop
  endfacet
  facet normal 0 0 -1
    outer loop
      vertex -25.1 14 0
      vertex -6.72159 8.99614 0
      vertex -6.8 9 0
    endloop
  endfacet
  facet normal 0 0 -1
    outer loop
      vertex -25.1 14 0
      vertex -6.8 9 0
      vertex -7.2 9 0
    endloop
  endfacet
  facet normal 0 0 -1
    outer loop
      vertex -25.1 14 0
      vertex -7.2 9 0
      vertex -7.27841 8.99614 0
    endloop
  endfacet
  facet normal 0 0 -1
    outer loop
      vertex -25.1 14 0
      vertex -7.27841 8.99614 0
      vertex -7.35606 8.98462 0
    endloop
  endfacet
  facet normal 0 0 -1
    outer loop
      vertex -13 8.2 0
      vertex -8 8.2 0
      vertex -13 -8.2 0
    endloop
  endfacet
  facet normal 0 0 -1
    outer loop
      vertex -8 8.2 0
      vertex -13 8.2 0
      vertex -7.99614 8.27841 0
    endloop
  endfacet
  facet normal 0 0 -1
    outer loop
      vertex -13.0039 8.27841 0
      vertex -7.99614 8.27841 0
      vertex -13 8.2 0
    endloop
  endfacet
  facet normal 0 0 -1
    outer loop
      vertex -7.99614 8.27841 0
      vertex -13.0039 8.27841 0
      vertex -7.98462 8.35606 0
    endloop
  endfacet
  facet normal 0 0 -1
    outer loop
      vertex -13.0154 8.35606 0
      vertex -7.98462 8.35606 0
      vertex -13.0039 8.27841 0
    endloop
  endfacet
  facet normal 0 0 -1
    outer loop
      vertex -7.98462 8.35606 0
      vertex -13.0154 8.35606 0
      vertex -7.96555 8.43222 0
    endloop
  endfacet
  facet normal 0 0 -1
    outer loop
      vertex -13.0345 8.43222 0
      vertex -7.96555 8.43222 0
      vertex -13.0154 8.35606 0
    endloop
  endfacet
  facet normal 0 0 -1
    outer loop
      vertex -7.96555 8.43222 0
      vertex -13.0345 8.43222 0
      vertex -7.9391 8.50615 0
    endloop
  endfacet
  facet normal 0 0 -1
    outer loop
      vertex -13.0609 8.50615 0
      vertex -7.9391 8.50615 0
      vertex -13.0345 8.43222 0
    endloop
  endfacet
  facet normal 0 0 -1
    outer loop
      vertex -7.9391 8.50615 0
      vertex -13.0609 8.50615 0
      vertex -7.90553 8.57712 0
    endloop
  endfacet
  facet normal 0 0 -1
    outer loop
      vertex -13.0945 8.57712 0
      vertex -7.90553 8.57712 0
      vertex -13.0609 8.50615 0
    endloop
  endfacet
  facet normal 0 0 -1
    outer loop
      vertex -7.90553 8.57712 0
      vertex -13.0945 8.57712 0
      vertex -7.86517 8.64445 0
    endloop
  endfacet
  facet normal 0 0 -1
    outer loop
      vertex -13.1348 8.64445 0
      vertex -7.86517 8.64445 0
      vertex -13.0945 8.57712 0
    endloop
  endfacet
  facet normal 0 0 -1
    outer loop
      vertex -7.86517 8.64445 0
      vertex -13.1348 8.64445 0
      vertex -7.81841 8.7075 0
    endloop
  endfacet
  facet normal 0 0 -1
    outer loop
      vertex -13.1816 8.7075 0
      vertex -7.81841 8.7075 0
      vertex -13.1348 8.64445 0
    endloop
  endfacet
  facet normal 0 0 -1
    outer loop
      vertex -7.81841 8.7075 0
      vertex -13.1816 8.7075 0
      vertex -7.76569 8.76569 0
    endloop
  endfacet
  facet normal 0 0 -1
    outer loop
      vertex -13.2343 8.76569 0
      vertex -7.76569 8.76569 0
      vertex -13.1816 8.7075 0
    endloop
  endfacet
  facet normal 0 0 -1
    outer loop
      vertex -7.76569 8.76569 0
      vertex -13.2343 8.76569 0
      vertex -7.7075 8.81841 0
    endloop
  endfacet
  facet normal 0 0 -1
    outer loop
      vertex -13.2925 8.81841 0
      vertex -7.7075 8.81841 0
      vertex -13.2343 8.76569 0
    endloop
  endfacet
  facet normal 0 0 -1
    outer loop
      vertex -7.7075 8.81841 0
      vertex -13.2925 8.81841 0
      vertex -7.64445 8.86517 0
    endloop
  endfacet
  facet normal 0 0 -1
    outer loop
      vertex -13.3555 8.86517 0
      vertex -7.64445 8.86517 0
      vertex -13.2925 8.81841 0
    endloop
  endfacet
  facet normal 0 0 -1
    outer loop
      vertex -7.64445 8.86517 0
      vertex -13.3555 8.86517 0
      vertex -7.57712 8.90553 0
    endloop
  endfacet
  facet normal 0 0 -1
    outer loop
      vertex -13.4229 8.90553 0
      vertex -7.57712 8.90553 0
      vertex -13.3555 8.86517 0
    endloop
  endfacet
  facet normal 0 0 -1
    outer loop
      vertex -7.57712 8.90553 0
      vertex -13.4229 8.90553 0
      vertex -7.50615 8.9391 0
    endloop
  endfacet
  facet normal 0 0 -1
    outer loop
      vertex -13.4939 8.9391 0
      vertex -7.50615 8.9391 0
      vertex -13.4229 8.90553 0
    endloop
  endfacet
  facet normal 0 0 -1
    outer loop
      vertex -7.50615 8.9391 0
      vertex -13.4939 8.9391 0
      vertex -7.43222 8.96555 0
    endloop
  endfacet
  facet normal 0 0 -1
    outer loop
      vertex -13.5678 8.96555 0
      vertex -7.43222 8.96555 0
      vertex -13.4939 8.9391 0
    endloop
  endfacet
  facet normal 0 0 -1
    outer loop
      vertex -7.43222 8.96555 0
      vertex -13.5678 8.96555 0
      vertex -7.35606 8.98462 0
    endloop
  endfacet
  facet normal 0 0 -1
    outer loop
      vertex -13.6439 8.98462 0
      vertex -7.35606 8.98462 0
      vertex -13.5678 8.96555 0
    endloop
  endfacet
  facet normal 0 0 -1
    outer loop
      vertex -7.35606 8.98462 0
      vertex -13.6439 8.98462 0
      vertex -25.1 14 0
    endloop
  endfacet
  facet normal 0 0 -1
    outer loop
      vertex -25.1 14 0
      vertex -13.6439 8.98462 0
      vertex -13.7216 8.99614 0
    endloop
  endfacet
  facet normal 0 0 -1
    outer loop
      vertex -25.1 14 0
      vertex -13.7216 8.99614 0
      vertex -13.8 9 0
    endloop
  endfacet
  facet normal 0 0 -1
    outer loop
      vertex -25.1 14 0
      vertex -13.8 9 0
      vertex -14.2 9 0
    endloop
  endfacet
  facet normal 0 0 -1
    outer loop
      vertex -25.1 14 0
      vertex -14.2 9 0
      vertex -14.2784 8.99614 0
    endloop
  endfacet
  facet normal -0 0 -1
    outer loop
      vertex -15 -8.2 0
      vertex -28.1 -11 0
      vertex -15 8.2 0
    endloop
  endfacet
  facet normal 0 0 -1
    outer loop
      vertex -28.1 11 0
      vertex -15 8.2 0
      vertex -28.1 -11 0
    endloop
  endfacet
  facet normal 0 -0 -1
    outer loop
      vertex -25.1 14 0
      vertex -15 8.2 0
      vertex -28.1 11 0
    endloop
  endfacet
  facet normal 0 0 -1
    outer loop
      vertex -15 8.2 0
      vertex -25.1 14 0
      vertex -14.9961 8.27841 0
    endloop
  endfacet
  facet normal 0 0 -1
    outer loop
      vertex -0.199997 9 0
      vertex -25.1 14 0
      vertex 25.1 14 0
    endloop
  endfacet
  facet normal 0 0 -1
    outer loop
      vertex -14.3561 8.98462 0
      vertex -25.1 14 0
      vertex -14.2784 8.99614 0
    endloop
  endfacet
  facet normal 0 0 -1
    outer loop
      vertex -14.4322 8.96555 0
      vertex -25.1 14 0
      vertex -14.3561 8.98462 0
    endloop
  endfacet
  facet normal 0 0 -1
    outer loop
      vertex -14.5061 8.9391 0
      vertex -25.1 14 0
      vertex -14.4322 8.96555 0
    endloop
  endfacet
  facet normal 0 0 -1
    outer loop
      vertex -14.5771 8.90553 0
      vertex -25.1 14 0
      vertex -14.5061 8.9391 0
    endloop
  endfacet
  facet normal 0 0 -1
    outer loop
      vertex -14.6445 8.86517 0
      vertex -25.1 14 0
      vertex -14.5771 8.90553 0
    endloop
  endfacet
  facet normal 0 0 -1
    outer loop
      vertex -14.7075 8.81841 0
      vertex -25.1 14 0
      vertex -14.6445 8.86517 0
    endloop
  endfacet
  facet normal 0 0 -1
    outer loop
      vertex -14.7657 8.76569 0
      vertex -25.1 14 0
      vertex -14.7075 8.81841 0
    endloop
  endfacet
  facet normal 0 0 -1
    outer loop
      vertex -14.8184 8.7075 0
      vertex -25.1 14 0
      vertex -14.7657 8.76569 0
    endloop
  endfacet
  facet normal 0 0 -1
    outer loop
      vertex -14.8652 8.64445 0
      vertex -25.1 14 0
      vertex -14.8184 8.7075 0
    endloop
  endfacet
  facet normal 0 0 -1
    outer loop
      vertex -14.9055 8.57712 0
      vertex -25.1 14 0
      vertex -14.8652 8.64445 0
    endloop
  endfacet
  facet normal 0 0 -1
    outer loop
      vertex -14.9391 8.50615 0
      vertex -25.1 14 0
      vertex -14.9055 8.57712 0
    endloop
  endfacet
  facet normal 0 0 -1
    outer loop
      vertex -14.9961 8.27841 0
      vertex -25.1 14 0
      vertex -14.9846 8.35606 0
    endloop
  endfacet
  facet normal 0 0 -1
    outer loop
      vertex -28.1 -11 0
      vertex -25.1 -14 0
      vertex -25.394 -13.9855 0
    endloop
  endfacet
  facet normal 0 0 -1
    outer loop
      vertex -14.9846 8.35606 0
      vertex -25.1 14 0
      vertex -14.9655 8.43222 0
    endloop
  endfacet
  facet normal 0 0 -1
    outer loop
      vertex -28.1 -11 0
      vertex -25.394 -13.9855 0
      vertex -25.6853 -13.9424 0
    endloop
  endfacet
  facet normal 0 0 -1
    outer loop
      vertex -14.9655 8.43222 0
      vertex -25.1 14 0
      vertex -14.9391 8.50615 0
    endloop
  endfacet
  facet normal 0 0 -1
    outer loop
      vertex -28.1 -11 0
      vertex -25.6853 -13.9424 0
      vertex -25.9708 -13.8708 0
    endloop
  endfacet
  facet normal 0 0 -1
    outer loop
      vertex -25.1 14 0
      vertex -28.1 11 0
      vertex -25.394 13.9855 0
    endloop
  endfacet
  facet normal 0 0 -1
    outer loop
      vertex -28.1 -11 0
      vertex -25.9708 -13.8708 0
      vertex -26.248 -13.7716 0
    endloop
  endfacet
  facet normal 0 0 -1
    outer loop
      vertex -25.394 13.9855 0
      vertex -28.1 11 0
      vertex -25.6853 13.9424 0
    endloop
  endfacet
  facet normal 0 0 -1
    outer loop
      vertex -28.1 -11 0
      vertex -26.248 -13.7716 0
      vertex -26.5142 -13.6458 0
    endloop
  endfacet
  facet normal 0 0 -1
    outer loop
      vertex -25.6853 13.9424 0
      vertex -28.1 11 0
      vertex -25.9708 13.8708 0
    endloop
  endfacet
  facet normal 0 0 -1
    outer loop
      vertex -28.1 -11 0
      vertex -26.5142 -13.6458 0
      vertex -26.7667 -13.4944 0
    endloop
  endfacet
  facet normal 0 0 -1
    outer loop
      vertex -25.9708 13.8708 0
      vertex -28.1 11 0
      vertex -26.248 13.7716 0
    endloop
  endfacet
  facet normal 0 0 -1
    outer loop
      vertex -28.1 -11 0
      vertex -26.7667 -13.4944 0
      vertex -27.0032 -13.319 0
    endloop
  endfacet
  facet normal 0 0 -1
    outer loop
      vertex -26.248 13.7716 0
      vertex -28.1 11 0
      vertex -26.5142 13.6458 0
    endloop
  endfacet
  facet normal 0 0 -1
    outer loop
      vertex -28.1 -11 0
      vertex -27.0032 -13.319 0
      vertex -27.2213 -13.1213 0
    endloop
  endfacet
  facet normal 0 0 -1
    outer loop
      vertex -26.5142 13.6458 0
      vertex -28.1 11 0
      vertex -26.7667 13.4944 0
    endloop
  endfacet
  facet normal 0 0 -1
    outer loop
      vertex -28.1 -11 0
      vertex -27.2213 -13.1213 0
      vertex -27.419 -12.9032 0
    endloop
  endfacet
  facet normal 0 0 -1
    outer loop
      vertex -26.7667 13.4944 0
      vertex -28.1 11 0
      vertex -27.0032 13.319 0
    endloop
  endfacet
  facet normal 0 0 -1
    outer loop
      vertex -28.1 -11 0
      vertex -27.419 -12.9032 0
      vertex -27.5944 -12.6667 0
    endloop
  endfacet
  facet normal 0 0 -1
    outer loop
      vertex -27.0032 13.319 0
      vertex -28.1 11 0
      vertex -27.2213 13.1213 0
    endloop
  endfacet
  facet normal 0 0 -1
    outer loop
      vertex -28.1 -11 0
      vertex -27.5944 -12.6667 0
      vertex -27.7458 -12.4142 0
    endloop
  endfacet
  facet normal 0 0 -1
    outer loop
      vertex -27.2213 13.1213 0
      vertex -28.1 11 0
      vertex -27.419 12.9032 0
    endloop
  endfacet
  facet normal 0 0 -1
    outer loop
      vertex -28.1 -11 0
      vertex -27.7458 -12.4142 0
      vertex -27.8716 -12.1481 0
    endloop
  endfacet
  facet normal 0 0 -1
    outer loop
      vertex -27.419 12.9032 0
      vertex -28.1 11 0
      vertex -27.5944 12.6667 0
    endloop
  endfacet
  facet normal 0 0 -1
    outer loop
      vertex -28.1 -11 0
      vertex -27.8716 -12.1481 0
      vertex -27.9708 -11.8708 0
    endloop
  endfacet
  facet normal 0 0 -1
    outer loop
      vertex -27.5944 12.6667 0
      vertex -28.1 11 0
      vertex -27.7458 12.4142 0
    endloop
  endfacet
  facet normal 0 0 -1
    outer loop
      vertex -28.1 -11 0
      vertex -27.9708 -11.8708 0
      vertex -28.0423 -11.5853 0
    endloop
  endfacet
  facet normal 0 0 -1
    outer loop
      vertex -27.7458 12.4142 0
      vertex -28.1 11 0
      vertex -27.8716 12.1481 0
    endloop
  endfacet
  facet normal 0 0 -1
    outer loop
      vertex -28.1 -11 0
      vertex -28.0423 -11.5853 0
      vertex -28.0855 -11.2941 0
    endloop
  endfacet
  facet normal 0 0 -1
    outer loop
      vertex -27.8716 12.1481 0
      vertex -28.1 11 0
      vertex -27.9708 11.8708 0
    endloop
  endfacet
  facet normal 0 0 -1
    outer loop
      vertex -27.9708 11.8708 0
      vertex -28.1 11 0
      vertex -28.0423 11.5853 0
    endloop
  endfacet
  facet normal 0 0 -1
    outer loop
      vertex -28.0423 11.5853 0
      vertex -28.1 11 0
      vertex -28.0855 11.2941 0
    endloop
  endfacet
  facet normal 0.671607 -0.740908 0
    outer loop
      vertex 27.0032 -13.319 0
      vertex 27.2213 -13.1213 6.6
      vertex 27.0032 -13.319 6.6
    endloop
  endfacet
  facet normal 0.671607 -0.740908 0
    outer loop
      vertex 27.2213 -13.1213 6.6
      vertex 27.0032 -13.319 0
      vertex 27.2213 -13.1213 0
    endloop
  endfacet
  facet normal 0.0489209 -0.998803 0
    outer loop
      vertex 25.1 -13 6.6
      vertex 25.296 -12.9904 7.8
      vertex 25.1 -13 7.8
    endloop
  endfacet
  facet normal 0.0489209 -0.998803 0
    outer loop
      vertex 25.296 -12.9904 7.8
      vertex 25.1 -13 6.6
      vertex 25.296 -12.9904 6.6
    endloop
  endfacet
  facet normal 0 1 -0
    outer loop
      vertex 25.1 13 6.6
      vertex -13.11 13 7.8
      vertex 25.1 13 7.8
    endloop
  endfacet
  facet normal 0 1 0
    outer loop
      vertex -13.11 13 7.8
      vertex 25.1 13 6.6
      vertex -13.11 13 6.6
    endloop
  endfacet
  facet normal 0 1 -0
    outer loop
      vertex -22.61 13 6.6
      vertex -25.1 13 7.8
      vertex -22.61 13 7.8
    endloop
  endfacet
  facet normal 0 1 0
    outer loop
      vertex -25.1 13 7.8
      vertex -22.61 13 6.6
      vertex -25.1 13 6.6
    endloop
  endfacet
  facet normal -0.0489209 0.998803 0
    outer loop
      vertex -25.1 13 6.6
      vertex -25.296 12.9904 7.8
      vertex -25.1 13 7.8
    endloop
  endfacet
  facet normal -0.0489209 0.998803 0
    outer loop
      vertex -25.296 12.9904 7.8
      vertex -25.1 13 6.6
      vertex -25.296 12.9904 6.6
    endloop
  endfacet
  facet normal 0.9038 -0.427955 0
    outer loop
      vertex 26.8638 -11.9428 7.8
      vertex 26.9478 -11.7654 6.6
      vertex 26.9478 -11.7654 7.8
    endloop
  endfacet
  facet normal 0.9038 -0.427955 0
    outer loop
      vertex 26.9478 -11.7654 6.6
      vertex 26.8638 -11.9428 7.8
      vertex 26.8638 -11.9428 6.6
    endloop
  endfacet
  facet normal -0.243015 0.970023 0
    outer loop
      vertex -25.4902 12.9616 6.6
      vertex -25.6806 12.9139 7.8
      vertex -25.4902 12.9616 7.8
    endloop
  endfacet
  facet normal -0.243015 0.970023 0
    outer loop
      vertex -25.6806 12.9139 7.8
      vertex -25.4902 12.9616 6.6
      vertex -25.6806 12.9139 6.6
    endloop
  endfacet
  facet normal -0.80335 -0.595508 0
    outer loop
      vertex -26.646 -12.2688 6.6
      vertex -26.7629 -12.1111 7.8
      vertex -26.7629 -12.1111 6.6
    endloop
  endfacet
  facet normal -0.80335 -0.595508 0
    outer loop
      vertex -26.7629 -12.1111 7.8
      vertex -26.646 -12.2688 6.6
      vertex -26.646 -12.2688 7.8
    endloop
  endfacet
  facet normal -0.671607 0.740908 0
    outer loop
      vertex -26.3688 12.546 6.6
      vertex -26.5142 12.4142 7.8
      vertex -26.3688 12.546 7.8
    endloop
  endfacet
  facet normal -0.671607 0.740908 0
    outer loop
      vertex -26.5142 12.4142 7.8
      vertex -26.3688 12.546 6.6
      vertex -26.5142 12.4142 6.6
    endloop
  endfacet
  facet normal 0.94158 -0.336788 0
    outer loop
      vertex 26.9478 -11.7654 7.8
      vertex 27.0139 -11.5806 6.6
      vertex 27.0139 -11.5806 7.8
    endloop
  endfacet
  facet normal 0.94158 -0.336788 0
    outer loop
      vertex 27.0139 -11.5806 6.6
      vertex 26.9478 -11.7654 7.8
      vertex 26.9478 -11.7654 6.6
    endloop
  endfacet
  facet normal -1 0 0
    outer loop
      vertex -27.1 -11 6.6
      vertex -27.1 -5.5 7.8
      vertex -27.1 -5.5 6.6
    endloop
  endfacet
  facet normal -1 -0 0
    outer loop
      vertex -27.1 -5.5 7.8
      vertex -27.1 -11 6.6
      vertex -27.1 -11 7.8
    endloop
  endfacet
  facet normal -1 0 0
    outer loop
      vertex -27.1 5.5 6.6
      vertex -27.1 11 7.8
      vertex -27.1 11 6.6
    endloop
  endfacet
  facet normal -1 -0 0
    outer loop
      vertex -27.1 11 7.8
      vertex -27.1 5.5 6.6
      vertex -27.1 5.5 7.8
    endloop
  endfacet
  facet normal 0 -1 0
    outer loop
      vertex -25.1 -13 6.6
      vertex 25.1 -13 7.8
      vertex -25.1 -13 7.8
    endloop
  endfacet
  facet normal 0 -1 -0
    outer loop
      vertex 25.1 -13 7.8
      vertex -25.1 -13 6.6
      vertex 25.1 -13 6.6
    endloop
  endfacet
  facet normal -0.94158 -0.336788 0
    outer loop
      vertex -26.9478 -11.7654 6.6
      vertex -27.0139 -11.5806 7.8
      vertex -27.0139 -11.5806 6.6
    endloop
  endfacet
  facet normal -0.94158 -0.336788 0
    outer loop
      vertex -27.0139 -11.5806 7.8
      vertex -26.9478 -11.7654 6.6
      vertex -26.9478 -11.7654 7.8
    endloop
  endfacet
  facet normal 0.671607 0.740908 -0
    outer loop
      vertex 26.5142 12.4142 6.6
      vertex 26.3688 12.546 7.8
      vertex 26.5142 12.4142 7.8
    endloop
  endfacet
  facet normal 0.671607 0.740908 0
    outer loop
      vertex 26.3688 12.546 7.8
      vertex 26.5142 12.4142 6.6
      vertex 26.3688 12.546 6.6
    endloop
  endfacet
  facet normal -0.0489209 -0.998803 0
    outer loop
      vertex -25.296 -12.9904 6.6
      vertex -25.1 -13 7.8
      vertex -25.296 -12.9904 7.8
    endloop
  endfacet
  facet normal -0.0489209 -0.998803 -0
    outer loop
      vertex -25.1 -13 7.8
      vertex -25.296 -12.9904 6.6
      vertex -25.1 -13 6.6
    endloop
  endfacet
  facet normal 0.998803 0.0489209 0
    outer loop
      vertex 27.1 11 7.8
      vertex 27.0904 11.196 6.6
      vertex 27.0904 11.196 7.8
    endloop
  endfacet
  facet normal 0.998803 0.0489209 0
    outer loop
      vertex 27.0904 11.196 6.6
      vertex 27.1 11 7.8
      vertex 27.1 11 6.6
    endloop
  endfacet
  facet normal -0.427955 -0.9038 0
    outer loop
      vertex -26.0428 -12.7638 6.6
      vertex -25.8654 -12.8478 7.8
      vertex -26.0428 -12.7638 7.8
    endloop
  endfacet
  facet normal -0.427955 -0.9038 -0
    outer loop
      vertex -25.8654 -12.8478 7.8
      vertex -26.0428 -12.7638 6.6
      vertex -25.8654 -12.8478 6.6
    endloop
  endfacet
  facet normal -0.146696 0.989182 0
    outer loop
      vertex -25.296 12.9904 6.6
      vertex -25.4902 12.9616 7.8
      vertex -25.296 12.9904 7.8
    endloop
  endfacet
  facet normal -0.146696 0.989182 0
    outer loop
      vertex -25.4902 12.9616 7.8
      vertex -25.296 12.9904 6.6
      vertex -25.4902 12.9616 6.6
    endloop
  endfacet
  facet normal 0.336788 -0.94158 0
    outer loop
      vertex 25.6806 -12.9139 6.6
      vertex 25.8654 -12.8478 7.8
      vertex 25.6806 -12.9139 7.8
    endloop
  endfacet
  facet normal 0.336788 -0.94158 0
    outer loop
      vertex 25.8654 -12.8478 7.8
      vertex 25.6806 -12.9139 6.6
      vertex 25.8654 -12.8478 6.6
    endloop
  endfacet
  facet normal -0 0 1
    outer loop
      vertex -25.1 13 7.8
      vertex -22.61 12 7.8
      vertex -22.61 13 7.8
    endloop
  endfacet
  facet normal 0 0 1
    outer loop
      vertex -25.1 13 7.8
      vertex -25.1 12 7.8
      vertex -22.61 12 7.8
    endloop
  endfacet
  facet normal 0 0 1
    outer loop
      vertex -25.1 13 7.8
      vertex -25.198 11.9952 7.8
      vertex -25.1 12 7.8
    endloop
  endfacet
  facet normal -0 0 1
    outer loop
      vertex -25.296 12.9904 7.8
      vertex -25.198 11.9952 7.8
      vertex -25.1 13 7.8
    endloop
  endfacet
  facet normal 0 0 1
    outer loop
      vertex -25.198 11.9952 7.8
      vertex -25.296 12.9904 7.8
      vertex -25.2951 11.9808 7.8
    endloop
  endfacet
  facet normal -0 0 1
    outer loop
      vertex -25.4902 12.9616 7.8
      vertex -25.2951 11.9808 7.8
      vertex -25.296 12.9904 7.8
    endloop
  endfacet
  facet normal 0 0 1
    outer loop
      vertex -25.2951 11.9808 7.8
      vertex -25.4902 12.9616 7.8
      vertex -25.3903 11.9569 7.8
    endloop
  endfacet
  facet normal -0 0 1
    outer loop
      vertex -25.6806 12.9139 7.8
      vertex -25.3903 11.9569 7.8
      vertex -25.4902 12.9616 7.8
    endloop
  endfacet
  facet normal 0 0 1
    outer loop
      vertex -25.3903 11.9569 7.8
      vertex -25.6806 12.9139 7.8
      vertex -25.4827 11.9239 7.8
    endloop
  endfacet
  facet normal -0 0 1
    outer loop
      vertex -25.8654 12.8478 7.8
      vertex -25.4827 11.9239 7.8
      vertex -25.6806 12.9139 7.8
    endloop
  endfacet
  facet normal 0 0 1
    outer loop
      vertex -25.4827 11.9239 7.8
      vertex -25.8654 12.8478 7.8
      vertex -25.5714 11.8819 7.8
    endloop
  endfacet
  facet normal -0 0 1
    outer loop
      vertex -26.0428 12.7638 7.8
      vertex -25.5714 11.8819 7.8
      vertex -25.8654 12.8478 7.8
    endloop
  endfacet
  facet normal 0 0 1
    outer loop
      vertex -25.5714 11.8819 7.8
      vertex -26.0428 12.7638 7.8
      vertex -25.6556 11.8315 7.8
    endloop
  endfacet
  facet normal -0 0 1
    outer loop
      vertex -26.2111 12.6629 7.8
      vertex -25.6556 11.8315 7.8
      vertex -26.0428 12.7638 7.8
    endloop
  endfacet
  facet normal 0 0 1
    outer loop
      vertex -25.6556 11.8315 7.8
      vertex -26.2111 12.6629 7.8
      vertex -25.7344 11.773 7.8
    endloop
  endfacet
  facet normal -0 0 1
    outer loop
      vertex -26.3688 12.546 7.8
      vertex -25.7344 11.773 7.8
      vertex -26.2111 12.6629 7.8
    endloop
  endfacet
  facet normal 0 0 1
    outer loop
      vertex -25.7344 11.773 7.8
      vertex -26.3688 12.546 7.8
      vertex -25.8071 11.7071 7.8
    endloop
  endfacet
  facet normal -0 0 1
    outer loop
      vertex -26.5142 12.4142 7.8
      vertex -25.8071 11.7071 7.8
      vertex -26.3688 12.546 7.8
    endloop
  endfacet
  facet normal 0 0 1
    outer loop
      vertex -25.8071 11.7071 7.8
      vertex -26.5142 12.4142 7.8
      vertex -25.873 11.6344 7.8
    endloop
  endfacet
  facet normal -0 0 1
    outer loop
      vertex -26.646 12.2688 7.8
      vertex -25.873 11.6344 7.8
      vertex -26.5142 12.4142 7.8
    endloop
  endfacet
  facet normal 0 0 1
    outer loop
      vertex -25.873 11.6344 7.8
      vertex -26.646 12.2688 7.8
      vertex -25.9315 11.5556 7.8
    endloop
  endfacet
  facet normal -0 0 1
    outer loop
      vertex -26.7629 12.1111 7.8
      vertex -25.9315 11.5556 7.8
      vertex -26.646 12.2688 7.8
    endloop
  endfacet
  facet normal 0 0 1
    outer loop
      vertex -25.9315 11.5556 7.8
      vertex -26.7629 12.1111 7.8
      vertex -25.9819 11.4714 7.8
    endloop
  endfacet
  facet normal 0 0 0
    outer loop
      vertex -26.1 11 7.8
      vertex -26.1 5.5 7.8
      vertex -26.1 -11 7.8
    endloop
  endfacet
  facet normal -0 0 1
    outer loop
      vertex -26.8638 11.9428 7.8
      vertex -25.9819 11.4714 7.8
      vertex -26.7629 12.1111 7.8
    endloop
  endfacet
  facet normal 0 0 1
    outer loop
      vertex -25.9819 11.4714 7.8
      vertex -26.8638 11.9428 7.8
      vertex -26.0239 11.3827 7.8
    endloop
  endfacet
  facet normal -0 0 1
    outer loop
      vertex -26.9478 11.7654 7.8
      vertex -26.0239 11.3827 7.8
      vertex -26.8638 11.9428 7.8
    endloop
  endfacet
  facet normal 0 0 1
    outer loop
      vertex -26.0239 11.3827 7.8
      vertex -26.9478 11.7654 7.8
      vertex -26.0569 11.2903 7.8
    endloop
  endfacet
  facet normal -0 0 1
    outer loop
      vertex -27.0139 11.5806 7.8
      vertex -26.0569 11.2903 7.8
      vertex -26.9478 11.7654 7.8
    endloop
  endfacet
  facet normal 0 0 1
    outer loop
      vertex -26.0569 11.2903 7.8
      vertex -27.0139 11.5806 7.8
      vertex -26.0808 11.1951 7.8
    endloop
  endfacet
  facet normal -0 0 1
    outer loop
      vertex -27.0616 11.3902 7.8
      vertex -26.0808 11.1951 7.8
      vertex -27.0139 11.5806 7.8
    endloop
  endfacet
  facet normal 0 0 1
    outer loop
      vertex -26.0808 11.1951 7.8
      vertex -27.0616 11.3902 7.8
      vertex -26.0952 11.098 7.8
    endloop
  endfacet
  facet normal -0 0 1
    outer loop
      vertex -27.0904 11.196 7.8
      vertex -26.0952 11.098 7.8
      vertex -27.0616 11.3902 7.8
    endloop
  endfacet
  facet normal 0 0 1
    outer loop
      vertex -26.0952 11.098 7.8
      vertex -27.0904 11.196 7.8
      vertex -26.1 11 7.8
    endloop
  endfacet
  facet normal 0 0 1
    outer loop
      vertex -26.1 11 7.8
      vertex -27.0904 11.196 7.8
      vertex -27.1 11 7.8
    endloop
  endfacet
  facet normal 0 0 1
    outer loop
      vertex -26.1 11 7.8
      vertex -27.1 11 7.8
      vertex -26.1 5.5 7.8
    endloop
  endfacet
  facet normal 0 0 1
    outer loop
      vertex -26.1 5.5 7.8
      vertex -27.1 11 7.8
      vertex -27.1 5.5 7.8
    endloop
  endfacet
  facet normal 0 0 1
    outer loop
      vertex 26.1 11 7.8
      vertex 27.1 11 7.8
      vertex 27.0904 11.196 7.8
    endloop
  endfacet
  facet normal 0 0 1
    outer loop
      vertex 27.1 11 7.8
      vertex 26.1 11 7.8
      vertex 27.1 -11 7.8
    endloop
  endfacet
  facet normal 0 0 1
    outer loop
      vertex 26.0952 11.098 7.8
      vertex 27.0904 11.196 7.8
      vertex 27.0616 11.3902 7.8
    endloop
  endfacet
  facet normal 0 0 1
    outer loop
      vertex 26.1 -11 7.8
      vertex 27.1 -11 7.8
      vertex 26.1 11 7.8
    endloop
  endfacet
  facet normal 0 0 1
    outer loop
      vertex 26.0808 11.1951 7.8
      vertex 27.0616 11.3902 7.8
      vertex 27.0139 11.5806 7.8
    endloop
  endfacet
  facet normal 0 0 1
    outer loop
      vertex 27.1 -11 7.8
      vertex 26.1 -11 7.8
      vertex 27.0904 -11.196 7.8
    endloop
  endfacet
  facet normal 0 0 1
    outer loop
      vertex 26.0569 11.2903 7.8
      vertex 27.0139 11.5806 7.8
      vertex 26.9478 11.7654 7.8
    endloop
  endfacet
  facet normal -0 0 1
    outer loop
      vertex 26.0952 -11.098 7.8
      vertex 27.0904 -11.196 7.8
      vertex 26.1 -11 7.8
    endloop
  endfacet
  facet normal 0 0 1
    outer loop
      vertex 26.0239 11.3827 7.8
      vertex 26.9478 11.7654 7.8
      vertex 26.8638 11.9428 7.8
    endloop
  endfacet
  facet normal 0 0 1
    outer loop
      vertex 27.0904 -11.196 7.8
      vertex 26.0952 -11.098 7.8
      vertex 27.0616 -11.3902 7.8
    endloop
  endfacet
  facet normal 0 0 1
    outer loop
      vertex 25.9819 11.4714 7.8
      vertex 26.8638 11.9428 7.8
      vertex 26.7629 12.1111 7.8
    endloop
  endfacet
  facet normal -0 0 1
    outer loop
      vertex 26.0808 -11.1951 7.8
      vertex 27.0616 -11.3902 7.8
      vertex 26.0952 -11.098 7.8
    endloop
  endfacet
  facet normal 0 0 1
    outer loop
      vertex 25.9315 11.5556 7.8
      vertex 26.7629 12.1111 7.8
      vertex 26.646 12.2688 7.8
    endloop
  endfacet
  facet normal 0 0 1
    outer loop
      vertex 27.0616 -11.3902 7.8
      vertex 26.0808 -11.1951 7.8
      vertex 27.0139 -11.5806 7.8
    endloop
  endfacet
  facet normal 0 0 1
    outer loop
      vertex 25.873 11.6344 7.8
      vertex 26.646 12.2688 7.8
      vertex 26.5142 12.4142 7.8
    endloop
  endfacet
  facet normal -0 0 1
    outer loop
      vertex 26.0569 -11.2903 7.8
      vertex 27.0139 -11.5806 7.8
      vertex 26.0808 -11.1951 7.8
    endloop
  endfacet
  facet normal 0 0 1
    outer loop
      vertex 25.8071 11.7071 7.8
      vertex 26.5142 12.4142 7.8
      vertex 26.3688 12.546 7.8
    endloop
  endfacet
  facet normal 0 0 1
    outer loop
      vertex 27.0139 -11.5806 7.8
      vertex 26.0569 -11.2903 7.8
      vertex 26.9478 -11.7654 7.8
    endloop
  endfacet
  facet normal 0 0 1
    outer loop
      vertex 25.7344 11.773 7.8
      vertex 26.3688 12.546 7.8
      vertex 26.2111 12.6629 7.8
    endloop
  endfacet
  facet normal -0 0 1
    outer loop
      vertex 26.0239 -11.3827 7.8
      vertex 26.9478 -11.7654 7.8
      vertex 26.0569 -11.2903 7.8
    endloop
  endfacet
  facet normal 0 0 1
    outer loop
      vertex 26.9478 -11.7654 7.8
      vertex 26.0239 -11.3827 7.8
      vertex 26.8638 -11.9428 7.8
    endloop
  endfacet
  facet normal 0 0 1
    outer loop
      vertex 27.0904 11.196 7.8
      vertex 26.0952 11.098 7.8
      vertex 26.1 11 7.8
    endloop
  endfacet
  facet normal 0 0 1
    outer loop
      vertex 27.0616 11.3902 7.8
      vertex 26.0808 11.1951 7.8
      vertex 26.0952 11.098 7.8
    endloop
  endfacet
  facet normal 0 0 1
    outer loop
      vertex 27.0139 11.5806 7.8
      vertex 26.0569 11.2903 7.8
      vertex 26.0808 11.1951 7.8
    endloop
  endfacet
  facet normal 0 0 1
    outer loop
      vertex 25.6556 11.8315 7.8
      vertex 26.2111 12.6629 7.8
      vertex 26.0428 12.7638 7.8
    endloop
  endfacet
  facet normal 0 0 1
    outer loop
      vertex 26.9478 11.7654 7.8
      vertex 26.0239 11.3827 7.8
      vertex 26.0569 11.2903 7.8
    endloop
  endfacet
  facet normal 0 0 1
    outer loop
      vertex 26.8638 11.9428 7.8
      vertex 25.9819 11.4714 7.8
      vertex 26.0239 11.3827 7.8
    endloop
  endfacet
  facet normal 0 0 1
    outer loop
      vertex 26.7629 12.1111 7.8
      vertex 25.9315 11.5556 7.8
      vertex 25.9819 11.4714 7.8
    endloop
  endfacet
  facet normal 0 0 1
    outer loop
      vertex 26.646 12.2688 7.8
      vertex 25.873 11.6344 7.8
      vertex 25.9315 11.5556 7.8
    endloop
  endfacet
  facet normal 0 0 1
    outer loop
      vertex 25.5714 11.8819 7.8
      vertex 26.0428 12.7638 7.8
      vertex 25.8654 12.8478 7.8
    endloop
  endfacet
  facet normal 0 0 1
    outer loop
      vertex 26.5142 12.4142 7.8
      vertex 25.8071 11.7071 7.8
      vertex 25.873 11.6344 7.8
    endloop
  endfacet
  facet normal 0 0 1
    outer loop
      vertex 26.3688 12.546 7.8
      vertex 25.7344 11.773 7.8
      vertex 25.8071 11.7071 7.8
    endloop
  endfacet
  facet normal 0 0 1
    outer loop
      vertex 25.4827 11.9239 7.8
      vertex 25.8654 12.8478 7.8
      vertex 25.6806 12.9139 7.8
    endloop
  endfacet
  facet normal 0 0 1
    outer loop
      vertex 26.2111 12.6629 7.8
      vertex 25.6556 11.8315 7.8
      vertex 25.7344 11.773 7.8
    endloop
  endfacet
  facet normal 0 0 1
    outer loop
      vertex 26.0428 12.7638 7.8
      vertex 25.5714 11.8819 7.8
      vertex 25.6556 11.8315 7.8
    endloop
  endfacet
  facet normal 0 0 1
    outer loop
      vertex 25.3903 11.9569 7.8
      vertex 25.6806 12.9139 7.8
      vertex 25.4902 12.9616 7.8
    endloop
  endfacet
  facet normal 0 0 1
    outer loop
      vertex 25.8654 12.8478 7.8
      vertex 25.4827 11.9239 7.8
      vertex 25.5714 11.8819 7.8
    endloop
  endfacet
  facet normal 0 0 1
    outer loop
      vertex 25.6806 12.9139 7.8
      vertex 25.3903 11.9569 7.8
      vertex 25.4827 11.9239 7.8
    endloop
  endfacet
  facet normal 0 0 1
    outer loop
      vertex 25.2951 11.9808 7.8
      vertex 25.4902 12.9616 7.8
      vertex 25.296 12.9904 7.8
    endloop
  endfacet
  facet normal 0 0 1
    outer loop
      vertex 25.4902 12.9616 7.8
      vertex 25.2951 11.9808 7.8
      vertex 25.3903 11.9569 7.8
    endloop
  endfacet
  facet normal 0 0 1
    outer loop
      vertex 25.296 12.9904 7.8
      vertex 25.198 11.9952 7.8
      vertex 25.2951 11.9808 7.8
    endloop
  endfacet
  facet normal 0 0 1
    outer loop
      vertex 25.1 13 7.8
      vertex 25.198 11.9952 7.8
      vertex 25.296 12.9904 7.8
    endloop
  endfacet
  facet normal 0 0 1
    outer loop
      vertex 25.1 13 7.8
      vertex 25.1 12 7.8
      vertex 25.198 11.9952 7.8
    endloop
  endfacet
  facet normal -0 0 1
    outer loop
      vertex -13.11 13 7.8
      vertex 25.1 12 7.8
      vertex 25.1 13 7.8
    endloop
  endfacet
  facet normal 0 0 1
    outer loop
      vertex 25.1 12 7.8
      vertex -13.11 13 7.8
      vertex -13.11 12 7.8
    endloop
  endfacet
  facet normal -0 0 1
    outer loop
      vertex 25.9819 -11.4714 7.8
      vertex 26.8638 -11.9428 7.8
      vertex 26.0239 -11.3827 7.8
    endloop
  endfacet
  facet normal 0 0 1
    outer loop
      vertex 26.8638 -11.9428 7.8
      vertex 25.9819 -11.4714 7.8
      vertex 26.7629 -12.1111 7.8
    endloop
  endfacet
  facet normal -0 0 1
    outer loop
      vertex 25.9315 -11.5556 7.8
      vertex 26.7629 -12.1111 7.8
      vertex 25.9819 -11.4714 7.8
    endloop
  endfacet
  facet normal 0 0 1
    outer loop
      vertex 26.7629 -12.1111 7.8
      vertex 25.9315 -11.5556 7.8
      vertex 26.646 -12.2688 7.8
    endloop
  endfacet
  facet normal -0 0 1
    outer loop
      vertex 25.873 -11.6344 7.8
      vertex 26.646 -12.2688 7.8
      vertex 25.9315 -11.5556 7.8
    endloop
  endfacet
  facet normal 0 0 1
    outer loop
      vertex 26.646 -12.2688 7.8
      vertex 25.873 -11.6344 7.8
      vertex 26.5142 -12.4142 7.8
    endloop
  endfacet
  facet normal -0 0 1
    outer loop
      vertex 25.8071 -11.7071 7.8
      vertex 26.5142 -12.4142 7.8
      vertex 25.873 -11.6344 7.8
    endloop
  endfacet
  facet normal 0 0 1
    outer loop
      vertex 26.5142 -12.4142 7.8
      vertex 25.8071 -11.7071 7.8
      vertex 26.3688 -12.546 7.8
    endloop
  endfacet
  facet normal -0 0 1
    outer loop
      vertex 25.7344 -11.773 7.8
      vertex 26.3688 -12.546 7.8
      vertex 25.8071 -11.7071 7.8
    endloop
  endfacet
  facet normal 0 0 1
    outer loop
      vertex 26.3688 -12.546 7.8
      vertex 25.7344 -11.773 7.8
      vertex 26.2111 -12.6629 7.8
    endloop
  endfacet
  facet normal -0 0 1
    outer loop
      vertex 25.6556 -11.8315 7.8
      vertex 26.2111 -12.6629 7.8
      vertex 25.7344 -11.773 7.8
    endloop
  endfacet
  facet normal 0 0 1
    outer loop
      vertex 26.2111 -12.6629 7.8
      vertex 25.6556 -11.8315 7.8
      vertex 26.0428 -12.7638 7.8
    endloop
  endfacet
  facet normal -0 0 1
    outer loop
      vertex 25.5714 -11.8819 7.8
      vertex 26.0428 -12.7638 7.8
      vertex 25.6556 -11.8315 7.8
    endloop
  endfacet
  facet normal 0 0 1
    outer loop
      vertex 26.0428 -12.7638 7.8
      vertex 25.5714 -11.8819 7.8
      vertex 25.8654 -12.8478 7.8
    endloop
  endfacet
  facet normal -0 0 1
    outer loop
      vertex 25.4827 -11.9239 7.8
      vertex 25.8654 -12.8478 7.8
      vertex 25.5714 -11.8819 7.8
    endloop
  endfacet
  facet normal 0 0 1
    outer loop
      vertex 25.8654 -12.8478 7.8
      vertex 25.4827 -11.9239 7.8
      vertex 25.6806 -12.9139 7.8
    endloop
  endfacet
  facet normal -0 0 1
    outer loop
      vertex 25.3903 -11.9569 7.8
      vertex 25.6806 -12.9139 7.8
      vertex 25.4827 -11.9239 7.8
    endloop
  endfacet
  facet normal 0 0 1
    outer loop
      vertex 25.6806 -12.9139 7.8
      vertex 25.3903 -11.9569 7.8
      vertex 25.4902 -12.9616 7.8
    endloop
  endfacet
  facet normal -0 0 1
    outer loop
      vertex 25.2951 -11.9808 7.8
      vertex 25.4902 -12.9616 7.8
      vertex 25.3903 -11.9569 7.8
    endloop
  endfacet
  facet normal 0 0 1
    outer loop
      vertex 25.4902 -12.9616 7.8
      vertex 25.2951 -11.9808 7.8
      vertex 25.296 -12.9904 7.8
    endloop
  endfacet
  facet normal -0 0 1
    outer loop
      vertex 25.198 -11.9952 7.8
      vertex 25.296 -12.9904 7.8
      vertex 25.2951 -11.9808 7.8
    endloop
  endfacet
  facet normal -0 0 1
    outer loop
      vertex 25.1 -12 7.8
      vertex 25.296 -12.9904 7.8
      vertex 25.198 -11.9952 7.8
    endloop
  endfacet
  facet normal 0 0 1
    outer loop
      vertex 25.1 -12 7.8
      vertex 25.1 -13 7.8
      vertex 25.296 -12.9904 7.8
    endloop
  endfacet
  facet normal -0 0 1
    outer loop
      vertex -25.1 -12 7.8
      vertex 25.1 -13 7.8
      vertex 25.1 -12 7.8
    endloop
  endfacet
  facet normal 0 0 1
    outer loop
      vertex -25.1 -12 7.8
      vertex -25.1 -13 7.8
      vertex 25.1 -13 7.8
    endloop
  endfacet
  facet normal 0 0 1
    outer loop
      vertex -25.198 -11.9952 7.8
      vertex -25.1 -13 7.8
      vertex -25.1 -12 7.8
    endloop
  endfacet
  facet normal 0 0 1
    outer loop
      vertex -25.296 -12.9904 7.8
      vertex -25.198 -11.9952 7.8
      vertex -25.2951 -11.9808 7.8
    endloop
  endfacet
  facet normal 0 0 1
    outer loop
      vertex -25.198 -11.9952 7.8
      vertex -25.296 -12.9904 7.8
      vertex -25.1 -13 7.8
    endloop
  endfacet
  facet normal 0 0 1
    outer loop
      vertex -25.4902 -12.9616 7.8
      vertex -25.2951 -11.9808 7.8
      vertex -25.3903 -11.9569 7.8
    endloop
  endfacet
  facet normal 0 0 1
    outer loop
      vertex -25.6806 -12.9139 7.8
      vertex -25.3903 -11.9569 7.8
      vertex -25.4827 -11.9239 7.8
    endloop
  endfacet
  facet normal 0 0 1
    outer loop
      vertex -25.2951 -11.9808 7.8
      vertex -25.4902 -12.9616 7.8
      vertex -25.296 -12.9904 7.8
    endloop
  endfacet
  facet normal 0 0 1
    outer loop
      vertex -25.8654 -12.8478 7.8
      vertex -25.4827 -11.9239 7.8
      vertex -25.5714 -11.8819 7.8
    endloop
  endfacet
  facet normal 0 0 1
    outer loop
      vertex -26.0428 -12.7638 7.8
      vertex -25.5714 -11.8819 7.8
      vertex -25.6556 -11.8315 7.8
    endloop
  endfacet
  facet normal 0 0 1
    outer loop
      vertex -25.3903 -11.9569 7.8
      vertex -25.6806 -12.9139 7.8
      vertex -25.4902 -12.9616 7.8
    endloop
  endfacet
  facet normal 0 0 1
    outer loop
      vertex -26.2111 -12.6629 7.8
      vertex -25.6556 -11.8315 7.8
      vertex -25.7344 -11.773 7.8
    endloop
  endfacet
  facet normal 0 0 1
    outer loop
      vertex -26.3688 -12.546 7.8
      vertex -25.7344 -11.773 7.8
      vertex -25.8071 -11.7071 7.8
    endloop
  endfacet
  facet normal 0 0 1
    outer loop
      vertex -25.4827 -11.9239 7.8
      vertex -25.8654 -12.8478 7.8
      vertex -25.6806 -12.9139 7.8
    endloop
  endfacet
  facet normal 0 0 1
    outer loop
      vertex -26.5142 -12.4142 7.8
      vertex -25.8071 -11.7071 7.8
      vertex -25.873 -11.6344 7.8
    endloop
  endfacet
  facet normal 0 0 1
    outer loop
      vertex -26.646 -12.2688 7.8
      vertex -25.873 -11.6344 7.8
      vertex -25.9315 -11.5556 7.8
    endloop
  endfacet
  facet normal 0 0 1
    outer loop
      vertex -26.7629 -12.1111 7.8
      vertex -25.9315 -11.5556 7.8
      vertex -25.9819 -11.4714 7.8
    endloop
  endfacet
  facet normal 0 0 1
    outer loop
      vertex -26.8638 -11.9428 7.8
      vertex -25.9819 -11.4714 7.8
      vertex -26.0239 -11.3827 7.8
    endloop
  endfacet
  facet normal 0 0 1
    outer loop
      vertex -25.5714 -11.8819 7.8
      vertex -26.0428 -12.7638 7.8
      vertex -25.8654 -12.8478 7.8
    endloop
  endfacet
  facet normal 0 0 1
    outer loop
      vertex -26.9478 -11.7654 7.8
      vertex -26.0239 -11.3827 7.8
      vertex -26.0569 -11.2903 7.8
    endloop
  endfacet
  facet normal 0 0 1
    outer loop
      vertex -27.0139 -11.5806 7.8
      vertex -26.0569 -11.2903 7.8
      vertex -26.0808 -11.1951 7.8
    endloop
  endfacet
  facet normal 0 0 1
    outer loop
      vertex -27.0616 -11.3902 7.8
      vertex -26.0808 -11.1951 7.8
      vertex -26.0952 -11.098 7.8
    endloop
  endfacet
  facet normal 0 0 1
    outer loop
      vertex -27.0904 -11.196 7.8
      vertex -26.0952 -11.098 7.8
      vertex -26.1 -11 7.8
    endloop
  endfacet
  facet normal -0 0 0
    outer loop
      vertex -26.1 -5.5 7.8
      vertex -26.1 -11 7.8
      vertex -26.1 5.5 7.8
    endloop
  endfacet
  facet normal 0 0 1
    outer loop
      vertex -25.6556 -11.8315 7.8
      vertex -26.2111 -12.6629 7.8
      vertex -26.0428 -12.7638 7.8
    endloop
  endfacet
  facet normal 0 0 1
    outer loop
      vertex -27.1 -11 7.8
      vertex -26.1 -11 7.8
      vertex -26.1 -5.5 7.8
    endloop
  endfacet
  facet normal 0 -0 1
    outer loop
      vertex -27.0904 -11.196 7.8
      vertex -26.1 -11 7.8
      vertex -27.1 -11 7.8
    endloop
  endfacet
  facet normal 0 0 1
    outer loop
      vertex -25.7344 -11.773 7.8
      vertex -26.3688 -12.546 7.8
      vertex -26.2111 -12.6629 7.8
    endloop
  endfacet
  facet normal 0 0 1
    outer loop
      vertex -25.8071 -11.7071 7.8
      vertex -26.5142 -12.4142 7.8
      vertex -26.3688 -12.546 7.8
    endloop
  endfacet
  facet normal 0 0 1
    outer loop
      vertex -25.873 -11.6344 7.8
      vertex -26.646 -12.2688 7.8
      vertex -26.5142 -12.4142 7.8
    endloop
  endfacet
  facet normal 0 0 1
    outer loop
      vertex -25.9315 -11.5556 7.8
      vertex -26.7629 -12.1111 7.8
      vertex -26.646 -12.2688 7.8
    endloop
  endfacet
  facet normal 0 0 1
    outer loop
      vertex -25.9819 -11.4714 7.8
      vertex -26.8638 -11.9428 7.8
      vertex -26.7629 -12.1111 7.8
    endloop
  endfacet
  facet normal 0 0 1
    outer loop
      vertex -26.0239 -11.3827 7.8
      vertex -26.9478 -11.7654 7.8
      vertex -26.8638 -11.9428 7.8
    endloop
  endfacet
  facet normal 0 0 1
    outer loop
      vertex -26.0569 -11.2903 7.8
      vertex -27.0139 -11.5806 7.8
      vertex -26.9478 -11.7654 7.8
    endloop
  endfacet
  facet normal 0 0 1
    outer loop
      vertex -26.0808 -11.1951 7.8
      vertex -27.0616 -11.3902 7.8
      vertex -27.0139 -11.5806 7.8
    endloop
  endfacet
  facet normal 0 0 1
    outer loop
      vertex -27.1 -11 7.8
      vertex -26.1 -5.5 7.8
      vertex -27.1 -5.5 7.8
    endloop
  endfacet
  facet normal 0 0 1
    outer loop
      vertex -26.0952 -11.098 7.8
      vertex -27.0904 -11.196 7.8
      vertex -27.0616 -11.3902 7.8
    endloop
  endfacet
  facet normal -0.998803 0.0489209 0
    outer loop
      vertex -27.1 11 6.6
      vertex -27.0904 11.196 7.8
      vertex -27.0904 11.196 6.6
    endloop
  endfacet
  facet normal -0.998803 0.0489209 0
    outer loop
      vertex -27.0904 11.196 7.8
      vertex -27.1 11 6.6
      vertex -27.1 11 7.8
    endloop
  endfacet
  facet normal 0.9038 0.427955 0
    outer loop
      vertex 26.9478 11.7654 7.8
      vertex 26.8638 11.9428 6.6
      vertex 26.8638 11.9428 7.8
    endloop
  endfacet
  facet normal 0.9038 0.427955 0
    outer loop
      vertex 26.8638 11.9428 6.6
      vertex 26.9478 11.7654 7.8
      vertex 26.9478 11.7654 6.6
    endloop
  endfacet
  facet normal 0.857673 -0.514196 0
    outer loop
      vertex 26.7629 -12.1111 7.8
      vertex 26.8638 -11.9428 6.6
      vertex 26.8638 -11.9428 7.8
    endloop
  endfacet
  facet normal 0.857673 -0.514196 0
    outer loop
      vertex 26.8638 -11.9428 6.6
      vertex 26.7629 -12.1111 7.8
      vertex 26.7629 -12.1111 6.6
    endloop
  endfacet
  facet normal -0.989182 0.146696 0
    outer loop
      vertex -27.0904 11.196 6.6
      vertex -27.0616 11.3902 7.8
      vertex -27.0616 11.3902 6.6
    endloop
  endfacet
  facet normal -0.989182 0.146696 0
    outer loop
      vertex -27.0616 11.3902 7.8
      vertex -27.0904 11.196 6.6
      vertex -27.0904 11.196 7.8
    endloop
  endfacet
  facet normal -0.80335 0.595508 0
    outer loop
      vertex -26.7629 12.1111 6.6
      vertex -26.646 12.2688 7.8
      vertex -26.646 12.2688 6.6
    endloop
  endfacet
  facet normal -0.80335 0.595508 0
    outer loop
      vertex -26.646 12.2688 7.8
      vertex -26.7629 12.1111 6.6
      vertex -26.7629 12.1111 7.8
    endloop
  endfacet
  facet normal -0.336788 -0.94158 0
    outer loop
      vertex -25.8654 -12.8478 6.6
      vertex -25.6806 -12.9139 7.8
      vertex -25.8654 -12.8478 7.8
    endloop
  endfacet
  facet normal -0.336788 -0.94158 -0
    outer loop
      vertex -25.6806 -12.9139 7.8
      vertex -25.8654 -12.8478 6.6
      vertex -25.6806 -12.9139 6.6
    endloop
  endfacet
  facet normal -0.336788 0.94158 0
    outer loop
      vertex -25.6806 12.9139 6.6
      vertex -25.8654 12.8478 7.8
      vertex -25.6806 12.9139 7.8
    endloop
  endfacet
  facet normal -0.336788 0.94158 0
    outer loop
      vertex -25.8654 12.8478 7.8
      vertex -25.6806 12.9139 6.6
      vertex -25.8654 12.8478 6.6
    endloop
  endfacet
  facet normal 0.857673 0.514196 0
    outer loop
      vertex 26.8638 11.9428 7.8
      vertex 26.7629 12.1111 6.6
      vertex 26.7629 12.1111 7.8
    endloop
  endfacet
  facet normal 0.857673 0.514196 0
    outer loop
      vertex 26.7629 12.1111 6.6
      vertex 26.8638 11.9428 7.8
      vertex 26.8638 11.9428 6.6
    endloop
  endfacet
  facet normal 0.146696 0.989182 -0
    outer loop
      vertex 25.4902 12.9616 6.6
      vertex 25.296 12.9904 7.8
      vertex 25.4902 12.9616 7.8
    endloop
  endfacet
  facet normal 0.146696 0.989182 0
    outer loop
      vertex 25.296 12.9904 7.8
      vertex 25.4902 12.9616 6.6
      vertex 25.296 12.9904 6.6
    endloop
  endfacet
  facet normal 0.336788 0.94158 -0
    outer loop
      vertex 25.8654 12.8478 6.6
      vertex 25.6806 12.9139 7.8
      vertex 25.8654 12.8478 7.8
    endloop
  endfacet
  facet normal 0.336788 0.94158 0
    outer loop
      vertex 25.6806 12.9139 7.8
      vertex 25.8654 12.8478 6.6
      vertex 25.6806 12.9139 6.6
    endloop
  endfacet
  facet normal -0.857673 -0.514196 0
    outer loop
      vertex -26.7629 -12.1111 6.6
      vertex -26.8638 -11.9428 7.8
      vertex -26.8638 -11.9428 6.6
    endloop
  endfacet
  facet normal -0.857673 -0.514196 0
    outer loop
      vertex -26.8638 -11.9428 7.8
      vertex -26.7629 -12.1111 6.6
      vertex -26.7629 -12.1111 7.8
    endloop
  endfacet
  facet normal 0.427955 0.9038 -0
    outer loop
      vertex 26.0428 12.7638 6.6
      vertex 25.8654 12.8478 7.8
      vertex 26.0428 12.7638 7.8
    endloop
  endfacet
  facet normal 0.427955 0.9038 0
    outer loop
      vertex 25.8654 12.8478 7.8
      vertex 26.0428 12.7638 6.6
      vertex 25.8654 12.8478 6.6
    endloop
  endfacet
  facet normal 1 -0 0
    outer loop
      vertex 27.1 -11 7.8
      vertex 27.1 11 6.6
      vertex 27.1 11 7.8
    endloop
  endfacet
  facet normal 1 0 0
    outer loop
      vertex 27.1 11 6.6
      vertex 27.1 -11 7.8
      vertex 27.1 -11 6.6
    endloop
  endfacet
  facet normal -0.146696 -0.989182 0
    outer loop
      vertex -25.4902 -12.9616 6.6
      vertex -25.296 -12.9904 7.8
      vertex -25.4902 -12.9616 7.8
    endloop
  endfacet
  facet normal -0.146696 -0.989182 -0
    outer loop
      vertex -25.296 -12.9904 7.8
      vertex -25.4902 -12.9616 6.6
      vertex -25.296 -12.9904 6.6
    endloop
  endfacet
  facet normal -0.243015 -0.970023 0
    outer loop
      vertex -25.6806 -12.9139 6.6
      vertex -25.4902 -12.9616 7.8
      vertex -25.6806 -12.9139 7.8
    endloop
  endfacet
  facet normal -0.243015 -0.970023 -0
    outer loop
      vertex -25.4902 -12.9616 7.8
      vertex -25.6806 -12.9139 6.6
      vertex -25.4902 -12.9616 6.6
    endloop
  endfacet
  facet normal 0.0489209 0.998803 -0
    outer loop
      vertex 25.296 12.9904 6.6
      vertex 25.1 13 7.8
      vertex 25.296 12.9904 7.8
    endloop
  endfacet
  facet normal 0.0489209 0.998803 0
    outer loop
      vertex 25.1 13 7.8
      vertex 25.296 12.9904 6.6
      vertex 25.1 13 6.6
    endloop
  endfacet
  facet normal -0.595508 0.80335 0
    outer loop
      vertex -26.2111 12.6629 6.6
      vertex -26.3688 12.546 7.8
      vertex -26.2111 12.6629 7.8
    endloop
  endfacet
  facet normal -0.595508 0.80335 0
    outer loop
      vertex -26.3688 12.546 7.8
      vertex -26.2111 12.6629 6.6
      vertex -26.3688 12.546 6.6
    endloop
  endfacet
  facet normal -0.998803 -0.0489209 0
    outer loop
      vertex -27.0904 -11.196 6.6
      vertex -27.1 -11 7.8
      vertex -27.1 -11 6.6
    endloop
  endfacet
  facet normal -0.998803 -0.0489209 0
    outer loop
      vertex -27.1 -11 7.8
      vertex -27.0904 -11.196 6.6
      vertex -27.0904 -11.196 7.8
    endloop
  endfacet
  facet normal -0.857673 0.514196 0
    outer loop
      vertex -26.8638 11.9428 6.6
      vertex -26.7629 12.1111 7.8
      vertex -26.7629 12.1111 6.6
    endloop
  endfacet
  facet normal -0.857673 0.514196 0
    outer loop
      vertex -26.7629 12.1111 7.8
      vertex -26.8638 11.9428 6.6
      vertex -26.8638 11.9428 7.8
    endloop
  endfacet
  facet normal -0.94158 0.336788 0
    outer loop
      vertex -27.0139 11.5806 6.6
      vertex -26.9478 11.7654 7.8
      vertex -26.9478 11.7654 6.6
    endloop
  endfacet
  facet normal -0.94158 0.336788 0
    outer loop
      vertex -26.9478 11.7654 7.8
      vertex -27.0139 11.5806 6.6
      vertex -27.0139 11.5806 7.8
    endloop
  endfacet
  facet normal -0.595508 -0.80335 0
    outer loop
      vertex -26.3688 -12.546 6.6
      vertex -26.2111 -12.6629 7.8
      vertex -26.3688 -12.546 7.8
    endloop
  endfacet
  facet normal -0.595508 -0.80335 -0
    outer loop
      vertex -26.2111 -12.6629 7.8
      vertex -26.3688 -12.546 6.6
      vertex -26.2111 -12.6629 6.6
    endloop
  endfacet
  facet normal 0.740908 0.671607 0
    outer loop
      vertex 26.646 12.2688 7.8
      vertex 26.5142 12.4142 6.6
      vertex 26.5142 12.4142 7.8
    endloop
  endfacet
  facet normal 0.740908 0.671607 0
    outer loop
      vertex 26.5142 12.4142 6.6
      vertex 26.646 12.2688 7.8
      vertex 26.646 12.2688 6.6
    endloop
  endfacet
  facet normal -0.970023 0.243015 0
    outer loop
      vertex -27.0616 11.3902 6.6
      vertex -27.0139 11.5806 7.8
      vertex -27.0139 11.5806 6.6
    endloop
  endfacet
  facet normal -0.970023 0.243015 0
    outer loop
      vertex -27.0139 11.5806 7.8
      vertex -27.0616 11.3902 6.6
      vertex -27.0616 11.3902 7.8
    endloop
  endfacet
  facet normal 0.998803 -0.0489209 0
    outer loop
      vertex 27.0904 -11.196 7.8
      vertex 27.1 -11 6.6
      vertex 27.1 -11 7.8
    endloop
  endfacet
  facet normal 0.998803 -0.0489209 0
    outer loop
      vertex 27.1 -11 6.6
      vertex 27.0904 -11.196 7.8
      vertex 27.0904 -11.196 6.6
    endloop
  endfacet
  facet normal 0.740908 -0.671607 0
    outer loop
      vertex 26.5142 -12.4142 7.8
      vertex 26.646 -12.2688 6.6
      vertex 26.646 -12.2688 7.8
    endloop
  endfacet
  facet normal 0.740908 -0.671607 0
    outer loop
      vertex 26.646 -12.2688 6.6
      vertex 26.5142 -12.4142 7.8
      vertex 26.5142 -12.4142 6.6
    endloop
  endfacet
  facet normal 0.970023 0.243015 0
    outer loop
      vertex 27.0616 11.3902 7.8
      vertex 27.0139 11.5806 6.6
      vertex 27.0139 11.5806 7.8
    endloop
  endfacet
  facet normal 0.970023 0.243015 0
    outer loop
      vertex 27.0139 11.5806 6.6
      vertex 27.0616 11.3902 7.8
      vertex 27.0616 11.3902 6.6
    endloop
  endfacet
  facet normal -0.740908 0.671607 0
    outer loop
      vertex -26.646 12.2688 6.6
      vertex -26.5142 12.4142 7.8
      vertex -26.5142 12.4142 6.6
    endloop
  endfacet
  facet normal -0.740908 0.671607 0
    outer loop
      vertex -26.5142 12.4142 7.8
      vertex -26.646 12.2688 6.6
      vertex -26.646 12.2688 7.8
    endloop
  endfacet
  facet normal 0.243015 0.970023 -0
    outer loop
      vertex 25.6806 12.9139 6.6
      vertex 25.4902 12.9616 7.8
      vertex 25.6806 12.9139 7.8
    endloop
  endfacet
  facet normal 0.243015 0.970023 0
    outer loop
      vertex 25.4902 12.9616 7.8
      vertex 25.6806 12.9139 6.6
      vertex 25.4902 12.9616 6.6
    endloop
  endfacet
  facet normal 0.671607 -0.740908 0
    outer loop
      vertex 26.3688 -12.546 6.6
      vertex 26.5142 -12.4142 7.8
      vertex 26.3688 -12.546 7.8
    endloop
  endfacet
  facet normal 0.671607 -0.740908 0
    outer loop
      vertex 26.5142 -12.4142 7.8
      vertex 26.3688 -12.546 6.6
      vertex 26.5142 -12.4142 6.6
    endloop
  endfacet
  facet normal 0.80335 0.595508 0
    outer loop
      vertex 26.7629 12.1111 7.8
      vertex 26.646 12.2688 6.6
      vertex 26.646 12.2688 7.8
    endloop
  endfacet
  facet normal 0.80335 0.595508 0
    outer loop
      vertex 26.646 12.2688 6.6
      vertex 26.7629 12.1111 7.8
      vertex 26.7629 12.1111 6.6
    endloop
  endfacet
  facet normal 0.146696 -0.989182 0
    outer loop
      vertex 25.296 -12.9904 6.6
      vertex 25.4902 -12.9616 7.8
      vertex 25.296 -12.9904 7.8
    endloop
  endfacet
  facet normal 0.146696 -0.989182 0
    outer loop
      vertex 25.4902 -12.9616 7.8
      vertex 25.296 -12.9904 6.6
      vertex 25.4902 -12.9616 6.6
    endloop
  endfacet
  facet normal 0.514196 -0.857673 0
    outer loop
      vertex 26.0428 -12.7638 6.6
      vertex 26.2111 -12.6629 7.8
      vertex 26.0428 -12.7638 7.8
    endloop
  endfacet
  facet normal 0.514196 -0.857673 0
    outer loop
      vertex 26.2111 -12.6629 7.8
      vertex 26.0428 -12.7638 6.6
      vertex 26.2111 -12.6629 6.6
    endloop
  endfacet
  facet normal -0.671607 -0.740908 0
    outer loop
      vertex -26.5142 -12.4142 6.6
      vertex -26.3688 -12.546 7.8
      vertex -26.5142 -12.4142 7.8
    endloop
  endfacet
  facet normal -0.671607 -0.740908 -0
    outer loop
      vertex -26.3688 -12.546 7.8
      vertex -26.5142 -12.4142 6.6
      vertex -26.3688 -12.546 6.6
    endloop
  endfacet
  facet normal -0.989182 -0.146696 0
    outer loop
      vertex -27.0616 -11.3902 6.6
      vertex -27.0904 -11.196 7.8
      vertex -27.0904 -11.196 6.6
    endloop
  endfacet
  facet normal -0.989182 -0.146696 0
    outer loop
      vertex -27.0904 -11.196 7.8
      vertex -27.0616 -11.3902 6.6
      vertex -27.0616 -11.3902 7.8
    endloop
  endfacet
  facet normal 0.427955 -0.9038 0
    outer loop
      vertex 25.8654 -12.8478 6.6
      vertex 26.0428 -12.7638 7.8
      vertex 25.8654 -12.8478 7.8
    endloop
  endfacet
  facet normal 0.427955 -0.9038 0
    outer loop
      vertex 26.0428 -12.7638 7.8
      vertex 25.8654 -12.8478 6.6
      vertex 26.0428 -12.7638 6.6
    endloop
  endfacet
  facet normal -0.427955 0.9038 0
    outer loop
      vertex -25.8654 12.8478 6.6
      vertex -26.0428 12.7638 7.8
      vertex -25.8654 12.8478 7.8
    endloop
  endfacet
  facet normal -0.427955 0.9038 0
    outer loop
      vertex -26.0428 12.7638 7.8
      vertex -25.8654 12.8478 6.6
      vertex -26.0428 12.7638 6.6
    endloop
  endfacet
  facet normal 0.970023 -0.243015 0
    outer loop
      vertex 27.0139 -11.5806 7.8
      vertex 27.0616 -11.3902 6.6
      vertex 27.0616 -11.3902 7.8
    endloop
  endfacet
  facet normal 0.970023 -0.243015 0
    outer loop
      vertex 27.0616 -11.3902 6.6
      vertex 27.0139 -11.5806 7.8
      vertex 27.0139 -11.5806 6.6
    endloop
  endfacet
  facet normal -0.740908 -0.671607 0
    outer loop
      vertex -26.5142 -12.4142 6.6
      vertex -26.646 -12.2688 7.8
      vertex -26.646 -12.2688 6.6
    endloop
  endfacet
  facet normal -0.740908 -0.671607 0
    outer loop
      vertex -26.646 -12.2688 7.8
      vertex -26.5142 -12.4142 6.6
      vertex -26.5142 -12.4142 7.8
    endloop
  endfacet
  facet normal 0.989182 0.146696 0
    outer loop
      vertex 27.0904 11.196 7.8
      vertex 27.0616 11.3902 6.6
      vertex 27.0616 11.3902 7.8
    endloop
  endfacet
  facet normal 0.989182 0.146696 0
    outer loop
      vertex 27.0616 11.3902 6.6
      vertex 27.0904 11.196 7.8
      vertex 27.0904 11.196 6.6
    endloop
  endfacet
  facet normal -0.514196 -0.857673 0
    outer loop
      vertex -26.2111 -12.6629 6.6
      vertex -26.0428 -12.7638 7.8
      vertex -26.2111 -12.6629 7.8
    endloop
  endfacet
  facet normal -0.514196 -0.857673 -0
    outer loop
      vertex -26.0428 -12.7638 7.8
      vertex -26.2111 -12.6629 6.6
      vertex -26.0428 -12.7638 6.6
    endloop
  endfacet
  facet normal -0.514196 0.857673 0
    outer loop
      vertex -26.0428 12.7638 6.6
      vertex -26.2111 12.6629 7.8
      vertex -26.0428 12.7638 7.8
    endloop
  endfacet
  facet normal -0.514196 0.857673 0
    outer loop
      vertex -26.2111 12.6629 7.8
      vertex -26.0428 12.7638 6.6
      vertex -26.2111 12.6629 6.6
    endloop
  endfacet
  facet normal 0.595508 -0.80335 0
    outer loop
      vertex 26.2111 -12.6629 6.6
      vertex 26.3688 -12.546 7.8
      vertex 26.2111 -12.6629 7.8
    endloop
  endfacet
  facet normal 0.595508 -0.80335 0
    outer loop
      vertex 26.3688 -12.546 7.8
      vertex 26.2111 -12.6629 6.6
      vertex 26.3688 -12.546 6.6
    endloop
  endfacet
  facet normal 0.514196 0.857673 -0
    outer loop
      vertex 26.2111 12.6629 6.6
      vertex 26.0428 12.7638 7.8
      vertex 26.2111 12.6629 7.8
    endloop
  endfacet
  facet normal 0.514196 0.857673 0
    outer loop
      vertex 26.0428 12.7638 7.8
      vertex 26.2111 12.6629 6.6
      vertex 26.0428 12.7638 6.6
    endloop
  endfacet
  facet normal -0.9038 0.427955 0
    outer loop
      vertex -26.9478 11.7654 6.6
      vertex -26.8638 11.9428 7.8
      vertex -26.8638 11.9428 6.6
    endloop
  endfacet
  facet normal -0.9038 0.427955 0
    outer loop
      vertex -26.8638 11.9428 7.8
      vertex -26.9478 11.7654 6.6
      vertex -26.9478 11.7654 7.8
    endloop
  endfacet
  facet normal 0.243015 -0.970023 0
    outer loop
      vertex 25.4902 -12.9616 6.6
      vertex 25.6806 -12.9139 7.8
      vertex 25.4902 -12.9616 7.8
    endloop
  endfacet
  facet normal 0.243015 -0.970023 0
    outer loop
      vertex 25.6806 -12.9139 7.8
      vertex 25.4902 -12.9616 6.6
      vertex 25.6806 -12.9139 6.6
    endloop
  endfacet
  facet normal -0.9038 -0.427955 0
    outer loop
      vertex -26.8638 -11.9428 6.6
      vertex -26.9478 -11.7654 7.8
      vertex -26.9478 -11.7654 6.6
    endloop
  endfacet
  facet normal -0.9038 -0.427955 0
    outer loop
      vertex -26.9478 -11.7654 7.8
      vertex -26.8638 -11.9428 6.6
      vertex -26.8638 -11.9428 7.8
    endloop
  endfacet
  facet normal 0.595508 0.80335 -0
    outer loop
      vertex 26.3688 12.546 6.6
      vertex 26.2111 12.6629 7.8
      vertex 26.3688 12.546 7.8
    endloop
  endfacet
  facet normal 0.595508 0.80335 0
    outer loop
      vertex 26.2111 12.6629 7.8
      vertex 26.3688 12.546 6.6
      vertex 26.2111 12.6629 6.6
    endloop
  endfacet
  facet normal 0.989182 -0.146696 0
    outer loop
      vertex 27.0616 -11.3902 7.8
      vertex 27.0904 -11.196 6.6
      vertex 27.0904 -11.196 7.8
    endloop
  endfacet
  facet normal 0.989182 -0.146696 0
    outer loop
      vertex 27.0904 -11.196 6.6
      vertex 27.0616 -11.3902 7.8
      vertex 27.0616 -11.3902 6.6
    endloop
  endfacet
  facet normal 0.94158 0.336788 0
    outer loop
      vertex 27.0139 11.5806 7.8
      vertex 26.9478 11.7654 6.6
      vertex 26.9478 11.7654 7.8
    endloop
  endfacet
  facet normal 0.94158 0.336788 0
    outer loop
      vertex 26.9478 11.7654 6.6
      vertex 27.0139 11.5806 7.8
      vertex 27.0139 11.5806 6.6
    endloop
  endfacet
  facet normal 0.80335 -0.595508 0
    outer loop
      vertex 26.646 -12.2688 7.8
      vertex 26.7629 -12.1111 6.6
      vertex 26.7629 -12.1111 7.8
    endloop
  endfacet
  facet normal 0.80335 -0.595508 0
    outer loop
      vertex 26.7629 -12.1111 6.6
      vertex 26.646 -12.2688 7.8
      vertex 26.646 -12.2688 6.6
    endloop
  endfacet
  facet normal -0.970023 -0.243015 0
    outer loop
      vertex -27.0139 -11.5806 6.6
      vertex -27.0616 -11.3902 7.8
      vertex -27.0616 -11.3902 6.6
    endloop
  endfacet
  facet normal -0.970023 -0.243015 0
    outer loop
      vertex -27.0616 -11.3902 7.8
      vertex -27.0139 -11.5806 6.6
      vertex -27.0139 -11.5806 7.8
    endloop
  endfacet
  facet normal -0.595995 0.802988 0
    outer loop
      vertex -13.2925 -8.81841 0
      vertex -13.3555 -8.86517 2
      vertex -13.2925 -8.81841 2
    endloop
  endfacet
  facet normal -0.595995 0.802988 0
    outer loop
      vertex -13.3555 -8.86517 2
      vertex -13.2925 -8.81841 0
      vertex -13.3555 -8.86517 0
    endloop
  endfacet
  facet normal 0.336982 0.941511 -0
    outer loop
      vertex -14.4322 -8.96555 0
      vertex -14.5061 -8.9391 2
      vertex -14.4322 -8.96555 2
    endloop
  endfacet
  facet normal 0.336982 0.941511 0
    outer loop
      vertex -14.5061 -8.9391 2
      vertex -14.4322 -8.96555 0
      vertex -14.5061 -8.9391 0
    endloop
  endfacet
  facet normal -0.513747 0.857942 0
    outer loop
      vertex -13.3555 -8.86517 0
      vertex -13.4229 -8.90553 2
      vertex -13.3555 -8.86517 2
    endloop
  endfacet
  facet normal -0.513747 0.857942 0
    outer loop
      vertex -13.4229 -8.90553 2
      vertex -13.3555 -8.86517 0
      vertex -13.4229 -8.90553 0
    endloop
  endfacet
  facet normal 1 -0 0
    outer loop
      vertex -15 -8.2 2
      vertex -15 8.2 0
      vertex -15 8.2 2
    endloop
  endfacet
  facet normal 1 0 0
    outer loop
      vertex -15 8.2 0
      vertex -15 -8.2 2
      vertex -15 -8.2 0
    endloop
  endfacet
  facet normal -0.0491751 0.99879 0
    outer loop
      vertex -13.7216 -8.99614 0
      vertex -13.8 -9 2
      vertex -13.7216 -8.99614 2
    endloop
  endfacet
  facet normal -0.0491751 0.99879 0
    outer loop
      vertex -13.8 -9 2
      vertex -13.7216 -8.99614 0
      vertex -13.8 -9 0
    endloop
  endfacet
  facet normal 0.941756 -0.336296 0
    outer loop
      vertex -14.9655 8.43222 2
      vertex -14.9391 8.50615 0
      vertex -14.9391 8.50615 2
    endloop
  endfacet
  facet normal 0.941756 -0.336296 0
    outer loop
      vertex -14.9391 8.50615 0
      vertex -14.9655 8.43222 2
      vertex -14.9655 8.43222 0
    endloop
  endfacet
  facet normal 0.427446 0.904041 -0
    outer loop
      vertex -14.5061 -8.9391 0
      vertex -14.5771 -8.90553 2
      vertex -14.5061 -8.9391 2
    endloop
  endfacet
  facet normal 0.427446 0.904041 0
    outer loop
      vertex -14.5771 -8.90553 2
      vertex -14.5061 -8.9391 0
      vertex -14.5771 -8.90553 0
    endloop
  endfacet
  facet normal 0 1 -0
    outer loop
      vertex -13.8 -9 0
      vertex -14.2 -9 2
      vertex -13.8 -9 2
    endloop
  endfacet
  facet normal 0 1 0
    outer loop
      vertex -14.2 -9 2
      vertex -13.8 -9 0
      vertex -14.2 -9 0
    endloop
  endfacet
  facet normal 0.671353 0.741137 -0
    outer loop
      vertex -14.7075 -8.81841 0
      vertex -14.7657 -8.76569 2
      vertex -14.7075 -8.81841 2
    endloop
  endfacet
  facet normal 0.671353 0.741137 0
    outer loop
      vertex -14.7657 -8.76569 2
      vertex -14.7075 -8.81841 0
      vertex -14.7657 -8.76569 0
    endloop
  endfacet
  facet normal -1 0 0
    outer loop
      vertex -13 -8.2 0
      vertex -13 8.2 2
      vertex -13 8.2 0
    endloop
  endfacet
  facet normal -1 -0 0
    outer loop
      vertex -13 8.2 2
      vertex -13 -8.2 0
      vertex -13 -8.2 2
    endloop
  endfacet
  facet normal 0.513747 0.857942 -0
    outer loop
      vertex -14.5771 -8.90553 0
      vertex -14.6445 -8.86517 2
      vertex -14.5771 -8.90553 2
    endloop
  endfacet
  facet normal 0.513747 0.857942 0
    outer loop
      vertex -14.6445 -8.86517 2
      vertex -14.5771 -8.90553 0
      vertex -14.6445 -8.86517 0
    endloop
  endfacet
  facet normal 0.671353 -0.741137 0
    outer loop
      vertex -14.7657 8.76569 0
      vertex -14.7075 8.81841 2
      vertex -14.7657 8.76569 2
    endloop
  endfacet
  facet normal 0.671353 -0.741137 0
    outer loop
      vertex -14.7075 8.81841 2
      vertex -14.7657 8.76569 0
      vertex -14.7075 8.81841 0
    endloop
  endfacet
  facet normal -0.243075 -0.970007 0
    outer loop
      vertex -13.6439 8.98462 0
      vertex -13.5678 8.96555 2
      vertex -13.6439 8.98462 2
    endloop
  endfacet
  facet normal -0.243075 -0.970007 -0
    outer loop
      vertex -13.5678 8.96555 2
      vertex -13.6439 8.98462 0
      vertex -13.5678 8.96555 0
    endloop
  endfacet
  facet normal 0.998765 0.0496771 0
    outer loop
      vertex -14.9961 -8.27841 2
      vertex -15 -8.2 0
      vertex -15 -8.2 2
    endloop
  endfacet
  facet normal 0.998765 0.0496771 0
    outer loop
      vertex -15 -8.2 0
      vertex -14.9961 -8.27841 2
      vertex -14.9961 -8.27841 0
    endloop
  endfacet
  facet normal -0.80297 -0.596019 0
    outer loop
      vertex -13.1348 8.64445 0
      vertex -13.1816 8.7075 2
      vertex -13.1816 8.7075 0
    endloop
  endfacet
  facet normal -0.80297 -0.596019 0
    outer loop
      vertex -13.1816 8.7075 2
      vertex -13.1348 8.64445 0
      vertex -13.1348 8.64445 2
    endloop
  endfacet
  facet normal -0.427446 0.904041 0
    outer loop
      vertex -13.4229 -8.90553 0
      vertex -13.4939 -8.9391 2
      vertex -13.4229 -8.90553 2
    endloop
  endfacet
  facet normal -0.427446 0.904041 0
    outer loop
      vertex -13.4939 -8.9391 2
      vertex -13.4229 -8.90553 0
      vertex -13.4939 -8.9391 0
    endloop
  endfacet
  facet normal 0.513747 -0.857942 0
    outer loop
      vertex -14.6445 8.86517 0
      vertex -14.5771 8.90553 2
      vertex -14.6445 8.86517 2
    endloop
  endfacet
  facet normal 0.513747 -0.857942 0
    outer loop
      vertex -14.5771 8.90553 2
      vertex -14.6445 8.86517 0
      vertex -14.5771 8.90553 0
    endloop
  endfacet
  facet normal -0.998765 -0.0496771 0
    outer loop
      vertex -13 8.2 0
      vertex -13.0039 8.27841 2
      vertex -13.0039 8.27841 0
    endloop
  endfacet
  facet normal -0.998765 -0.0496771 0
    outer loop
      vertex -13.0039 8.27841 2
      vertex -13 8.2 0
      vertex -13 8.2 2
    endloop
  endfacet
  facet normal 0.243075 0.970007 -0
    outer loop
      vertex -14.3561 -8.98462 0
      vertex -14.4322 -8.96555 2
      vertex -14.3561 -8.98462 2
    endloop
  endfacet
  facet normal 0.243075 0.970007 0
    outer loop
      vertex -14.4322 -8.96555 2
      vertex -14.3561 -8.98462 0
      vertex -14.4322 -8.96555 0
    endloop
  endfacet
  facet normal 0.858043 -0.513577 0
    outer loop
      vertex -14.9055 8.57712 2
      vertex -14.8652 8.64445 0
      vertex -14.8652 8.64445 2
    endloop
  endfacet
  facet normal 0.858043 -0.513577 0
    outer loop
      vertex -14.8652 8.64445 0
      vertex -14.9055 8.57712 2
      vertex -14.9055 8.57712 0
    endloop
  endfacet
  facet normal 0.243075 -0.970007 0
    outer loop
      vertex -14.4322 8.96555 0
      vertex -14.3561 8.98462 2
      vertex -14.4322 8.96555 2
    endloop
  endfacet
  facet normal 0.243075 -0.970007 0
    outer loop
      vertex -14.3561 8.98462 2
      vertex -14.4322 8.96555 0
      vertex -14.3561 8.98462 0
    endloop
  endfacet
  facet normal 0.80297 0.596019 0
    outer loop
      vertex -14.8184 -8.7075 2
      vertex -14.8652 -8.64445 0
      vertex -14.8652 -8.64445 2
    endloop
  endfacet
  facet normal 0.80297 0.596019 0
    outer loop
      vertex -14.8652 -8.64445 0
      vertex -14.8184 -8.7075 2
      vertex -14.8184 -8.7075 0
    endloop
  endfacet
  facet normal 0.98921 0.146502 0
    outer loop
      vertex -14.9846 -8.35606 2
      vertex -14.9961 -8.27841 0
      vertex -14.9961 -8.27841 2
    endloop
  endfacet
  facet normal 0.98921 0.146502 0
    outer loop
      vertex -14.9961 -8.27841 0
      vertex -14.9846 -8.35606 2
      vertex -14.9846 -8.35606 0
    endloop
  endfacet
  facet normal -0.243075 0.970007 0
    outer loop
      vertex -13.5678 -8.96555 0
      vertex -13.6439 -8.98462 2
      vertex -13.5678 -8.96555 2
    endloop
  endfacet
  facet normal -0.243075 0.970007 0
    outer loop
      vertex -13.6439 -8.98462 2
      vertex -13.5678 -8.96555 0
      vertex -13.6439 -8.98462 0
    endloop
  endfacet
  facet normal -0.741207 0.671277 0
    outer loop
      vertex -13.2343 -8.76569 0
      vertex -13.1816 -8.7075 2
      vertex -13.1816 -8.7075 0
    endloop
  endfacet
  facet normal -0.741207 0.671277 0
    outer loop
      vertex -13.1816 -8.7075 2
      vertex -13.2343 -8.76569 0
      vertex -13.2343 -8.76569 2
    endloop
  endfacet
  facet normal 0.0491751 0.99879 -0
    outer loop
      vertex -14.2 -9 0
      vertex -14.2784 -8.99614 2
      vertex -14.2 -9 2
    endloop
  endfacet
  facet normal 0.0491751 0.99879 0
    outer loop
      vertex -14.2784 -8.99614 2
      vertex -14.2 -9 0
      vertex -14.2784 -8.99614 0
    endloop
  endfacet
  facet normal -0.941756 -0.336296 0
    outer loop
      vertex -13.0345 8.43222 0
      vertex -13.0609 8.50615 2
      vertex -13.0609 8.50615 0
    endloop
  endfacet
  facet normal -0.941756 -0.336296 0
    outer loop
      vertex -13.0609 8.50615 2
      vertex -13.0345 8.43222 0
      vertex -13.0345 8.43222 2
    endloop
  endfacet
  facet normal 0.595995 -0.802988 0
    outer loop
      vertex -14.7075 8.81841 0
      vertex -14.6445 8.86517 2
      vertex -14.7075 8.81841 2
    endloop
  endfacet
  facet normal 0.595995 -0.802988 0
    outer loop
      vertex -14.6445 8.86517 2
      vertex -14.7075 8.81841 0
      vertex -14.6445 8.86517 0
    endloop
  endfacet
  facet normal -0.903823 -0.427906 0
    outer loop
      vertex -13.0609 8.50615 0
      vertex -13.0945 8.57712 2
      vertex -13.0945 8.57712 0
    endloop
  endfacet
  facet normal -0.903823 -0.427906 0
    outer loop
      vertex -13.0945 8.57712 2
      vertex -13.0609 8.50615 0
      vertex -13.0609 8.50615 2
    endloop
  endfacet
  facet normal -0.941756 0.336296 0
    outer loop
      vertex -13.0609 -8.50615 0
      vertex -13.0345 -8.43222 2
      vertex -13.0345 -8.43222 0
    endloop
  endfacet
  facet normal -0.941756 0.336296 0
    outer loop
      vertex -13.0345 -8.43222 2
      vertex -13.0609 -8.50615 0
      vertex -13.0609 -8.50615 2
    endloop
  endfacet
  facet normal -0.858043 -0.513577 0
    outer loop
      vertex -13.0945 8.57712 0
      vertex -13.1348 8.64445 2
      vertex -13.1348 8.64445 0
    endloop
  endfacet
  facet normal -0.858043 -0.513577 0
    outer loop
      vertex -13.1348 8.64445 2
      vertex -13.0945 8.57712 0
      vertex -13.0945 8.57712 2
    endloop
  endfacet
  facet normal 0.941756 0.336296 0
    outer loop
      vertex -14.9391 -8.50615 2
      vertex -14.9655 -8.43222 0
      vertex -14.9655 -8.43222 2
    endloop
  endfacet
  facet normal 0.941756 0.336296 0
    outer loop
      vertex -14.9655 -8.43222 0
      vertex -14.9391 -8.50615 2
      vertex -14.9391 -8.50615 0
    endloop
  endfacet
  facet normal 0.98921 -0.146502 0
    outer loop
      vertex -14.9961 8.27841 2
      vertex -14.9846 8.35606 0
      vertex -14.9846 8.35606 2
    endloop
  endfacet
  facet normal 0.98921 -0.146502 0
    outer loop
      vertex -14.9846 8.35606 0
      vertex -14.9961 8.27841 2
      vertex -14.9961 8.27841 0
    endloop
  endfacet
  facet normal 0.969962 -0.243255 0
    outer loop
      vertex -14.9846 8.35606 2
      vertex -14.9655 8.43222 0
      vertex -14.9655 8.43222 2
    endloop
  endfacet
  facet normal 0.969962 -0.243255 0
    outer loop
      vertex -14.9655 8.43222 0
      vertex -14.9846 8.35606 2
      vertex -14.9846 8.35606 0
    endloop
  endfacet
  facet normal -0.98921 0.146502 0
    outer loop
      vertex -13.0154 -8.35606 0
      vertex -13.0039 -8.27841 2
      vertex -13.0039 -8.27841 0
    endloop
  endfacet
  facet normal -0.98921 0.146502 0
    outer loop
      vertex -13.0039 -8.27841 2
      vertex -13.0154 -8.35606 0
      vertex -13.0154 -8.35606 2
    endloop
  endfacet
  facet normal 0.595995 0.802988 -0
    outer loop
      vertex -14.6445 -8.86517 0
      vertex -14.7075 -8.81841 2
      vertex -14.6445 -8.86517 2
    endloop
  endfacet
  facet normal 0.595995 0.802988 0
    outer loop
      vertex -14.7075 -8.81841 2
      vertex -14.6445 -8.86517 0
      vertex -14.7075 -8.81841 0
    endloop
  endfacet
  facet normal -0.671353 -0.741137 0
    outer loop
      vertex -13.2925 8.81841 0
      vertex -13.2343 8.76569 2
      vertex -13.2925 8.81841 2
    endloop
  endfacet
  facet normal -0.671353 -0.741137 -0
    outer loop
      vertex -13.2343 8.76569 2
      vertex -13.2925 8.81841 0
      vertex -13.2343 8.76569 0
    endloop
  endfacet
  facet normal 0.741207 -0.671277 0
    outer loop
      vertex -14.8184 8.7075 2
      vertex -14.7657 8.76569 0
      vertex -14.7657 8.76569 2
    endloop
  endfacet
  facet normal 0.741207 -0.671277 0
    outer loop
      vertex -14.7657 8.76569 0
      vertex -14.8184 8.7075 2
      vertex -14.8184 8.7075 0
    endloop
  endfacet
  facet normal 0 -1 0
    outer loop
      vertex -14.2 9 0
      vertex -13.8 9 2
      vertex -14.2 9 2
    endloop
  endfacet
  facet normal 0 -1 -0
    outer loop
      vertex -13.8 9 2
      vertex -14.2 9 0
      vertex -13.8 9 0
    endloop
  endfacet
  facet normal -0.336982 0.941511 0
    outer loop
      vertex -13.4939 -8.9391 0
      vertex -13.5678 -8.96555 2
      vertex -13.4939 -8.9391 2
    endloop
  endfacet
  facet normal -0.336982 0.941511 0
    outer loop
      vertex -13.5678 -8.96555 2
      vertex -13.4939 -8.9391 0
      vertex -13.5678 -8.96555 0
    endloop
  endfacet
  facet normal 0.146659 0.989187 -0
    outer loop
      vertex -14.2784 -8.99614 0
      vertex -14.3561 -8.98462 2
      vertex -14.2784 -8.99614 2
    endloop
  endfacet
  facet normal 0.146659 0.989187 0
    outer loop
      vertex -14.3561 -8.98462 2
      vertex -14.2784 -8.99614 0
      vertex -14.3561 -8.98462 0
    endloop
  endfacet
  facet normal -0.98921 -0.146502 0
    outer loop
      vertex -13.0039 8.27841 0
      vertex -13.0154 8.35606 2
      vertex -13.0154 8.35606 0
    endloop
  endfacet
  facet normal -0.98921 -0.146502 0
    outer loop
      vertex -13.0154 8.35606 2
      vertex -13.0039 8.27841 0
      vertex -13.0039 8.27841 2
    endloop
  endfacet
  facet normal 0.146659 -0.989187 0
    outer loop
      vertex -14.3561 8.98462 0
      vertex -14.2784 8.99614 2
      vertex -14.3561 8.98462 2
    endloop
  endfacet
  facet normal 0.146659 -0.989187 0
    outer loop
      vertex -14.2784 8.99614 2
      vertex -14.3561 8.98462 0
      vertex -14.2784 8.99614 0
    endloop
  endfacet
  facet normal 0.858043 0.513577 0
    outer loop
      vertex -14.8652 -8.64445 2
      vertex -14.9055 -8.57712 0
      vertex -14.9055 -8.57712 2
    endloop
  endfacet
  facet normal 0.858043 0.513577 0
    outer loop
      vertex -14.9055 -8.57712 0
      vertex -14.8652 -8.64445 2
      vertex -14.8652 -8.64445 0
    endloop
  endfacet
  facet normal 0.969962 0.243255 0
    outer loop
      vertex -14.9655 -8.43222 2
      vertex -14.9846 -8.35606 0
      vertex -14.9846 -8.35606 2
    endloop
  endfacet
  facet normal 0.969962 0.243255 0
    outer loop
      vertex -14.9846 -8.35606 0
      vertex -14.9655 -8.43222 2
      vertex -14.9655 -8.43222 0
    endloop
  endfacet
  facet normal 0.903823 0.427906 0
    outer loop
      vertex -14.9055 -8.57712 2
      vertex -14.9391 -8.50615 0
      vertex -14.9391 -8.50615 2
    endloop
  endfacet
  facet normal 0.903823 0.427906 0
    outer loop
      vertex -14.9391 -8.50615 0
      vertex -14.9055 -8.57712 2
      vertex -14.9055 -8.57712 0
    endloop
  endfacet
  facet normal 0.903823 -0.427906 0
    outer loop
      vertex -14.9391 8.50615 2
      vertex -14.9055 8.57712 0
      vertex -14.9055 8.57712 2
    endloop
  endfacet
  facet normal 0.903823 -0.427906 0
    outer loop
      vertex -14.9055 8.57712 0
      vertex -14.9391 8.50615 2
      vertex -14.9391 8.50615 0
    endloop
  endfacet
  facet normal 0.998765 -0.0496771 0
    outer loop
      vertex -15 8.2 2
      vertex -14.9961 8.27841 0
      vertex -14.9961 8.27841 2
    endloop
  endfacet
  facet normal 0.998765 -0.0496771 0
    outer loop
      vertex -14.9961 8.27841 0
      vertex -15 8.2 2
      vertex -15 8.2 0
    endloop
  endfacet
  facet normal -0.146659 0.989187 0
    outer loop
      vertex -13.6439 -8.98462 0
      vertex -13.7216 -8.99614 2
      vertex -13.6439 -8.98462 2
    endloop
  endfacet
  facet normal -0.146659 0.989187 0
    outer loop
      vertex -13.7216 -8.99614 2
      vertex -13.6439 -8.98462 0
      vertex -13.7216 -8.99614 0
    endloop
  endfacet
  facet normal 0.427446 -0.904041 0
    outer loop
      vertex -14.5771 8.90553 0
      vertex -14.5061 8.9391 2
      vertex -14.5771 8.90553 2
    endloop
  endfacet
  facet normal 0.427446 -0.904041 0
    outer loop
      vertex -14.5061 8.9391 2
      vertex -14.5771 8.90553 0
      vertex -14.5061 8.9391 0
    endloop
  endfacet
  facet normal 0.336982 -0.941511 0
    outer loop
      vertex -14.5061 8.9391 0
      vertex -14.4322 8.96555 2
      vertex -14.5061 8.9391 2
    endloop
  endfacet
  facet normal 0.336982 -0.941511 0
    outer loop
      vertex -14.4322 8.96555 2
      vertex -14.5061 8.9391 0
      vertex -14.4322 8.96555 0
    endloop
  endfacet
  facet normal 0.80297 -0.596019 0
    outer loop
      vertex -14.8652 8.64445 2
      vertex -14.8184 8.7075 0
      vertex -14.8184 8.7075 2
    endloop
  endfacet
  facet normal 0.80297 -0.596019 0
    outer loop
      vertex -14.8184 8.7075 0
      vertex -14.8652 8.64445 2
      vertex -14.8652 8.64445 0
    endloop
  endfacet
  facet normal -0.513747 -0.857942 0
    outer loop
      vertex -13.4229 8.90553 0
      vertex -13.3555 8.86517 2
      vertex -13.4229 8.90553 2
    endloop
  endfacet
  facet normal -0.513747 -0.857942 -0
    outer loop
      vertex -13.3555 8.86517 2
      vertex -13.4229 8.90553 0
      vertex -13.3555 8.86517 0
    endloop
  endfacet
  facet normal -0.858043 0.513577 0
    outer loop
      vertex -13.1348 -8.64445 0
      vertex -13.0945 -8.57712 2
      vertex -13.0945 -8.57712 0
    endloop
  endfacet
  facet normal -0.858043 0.513577 0
    outer loop
      vertex -13.0945 -8.57712 2
      vertex -13.1348 -8.64445 0
      vertex -13.1348 -8.64445 2
    endloop
  endfacet
  facet normal 0.741207 0.671277 0
    outer loop
      vertex -14.7657 -8.76569 2
      vertex -14.8184 -8.7075 0
      vertex -14.8184 -8.7075 2
    endloop
  endfacet
  facet normal 0.741207 0.671277 0
    outer loop
      vertex -14.8184 -8.7075 0
      vertex -14.7657 -8.76569 2
      vertex -14.7657 -8.76569 0
    endloop
  endfacet
  facet normal -0.969962 0.243255 0
    outer loop
      vertex -13.0345 -8.43222 0
      vertex -13.0154 -8.35606 2
      vertex -13.0154 -8.35606 0
    endloop
  endfacet
  facet normal -0.969962 0.243255 0
    outer loop
      vertex -13.0154 -8.35606 2
      vertex -13.0345 -8.43222 0
      vertex -13.0345 -8.43222 2
    endloop
  endfacet
  facet normal -0.969962 -0.243255 0
    outer loop
      vertex -13.0154 8.35606 0
      vertex -13.0345 8.43222 2
      vertex -13.0345 8.43222 0
    endloop
  endfacet
  facet normal -0.969962 -0.243255 0
    outer loop
      vertex -13.0345 8.43222 2
      vertex -13.0154 8.35606 0
      vertex -13.0154 8.35606 2
    endloop
  endfacet
  facet normal -0.595995 -0.802988 0
    outer loop
      vertex -13.3555 8.86517 0
      vertex -13.2925 8.81841 2
      vertex -13.3555 8.86517 2
    endloop
  endfacet
  facet normal -0.595995 -0.802988 -0
    outer loop
      vertex -13.2925 8.81841 2
      vertex -13.3555 8.86517 0
      vertex -13.2925 8.81841 0
    endloop
  endfacet
  facet normal 0.0491751 -0.99879 0
    outer loop
      vertex -14.2784 8.99614 0
      vertex -14.2 9 2
      vertex -14.2784 8.99614 2
    endloop
  endfacet
  facet normal 0.0491751 -0.99879 0
    outer loop
      vertex -14.2 9 2
      vertex -14.2784 8.99614 0
      vertex -14.2 9 0
    endloop
  endfacet
  facet normal -0.146659 -0.989187 0
    outer loop
      vertex -13.7216 8.99614 0
      vertex -13.6439 8.98462 2
      vertex -13.7216 8.99614 2
    endloop
  endfacet
  facet normal -0.146659 -0.989187 -0
    outer loop
      vertex -13.6439 8.98462 2
      vertex -13.7216 8.99614 0
      vertex -13.6439 8.98462 0
    endloop
  endfacet
  facet normal -0.903823 0.427906 0
    outer loop
      vertex -13.0945 -8.57712 0
      vertex -13.0609 -8.50615 2
      vertex -13.0609 -8.50615 0
    endloop
  endfacet
  facet normal -0.903823 0.427906 0
    outer loop
      vertex -13.0609 -8.50615 2
      vertex -13.0945 -8.57712 0
      vertex -13.0945 -8.57712 2
    endloop
  endfacet
  facet normal -0.741207 -0.671277 0
    outer loop
      vertex -13.1816 8.7075 0
      vertex -13.2343 8.76569 2
      vertex -13.2343 8.76569 0
    endloop
  endfacet
  facet normal -0.741207 -0.671277 0
    outer loop
      vertex -13.2343 8.76569 2
      vertex -13.1816 8.7075 0
      vertex -13.1816 8.7075 2
    endloop
  endfacet
  facet normal -0.336982 -0.941511 0
    outer loop
      vertex -13.5678 8.96555 0
      vertex -13.4939 8.9391 2
      vertex -13.5678 8.96555 2
    endloop
  endfacet
  facet normal -0.336982 -0.941511 -0
    outer loop
      vertex -13.4939 8.9391 2
      vertex -13.5678 8.96555 0
      vertex -13.4939 8.9391 0
    endloop
  endfacet
  facet normal -0.998765 0.0496771 0
    outer loop
      vertex -13.0039 -8.27841 0
      vertex -13 -8.2 2
      vertex -13 -8.2 0
    endloop
  endfacet
  facet normal -0.998765 0.0496771 0
    outer loop
      vertex -13 -8.2 2
      vertex -13.0039 -8.27841 0
      vertex -13.0039 -8.27841 2
    endloop
  endfacet
  facet normal -0.0491751 -0.99879 0
    outer loop
      vertex -13.8 9 0
      vertex -13.7216 8.99614 2
      vertex -13.8 9 2
    endloop
  endfacet
  facet normal -0.0491751 -0.99879 -0
    outer loop
      vertex -13.7216 8.99614 2
      vertex -13.8 9 0
      vertex -13.7216 8.99614 0
    endloop
  endfacet
  facet normal -0.427446 -0.904041 0
    outer loop
      vertex -13.4939 8.9391 0
      vertex -13.4229 8.90553 2
      vertex -13.4939 8.9391 2
    endloop
  endfacet
  facet normal -0.427446 -0.904041 -0
    outer loop
      vertex -13.4229 8.90553 2
      vertex -13.4939 8.9391 0
      vertex -13.4229 8.90553 0
    endloop
  endfacet
  facet normal -0.80297 0.596019 0
    outer loop
      vertex -13.1816 -8.7075 0
      vertex -13.1348 -8.64445 2
      vertex -13.1348 -8.64445 0
    endloop
  endfacet
  facet normal -0.80297 0.596019 0
    outer loop
      vertex -13.1348 -8.64445 2
      vertex -13.1816 -8.7075 0
      vertex -13.1816 -8.7075 2
    endloop
  endfacet
  facet normal -0.671353 0.741137 0
    outer loop
      vertex -13.2343 -8.76569 0
      vertex -13.2925 -8.81841 2
      vertex -13.2343 -8.76569 2
    endloop
  endfacet
  facet normal -0.671353 0.741137 0
    outer loop
      vertex -13.2925 -8.81841 2
      vertex -13.2343 -8.76569 0
      vertex -13.2925 -8.81841 0
    endloop
  endfacet
  facet normal -0.595691 0.803214 0
    outer loop
      vertex -6.2925 -8.81841 0
      vertex -6.35555 -8.86517 2
      vertex -6.2925 -8.81841 2
    endloop
  endfacet
  facet normal -0.595691 0.803214 0
    outer loop
      vertex -6.35555 -8.86517 2
      vertex -6.2925 -8.81841 0
      vertex -6.35555 -8.86517 0
    endloop
  endfacet
  facet normal 0.336861 0.941554 -0
    outer loop
      vertex -7.43222 -8.96555 0
      vertex -7.50615 -8.9391 2
      vertex -7.43222 -8.96555 2
    endloop
  endfacet
  facet normal 0.336861 0.941554 0
    outer loop
      vertex -7.50615 -8.9391 2
      vertex -7.43222 -8.96555 0
      vertex -7.50615 -8.9391 0
    endloop
  endfacet
  facet normal -0.51414 0.857706 0
    outer loop
      vertex -6.35555 -8.86517 0
      vertex -6.42288 -8.90553 2
      vertex -6.35555 -8.86517 2
    endloop
  endfacet
  facet normal -0.51414 0.857706 0
    outer loop
      vertex -6.42288 -8.90553 2
      vertex -6.35555 -8.86517 0
      vertex -6.42288 -8.90553 0
    endloop
  endfacet
  facet normal 1 -0 0
    outer loop
      vertex -8 -8.2 2
      vertex -8 8.2 0
      vertex -8 8.2 2
    endloop
  endfacet
  facet normal 1 0 0
    outer loop
      vertex -8 8.2 0
      vertex -8 -8.2 2
      vertex -8 -8.2 0
    endloop
  endfacet
  facet normal -0.0491689 0.99879 0
    outer loop
      vertex -6.72159 -8.99614 0
      vertex -6.8 -9 2
      vertex -6.72159 -8.99614 2
    endloop
  endfacet
  facet normal -0.0491689 0.99879 0
    outer loop
      vertex -6.8 -9 2
      vertex -6.72159 -8.99614 0
      vertex -6.8 -9 0
    endloop
  endfacet
  facet normal 0.941554 -0.336861 0
    outer loop
      vertex -7.96555 8.43222 2
      vertex -7.9391 8.50615 0
      vertex -7.9391 8.50615 2
    endloop
  endfacet
  facet normal 0.941554 -0.336861 0
    outer loop
      vertex -7.9391 8.50615 0
      vertex -7.96555 8.43222 2
      vertex -7.96555 8.43222 0
    endloop
  endfacet
  facet normal 0.427594 0.903971 -0
    outer loop
      vertex -7.50615 -8.9391 0
      vertex -7.57712 -8.90553 2
      vertex -7.50615 -8.9391 2
    endloop
  endfacet
  facet normal 0.427594 0.903971 0
    outer loop
      vertex -7.57712 -8.90553 2
      vertex -7.50615 -8.9391 0
      vertex -7.57712 -8.90553 0
    endloop
  endfacet
  facet normal 0 1 -0
    outer loop
      vertex -6.8 -9 0
      vertex -7.2 -9 2
      vertex -6.8 -9 2
    endloop
  endfacet
  facet normal 0 1 0
    outer loop
      vertex -7.2 -9 2
      vertex -6.8 -9 0
      vertex -7.2 -9 0
    endloop
  endfacet
  facet normal 0.146752 0.989173 -0
    outer loop
      vertex -7.27841 -8.99614 0
      vertex -7.35606 -8.98462 2
      vertex -7.27841 -8.99614 2
    endloop
  endfacet
  facet normal 0.146752 0.989173 0
    outer loop
      vertex -7.35606 -8.98462 2
      vertex -7.27841 -8.99614 0
      vertex -7.35606 -8.98462 0
    endloop
  endfacet
  facet normal 0.671417 0.74108 -0
    outer loop
      vertex -7.7075 -8.81841 0
      vertex -7.76569 -8.76569 2
      vertex -7.7075 -8.81841 2
    endloop
  endfacet
  facet normal 0.671417 0.74108 0
    outer loop
      vertex -7.76569 -8.76569 2
      vertex -7.7075 -8.81841 0
      vertex -7.76569 -8.76569 0
    endloop
  endfacet
  facet normal -1 0 0
    outer loop
      vertex -6 -8.2 0
      vertex -6 8.2 2
      vertex -6 8.2 0
    endloop
  endfacet
  facet normal -1 -0 0
    outer loop
      vertex -6 8.2 2
      vertex -6 -8.2 0
      vertex -6 -8.2 2
    endloop
  endfacet
  facet normal 0.51414 0.857706 -0
    outer loop
      vertex -7.57712 -8.90553 0
      vertex -7.64445 -8.86517 2
      vertex -7.57712 -8.90553 2
    endloop
  endfacet
  facet normal 0.51414 0.857706 0
    outer loop
      vertex -7.64445 -8.86517 2
      vertex -7.57712 -8.90553 0
      vertex -7.64445 -8.86517 0
    endloop
  endfacet
  facet normal 0.671417 -0.74108 0
    outer loop
      vertex -7.76569 8.76569 0
      vertex -7.7075 8.81841 2
      vertex -7.76569 8.76569 2
    endloop
  endfacet
  facet normal 0.671417 -0.74108 0
    outer loop
      vertex -7.7075 8.81841 2
      vertex -7.76569 8.76569 0
      vertex -7.7075 8.81841 0
    endloop
  endfacet
  facet normal -0.242895 -0.970053 0
    outer loop
      vertex -6.64394 8.98462 0
      vertex -6.56778 8.96555 2
      vertex -6.64394 8.98462 2
    endloop
  endfacet
  facet normal -0.242895 -0.970053 -0
    outer loop
      vertex -6.56778 8.96555 2
      vertex -6.64394 8.98462 0
      vertex -6.56778 8.96555 0
    endloop
  endfacet
  facet normal 0.99879 0.0491689 0
    outer loop
      vertex -7.99614 -8.27841 2
      vertex -8 -8.2 0
      vertex -8 -8.2 2
    endloop
  endfacet
  facet normal 0.99879 0.0491689 0
    outer loop
      vertex -8 -8.2 0
      vertex -7.99614 -8.27841 2
      vertex -7.99614 -8.27841 0
    endloop
  endfacet
  facet normal -0.803214 -0.595691 0
    outer loop
      vertex -6.13483 8.64445 0
      vertex -6.18159 8.7075 2
      vertex -6.18159 8.7075 0
    endloop
  endfacet
  facet normal -0.803214 -0.595691 0
    outer loop
      vertex -6.18159 8.7075 2
      vertex -6.13483 8.64445 0
      vertex -6.13483 8.64445 2
    endloop
  endfacet
  facet normal -0.427594 0.903971 0
    outer loop
      vertex -6.42288 -8.90553 0
      vertex -6.49385 -8.9391 2
      vertex -6.42288 -8.90553 2
    endloop
  endfacet
  facet normal -0.427594 0.903971 0
    outer loop
      vertex -6.49385 -8.9391 2
      vertex -6.42288 -8.90553 0
      vertex -6.49385 -8.9391 0
    endloop
  endfacet
  facet normal 0.51414 -0.857706 0
    outer loop
      vertex -7.64445 8.86517 0
      vertex -7.57712 8.90553 2
      vertex -7.64445 8.86517 2
    endloop
  endfacet
  facet normal 0.51414 -0.857706 0
    outer loop
      vertex -7.57712 8.90553 2
      vertex -7.64445 8.86517 0
      vertex -7.57712 8.90553 0
    endloop
  endfacet
  facet normal -0.99879 -0.0491689 0
    outer loop
      vertex -6 8.2 0
      vertex -6.00386 8.27841 2
      vertex -6.00386 8.27841 0
    endloop
  endfacet
  facet normal -0.99879 -0.0491689 0
    outer loop
      vertex -6.00386 8.27841 2
      vertex -6 8.2 0
      vertex -6 8.2 2
    endloop
  endfacet
  facet normal 0.242895 0.970053 -0
    outer loop
      vertex -7.35606 -8.98462 0
      vertex -7.43222 -8.96555 2
      vertex -7.35606 -8.98462 2
    endloop
  endfacet
  facet normal 0.242895 0.970053 0
    outer loop
      vertex -7.43222 -8.96555 2
      vertex -7.35606 -8.98462 0
      vertex -7.43222 -8.96555 0
    endloop
  endfacet
  facet normal 0.857706 -0.51414 0
    outer loop
      vertex -7.90553 8.57712 2
      vertex -7.86517 8.64445 0
      vertex -7.86517 8.64445 2
    endloop
  endfacet
  facet normal 0.857706 -0.51414 0
    outer loop
      vertex -7.86517 8.64445 0
      vertex -7.90553 8.57712 2
      vertex -7.90553 8.57712 0
    endloop
  endfacet
  facet normal 0.242895 -0.970053 0
    outer loop
      vertex -7.43222 8.96555 0
      vertex -7.35606 8.98462 2
      vertex -7.43222 8.96555 2
    endloop
  endfacet
  facet normal 0.242895 -0.970053 0
    outer loop
      vertex -7.35606 8.98462 2
      vertex -7.43222 8.96555 0
      vertex -7.35606 8.98462 0
    endloop
  endfacet
  facet normal 0.803214 0.595691 0
    outer loop
      vertex -7.81841 -8.7075 2
      vertex -7.86517 -8.64445 0
      vertex -7.86517 -8.64445 2
    endloop
  endfacet
  facet normal 0.803214 0.595691 0
    outer loop
      vertex -7.86517 -8.64445 0
      vertex -7.81841 -8.7075 2
      vertex -7.81841 -8.7075 0
    endloop
  endfacet
  facet normal 0.989173 0.146752 0
    outer loop
      vertex -7.98462 -8.35606 2
      vertex -7.99614 -8.27841 0
      vertex -7.99614 -8.27841 2
    endloop
  endfacet
  facet normal 0.989173 0.146752 0
    outer loop
      vertex -7.99614 -8.27841 0
      vertex -7.98462 -8.35606 2
      vertex -7.98462 -8.35606 0
    endloop
  endfacet
  facet normal -0.242895 0.970053 0
    outer loop
      vertex -6.56778 -8.96555 0
      vertex -6.64394 -8.98462 2
      vertex -6.56778 -8.96555 2
    endloop
  endfacet
  facet normal -0.242895 0.970053 0
    outer loop
      vertex -6.64394 -8.98462 2
      vertex -6.56778 -8.96555 0
      vertex -6.64394 -8.98462 0
    endloop
  endfacet
  facet normal -0.74108 0.671417 0
    outer loop
      vertex -6.23431 -8.76569 0
      vertex -6.18159 -8.7075 2
      vertex -6.18159 -8.7075 0
    endloop
  endfacet
  facet normal -0.74108 0.671417 0
    outer loop
      vertex -6.18159 -8.7075 2
      vertex -6.23431 -8.76569 0
      vertex -6.23431 -8.76569 2
    endloop
  endfacet
  facet normal 0.0491689 0.99879 -0
    outer loop
      vertex -7.2 -9 0
      vertex -7.27841 -8.99614 2
      vertex -7.2 -9 2
    endloop
  endfacet
  facet normal 0.0491689 0.99879 0
    outer loop
      vertex -7.27841 -8.99614 2
      vertex -7.2 -9 0
      vertex -7.27841 -8.99614 0
    endloop
  endfacet
  facet normal -0.941554 -0.336861 0
    outer loop
      vertex -6.03445 8.43222 0
      vertex -6.0609 8.50615 2
      vertex -6.0609 8.50615 0
    endloop
  endfacet
  facet normal -0.941554 -0.336861 0
    outer loop
      vertex -6.0609 8.50615 2
      vertex -6.03445 8.43222 0
      vertex -6.03445 8.43222 2
    endloop
  endfacet
  facet normal 0.595691 -0.803214 0
    outer loop
      vertex -7.7075 8.81841 0
      vertex -7.64445 8.86517 2
      vertex -7.7075 8.81841 2
    endloop
  endfacet
  facet normal 0.595691 -0.803214 0
    outer loop
      vertex -7.64445 8.86517 2
      vertex -7.7075 8.81841 0
      vertex -7.64445 8.86517 0
    endloop
  endfacet
  facet normal -0.903971 -0.427594 0
    outer loop
      vertex -6.0609 8.50615 0
      vertex -6.09447 8.57712 2
      vertex -6.09447 8.57712 0
    endloop
  endfacet
  facet normal -0.903971 -0.427594 0
    outer loop
      vertex -6.09447 8.57712 2
      vertex -6.0609 8.50615 0
      vertex -6.0609 8.50615 2
    endloop
  endfacet
  facet normal -0.941554 0.336861 0
    outer loop
      vertex -6.0609 -8.50615 0
      vertex -6.03445 -8.43222 2
      vertex -6.03445 -8.43222 0
    endloop
  endfacet
  facet normal -0.941554 0.336861 0
    outer loop
      vertex -6.03445 -8.43222 2
      vertex -6.0609 -8.50615 0
      vertex -6.0609 -8.50615 2
    endloop
  endfacet
  facet normal -0.857706 -0.51414 0
    outer loop
      vertex -6.09447 8.57712 0
      vertex -6.13483 8.64445 2
      vertex -6.13483 8.64445 0
    endloop
  endfacet
  facet normal -0.857706 -0.51414 0
    outer loop
      vertex -6.13483 8.64445 2
      vertex -6.09447 8.57712 0
      vertex -6.09447 8.57712 2
    endloop
  endfacet
  facet normal 0.941554 0.336861 0
    outer loop
      vertex -7.9391 -8.50615 2
      vertex -7.96555 -8.43222 0
      vertex -7.96555 -8.43222 2
    endloop
  endfacet
  facet normal 0.941554 0.336861 0
    outer loop
      vertex -7.96555 -8.43222 0
      vertex -7.9391 -8.50615 2
      vertex -7.9391 -8.50615 0
    endloop
  endfacet
  facet normal 0.989173 -0.146752 0
    outer loop
      vertex -7.99614 8.27841 2
      vertex -7.98462 8.35606 0
      vertex -7.98462 8.35606 2
    endloop
  endfacet
  facet normal 0.989173 -0.146752 0
    outer loop
      vertex -7.98462 8.35606 0
      vertex -7.99614 8.27841 2
      vertex -7.99614 8.27841 0
    endloop
  endfacet
  facet normal 0.970053 -0.242895 0
    outer loop
      vertex -7.98462 8.35606 2
      vertex -7.96555 8.43222 0
      vertex -7.96555 8.43222 2
    endloop
  endfacet
  facet normal 0.970053 -0.242895 0
    outer loop
      vertex -7.96555 8.43222 0
      vertex -7.98462 8.35606 2
      vertex -7.98462 8.35606 0
    endloop
  endfacet
  facet normal -0.989173 0.146752 0
    outer loop
      vertex -6.01538 -8.35606 0
      vertex -6.00386 -8.27841 2
      vertex -6.00386 -8.27841 0
    endloop
  endfacet
  facet normal -0.989173 0.146752 0
    outer loop
      vertex -6.00386 -8.27841 2
      vertex -6.01538 -8.35606 0
      vertex -6.01538 -8.35606 2
    endloop
  endfacet
  facet normal 0.595691 0.803214 -0
    outer loop
      vertex -7.64445 -8.86517 0
      vertex -7.7075 -8.81841 2
      vertex -7.64445 -8.86517 2
    endloop
  endfacet
  facet normal 0.595691 0.803214 0
    outer loop
      vertex -7.7075 -8.81841 2
      vertex -7.64445 -8.86517 0
      vertex -7.7075 -8.81841 0
    endloop
  endfacet
  facet normal -0.671417 -0.74108 0
    outer loop
      vertex -6.2925 8.81841 0
      vertex -6.23431 8.76569 2
      vertex -6.2925 8.81841 2
    endloop
  endfacet
  facet normal -0.671417 -0.74108 -0
    outer loop
      vertex -6.23431 8.76569 2
      vertex -6.2925 8.81841 0
      vertex -6.23431 8.76569 0
    endloop
  endfacet
  facet normal 0.74108 -0.671417 0
    outer loop
      vertex -7.81841 8.7075 2
      vertex -7.76569 8.76569 0
      vertex -7.76569 8.76569 2
    endloop
  endfacet
  facet normal 0.74108 -0.671417 0
    outer loop
      vertex -7.76569 8.76569 0
      vertex -7.81841 8.7075 2
      vertex -7.81841 8.7075 0
    endloop
  endfacet
  facet normal 0 -1 0
    outer loop
      vertex -7.2 9 0
      vertex -6.8 9 2
      vertex -7.2 9 2
    endloop
  endfacet
  facet normal 0 -1 -0
    outer loop
      vertex -6.8 9 2
      vertex -7.2 9 0
      vertex -6.8 9 0
    endloop
  endfacet
  facet normal -0.336861 0.941554 0
    outer loop
      vertex -6.49385 -8.9391 0
      vertex -6.56778 -8.96555 2
      vertex -6.49385 -8.9391 2
    endloop
  endfacet
  facet normal -0.336861 0.941554 0
    outer loop
      vertex -6.56778 -8.96555 2
      vertex -6.49385 -8.9391 0
      vertex -6.56778 -8.96555 0
    endloop
  endfacet
  facet normal -0.989173 -0.146752 0
    outer loop
      vertex -6.00386 8.27841 0
      vertex -6.01538 8.35606 2
      vertex -6.01538 8.35606 0
    endloop
  endfacet
  facet normal -0.989173 -0.146752 0
    outer loop
      vertex -6.01538 8.35606 2
      vertex -6.00386 8.27841 0
      vertex -6.00386 8.27841 2
    endloop
  endfacet
  facet normal 0.146752 -0.989173 0
    outer loop
      vertex -7.35606 8.98462 0
      vertex -7.27841 8.99614 2
      vertex -7.35606 8.98462 2
    endloop
  endfacet
  facet normal 0.146752 -0.989173 0
    outer loop
      vertex -7.27841 8.99614 2
      vertex -7.35606 8.98462 0
      vertex -7.27841 8.99614 0
    endloop
  endfacet
  facet normal 0.857706 0.51414 0
    outer loop
      vertex -7.86517 -8.64445 2
      vertex -7.90553 -8.57712 0
      vertex -7.90553 -8.57712 2
    endloop
  endfacet
  facet normal 0.857706 0.51414 0
    outer loop
      vertex -7.90553 -8.57712 0
      vertex -7.86517 -8.64445 2
      vertex -7.86517 -8.64445 0
    endloop
  endfacet
  facet normal 0.970053 0.242895 0
    outer loop
      vertex -7.96555 -8.43222 2
      vertex -7.98462 -8.35606 0
      vertex -7.98462 -8.35606 2
    endloop
  endfacet
  facet normal 0.970053 0.242895 0
    outer loop
      vertex -7.98462 -8.35606 0
      vertex -7.96555 -8.43222 2
      vertex -7.96555 -8.43222 0
    endloop
  endfacet
  facet normal 0.903971 0.427594 0
    outer loop
      vertex -7.90553 -8.57712 2
      vertex -7.9391 -8.50615 0
      vertex -7.9391 -8.50615 2
    endloop
  endfacet
  facet normal 0.903971 0.427594 0
    outer loop
      vertex -7.9391 -8.50615 0
      vertex -7.90553 -8.57712 2
      vertex -7.90553 -8.57712 0
    endloop
  endfacet
  facet normal 0.903971 -0.427594 0
    outer loop
      vertex -7.9391 8.50615 2
      vertex -7.90553 8.57712 0
      vertex -7.90553 8.57712 2
    endloop
  endfacet
  facet normal 0.903971 -0.427594 0
    outer loop
      vertex -7.90553 8.57712 0
      vertex -7.9391 8.50615 2
      vertex -7.9391 8.50615 0
    endloop
  endfacet
  facet normal 0.99879 -0.0491689 0
    outer loop
      vertex -8 8.2 2
      vertex -7.99614 8.27841 0
      vertex -7.99614 8.27841 2
    endloop
  endfacet
  facet normal 0.99879 -0.0491689 0
    outer loop
      vertex -7.99614 8.27841 0
      vertex -8 8.2 2
      vertex -8 8.2 0
    endloop
  endfacet
  facet normal -0.146752 0.989173 0
    outer loop
      vertex -6.64394 -8.98462 0
      vertex -6.72159 -8.99614 2
      vertex -6.64394 -8.98462 2
    endloop
  endfacet
  facet normal -0.146752 0.989173 0
    outer loop
      vertex -6.72159 -8.99614 2
      vertex -6.64394 -8.98462 0
      vertex -6.72159 -8.99614 0
    endloop
  endfacet
  facet normal 0.427594 -0.903971 0
    outer loop
      vertex -7.57712 8.90553 0
      vertex -7.50615 8.9391 2
      vertex -7.57712 8.90553 2
    endloop
  endfacet
  facet normal 0.427594 -0.903971 0
    outer loop
      vertex -7.50615 8.9391 2
      vertex -7.57712 8.90553 0
      vertex -7.50615 8.9391 0
    endloop
  endfacet
  facet normal 0.336861 -0.941554 0
    outer loop
      vertex -7.50615 8.9391 0
      vertex -7.43222 8.96555 2
      vertex -7.50615 8.9391 2
    endloop
  endfacet
  facet normal 0.336861 -0.941554 0
    outer loop
      vertex -7.43222 8.96555 2
      vertex -7.50615 8.9391 0
      vertex -7.43222 8.96555 0
    endloop
  endfacet
  facet normal 0.803214 -0.595691 0
    outer loop
      vertex -7.86517 8.64445 2
      vertex -7.81841 8.7075 0
      vertex -7.81841 8.7075 2
    endloop
  endfacet
  facet normal 0.803214 -0.595691 0
    outer loop
      vertex -7.81841 8.7075 0
      vertex -7.86517 8.64445 2
      vertex -7.86517 8.64445 0
    endloop
  endfacet
  facet normal -0.51414 -0.857706 0
    outer loop
      vertex -6.42288 8.90553 0
      vertex -6.35555 8.86517 2
      vertex -6.42288 8.90553 2
    endloop
  endfacet
  facet normal -0.51414 -0.857706 -0
    outer loop
      vertex -6.35555 8.86517 2
      vertex -6.42288 8.90553 0
      vertex -6.35555 8.86517 0
    endloop
  endfacet
  facet normal -0.857706 0.51414 0
    outer loop
      vertex -6.13483 -8.64445 0
      vertex -6.09447 -8.57712 2
      vertex -6.09447 -8.57712 0
    endloop
  endfacet
  facet normal -0.857706 0.51414 0
    outer loop
      vertex -6.09447 -8.57712 2
      vertex -6.13483 -8.64445 0
      vertex -6.13483 -8.64445 2
    endloop
  endfacet
  facet normal 0.74108 0.671417 0
    outer loop
      vertex -7.76569 -8.76569 2
      vertex -7.81841 -8.7075 0
      vertex -7.81841 -8.7075 2
    endloop
  endfacet
  facet normal 0.74108 0.671417 0
    outer loop
      vertex -7.81841 -8.7075 0
      vertex -7.76569 -8.76569 2
      vertex -7.76569 -8.76569 0
    endloop
  endfacet
  facet normal -0.970053 0.242895 0
    outer loop
      vertex -6.03445 -8.43222 0
      vertex -6.01538 -8.35606 2
      vertex -6.01538 -8.35606 0
    endloop
  endfacet
  facet normal -0.970053 0.242895 0
    outer loop
      vertex -6.01538 -8.35606 2
      vertex -6.03445 -8.43222 0
      vertex -6.03445 -8.43222 2
    endloop
  endfacet
  facet normal -0.970053 -0.242895 0
    outer loop
      vertex -6.01538 8.35606 0
      vertex -6.03445 8.43222 2
      vertex -6.03445 8.43222 0
    endloop
  endfacet
  facet normal -0.970053 -0.242895 0
    outer loop
      vertex -6.03445 8.43222 2
      vertex -6.01538 8.35606 0
      vertex -6.01538 8.35606 2
    endloop
  endfacet
  facet normal -0.595691 -0.803214 0
    outer loop
      vertex -6.35555 8.86517 0
      vertex -6.2925 8.81841 2
      vertex -6.35555 8.86517 2
    endloop
  endfacet
  facet normal -0.595691 -0.803214 -0
    outer loop
      vertex -6.2925 8.81841 2
      vertex -6.35555 8.86517 0
      vertex -6.2925 8.81841 0
    endloop
  endfacet
  facet normal 0.0491689 -0.99879 0
    outer loop
      vertex -7.27841 8.99614 0
      vertex -7.2 9 2
      vertex -7.27841 8.99614 2
    endloop
  endfacet
  facet normal 0.0491689 -0.99879 0
    outer loop
      vertex -7.2 9 2
      vertex -7.27841 8.99614 0
      vertex -7.2 9 0
    endloop
  endfacet
  facet normal -0.146752 -0.989173 0
    outer loop
      vertex -6.72159 8.99614 0
      vertex -6.64394 8.98462 2
      vertex -6.72159 8.99614 2
    endloop
  endfacet
  facet normal -0.146752 -0.989173 -0
    outer loop
      vertex -6.64394 8.98462 2
      vertex -6.72159 8.99614 0
      vertex -6.64394 8.98462 0
    endloop
  endfacet
  facet normal -0.903971 0.427594 0
    outer loop
      vertex -6.09447 -8.57712 0
      vertex -6.0609 -8.50615 2
      vertex -6.0609 -8.50615 0
    endloop
  endfacet
  facet normal -0.903971 0.427594 0
    outer loop
      vertex -6.0609 -8.50615 2
      vertex -6.09447 -8.57712 0
      vertex -6.09447 -8.57712 2
    endloop
  endfacet
  facet normal -0.74108 -0.671417 0
    outer loop
      vertex -6.18159 8.7075 0
      vertex -6.23431 8.76569 2
      vertex -6.23431 8.76569 0
    endloop
  endfacet
  facet normal -0.74108 -0.671417 0
    outer loop
      vertex -6.23431 8.76569 2
      vertex -6.18159 8.7075 0
      vertex -6.18159 8.7075 2
    endloop
  endfacet
  facet normal -0.336861 -0.941554 0
    outer loop
      vertex -6.56778 8.96555 0
      vertex -6.49385 8.9391 2
      vertex -6.56778 8.96555 2
    endloop
  endfacet
  facet normal -0.336861 -0.941554 -0
    outer loop
      vertex -6.49385 8.9391 2
      vertex -6.56778 8.96555 0
      vertex -6.49385 8.9391 0
    endloop
  endfacet
  facet normal -0.99879 0.0491689 0
    outer loop
      vertex -6.00386 -8.27841 0
      vertex -6 -8.2 2
      vertex -6 -8.2 0
    endloop
  endfacet
  facet normal -0.99879 0.0491689 0
    outer loop
      vertex -6 -8.2 2
      vertex -6.00386 -8.27841 0
      vertex -6.00386 -8.27841 2
    endloop
  endfacet
  facet normal -0.0491689 -0.99879 0
    outer loop
      vertex -6.8 9 0
      vertex -6.72159 8.99614 2
      vertex -6.8 9 2
    endloop
  endfacet
  facet normal -0.0491689 -0.99879 -0
    outer loop
      vertex -6.72159 8.99614 2
      vertex -6.8 9 0
      vertex -6.72159 8.99614 0
    endloop
  endfacet
  facet normal -0.427594 -0.903971 0
    outer loop
      vertex -6.49385 8.9391 0
      vertex -6.42288 8.90553 2
      vertex -6.49385 8.9391 2
    endloop
  endfacet
  facet normal -0.427594 -0.903971 -0
    outer loop
      vertex -6.42288 8.90553 2
      vertex -6.49385 8.9391 0
      vertex -6.42288 8.90553 0
    endloop
  endfacet
  facet normal -0.803214 0.595691 0
    outer loop
      vertex -6.18159 -8.7075 0
      vertex -6.13483 -8.64445 2
      vertex -6.13483 -8.64445 0
    endloop
  endfacet
  facet normal -0.803214 0.595691 0
    outer loop
      vertex -6.13483 -8.64445 2
      vertex -6.18159 -8.7075 0
      vertex -6.18159 -8.7075 2
    endloop
  endfacet
  facet normal -0.671417 0.74108 0
    outer loop
      vertex -6.23431 -8.76569 0
      vertex -6.2925 -8.81841 2
      vertex -6.23431 -8.76569 2
    endloop
  endfacet
  facet normal -0.671417 0.74108 0
    outer loop
      vertex -6.2925 -8.81841 2
      vertex -6.23431 -8.76569 0
      vertex -6.2925 -8.81841 0
    endloop
  endfacet
  facet normal -0.595697 0.80321 0
    outer loop
      vertex 0.707504 -8.81841 0
      vertex 0.644455 -8.86517 2
      vertex 0.707504 -8.81841 2
    endloop
  endfacet
  facet normal -0.595697 0.80321 0
    outer loop
      vertex 0.644455 -8.86517 2
      vertex 0.707504 -8.81841 0
      vertex 0.644455 -8.86517 0
    endloop
  endfacet
  facet normal 0.336865 0.941553 -0
    outer loop
      vertex -0.43222 -8.96555 0
      vertex -0.506149 -8.9391 2
      vertex -0.43222 -8.96555 2
    endloop
  endfacet
  facet normal 0.336865 0.941553 0
    outer loop
      vertex -0.506149 -8.9391 2
      vertex -0.43222 -8.96555 0
      vertex -0.506149 -8.9391 0
    endloop
  endfacet
  facet normal -0.5141 0.85773 0
    outer loop
      vertex 0.644455 -8.86517 0
      vertex 0.577118 -8.90553 2
      vertex 0.644455 -8.86517 2
    endloop
  endfacet
  facet normal -0.5141 0.85773 0
    outer loop
      vertex 0.577118 -8.90553 2
      vertex 0.644455 -8.86517 0
      vertex 0.577118 -8.90553 0
    endloop
  endfacet
  facet normal 1 -0 0
    outer loop
      vertex -1 -8.2 2
      vertex -1 8.2 0
      vertex -1 8.2 2
    endloop
  endfacet
  facet normal 1 0 0
    outer loop
      vertex -1 8.2 0
      vertex -1 -8.2 2
      vertex -1 -8.2 0
    endloop
  endfacet
  facet normal -0.0491657 0.998791 0
    outer loop
      vertex 0.278412 -8.99614 0
      vertex 0.199997 -9 2
      vertex 0.278412 -8.99614 2
    endloop
  endfacet
  facet normal -0.0491657 0.998791 0
    outer loop
      vertex 0.199997 -9 2
      vertex 0.278412 -8.99614 0
      vertex 0.199997 -9 0
    endloop
  endfacet
  facet normal 0.941579 -0.336793 0
    outer loop
      vertex -0.965546 8.43222 2
      vertex -0.939102 8.50615 0
      vertex -0.939102 8.50615 2
    endloop
  endfacet
  facet normal 0.941579 -0.336793 0
    outer loop
      vertex -0.939102 8.50615 0
      vertex -0.965546 8.43222 2
      vertex -0.965546 8.43222 0
    endloop
  endfacet
  facet normal 0.427598 0.903969 -0
    outer loop
      vertex -0.506149 -8.9391 0
      vertex -0.577118 -8.90553 2
      vertex -0.506149 -8.9391 2
    endloop
  endfacet
  facet normal 0.427598 0.903969 0
    outer loop
      vertex -0.577118 -8.90553 2
      vertex -0.506149 -8.9391 0
      vertex -0.577118 -8.90553 0
    endloop
  endfacet
  facet normal 0 1 -0
    outer loop
      vertex 0.199997 -9 0
      vertex -0.199997 -9 2
      vertex 0.199997 -9 2
    endloop
  endfacet
  facet normal 0 1 0
    outer loop
      vertex -0.199997 -9 2
      vertex 0.199997 -9 0
      vertex -0.199997 -9 0
    endloop
  endfacet
  facet normal 0.146748 0.989174 -0
    outer loop
      vertex -0.278412 -8.99614 0
      vertex -0.356064 -8.98462 2
      vertex -0.278412 -8.99614 2
    endloop
  endfacet
  facet normal 0.146748 0.989174 0
    outer loop
      vertex -0.356064 -8.98462 2
      vertex -0.278412 -8.99614 0
      vertex -0.356064 -8.98462 0
    endloop
  endfacet
  facet normal 0.671467 0.741034 -0
    outer loop
      vertex -0.707504 -8.81841 0
      vertex -0.765686 -8.76569 2
      vertex -0.707504 -8.81841 2
    endloop
  endfacet
  facet normal 0.671467 0.741034 0
    outer loop
      vertex -0.765686 -8.76569 2
      vertex -0.707504 -8.81841 0
      vertex -0.765686 -8.76569 0
    endloop
  endfacet
  facet normal -1 0 0
    outer loop
      vertex 1 -8.2 0
      vertex 1 8.2 2
      vertex 1 8.2 0
    endloop
  endfacet
  facet normal -1 -0 0
    outer loop
      vertex 1 8.2 2
      vertex 1 -8.2 0
      vertex 1 -8.2 2
    endloop
  endfacet
  facet normal 0.5141 0.85773 -0
    outer loop
      vertex -0.577118 -8.90553 0
      vertex -0.644455 -8.86517 2
      vertex -0.577118 -8.90553 2
    endloop
  endfacet
  facet normal 0.5141 0.85773 0
    outer loop
      vertex -0.644455 -8.86517 2
      vertex -0.577118 -8.90553 0
      vertex -0.644455 -8.86517 0
    endloop
  endfacet
  facet normal 0.671467 -0.741034 0
    outer loop
      vertex -0.765686 8.76569 0
      vertex -0.707504 8.81841 2
      vertex -0.765686 8.76569 2
    endloop
  endfacet
  facet normal 0.671467 -0.741034 0
    outer loop
      vertex -0.707504 8.81841 2
      vertex -0.765686 8.76569 0
      vertex -0.707504 8.81841 0
    endloop
  endfacet
  facet normal -0.242907 -0.97005 0
    outer loop
      vertex 0.356064 8.98462 0
      vertex 0.43222 8.96555 2
      vertex 0.356064 8.98462 2
    endloop
  endfacet
  facet normal -0.242907 -0.97005 -0
    outer loop
      vertex 0.43222 8.96555 2
      vertex 0.356064 8.98462 0
      vertex 0.43222 8.96555 0
    endloop
  endfacet
  facet normal 0.99879 0.0491689 0
    outer loop
      vertex -0.99614 -8.27841 2
      vertex -1 -8.2 0
      vertex -1 -8.2 2
    endloop
  endfacet
  facet normal 0.99879 0.0491689 0
    outer loop
      vertex -1 -8.2 0
      vertex -0.99614 -8.27841 2
      vertex -0.99614 -8.27841 0
    endloop
  endfacet
  facet normal -0.803165 -0.595756 0
    outer loop
      vertex 0.865173 8.64445 0
      vertex 0.818405 8.7075 2
      vertex 0.818405 8.7075 0
    endloop
  endfacet
  facet normal -0.803165 -0.595756 0
    outer loop
      vertex 0.818405 8.7075 2
      vertex 0.865173 8.64445 0
      vertex 0.865173 8.64445 2
    endloop
  endfacet
  facet normal -0.427598 0.903969 0
    outer loop
      vertex 0.577118 -8.90553 0
      vertex 0.506149 -8.9391 2
      vertex 0.577118 -8.90553 2
    endloop
  endfacet
  facet normal -0.427598 0.903969 0
    outer loop
      vertex 0.506149 -8.9391 2
      vertex 0.577118 -8.90553 0
      vertex 0.506149 -8.9391 0
    endloop
  endfacet
  facet normal 0.5141 -0.85773 0
    outer loop
      vertex -0.644455 8.86517 0
      vertex -0.577118 8.90553 2
      vertex -0.644455 8.86517 2
    endloop
  endfacet
  facet normal 0.5141 -0.85773 0
    outer loop
      vertex -0.577118 8.90553 2
      vertex -0.644455 8.86517 0
      vertex -0.577118 8.90553 0
    endloop
  endfacet
  facet normal -0.99879 -0.0491689 0
    outer loop
      vertex 1 8.2 0
      vertex 0.99614 8.27841 2
      vertex 0.99614 8.27841 0
    endloop
  endfacet
  facet normal -0.99879 -0.0491689 0
    outer loop
      vertex 0.99614 8.27841 2
      vertex 1 8.2 0
      vertex 1 8.2 2
    endloop
  endfacet
  facet normal 0.242907 0.97005 -0
    outer loop
      vertex -0.356064 -8.98462 0
      vertex -0.43222 -8.96555 2
      vertex -0.356064 -8.98462 2
    endloop
  endfacet
  facet normal 0.242907 0.97005 0
    outer loop
      vertex -0.43222 -8.96555 2
      vertex -0.356064 -8.98462 0
      vertex -0.43222 -8.96555 0
    endloop
  endfacet
  facet normal 0.857706 -0.51414 0
    outer loop
      vertex -0.905533 8.57712 2
      vertex -0.865173 8.64445 0
      vertex -0.865173 8.64445 2
    endloop
  endfacet
  facet normal 0.857706 -0.51414 0
    outer loop
      vertex -0.865173 8.64445 0
      vertex -0.905533 8.57712 2
      vertex -0.905533 8.57712 0
    endloop
  endfacet
  facet normal 0.242907 -0.97005 0
    outer loop
      vertex -0.43222 8.96555 0
      vertex -0.356064 8.98462 2
      vertex -0.43222 8.96555 2
    endloop
  endfacet
  facet normal 0.242907 -0.97005 0
    outer loop
      vertex -0.356064 8.98462 2
      vertex -0.43222 8.96555 0
      vertex -0.356064 8.98462 0
    endloop
  endfacet
  facet normal 0.803165 0.595756 0
    outer loop
      vertex -0.818405 -8.7075 2
      vertex -0.865173 -8.64445 0
      vertex -0.865173 -8.64445 2
    endloop
  endfacet
  facet normal 0.803165 0.595756 0
    outer loop
      vertex -0.865173 -8.64445 0
      vertex -0.818405 -8.7075 2
      vertex -0.818405 -8.7075 0
    endloop
  endfacet
  facet normal 0.989171 0.146764 0
    outer loop
      vertex -0.984619 -8.35606 2
      vertex -0.99614 -8.27841 0
      vertex -0.99614 -8.27841 2
    endloop
  endfacet
  facet normal 0.989171 0.146764 0
    outer loop
      vertex -0.99614 -8.27841 0
      vertex -0.984619 -8.35606 2
      vertex -0.984619 -8.35606 0
    endloop
  endfacet
  facet normal -0.242907 0.97005 0
    outer loop
      vertex 0.43222 -8.96555 0
      vertex 0.356064 -8.98462 2
      vertex 0.43222 -8.96555 2
    endloop
  endfacet
  facet normal -0.242907 0.97005 0
    outer loop
      vertex 0.356064 -8.98462 2
      vertex 0.43222 -8.96555 0
      vertex 0.356064 -8.98462 0
    endloop
  endfacet
  facet normal -0.741086 0.67141 0
    outer loop
      vertex 0.765686 -8.76569 0
      vertex 0.818405 -8.7075 2
      vertex 0.818405 -8.7075 0
    endloop
  endfacet
  facet normal -0.741086 0.67141 0
    outer loop
      vertex 0.818405 -8.7075 2
      vertex 0.765686 -8.76569 0
      vertex 0.765686 -8.76569 2
    endloop
  endfacet
  facet normal 0.0491657 0.998791 -0
    outer loop
      vertex -0.199997 -9 0
      vertex -0.278412 -8.99614 2
      vertex -0.199997 -9 2
    endloop
  endfacet
  facet normal 0.0491657 0.998791 0
    outer loop
      vertex -0.278412 -8.99614 2
      vertex -0.199997 -9 0
      vertex -0.278412 -8.99614 0
    endloop
  endfacet
  facet normal -0.941579 -0.336793 0
    outer loop
      vertex 0.965546 8.43222 0
      vertex 0.939102 8.50615 2
      vertex 0.939102 8.50615 0
    endloop
  endfacet
  facet normal -0.941579 -0.336793 0
    outer loop
      vertex 0.939102 8.50615 2
      vertex 0.965546 8.43222 0
      vertex 0.965546 8.43222 2
    endloop
  endfacet
  facet normal 0.595697 -0.80321 0
    outer loop
      vertex -0.707504 8.81841 0
      vertex -0.644455 8.86517 2
      vertex -0.707504 8.81841 2
    endloop
  endfacet
  facet normal 0.595697 -0.80321 0
    outer loop
      vertex -0.644455 8.86517 2
      vertex -0.707504 8.81841 0
      vertex -0.644455 8.86517 0
    endloop
  endfacet
  facet normal -0.903976 -0.427583 0
    outer loop
      vertex 0.939102 8.50615 0
      vertex 0.905533 8.57712 2
      vertex 0.905533 8.57712 0
    endloop
  endfacet
  facet normal -0.903976 -0.427583 0
    outer loop
      vertex 0.905533 8.57712 2
      vertex 0.939102 8.50615 0
      vertex 0.939102 8.50615 2
    endloop
  endfacet
  facet normal -0.941579 0.336793 0
    outer loop
      vertex 0.939102 -8.50615 0
      vertex 0.965546 -8.43222 2
      vertex 0.965546 -8.43222 0
    endloop
  endfacet
  facet normal -0.941579 0.336793 0
    outer loop
      vertex 0.965546 -8.43222 2
      vertex 0.939102 -8.50615 0
      vertex 0.939102 -8.50615 2
    endloop
  endfacet
  facet normal -0.857706 -0.51414 0
    outer loop
      vertex 0.905533 8.57712 0
      vertex 0.865173 8.64445 2
      vertex 0.865173 8.64445 0
    endloop
  endfacet
  facet normal -0.857706 -0.51414 0
    outer loop
      vertex 0.865173 8.64445 2
      vertex 0.905533 8.57712 0
      vertex 0.905533 8.57712 2
    endloop
  endfacet
  facet normal 0.941579 0.336793 0
    outer loop
      vertex -0.939102 -8.50615 2
      vertex -0.965546 -8.43222 0
      vertex -0.965546 -8.43222 2
    endloop
  endfacet
  facet normal 0.941579 0.336793 0
    outer loop
      vertex -0.965546 -8.43222 0
      vertex -0.939102 -8.50615 2
      vertex -0.939102 -8.50615 0
    endloop
  endfacet
  facet normal 0.989171 -0.146764 0
    outer loop
      vertex -0.99614 8.27841 2
      vertex -0.984619 8.35606 0
      vertex -0.984619 8.35606 2
    endloop
  endfacet
  facet normal 0.989171 -0.146764 0
    outer loop
      vertex -0.984619 8.35606 0
      vertex -0.99614 8.27841 2
      vertex -0.99614 8.27841 0
    endloop
  endfacet
  facet normal 0.970044 -0.242931 0
    outer loop
      vertex -0.984619 8.35606 2
      vertex -0.965546 8.43222 0
      vertex -0.965546 8.43222 2
    endloop
  endfacet
  facet normal 0.970044 -0.242931 0
    outer loop
      vertex -0.965546 8.43222 0
      vertex -0.984619 8.35606 2
      vertex -0.984619 8.35606 0
    endloop
  endfacet
  facet normal -0.989171 0.146764 0
    outer loop
      vertex 0.984619 -8.35606 0
      vertex 0.99614 -8.27841 2
      vertex 0.99614 -8.27841 0
    endloop
  endfacet
  facet normal -0.989171 0.146764 0
    outer loop
      vertex 0.99614 -8.27841 2
      vertex 0.984619 -8.35606 0
      vertex 0.984619 -8.35606 2
    endloop
  endfacet
  facet normal 0.595697 0.80321 -0
    outer loop
      vertex -0.644455 -8.86517 0
      vertex -0.707504 -8.81841 2
      vertex -0.644455 -8.86517 2
    endloop
  endfacet
  facet normal 0.595697 0.80321 0
    outer loop
      vertex -0.707504 -8.81841 2
      vertex -0.644455 -8.86517 0
      vertex -0.707504 -8.81841 0
    endloop
  endfacet
  facet normal -0.671467 -0.741034 0
    outer loop
      vertex 0.707504 8.81841 0
      vertex 0.765686 8.76569 2
      vertex 0.707504 8.81841 2
    endloop
  endfacet
  facet normal -0.671467 -0.741034 -0
    outer loop
      vertex 0.765686 8.76569 2
      vertex 0.707504 8.81841 0
      vertex 0.765686 8.76569 0
    endloop
  endfacet
  facet normal 0.741086 -0.67141 0
    outer loop
      vertex -0.818405 8.7075 2
      vertex -0.765686 8.76569 0
      vertex -0.765686 8.76569 2
    endloop
  endfacet
  facet normal 0.741086 -0.67141 0
    outer loop
      vertex -0.765686 8.76569 0
      vertex -0.818405 8.7075 2
      vertex -0.818405 8.7075 0
    endloop
  endfacet
  facet normal 0 -1 0
    outer loop
      vertex -0.199997 9 0
      vertex 0.199997 9 2
      vertex -0.199997 9 2
    endloop
  endfacet
  facet normal 0 -1 -0
    outer loop
      vertex 0.199997 9 2
      vertex -0.199997 9 0
      vertex 0.199997 9 0
    endloop
  endfacet
  facet normal -0.336865 0.941553 0
    outer loop
      vertex 0.506149 -8.9391 0
      vertex 0.43222 -8.96555 2
      vertex 0.506149 -8.9391 2
    endloop
  endfacet
  facet normal -0.336865 0.941553 0
    outer loop
      vertex 0.43222 -8.96555 2
      vertex 0.506149 -8.9391 0
      vertex 0.43222 -8.96555 0
    endloop
  endfacet
  facet normal -0.989171 -0.146764 0
    outer loop
      vertex 0.99614 8.27841 0
      vertex 0.984619 8.35606 2
      vertex 0.984619 8.35606 0
    endloop
  endfacet
  facet normal -0.989171 -0.146764 0
    outer loop
      vertex 0.984619 8.35606 2
      vertex 0.99614 8.27841 0
      vertex 0.99614 8.27841 2
    endloop
  endfacet
  facet normal 0.146748 -0.989174 0
    outer loop
      vertex -0.356064 8.98462 0
      vertex -0.278412 8.99614 2
      vertex -0.356064 8.98462 2
    endloop
  endfacet
  facet normal 0.146748 -0.989174 0
    outer loop
      vertex -0.278412 8.99614 2
      vertex -0.356064 8.98462 0
      vertex -0.278412 8.99614 0
    endloop
  endfacet
  facet normal 0.857706 0.51414 0
    outer loop
      vertex -0.865173 -8.64445 2
      vertex -0.905533 -8.57712 0
      vertex -0.905533 -8.57712 2
    endloop
  endfacet
  facet normal 0.857706 0.51414 0
    outer loop
      vertex -0.905533 -8.57712 0
      vertex -0.865173 -8.64445 2
      vertex -0.865173 -8.64445 0
    endloop
  endfacet
  facet normal 0.970044 0.242931 0
    outer loop
      vertex -0.965546 -8.43222 2
      vertex -0.984619 -8.35606 0
      vertex -0.984619 -8.35606 2
    endloop
  endfacet
  facet normal 0.970044 0.242931 0
    outer loop
      vertex -0.984619 -8.35606 0
      vertex -0.965546 -8.43222 2
      vertex -0.965546 -8.43222 0
    endloop
  endfacet
  facet normal 0.903976 0.427583 0
    outer loop
      vertex -0.905533 -8.57712 2
      vertex -0.939102 -8.50615 0
      vertex -0.939102 -8.50615 2
    endloop
  endfacet
  facet normal 0.903976 0.427583 0
    outer loop
      vertex -0.939102 -8.50615 0
      vertex -0.905533 -8.57712 2
      vertex -0.905533 -8.57712 0
    endloop
  endfacet
  facet normal 0.903976 -0.427583 0
    outer loop
      vertex -0.939102 8.50615 2
      vertex -0.905533 8.57712 0
      vertex -0.905533 8.57712 2
    endloop
  endfacet
  facet normal 0.903976 -0.427583 0
    outer loop
      vertex -0.905533 8.57712 0
      vertex -0.939102 8.50615 2
      vertex -0.939102 8.50615 0
    endloop
  endfacet
  facet normal 0.99879 -0.0491689 0
    outer loop
      vertex -1 8.2 2
      vertex -0.99614 8.27841 0
      vertex -0.99614 8.27841 2
    endloop
  endfacet
  facet normal 0.99879 -0.0491689 0
    outer loop
      vertex -0.99614 8.27841 0
      vertex -1 8.2 2
      vertex -1 8.2 0
    endloop
  endfacet
  facet normal -0.146748 0.989174 0
    outer loop
      vertex 0.356064 -8.98462 0
      vertex 0.278412 -8.99614 2
      vertex 0.356064 -8.98462 2
    endloop
  endfacet
  facet normal -0.146748 0.989174 0
    outer loop
      vertex 0.278412 -8.99614 2
      vertex 0.356064 -8.98462 0
      vertex 0.278412 -8.99614 0
    endloop
  endfacet
  facet normal 0.427598 -0.903969 0
    outer loop
      vertex -0.577118 8.90553 0
      vertex -0.506149 8.9391 2
      vertex -0.577118 8.90553 2
    endloop
  endfacet
  facet normal 0.427598 -0.903969 0
    outer loop
      vertex -0.506149 8.9391 2
      vertex -0.577118 8.90553 0
      vertex -0.506149 8.9391 0
    endloop
  endfacet
  facet normal 0.336865 -0.941553 0
    outer loop
      vertex -0.506149 8.9391 0
      vertex -0.43222 8.96555 2
      vertex -0.506149 8.9391 2
    endloop
  endfacet
  facet normal 0.336865 -0.941553 0
    outer loop
      vertex -0.43222 8.96555 2
      vertex -0.506149 8.9391 0
      vertex -0.43222 8.96555 0
    endloop
  endfacet
  facet normal 0.803165 -0.595756 0
    outer loop
      vertex -0.865173 8.64445 2
      vertex -0.818405 8.7075 0
      vertex -0.818405 8.7075 2
    endloop
  endfacet
  facet normal 0.803165 -0.595756 0
    outer loop
      vertex -0.818405 8.7075 0
      vertex -0.865173 8.64445 2
      vertex -0.865173 8.64445 0
    endloop
  endfacet
  facet normal -0.5141 -0.85773 0
    outer loop
      vertex 0.577118 8.90553 0
      vertex 0.644455 8.86517 2
      vertex 0.577118 8.90553 2
    endloop
  endfacet
  facet normal -0.5141 -0.85773 -0
    outer loop
      vertex 0.644455 8.86517 2
      vertex 0.577118 8.90553 0
      vertex 0.644455 8.86517 0
    endloop
  endfacet
  facet normal -0.857706 0.51414 0
    outer loop
      vertex 0.865173 -8.64445 0
      vertex 0.905533 -8.57712 2
      vertex 0.905533 -8.57712 0
    endloop
  endfacet
  facet normal -0.857706 0.51414 0
    outer loop
      vertex 0.905533 -8.57712 2
      vertex 0.865173 -8.64445 0
      vertex 0.865173 -8.64445 2
    endloop
  endfacet
  facet normal 0.741086 0.67141 0
    outer loop
      vertex -0.765686 -8.76569 2
      vertex -0.818405 -8.7075 0
      vertex -0.818405 -8.7075 2
    endloop
  endfacet
  facet normal 0.741086 0.67141 0
    outer loop
      vertex -0.818405 -8.7075 0
      vertex -0.765686 -8.76569 2
      vertex -0.765686 -8.76569 0
    endloop
  endfacet
  facet normal -0.970044 0.242931 0
    outer loop
      vertex 0.965546 -8.43222 0
      vertex 0.984619 -8.35606 2
      vertex 0.984619 -8.35606 0
    endloop
  endfacet
  facet normal -0.970044 0.242931 0
    outer loop
      vertex 0.984619 -8.35606 2
      vertex 0.965546 -8.43222 0
      vertex 0.965546 -8.43222 2
    endloop
  endfacet
  facet normal -0.970044 -0.242931 0
    outer loop
      vertex 0.984619 8.35606 0
      vertex 0.965546 8.43222 2
      vertex 0.965546 8.43222 0
    endloop
  endfacet
  facet normal -0.970044 -0.242931 0
    outer loop
      vertex 0.965546 8.43222 2
      vertex 0.984619 8.35606 0
      vertex 0.984619 8.35606 2
    endloop
  endfacet
  facet normal -0.595697 -0.80321 0
    outer loop
      vertex 0.644455 8.86517 0
      vertex 0.707504 8.81841 2
      vertex 0.644455 8.86517 2
    endloop
  endfacet
  facet normal -0.595697 -0.80321 -0
    outer loop
      vertex 0.707504 8.81841 2
      vertex 0.644455 8.86517 0
      vertex 0.707504 8.81841 0
    endloop
  endfacet
  facet normal 0.0491657 -0.998791 0
    outer loop
      vertex -0.278412 8.99614 0
      vertex -0.199997 9 2
      vertex -0.278412 8.99614 2
    endloop
  endfacet
  facet normal 0.0491657 -0.998791 0
    outer loop
      vertex -0.199997 9 2
      vertex -0.278412 8.99614 0
      vertex -0.199997 9 0
    endloop
  endfacet
  facet normal -0.146748 -0.989174 0
    outer loop
      vertex 0.278412 8.99614 0
      vertex 0.356064 8.98462 2
      vertex 0.278412 8.99614 2
    endloop
  endfacet
  facet normal -0.146748 -0.989174 -0
    outer loop
      vertex 0.356064 8.98462 2
      vertex 0.278412 8.99614 0
      vertex 0.356064 8.98462 0
    endloop
  endfacet
  facet normal -0.903976 0.427583 0
    outer loop
      vertex 0.905533 -8.57712 0
      vertex 0.939102 -8.50615 2
      vertex 0.939102 -8.50615 0
    endloop
  endfacet
  facet normal -0.903976 0.427583 0
    outer loop
      vertex 0.939102 -8.50615 2
      vertex 0.905533 -8.57712 0
      vertex 0.905533 -8.57712 2
    endloop
  endfacet
  facet normal -0.741086 -0.67141 0
    outer loop
      vertex 0.818405 8.7075 0
      vertex 0.765686 8.76569 2
      vertex 0.765686 8.76569 0
    endloop
  endfacet
  facet normal -0.741086 -0.67141 0
    outer loop
      vertex 0.765686 8.76569 2
      vertex 0.818405 8.7075 0
      vertex 0.818405 8.7075 2
    endloop
  endfacet
  facet normal -0.336865 -0.941553 0
    outer loop
      vertex 0.43222 8.96555 0
      vertex 0.506149 8.9391 2
      vertex 0.43222 8.96555 2
    endloop
  endfacet
  facet normal -0.336865 -0.941553 -0
    outer loop
      vertex 0.506149 8.9391 2
      vertex 0.43222 8.96555 0
      vertex 0.506149 8.9391 0
    endloop
  endfacet
  facet normal -0.99879 0.0491689 0
    outer loop
      vertex 0.99614 -8.27841 0
      vertex 1 -8.2 2
      vertex 1 -8.2 0
    endloop
  endfacet
  facet normal -0.99879 0.0491689 0
    outer loop
      vertex 1 -8.2 2
      vertex 0.99614 -8.27841 0
      vertex 0.99614 -8.27841 2
    endloop
  endfacet
  facet normal -0.0491657 -0.998791 0
    outer loop
      vertex 0.199997 9 0
      vertex 0.278412 8.99614 2
      vertex 0.199997 9 2
    endloop
  endfacet
  facet normal -0.0491657 -0.998791 -0
    outer loop
      vertex 0.278412 8.99614 2
      vertex 0.199997 9 0
      vertex 0.278412 8.99614 0
    endloop
  endfacet
  facet normal -0.427598 -0.903969 0
    outer loop
      vertex 0.506149 8.9391 0
      vertex 0.577118 8.90553 2
      vertex 0.506149 8.9391 2
    endloop
  endfacet
  facet normal -0.427598 -0.903969 -0
    outer loop
      vertex 0.577118 8.90553 2
      vertex 0.506149 8.9391 0
      vertex 0.577118 8.90553 0
    endloop
  endfacet
  facet normal -0.803165 0.595756 0
    outer loop
      vertex 0.818405 -8.7075 0
      vertex 0.865173 -8.64445 2
      vertex 0.865173 -8.64445 0
    endloop
  endfacet
  facet normal -0.803165 0.595756 0
    outer loop
      vertex 0.865173 -8.64445 2
      vertex 0.818405 -8.7075 0
      vertex 0.818405 -8.7075 2
    endloop
  endfacet
  facet normal -0.671467 0.741034 0
    outer loop
      vertex 0.765686 -8.76569 0
      vertex 0.707504 -8.81841 2
      vertex 0.765686 -8.76569 2
    endloop
  endfacet
  facet normal -0.671467 0.741034 0
    outer loop
      vertex 0.707504 -8.81841 2
      vertex 0.765686 -8.76569 0
      vertex 0.707504 -8.81841 0
    endloop
  endfacet
  facet normal -0.595691 0.803214 0
    outer loop
      vertex 7.7075 -8.81841 0
      vertex 7.64445 -8.86517 2
      vertex 7.7075 -8.81841 2
    endloop
  endfacet
  facet normal -0.595691 0.803214 0
    outer loop
      vertex 7.64445 -8.86517 2
      vertex 7.7075 -8.81841 0
      vertex 7.64445 -8.86517 0
    endloop
  endfacet
  facet normal 0.336861 0.941554 -0
    outer loop
      vertex 6.56778 -8.96555 0
      vertex 6.49385 -8.9391 2
      vertex 6.56778 -8.96555 2
    endloop
  endfacet
  facet normal 0.336861 0.941554 0
    outer loop
      vertex 6.49385 -8.9391 2
      vertex 6.56778 -8.96555 0
      vertex 6.49385 -8.9391 0
    endloop
  endfacet
  facet normal -0.51414 0.857706 0
    outer loop
      vertex 7.64445 -8.86517 0
      vertex 7.57712 -8.90553 2
      vertex 7.64445 -8.86517 2
    endloop
  endfacet
  facet normal -0.51414 0.857706 0
    outer loop
      vertex 7.57712 -8.90553 2
      vertex 7.64445 -8.86517 0
      vertex 7.57712 -8.90553 0
    endloop
  endfacet
  facet normal 1 -0 0
    outer loop
      vertex 6 -8.2 2
      vertex 6 8.2 0
      vertex 6 8.2 2
    endloop
  endfacet
  facet normal 1 0 0
    outer loop
      vertex 6 8.2 0
      vertex 6 -8.2 2
      vertex 6 -8.2 0
    endloop
  endfacet
  facet normal -0.0491689 0.99879 0
    outer loop
      vertex 7.27841 -8.99614 0
      vertex 7.2 -9 2
      vertex 7.27841 -8.99614 2
    endloop
  endfacet
  facet normal -0.0491689 0.99879 0
    outer loop
      vertex 7.2 -9 2
      vertex 7.27841 -8.99614 0
      vertex 7.2 -9 0
    endloop
  endfacet
  facet normal 0.941554 -0.336861 0
    outer loop
      vertex 6.03445 8.43222 2
      vertex 6.0609 8.50615 0
      vertex 6.0609 8.50615 2
    endloop
  endfacet
  facet normal 0.941554 -0.336861 0
    outer loop
      vertex 6.0609 8.50615 0
      vertex 6.03445 8.43222 2
      vertex 6.03445 8.43222 0
    endloop
  endfacet
  facet normal 0.427594 0.903971 -0
    outer loop
      vertex 6.49385 -8.9391 0
      vertex 6.42288 -8.90553 2
      vertex 6.49385 -8.9391 2
    endloop
  endfacet
  facet normal 0.427594 0.903971 0
    outer loop
      vertex 6.42288 -8.90553 2
      vertex 6.49385 -8.9391 0
      vertex 6.42288 -8.90553 0
    endloop
  endfacet
  facet normal 0 1 -0
    outer loop
      vertex 7.2 -9 0
      vertex 6.8 -9 2
      vertex 7.2 -9 2
    endloop
  endfacet
  facet normal 0 1 0
    outer loop
      vertex 6.8 -9 2
      vertex 7.2 -9 0
      vertex 6.8 -9 0
    endloop
  endfacet
  facet normal 0.146752 0.989173 -0
    outer loop
      vertex 6.72159 -8.99614 0
      vertex 6.64394 -8.98462 2
      vertex 6.72159 -8.99614 2
    endloop
  endfacet
  facet normal 0.146752 0.989173 0
    outer loop
      vertex 6.64394 -8.98462 2
      vertex 6.72159 -8.99614 0
      vertex 6.64394 -8.98462 0
    endloop
  endfacet
  facet normal 0.671417 0.74108 -0
    outer loop
      vertex 6.2925 -8.81841 0
      vertex 6.23431 -8.76569 2
      vertex 6.2925 -8.81841 2
    endloop
  endfacet
  facet normal 0.671417 0.74108 0
    outer loop
      vertex 6.23431 -8.76569 2
      vertex 6.2925 -8.81841 0
      vertex 6.23431 -8.76569 0
    endloop
  endfacet
  facet normal -1 0 0
    outer loop
      vertex 8 -8.2 0
      vertex 8 8.2 2
      vertex 8 8.2 0
    endloop
  endfacet
  facet normal -1 -0 0
    outer loop
      vertex 8 8.2 2
      vertex 8 -8.2 0
      vertex 8 -8.2 2
    endloop
  endfacet
  facet normal 0.51414 0.857706 -0
    outer loop
      vertex 6.42288 -8.90553 0
      vertex 6.35555 -8.86517 2
      vertex 6.42288 -8.90553 2
    endloop
  endfacet
  facet normal 0.51414 0.857706 0
    outer loop
      vertex 6.35555 -8.86517 2
      vertex 6.42288 -8.90553 0
      vertex 6.35555 -8.86517 0
    endloop
  endfacet
  facet normal 0.671417 -0.74108 0
    outer loop
      vertex 6.23431 8.76569 0
      vertex 6.2925 8.81841 2
      vertex 6.23431 8.76569 2
    endloop
  endfacet
  facet normal 0.671417 -0.74108 0
    outer loop
      vertex 6.2925 8.81841 2
      vertex 6.23431 8.76569 0
      vertex 6.2925 8.81841 0
    endloop
  endfacet
  facet normal -0.242895 -0.970053 0
    outer loop
      vertex 7.35606 8.98462 0
      vertex 7.43222 8.96555 2
      vertex 7.35606 8.98462 2
    endloop
  endfacet
  facet normal -0.242895 -0.970053 -0
    outer loop
      vertex 7.43222 8.96555 2
      vertex 7.35606 8.98462 0
      vertex 7.43222 8.96555 0
    endloop
  endfacet
  facet normal 0.99879 0.0491689 0
    outer loop
      vertex 6.00386 -8.27841 2
      vertex 6 -8.2 0
      vertex 6 -8.2 2
    endloop
  endfacet
  facet normal 0.99879 0.0491689 0
    outer loop
      vertex 6 -8.2 0
      vertex 6.00386 -8.27841 2
      vertex 6.00386 -8.27841 0
    endloop
  endfacet
  facet normal -0.803214 -0.595691 0
    outer loop
      vertex 7.86517 8.64445 0
      vertex 7.81841 8.7075 2
      vertex 7.81841 8.7075 0
    endloop
  endfacet
  facet normal -0.803214 -0.595691 0
    outer loop
      vertex 7.81841 8.7075 2
      vertex 7.86517 8.64445 0
      vertex 7.86517 8.64445 2
    endloop
  endfacet
  facet normal -0.427594 0.903971 0
    outer loop
      vertex 7.57712 -8.90553 0
      vertex 7.50615 -8.9391 2
      vertex 7.57712 -8.90553 2
    endloop
  endfacet
  facet normal -0.427594 0.903971 0
    outer loop
      vertex 7.50615 -8.9391 2
      vertex 7.57712 -8.90553 0
      vertex 7.50615 -8.9391 0
    endloop
  endfacet
  facet normal 0.51414 -0.857706 0
    outer loop
      vertex 6.35555 8.86517 0
      vertex 6.42288 8.90553 2
      vertex 6.35555 8.86517 2
    endloop
  endfacet
  facet normal 0.51414 -0.857706 0
    outer loop
      vertex 6.42288 8.90553 2
      vertex 6.35555 8.86517 0
      vertex 6.42288 8.90553 0
    endloop
  endfacet
  facet normal -0.99879 -0.0491689 0
    outer loop
      vertex 8 8.2 0
      vertex 7.99614 8.27841 2
      vertex 7.99614 8.27841 0
    endloop
  endfacet
  facet normal -0.99879 -0.0491689 0
    outer loop
      vertex 7.99614 8.27841 2
      vertex 8 8.2 0
      vertex 8 8.2 2
    endloop
  endfacet
  facet normal 0.242895 0.970053 -0
    outer loop
      vertex 6.64394 -8.98462 0
      vertex 6.56778 -8.96555 2
      vertex 6.64394 -8.98462 2
    endloop
  endfacet
  facet normal 0.242895 0.970053 0
    outer loop
      vertex 6.56778 -8.96555 2
      vertex 6.64394 -8.98462 0
      vertex 6.56778 -8.96555 0
    endloop
  endfacet
  facet normal 0.857706 -0.51414 0
    outer loop
      vertex 6.09447 8.57712 2
      vertex 6.13483 8.64445 0
      vertex 6.13483 8.64445 2
    endloop
  endfacet
  facet normal 0.857706 -0.51414 0
    outer loop
      vertex 6.13483 8.64445 0
      vertex 6.09447 8.57712 2
      vertex 6.09447 8.57712 0
    endloop
  endfacet
  facet normal 0.242895 -0.970053 0
    outer loop
      vertex 6.56778 8.96555 0
      vertex 6.64394 8.98462 2
      vertex 6.56778 8.96555 2
    endloop
  endfacet
  facet normal 0.242895 -0.970053 0
    outer loop
      vertex 6.64394 8.98462 2
      vertex 6.56778 8.96555 0
      vertex 6.64394 8.98462 0
    endloop
  endfacet
  facet normal 0.803214 0.595691 0
    outer loop
      vertex 6.18159 -8.7075 2
      vertex 6.13483 -8.64445 0
      vertex 6.13483 -8.64445 2
    endloop
  endfacet
  facet normal 0.803214 0.595691 0
    outer loop
      vertex 6.13483 -8.64445 0
      vertex 6.18159 -8.7075 2
      vertex 6.18159 -8.7075 0
    endloop
  endfacet
  facet normal 0.989173 0.146752 0
    outer loop
      vertex 6.01538 -8.35606 2
      vertex 6.00386 -8.27841 0
      vertex 6.00386 -8.27841 2
    endloop
  endfacet
  facet normal 0.989173 0.146752 0
    outer loop
      vertex 6.00386 -8.27841 0
      vertex 6.01538 -8.35606 2
      vertex 6.01538 -8.35606 0
    endloop
  endfacet
  facet normal -0.242895 0.970053 0
    outer loop
      vertex 7.43222 -8.96555 0
      vertex 7.35606 -8.98462 2
      vertex 7.43222 -8.96555 2
    endloop
  endfacet
  facet normal -0.242895 0.970053 0
    outer loop
      vertex 7.35606 -8.98462 2
      vertex 7.43222 -8.96555 0
      vertex 7.35606 -8.98462 0
    endloop
  endfacet
  facet normal -0.74108 0.671417 0
    outer loop
      vertex 7.76569 -8.76569 0
      vertex 7.81841 -8.7075 2
      vertex 7.81841 -8.7075 0
    endloop
  endfacet
  facet normal -0.74108 0.671417 0
    outer loop
      vertex 7.81841 -8.7075 2
      vertex 7.76569 -8.76569 0
      vertex 7.76569 -8.76569 2
    endloop
  endfacet
  facet normal 0.0491689 0.99879 -0
    outer loop
      vertex 6.8 -9 0
      vertex 6.72159 -8.99614 2
      vertex 6.8 -9 2
    endloop
  endfacet
  facet normal 0.0491689 0.99879 0
    outer loop
      vertex 6.72159 -8.99614 2
      vertex 6.8 -9 0
      vertex 6.72159 -8.99614 0
    endloop
  endfacet
  facet normal -0.941554 -0.336861 0
    outer loop
      vertex 7.96555 8.43222 0
      vertex 7.9391 8.50615 2
      vertex 7.9391 8.50615 0
    endloop
  endfacet
  facet normal -0.941554 -0.336861 0
    outer loop
      vertex 7.9391 8.50615 2
      vertex 7.96555 8.43222 0
      vertex 7.96555 8.43222 2
    endloop
  endfacet
  facet normal 0.595691 -0.803214 0
    outer loop
      vertex 6.2925 8.81841 0
      vertex 6.35555 8.86517 2
      vertex 6.2925 8.81841 2
    endloop
  endfacet
  facet normal 0.595691 -0.803214 0
    outer loop
      vertex 6.35555 8.86517 2
      vertex 6.2925 8.81841 0
      vertex 6.35555 8.86517 0
    endloop
  endfacet
  facet normal -0.903971 -0.427594 0
    outer loop
      vertex 7.9391 8.50615 0
      vertex 7.90553 8.57712 2
      vertex 7.90553 8.57712 0
    endloop
  endfacet
  facet normal -0.903971 -0.427594 0
    outer loop
      vertex 7.90553 8.57712 2
      vertex 7.9391 8.50615 0
      vertex 7.9391 8.50615 2
    endloop
  endfacet
  facet normal -0.941554 0.336861 0
    outer loop
      vertex 7.9391 -8.50615 0
      vertex 7.96555 -8.43222 2
      vertex 7.96555 -8.43222 0
    endloop
  endfacet
  facet normal -0.941554 0.336861 0
    outer loop
      vertex 7.96555 -8.43222 2
      vertex 7.9391 -8.50615 0
      vertex 7.9391 -8.50615 2
    endloop
  endfacet
  facet normal 0.941554 0.336861 0
    outer loop
      vertex 6.0609 -8.50615 2
      vertex 6.03445 -8.43222 0
      vertex 6.03445 -8.43222 2
    endloop
  endfacet
  facet normal 0.941554 0.336861 0
    outer loop
      vertex 6.03445 -8.43222 0
      vertex 6.0609 -8.50615 2
      vertex 6.0609 -8.50615 0
    endloop
  endfacet
  facet normal 0.989173 -0.146752 0
    outer loop
      vertex 6.00386 8.27841 2
      vertex 6.01538 8.35606 0
      vertex 6.01538 8.35606 2
    endloop
  endfacet
  facet normal 0.989173 -0.146752 0
    outer loop
      vertex 6.01538 8.35606 0
      vertex 6.00386 8.27841 2
      vertex 6.00386 8.27841 0
    endloop
  endfacet
  facet normal 0.970053 -0.242895 0
    outer loop
      vertex 6.01538 8.35606 2
      vertex 6.03445 8.43222 0
      vertex 6.03445 8.43222 2
    endloop
  endfacet
  facet normal 0.970053 -0.242895 0
    outer loop
      vertex 6.03445 8.43222 0
      vertex 6.01538 8.35606 2
      vertex 6.01538 8.35606 0
    endloop
  endfacet
  facet normal -0.989173 0.146752 0
    outer loop
      vertex 7.98462 -8.35606 0
      vertex 7.99614 -8.27841 2
      vertex 7.99614 -8.27841 0
    endloop
  endfacet
  facet normal -0.989173 0.146752 0
    outer loop
      vertex 7.99614 -8.27841 2
      vertex 7.98462 -8.35606 0
      vertex 7.98462 -8.35606 2
    endloop
  endfacet
  facet normal 0.595691 0.803214 -0
    outer loop
      vertex 6.35555 -8.86517 0
      vertex 6.2925 -8.81841 2
      vertex 6.35555 -8.86517 2
    endloop
  endfacet
  facet normal 0.595691 0.803214 0
    outer loop
      vertex 6.2925 -8.81841 2
      vertex 6.35555 -8.86517 0
      vertex 6.2925 -8.81841 0
    endloop
  endfacet
  facet normal -0.671417 -0.74108 0
    outer loop
      vertex 7.7075 8.81841 0
      vertex 7.76569 8.76569 2
      vertex 7.7075 8.81841 2
    endloop
  endfacet
  facet normal -0.671417 -0.74108 -0
    outer loop
      vertex 7.76569 8.76569 2
      vertex 7.7075 8.81841 0
      vertex 7.76569 8.76569 0
    endloop
  endfacet
  facet normal 0.74108 -0.671417 0
    outer loop
      vertex 6.18159 8.7075 2
      vertex 6.23431 8.76569 0
      vertex 6.23431 8.76569 2
    endloop
  endfacet
  facet normal 0.74108 -0.671417 0
    outer loop
      vertex 6.23431 8.76569 0
      vertex 6.18159 8.7075 2
      vertex 6.18159 8.7075 0
    endloop
  endfacet
  facet normal 0 -1 0
    outer loop
      vertex 6.8 9 0
      vertex 7.2 9 2
      vertex 6.8 9 2
    endloop
  endfacet
  facet normal 0 -1 -0
    outer loop
      vertex 7.2 9 2
      vertex 6.8 9 0
      vertex 7.2 9 0
    endloop
  endfacet
  facet normal -0.336861 0.941554 0
    outer loop
      vertex 7.50615 -8.9391 0
      vertex 7.43222 -8.96555 2
      vertex 7.50615 -8.9391 2
    endloop
  endfacet
  facet normal -0.336861 0.941554 0
    outer loop
      vertex 7.43222 -8.96555 2
      vertex 7.50615 -8.9391 0
      vertex 7.43222 -8.96555 0
    endloop
  endfacet
  facet normal -0.989173 -0.146752 0
    outer loop
      vertex 7.99614 8.27841 0
      vertex 7.98462 8.35606 2
      vertex 7.98462 8.35606 0
    endloop
  endfacet
  facet normal -0.989173 -0.146752 0
    outer loop
      vertex 7.98462 8.35606 2
      vertex 7.99614 8.27841 0
      vertex 7.99614 8.27841 2
    endloop
  endfacet
  facet normal 0.146752 -0.989173 0
    outer loop
      vertex 6.64394 8.98462 0
      vertex 6.72159 8.99614 2
      vertex 6.64394 8.98462 2
    endloop
  endfacet
  facet normal 0.146752 -0.989173 0
    outer loop
      vertex 6.72159 8.99614 2
      vertex 6.64394 8.98462 0
      vertex 6.72159 8.99614 0
    endloop
  endfacet
  facet normal 0.857706 0.51414 0
    outer loop
      vertex 6.13483 -8.64445 2
      vertex 6.09447 -8.57712 0
      vertex 6.09447 -8.57712 2
    endloop
  endfacet
  facet normal 0.857706 0.51414 0
    outer loop
      vertex 6.09447 -8.57712 0
      vertex 6.13483 -8.64445 2
      vertex 6.13483 -8.64445 0
    endloop
  endfacet
  facet normal 0.970053 0.242895 0
    outer loop
      vertex 6.03445 -8.43222 2
      vertex 6.01538 -8.35606 0
      vertex 6.01538 -8.35606 2
    endloop
  endfacet
  facet normal 0.970053 0.242895 0
    outer loop
      vertex 6.01538 -8.35606 0
      vertex 6.03445 -8.43222 2
      vertex 6.03445 -8.43222 0
    endloop
  endfacet
  facet normal 0.903971 0.427594 0
    outer loop
      vertex 6.09447 -8.57712 2
      vertex 6.0609 -8.50615 0
      vertex 6.0609 -8.50615 2
    endloop
  endfacet
  facet normal 0.903971 0.427594 0
    outer loop
      vertex 6.0609 -8.50615 0
      vertex 6.09447 -8.57712 2
      vertex 6.09447 -8.57712 0
    endloop
  endfacet
  facet normal 0.903971 -0.427594 0
    outer loop
      vertex 6.0609 8.50615 2
      vertex 6.09447 8.57712 0
      vertex 6.09447 8.57712 2
    endloop
  endfacet
  facet normal 0.903971 -0.427594 0
    outer loop
      vertex 6.09447 8.57712 0
      vertex 6.0609 8.50615 2
      vertex 6.0609 8.50615 0
    endloop
  endfacet
  facet normal 0.99879 -0.0491689 0
    outer loop
      vertex 6 8.2 2
      vertex 6.00386 8.27841 0
      vertex 6.00386 8.27841 2
    endloop
  endfacet
  facet normal 0.99879 -0.0491689 0
    outer loop
      vertex 6.00386 8.27841 0
      vertex 6 8.2 2
      vertex 6 8.2 0
    endloop
  endfacet
  facet normal -0.146752 0.989173 0
    outer loop
      vertex 7.35606 -8.98462 0
      vertex 7.27841 -8.99614 2
      vertex 7.35606 -8.98462 2
    endloop
  endfacet
  facet normal -0.146752 0.989173 0
    outer loop
      vertex 7.27841 -8.99614 2
      vertex 7.35606 -8.98462 0
      vertex 7.27841 -8.99614 0
    endloop
  endfacet
  facet normal 0.427594 -0.903971 0
    outer loop
      vertex 6.42288 8.90553 0
      vertex 6.49385 8.9391 2
      vertex 6.42288 8.90553 2
    endloop
  endfacet
  facet normal 0.427594 -0.903971 0
    outer loop
      vertex 6.49385 8.9391 2
      vertex 6.42288 8.90553 0
      vertex 6.49385 8.9391 0
    endloop
  endfacet
  facet normal 0.336861 -0.941554 0
    outer loop
      vertex 6.49385 8.9391 0
      vertex 6.56778 8.96555 2
      vertex 6.49385 8.9391 2
    endloop
  endfacet
  facet normal 0.336861 -0.941554 0
    outer loop
      vertex 6.56778 8.96555 2
      vertex 6.49385 8.9391 0
      vertex 6.56778 8.96555 0
    endloop
  endfacet
  facet normal 0.803214 -0.595691 0
    outer loop
      vertex 6.13483 8.64445 2
      vertex 6.18159 8.7075 0
      vertex 6.18159 8.7075 2
    endloop
  endfacet
  facet normal 0.803214 -0.595691 0
    outer loop
      vertex 6.18159 8.7075 0
      vertex 6.13483 8.64445 2
      vertex 6.13483 8.64445 0
    endloop
  endfacet
  facet normal -0.51414 -0.857706 0
    outer loop
      vertex 7.57712 8.90553 0
      vertex 7.64445 8.86517 2
      vertex 7.57712 8.90553 2
    endloop
  endfacet
  facet normal -0.51414 -0.857706 -0
    outer loop
      vertex 7.64445 8.86517 2
      vertex 7.57712 8.90553 0
      vertex 7.64445 8.86517 0
    endloop
  endfacet
  facet normal -0.857706 0.51414 0
    outer loop
      vertex 7.86517 -8.64445 0
      vertex 7.90553 -8.57712 2
      vertex 7.90553 -8.57712 0
    endloop
  endfacet
  facet normal -0.857706 0.51414 0
    outer loop
      vertex 7.90553 -8.57712 2
      vertex 7.86517 -8.64445 0
      vertex 7.86517 -8.64445 2
    endloop
  endfacet
  facet normal -0.857706 -0.51414 0
    outer loop
      vertex 7.90553 8.57712 0
      vertex 7.86517 8.64445 2
      vertex 7.86517 8.64445 0
    endloop
  endfacet
  facet normal -0.857706 -0.51414 0
    outer loop
      vertex 7.86517 8.64445 2
      vertex 7.90553 8.57712 0
      vertex 7.90553 8.57712 2
    endloop
  endfacet
  facet normal 0.74108 0.671417 0
    outer loop
      vertex 6.23431 -8.76569 2
      vertex 6.18159 -8.7075 0
      vertex 6.18159 -8.7075 2
    endloop
  endfacet
  facet normal 0.74108 0.671417 0
    outer loop
      vertex 6.18159 -8.7075 0
      vertex 6.23431 -8.76569 2
      vertex 6.23431 -8.76569 0
    endloop
  endfacet
  facet normal -0.970053 0.242895 0
    outer loop
      vertex 7.96555 -8.43222 0
      vertex 7.98462 -8.35606 2
      vertex 7.98462 -8.35606 0
    endloop
  endfacet
  facet normal -0.970053 0.242895 0
    outer loop
      vertex 7.98462 -8.35606 2
      vertex 7.96555 -8.43222 0
      vertex 7.96555 -8.43222 2
    endloop
  endfacet
  facet normal -0.970053 -0.242895 0
    outer loop
      vertex 7.98462 8.35606 0
      vertex 7.96555 8.43222 2
      vertex 7.96555 8.43222 0
    endloop
  endfacet
  facet normal -0.970053 -0.242895 0
    outer loop
      vertex 7.96555 8.43222 2
      vertex 7.98462 8.35606 0
      vertex 7.98462 8.35606 2
    endloop
  endfacet
  facet normal -0.595691 -0.803214 0
    outer loop
      vertex 7.64445 8.86517 0
      vertex 7.7075 8.81841 2
      vertex 7.64445 8.86517 2
    endloop
  endfacet
  facet normal -0.595691 -0.803214 -0
    outer loop
      vertex 7.7075 8.81841 2
      vertex 7.64445 8.86517 0
      vertex 7.7075 8.81841 0
    endloop
  endfacet
  facet normal 0.0491689 -0.99879 0
    outer loop
      vertex 6.72159 8.99614 0
      vertex 6.8 9 2
      vertex 6.72159 8.99614 2
    endloop
  endfacet
  facet normal 0.0491689 -0.99879 0
    outer loop
      vertex 6.8 9 2
      vertex 6.72159 8.99614 0
      vertex 6.8 9 0
    endloop
  endfacet
  facet normal -0.146752 -0.989173 0
    outer loop
      vertex 7.27841 8.99614 0
      vertex 7.35606 8.98462 2
      vertex 7.27841 8.99614 2
    endloop
  endfacet
  facet normal -0.146752 -0.989173 -0
    outer loop
      vertex 7.35606 8.98462 2
      vertex 7.27841 8.99614 0
      vertex 7.35606 8.98462 0
    endloop
  endfacet
  facet normal -0.903971 0.427594 0
    outer loop
      vertex 7.90553 -8.57712 0
      vertex 7.9391 -8.50615 2
      vertex 7.9391 -8.50615 0
    endloop
  endfacet
  facet normal -0.903971 0.427594 0
    outer loop
      vertex 7.9391 -8.50615 2
      vertex 7.90553 -8.57712 0
      vertex 7.90553 -8.57712 2
    endloop
  endfacet
  facet normal -0.74108 -0.671417 0
    outer loop
      vertex 7.81841 8.7075 0
      vertex 7.76569 8.76569 2
      vertex 7.76569 8.76569 0
    endloop
  endfacet
  facet normal -0.74108 -0.671417 0
    outer loop
      vertex 7.76569 8.76569 2
      vertex 7.81841 8.7075 0
      vertex 7.81841 8.7075 2
    endloop
  endfacet
  facet normal -0.336861 -0.941554 0
    outer loop
      vertex 7.43222 8.96555 0
      vertex 7.50615 8.9391 2
      vertex 7.43222 8.96555 2
    endloop
  endfacet
  facet normal -0.336861 -0.941554 -0
    outer loop
      vertex 7.50615 8.9391 2
      vertex 7.43222 8.96555 0
      vertex 7.50615 8.9391 0
    endloop
  endfacet
  facet normal -0.99879 0.0491689 0
    outer loop
      vertex 7.99614 -8.27841 0
      vertex 8 -8.2 2
      vertex 8 -8.2 0
    endloop
  endfacet
  facet normal -0.99879 0.0491689 0
    outer loop
      vertex 8 -8.2 2
      vertex 7.99614 -8.27841 0
      vertex 7.99614 -8.27841 2
    endloop
  endfacet
  facet normal -0.0491689 -0.99879 0
    outer loop
      vertex 7.2 9 0
      vertex 7.27841 8.99614 2
      vertex 7.2 9 2
    endloop
  endfacet
  facet normal -0.0491689 -0.99879 -0
    outer loop
      vertex 7.27841 8.99614 2
      vertex 7.2 9 0
      vertex 7.27841 8.99614 0
    endloop
  endfacet
  facet normal -0.427594 -0.903971 0
    outer loop
      vertex 7.50615 8.9391 0
      vertex 7.57712 8.90553 2
      vertex 7.50615 8.9391 2
    endloop
  endfacet
  facet normal -0.427594 -0.903971 -0
    outer loop
      vertex 7.57712 8.90553 2
      vertex 7.50615 8.9391 0
      vertex 7.57712 8.90553 0
    endloop
  endfacet
  facet normal -0.803214 0.595691 0
    outer loop
      vertex 7.81841 -8.7075 0
      vertex 7.86517 -8.64445 2
      vertex 7.86517 -8.64445 0
    endloop
  endfacet
  facet normal -0.803214 0.595691 0
    outer loop
      vertex 7.86517 -8.64445 2
      vertex 7.81841 -8.7075 0
      vertex 7.81841 -8.7075 2
    endloop
  endfacet
  facet normal -0.671417 0.74108 0
    outer loop
      vertex 7.76569 -8.76569 0
      vertex 7.7075 -8.81841 2
      vertex 7.76569 -8.76569 2
    endloop
  endfacet
  facet normal -0.671417 0.74108 0
    outer loop
      vertex 7.7075 -8.81841 2
      vertex 7.76569 -8.76569 0
      vertex 7.7075 -8.81841 0
    endloop
  endfacet
  facet normal -0.595995 0.802988 0
    outer loop
      vertex 14.7075 -8.81841 0
      vertex 14.6445 -8.86517 2
      vertex 14.7075 -8.81841 2
    endloop
  endfacet
  facet normal -0.595995 0.802988 0
    outer loop
      vertex 14.6445 -8.86517 2
      vertex 14.7075 -8.81841 0
      vertex 14.6445 -8.86517 0
    endloop
  endfacet
  facet normal 0.336982 0.941511 -0
    outer loop
      vertex 13.5678 -8.96555 0
      vertex 13.4939 -8.9391 2
      vertex 13.5678 -8.96555 2
    endloop
  endfacet
  facet normal 0.336982 0.941511 0
    outer loop
      vertex 13.4939 -8.9391 2
      vertex 13.5678 -8.96555 0
      vertex 13.4939 -8.9391 0
    endloop
  endfacet
  facet normal -0.513747 0.857942 0
    outer loop
      vertex 14.6445 -8.86517 0
      vertex 14.5771 -8.90553 2
      vertex 14.6445 -8.86517 2
    endloop
  endfacet
  facet normal -0.513747 0.857942 0
    outer loop
      vertex 14.5771 -8.90553 2
      vertex 14.6445 -8.86517 0
      vertex 14.5771 -8.90553 0
    endloop
  endfacet
  facet normal 1 -0 0
    outer loop
      vertex 13 -8.2 2
      vertex 13 8.2 0
      vertex 13 8.2 2
    endloop
  endfacet
  facet normal 1 0 0
    outer loop
      vertex 13 8.2 0
      vertex 13 -8.2 2
      vertex 13 -8.2 0
    endloop
  endfacet
  facet normal -0.0491751 0.99879 0
    outer loop
      vertex 14.2784 -8.99614 0
      vertex 14.2 -9 2
      vertex 14.2784 -8.99614 2
    endloop
  endfacet
  facet normal -0.0491751 0.99879 0
    outer loop
      vertex 14.2 -9 2
      vertex 14.2784 -8.99614 0
      vertex 14.2 -9 0
    endloop
  endfacet
  facet normal 0.941756 -0.336296 0
    outer loop
      vertex 13.0345 8.43222 2
      vertex 13.0609 8.50615 0
      vertex 13.0609 8.50615 2
    endloop
  endfacet
  facet normal 0.941756 -0.336296 0
    outer loop
      vertex 13.0609 8.50615 0
      vertex 13.0345 8.43222 2
      vertex 13.0345 8.43222 0
    endloop
  endfacet
  facet normal 0.427446 0.904041 -0
    outer loop
      vertex 13.4939 -8.9391 0
      vertex 13.4229 -8.90553 2
      vertex 13.4939 -8.9391 2
    endloop
  endfacet
  facet normal 0.427446 0.904041 0
    outer loop
      vertex 13.4229 -8.90553 2
      vertex 13.4939 -8.9391 0
      vertex 13.4229 -8.90553 0
    endloop
  endfacet
  facet normal 0 1 -0
    outer loop
      vertex 14.2 -9 0
      vertex 13.8 -9 2
      vertex 14.2 -9 2
    endloop
  endfacet
  facet normal 0 1 0
    outer loop
      vertex 13.8 -9 2
      vertex 14.2 -9 0
      vertex 13.8 -9 0
    endloop
  endfacet
  facet normal 0.146659 0.989187 -0
    outer loop
      vertex 13.7216 -8.99614 0
      vertex 13.6439 -8.98462 2
      vertex 13.7216 -8.99614 2
    endloop
  endfacet
  facet normal 0.146659 0.989187 0
    outer loop
      vertex 13.6439 -8.98462 2
      vertex 13.7216 -8.99614 0
      vertex 13.6439 -8.98462 0
    endloop
  endfacet
  facet normal 0.671353 0.741137 -0
    outer loop
      vertex 13.2925 -8.81841 0
      vertex 13.2343 -8.76569 2
      vertex 13.2925 -8.81841 2
    endloop
  endfacet
  facet normal 0.671353 0.741137 0
    outer loop
      vertex 13.2343 -8.76569 2
      vertex 13.2925 -8.81841 0
      vertex 13.2343 -8.76569 0
    endloop
  endfacet
  facet normal -1 0 0
    outer loop
      vertex 15 -8.2 0
      vertex 15 8.2 2
      vertex 15 8.2 0
    endloop
  endfacet
  facet normal -1 -0 0
    outer loop
      vertex 15 8.2 2
      vertex 15 -8.2 0
      vertex 15 -8.2 2
    endloop
  endfacet
  facet normal 0.513747 0.857942 -0
    outer loop
      vertex 13.4229 -8.90553 0
      vertex 13.3555 -8.86517 2
      vertex 13.4229 -8.90553 2
    endloop
  endfacet
  facet normal 0.513747 0.857942 0
    outer loop
      vertex 13.3555 -8.86517 2
      vertex 13.4229 -8.90553 0
      vertex 13.3555 -8.86517 0
    endloop
  endfacet
  facet normal 0.671353 -0.741137 0
    outer loop
      vertex 13.2343 8.76569 0
      vertex 13.2925 8.81841 2
      vertex 13.2343 8.76569 2
    endloop
  endfacet
  facet normal 0.671353 -0.741137 0
    outer loop
      vertex 13.2925 8.81841 2
      vertex 13.2343 8.76569 0
      vertex 13.2925 8.81841 0
    endloop
  endfacet
  facet normal -0.243075 -0.970007 0
    outer loop
      vertex 14.3561 8.98462 0
      vertex 14.4322 8.96555 2
      vertex 14.3561 8.98462 2
    endloop
  endfacet
  facet normal -0.243075 -0.970007 -0
    outer loop
      vertex 14.4322 8.96555 2
      vertex 14.3561 8.98462 0
      vertex 14.4322 8.96555 0
    endloop
  endfacet
  facet normal 0.998765 0.0496771 0
    outer loop
      vertex 13.0039 -8.27841 2
      vertex 13 -8.2 0
      vertex 13 -8.2 2
    endloop
  endfacet
  facet normal 0.998765 0.0496771 0
    outer loop
      vertex 13 -8.2 0
      vertex 13.0039 -8.27841 2
      vertex 13.0039 -8.27841 0
    endloop
  endfacet
  facet normal -0.80297 -0.596019 0
    outer loop
      vertex 14.8652 8.64445 0
      vertex 14.8184 8.7075 2
      vertex 14.8184 8.7075 0
    endloop
  endfacet
  facet normal -0.80297 -0.596019 0
    outer loop
      vertex 14.8184 8.7075 2
      vertex 14.8652 8.64445 0
      vertex 14.8652 8.64445 2
    endloop
  endfacet
  facet normal -0.427446 0.904041 0
    outer loop
      vertex 14.5771 -8.90553 0
      vertex 14.5061 -8.9391 2
      vertex 14.5771 -8.90553 2
    endloop
  endfacet
  facet normal -0.427446 0.904041 0
    outer loop
      vertex 14.5061 -8.9391 2
      vertex 14.5771 -8.90553 0
      vertex 14.5061 -8.9391 0
    endloop
  endfacet
  facet normal 0.513747 -0.857942 0
    outer loop
      vertex 13.3555 8.86517 0
      vertex 13.4229 8.90553 2
      vertex 13.3555 8.86517 2
    endloop
  endfacet
  facet normal 0.513747 -0.857942 0
    outer loop
      vertex 13.4229 8.90553 2
      vertex 13.3555 8.86517 0
      vertex 13.4229 8.90553 0
    endloop
  endfacet
  facet normal -0.998765 -0.0496771 0
    outer loop
      vertex 15 8.2 0
      vertex 14.9961 8.27841 2
      vertex 14.9961 8.27841 0
    endloop
  endfacet
  facet normal -0.998765 -0.0496771 0
    outer loop
      vertex 14.9961 8.27841 2
      vertex 15 8.2 0
      vertex 15 8.2 2
    endloop
  endfacet
  facet normal 0.243075 0.970007 -0
    outer loop
      vertex 13.6439 -8.98462 0
      vertex 13.5678 -8.96555 2
      vertex 13.6439 -8.98462 2
    endloop
  endfacet
  facet normal 0.243075 0.970007 0
    outer loop
      vertex 13.5678 -8.96555 2
      vertex 13.6439 -8.98462 0
      vertex 13.5678 -8.96555 0
    endloop
  endfacet
  facet normal 0.858043 -0.513577 0
    outer loop
      vertex 13.0945 8.57712 2
      vertex 13.1348 8.64445 0
      vertex 13.1348 8.64445 2
    endloop
  endfacet
  facet normal 0.858043 -0.513577 0
    outer loop
      vertex 13.1348 8.64445 0
      vertex 13.0945 8.57712 2
      vertex 13.0945 8.57712 0
    endloop
  endfacet
  facet normal 0.243075 -0.970007 0
    outer loop
      vertex 13.5678 8.96555 0
      vertex 13.6439 8.98462 2
      vertex 13.5678 8.96555 2
    endloop
  endfacet
  facet normal 0.243075 -0.970007 0
    outer loop
      vertex 13.6439 8.98462 2
      vertex 13.5678 8.96555 0
      vertex 13.6439 8.98462 0
    endloop
  endfacet
  facet normal 0.80297 0.596019 0
    outer loop
      vertex 13.1816 -8.7075 2
      vertex 13.1348 -8.64445 0
      vertex 13.1348 -8.64445 2
    endloop
  endfacet
  facet normal 0.80297 0.596019 0
    outer loop
      vertex 13.1348 -8.64445 0
      vertex 13.1816 -8.7075 2
      vertex 13.1816 -8.7075 0
    endloop
  endfacet
  facet normal 0.98921 0.146502 0
    outer loop
      vertex 13.0154 -8.35606 2
      vertex 13.0039 -8.27841 0
      vertex 13.0039 -8.27841 2
    endloop
  endfacet
  facet normal 0.98921 0.146502 0
    outer loop
      vertex 13.0039 -8.27841 0
      vertex 13.0154 -8.35606 2
      vertex 13.0154 -8.35606 0
    endloop
  endfacet
  facet normal -0.243075 0.970007 0
    outer loop
      vertex 14.4322 -8.96555 0
      vertex 14.3561 -8.98462 2
      vertex 14.4322 -8.96555 2
    endloop
  endfacet
  facet normal -0.243075 0.970007 0
    outer loop
      vertex 14.3561 -8.98462 2
      vertex 14.4322 -8.96555 0
      vertex 14.3561 -8.98462 0
    endloop
  endfacet
  facet normal -0.741207 0.671277 0
    outer loop
      vertex 14.7657 -8.76569 0
      vertex 14.8184 -8.7075 2
      vertex 14.8184 -8.7075 0
    endloop
  endfacet
  facet normal -0.741207 0.671277 0
    outer loop
      vertex 14.8184 -8.7075 2
      vertex 14.7657 -8.76569 0
      vertex 14.7657 -8.76569 2
    endloop
  endfacet
  facet normal 0.0491751 0.99879 -0
    outer loop
      vertex 13.8 -9 0
      vertex 13.7216 -8.99614 2
      vertex 13.8 -9 2
    endloop
  endfacet
  facet normal 0.0491751 0.99879 0
    outer loop
      vertex 13.7216 -8.99614 2
      vertex 13.8 -9 0
      vertex 13.7216 -8.99614 0
    endloop
  endfacet
  facet normal -0.941756 -0.336296 0
    outer loop
      vertex 14.9655 8.43222 0
      vertex 14.9391 8.50615 2
      vertex 14.9391 8.50615 0
    endloop
  endfacet
  facet normal -0.941756 -0.336296 0
    outer loop
      vertex 14.9391 8.50615 2
      vertex 14.9655 8.43222 0
      vertex 14.9655 8.43222 2
    endloop
  endfacet
  facet normal 0.595995 -0.802988 0
    outer loop
      vertex 13.2925 8.81841 0
      vertex 13.3555 8.86517 2
      vertex 13.2925 8.81841 2
    endloop
  endfacet
  facet normal 0.595995 -0.802988 0
    outer loop
      vertex 13.3555 8.86517 2
      vertex 13.2925 8.81841 0
      vertex 13.3555 8.86517 0
    endloop
  endfacet
  facet normal -0.903823 -0.427906 0
    outer loop
      vertex 14.9391 8.50615 0
      vertex 14.9055 8.57712 2
      vertex 14.9055 8.57712 0
    endloop
  endfacet
  facet normal -0.903823 -0.427906 0
    outer loop
      vertex 14.9055 8.57712 2
      vertex 14.9391 8.50615 0
      vertex 14.9391 8.50615 2
    endloop
  endfacet
  facet normal -0.941756 0.336296 0
    outer loop
      vertex 14.9391 -8.50615 0
      vertex 14.9655 -8.43222 2
      vertex 14.9655 -8.43222 0
    endloop
  endfacet
  facet normal -0.941756 0.336296 0
    outer loop
      vertex 14.9655 -8.43222 2
      vertex 14.9391 -8.50615 0
      vertex 14.9391 -8.50615 2
    endloop
  endfacet
  facet normal 0.941756 0.336296 0
    outer loop
      vertex 13.0609 -8.50615 2
      vertex 13.0345 -8.43222 0
      vertex 13.0345 -8.43222 2
    endloop
  endfacet
  facet normal 0.941756 0.336296 0
    outer loop
      vertex 13.0345 -8.43222 0
      vertex 13.0609 -8.50615 2
      vertex 13.0609 -8.50615 0
    endloop
  endfacet
  facet normal 0.98921 -0.146502 0
    outer loop
      vertex 13.0039 8.27841 2
      vertex 13.0154 8.35606 0
      vertex 13.0154 8.35606 2
    endloop
  endfacet
  facet normal 0.98921 -0.146502 0
    outer loop
      vertex 13.0154 8.35606 0
      vertex 13.0039 8.27841 2
      vertex 13.0039 8.27841 0
    endloop
  endfacet
  facet normal 0.969962 -0.243255 0
    outer loop
      vertex 13.0154 8.35606 2
      vertex 13.0345 8.43222 0
      vertex 13.0345 8.43222 2
    endloop
  endfacet
  facet normal 0.969962 -0.243255 0
    outer loop
      vertex 13.0345 8.43222 0
      vertex 13.0154 8.35606 2
      vertex 13.0154 8.35606 0
    endloop
  endfacet
  facet normal 0.595995 0.802988 -0
    outer loop
      vertex 13.3555 -8.86517 0
      vertex 13.2925 -8.81841 2
      vertex 13.3555 -8.86517 2
    endloop
  endfacet
  facet normal 0.595995 0.802988 0
    outer loop
      vertex 13.2925 -8.81841 2
      vertex 13.3555 -8.86517 0
      vertex 13.2925 -8.81841 0
    endloop
  endfacet
  facet normal -0.671353 -0.741137 0
    outer loop
      vertex 14.7075 8.81841 0
      vertex 14.7657 8.76569 2
      vertex 14.7075 8.81841 2
    endloop
  endfacet
  facet normal -0.671353 -0.741137 -0
    outer loop
      vertex 14.7657 8.76569 2
      vertex 14.7075 8.81841 0
      vertex 14.7657 8.76569 0
    endloop
  endfacet
  facet normal 0.741207 -0.671277 0
    outer loop
      vertex 13.1816 8.7075 2
      vertex 13.2343 8.76569 0
      vertex 13.2343 8.76569 2
    endloop
  endfacet
  facet normal 0.741207 -0.671277 0
    outer loop
      vertex 13.2343 8.76569 0
      vertex 13.1816 8.7075 2
      vertex 13.1816 8.7075 0
    endloop
  endfacet
  facet normal 0 -1 0
    outer loop
      vertex 13.8 9 0
      vertex 14.2 9 2
      vertex 13.8 9 2
    endloop
  endfacet
  facet normal 0 -1 -0
    outer loop
      vertex 14.2 9 2
      vertex 13.8 9 0
      vertex 14.2 9 0
    endloop
  endfacet
  facet normal -0.336982 0.941511 0
    outer loop
      vertex 14.5061 -8.9391 0
      vertex 14.4322 -8.96555 2
      vertex 14.5061 -8.9391 2
    endloop
  endfacet
  facet normal -0.336982 0.941511 0
    outer loop
      vertex 14.4322 -8.96555 2
      vertex 14.5061 -8.9391 0
      vertex 14.4322 -8.96555 0
    endloop
  endfacet
  facet normal -0.98921 -0.146502 0
    outer loop
      vertex 14.9961 8.27841 0
      vertex 14.9846 8.35606 2
      vertex 14.9846 8.35606 0
    endloop
  endfacet
  facet normal -0.98921 -0.146502 0
    outer loop
      vertex 14.9846 8.35606 2
      vertex 14.9961 8.27841 0
      vertex 14.9961 8.27841 2
    endloop
  endfacet
  facet normal 0.146659 -0.989187 0
    outer loop
      vertex 13.6439 8.98462 0
      vertex 13.7216 8.99614 2
      vertex 13.6439 8.98462 2
    endloop
  endfacet
  facet normal 0.146659 -0.989187 0
    outer loop
      vertex 13.7216 8.99614 2
      vertex 13.6439 8.98462 0
      vertex 13.7216 8.99614 0
    endloop
  endfacet
  facet normal 0.858043 0.513577 0
    outer loop
      vertex 13.1348 -8.64445 2
      vertex 13.0945 -8.57712 0
      vertex 13.0945 -8.57712 2
    endloop
  endfacet
  facet normal 0.858043 0.513577 0
    outer loop
      vertex 13.0945 -8.57712 0
      vertex 13.1348 -8.64445 2
      vertex 13.1348 -8.64445 0
    endloop
  endfacet
  facet normal 0.969962 0.243255 0
    outer loop
      vertex 13.0345 -8.43222 2
      vertex 13.0154 -8.35606 0
      vertex 13.0154 -8.35606 2
    endloop
  endfacet
  facet normal 0.969962 0.243255 0
    outer loop
      vertex 13.0154 -8.35606 0
      vertex 13.0345 -8.43222 2
      vertex 13.0345 -8.43222 0
    endloop
  endfacet
  facet normal 0.903823 0.427906 0
    outer loop
      vertex 13.0945 -8.57712 2
      vertex 13.0609 -8.50615 0
      vertex 13.0609 -8.50615 2
    endloop
  endfacet
  facet normal 0.903823 0.427906 0
    outer loop
      vertex 13.0609 -8.50615 0
      vertex 13.0945 -8.57712 2
      vertex 13.0945 -8.57712 0
    endloop
  endfacet
  facet normal 0.903823 -0.427906 0
    outer loop
      vertex 13.0609 8.50615 2
      vertex 13.0945 8.57712 0
      vertex 13.0945 8.57712 2
    endloop
  endfacet
  facet normal 0.903823 -0.427906 0
    outer loop
      vertex 13.0945 8.57712 0
      vertex 13.0609 8.50615 2
      vertex 13.0609 8.50615 0
    endloop
  endfacet
  facet normal 0.998765 -0.0496771 0
    outer loop
      vertex 13 8.2 2
      vertex 13.0039 8.27841 0
      vertex 13.0039 8.27841 2
    endloop
  endfacet
  facet normal 0.998765 -0.0496771 0
    outer loop
      vertex 13.0039 8.27841 0
      vertex 13 8.2 2
      vertex 13 8.2 0
    endloop
  endfacet
  facet normal -0.146659 0.989187 0
    outer loop
      vertex 14.3561 -8.98462 0
      vertex 14.2784 -8.99614 2
      vertex 14.3561 -8.98462 2
    endloop
  endfacet
  facet normal -0.146659 0.989187 0
    outer loop
      vertex 14.2784 -8.99614 2
      vertex 14.3561 -8.98462 0
      vertex 14.2784 -8.99614 0
    endloop
  endfacet
  facet normal 0.427446 -0.904041 0
    outer loop
      vertex 13.4229 8.90553 0
      vertex 13.4939 8.9391 2
      vertex 13.4229 8.90553 2
    endloop
  endfacet
  facet normal 0.427446 -0.904041 0
    outer loop
      vertex 13.4939 8.9391 2
      vertex 13.4229 8.90553 0
      vertex 13.4939 8.9391 0
    endloop
  endfacet
  facet normal 0.336982 -0.941511 0
    outer loop
      vertex 13.4939 8.9391 0
      vertex 13.5678 8.96555 2
      vertex 13.4939 8.9391 2
    endloop
  endfacet
  facet normal 0.336982 -0.941511 0
    outer loop
      vertex 13.5678 8.96555 2
      vertex 13.4939 8.9391 0
      vertex 13.5678 8.96555 0
    endloop
  endfacet
  facet normal 0.80297 -0.596019 0
    outer loop
      vertex 13.1348 8.64445 2
      vertex 13.1816 8.7075 0
      vertex 13.1816 8.7075 2
    endloop
  endfacet
  facet normal 0.80297 -0.596019 0
    outer loop
      vertex 13.1816 8.7075 0
      vertex 13.1348 8.64445 2
      vertex 13.1348 8.64445 0
    endloop
  endfacet
  facet normal -0.513747 -0.857942 0
    outer loop
      vertex 14.5771 8.90553 0
      vertex 14.6445 8.86517 2
      vertex 14.5771 8.90553 2
    endloop
  endfacet
  facet normal -0.513747 -0.857942 -0
    outer loop
      vertex 14.6445 8.86517 2
      vertex 14.5771 8.90553 0
      vertex 14.6445 8.86517 0
    endloop
  endfacet
  facet normal -0.858043 0.513577 0
    outer loop
      vertex 14.8652 -8.64445 0
      vertex 14.9055 -8.57712 2
      vertex 14.9055 -8.57712 0
    endloop
  endfacet
  facet normal -0.858043 0.513577 0
    outer loop
      vertex 14.9055 -8.57712 2
      vertex 14.8652 -8.64445 0
      vertex 14.8652 -8.64445 2
    endloop
  endfacet
  facet normal -0.858043 -0.513577 0
    outer loop
      vertex 14.9055 8.57712 0
      vertex 14.8652 8.64445 2
      vertex 14.8652 8.64445 0
    endloop
  endfacet
  facet normal -0.858043 -0.513577 0
    outer loop
      vertex 14.8652 8.64445 2
      vertex 14.9055 8.57712 0
      vertex 14.9055 8.57712 2
    endloop
  endfacet
  facet normal 0.741207 0.671277 0
    outer loop
      vertex 13.2343 -8.76569 2
      vertex 13.1816 -8.7075 0
      vertex 13.1816 -8.7075 2
    endloop
  endfacet
  facet normal 0.741207 0.671277 0
    outer loop
      vertex 13.1816 -8.7075 0
      vertex 13.2343 -8.76569 2
      vertex 13.2343 -8.76569 0
    endloop
  endfacet
  facet normal -0.969962 0.243255 0
    outer loop
      vertex 14.9655 -8.43222 0
      vertex 14.9846 -8.35606 2
      vertex 14.9846 -8.35606 0
    endloop
  endfacet
  facet normal -0.969962 0.243255 0
    outer loop
      vertex 14.9846 -8.35606 2
      vertex 14.9655 -8.43222 0
      vertex 14.9655 -8.43222 2
    endloop
  endfacet
  facet normal -0.969962 -0.243255 0
    outer loop
      vertex 14.9846 8.35606 0
      vertex 14.9655 8.43222 2
      vertex 14.9655 8.43222 0
    endloop
  endfacet
  facet normal -0.969962 -0.243255 0
    outer loop
      vertex 14.9655 8.43222 2
      vertex 14.9846 8.35606 0
      vertex 14.9846 8.35606 2
    endloop
  endfacet
  facet normal -0.595995 -0.802988 0
    outer loop
      vertex 14.6445 8.86517 0
      vertex 14.7075 8.81841 2
      vertex 14.6445 8.86517 2
    endloop
  endfacet
  facet normal -0.595995 -0.802988 -0
    outer loop
      vertex 14.7075 8.81841 2
      vertex 14.6445 8.86517 0
      vertex 14.7075 8.81841 0
    endloop
  endfacet
  facet normal -0.98921 0.146502 0
    outer loop
      vertex 14.9846 -8.35606 0
      vertex 14.9961 -8.27841 2
      vertex 14.9961 -8.27841 0
    endloop
  endfacet
  facet normal -0.98921 0.146502 0
    outer loop
      vertex 14.9961 -8.27841 2
      vertex 14.9846 -8.35606 0
      vertex 14.9846 -8.35606 2
    endloop
  endfacet
  facet normal 0.0491751 -0.99879 0
    outer loop
      vertex 13.7216 8.99614 0
      vertex 13.8 9 2
      vertex 13.7216 8.99614 2
    endloop
  endfacet
  facet normal 0.0491751 -0.99879 0
    outer loop
      vertex 13.8 9 2
      vertex 13.7216 8.99614 0
      vertex 13.8 9 0
    endloop
  endfacet
  facet normal -0.146659 -0.989187 0
    outer loop
      vertex 14.2784 8.99614 0
      vertex 14.3561 8.98462 2
      vertex 14.2784 8.99614 2
    endloop
  endfacet
  facet normal -0.146659 -0.989187 -0
    outer loop
      vertex 14.3561 8.98462 2
      vertex 14.2784 8.99614 0
      vertex 14.3561 8.98462 0
    endloop
  endfacet
  facet normal -0.903823 0.427906 0
    outer loop
      vertex 14.9055 -8.57712 0
      vertex 14.9391 -8.50615 2
      vertex 14.9391 -8.50615 0
    endloop
  endfacet
  facet normal -0.903823 0.427906 0
    outer loop
      vertex 14.9391 -8.50615 2
      vertex 14.9055 -8.57712 0
      vertex 14.9055 -8.57712 2
    endloop
  endfacet
  facet normal -0.741207 -0.671277 0
    outer loop
      vertex 14.8184 8.7075 0
      vertex 14.7657 8.76569 2
      vertex 14.7657 8.76569 0
    endloop
  endfacet
  facet normal -0.741207 -0.671277 0
    outer loop
      vertex 14.7657 8.76569 2
      vertex 14.8184 8.7075 0
      vertex 14.8184 8.7075 2
    endloop
  endfacet
  facet normal -0.336982 -0.941511 0
    outer loop
      vertex 14.4322 8.96555 0
      vertex 14.5061 8.9391 2
      vertex 14.4322 8.96555 2
    endloop
  endfacet
  facet normal -0.336982 -0.941511 -0
    outer loop
      vertex 14.5061 8.9391 2
      vertex 14.4322 8.96555 0
      vertex 14.5061 8.9391 0
    endloop
  endfacet
  facet normal -0.998765 0.0496771 0
    outer loop
      vertex 14.9961 -8.27841 0
      vertex 15 -8.2 2
      vertex 15 -8.2 0
    endloop
  endfacet
  facet normal -0.998765 0.0496771 0
    outer loop
      vertex 15 -8.2 2
      vertex 14.9961 -8.27841 0
      vertex 14.9961 -8.27841 2
    endloop
  endfacet
  facet normal -0.0491751 -0.99879 0
    outer loop
      vertex 14.2 9 0
      vertex 14.2784 8.99614 2
      vertex 14.2 9 2
    endloop
  endfacet
  facet normal -0.0491751 -0.99879 -0
    outer loop
      vertex 14.2784 8.99614 2
      vertex 14.2 9 0
      vertex 14.2784 8.99614 0
    endloop
  endfacet
  facet normal -0.427446 -0.904041 0
    outer loop
      vertex 14.5061 8.9391 0
      vertex 14.5771 8.90553 2
      vertex 14.5061 8.9391 2
    endloop
  endfacet
  facet normal -0.427446 -0.904041 -0
    outer loop
      vertex 14.5771 8.90553 2
      vertex 14.5061 8.9391 0
      vertex 14.5771 8.90553 0
    endloop
  endfacet
  facet normal -0.80297 0.596019 0
    outer loop
      vertex 14.8184 -8.7075 0
      vertex 14.8652 -8.64445 2
      vertex 14.8652 -8.64445 0
    endloop
  endfacet
  facet normal -0.80297 0.596019 0
    outer loop
      vertex 14.8652 -8.64445 2
      vertex 14.8184 -8.7075 0
      vertex 14.8184 -8.7075 2
    endloop
  endfacet
  facet normal -0.671353 0.741137 0
    outer loop
      vertex 14.7657 -8.76569 0
      vertex 14.7075 -8.81841 2
      vertex 14.7657 -8.76569 2
    endloop
  endfacet
  facet normal -0.671353 0.741137 0
    outer loop
      vertex 14.7075 -8.81841 2
      vertex 14.7657 -8.76569 0
      vertex 14.7075 -8.81841 0
    endloop
  endfacet
  facet normal -0.243494 0.969902 0
    outer loop
      vertex 25.3903 -11.9569 2
      vertex 25.2951 -11.9808 7.8
      vertex 25.3903 -11.9569 7.8
    endloop
  endfacet
  facet normal -0.243494 0.969902 0
    outer loop
      vertex 25.2951 -11.9808 7.8
      vertex 25.3903 -11.9569 2
      vertex 25.2951 -11.9808 2
    endloop
  endfacet
  facet normal 0.941742 -0.336336 0
    outer loop
      vertex -26.0569 11.2903 7.8
      vertex -26.0239 11.3827 2
      vertex -26.0239 11.3827 7.8
    endloop
  endfacet
  facet normal 0.941742 -0.336336 0
    outer loop
      vertex -26.0239 11.3827 2
      vertex -26.0569 11.2903 7.8
      vertex -26.0569 11.2903 2
    endloop
  endfacet
  facet normal 0 1 -0
    outer loop
      vertex 25.1 -12 2
      vertex -25.1 -12 7.8
      vertex 25.1 -12 7.8
    endloop
  endfacet
  facet normal 0 1 0
    outer loop
      vertex -25.1 -12 7.8
      vertex 25.1 -12 2
      vertex -25.1 -12 2
    endloop
  endfacet
  facet normal -0.146696 0.989182 0
    outer loop
      vertex 25.2951 -11.9808 2
      vertex 25.198 -11.9952 7.8
      vertex 25.2951 -11.9808 7.8
    endloop
  endfacet
  facet normal -0.146696 0.989182 0
    outer loop
      vertex 25.198 -11.9952 7.8
      vertex 25.2951 -11.9808 2
      vertex 25.198 -11.9952 2
    endloop
  endfacet
  facet normal -0.802925 -0.59608 0
    outer loop
      vertex 25.9315 11.5556 2
      vertex 25.873 11.6344 7.8
      vertex 25.873 11.6344 2
    endloop
  endfacet
  facet normal -0.802925 -0.59608 0
    outer loop
      vertex 25.873 11.6344 7.8
      vertex 25.9315 11.5556 2
      vertex 25.9315 11.5556 7.8
    endloop
  endfacet
  facet normal -0.0489209 0.998803 0
    outer loop
      vertex 25.198 -11.9952 2
      vertex 25.1 -12 7.8
      vertex 25.198 -11.9952 7.8
    endloop
  endfacet
  facet normal -0.0489209 0.998803 0
    outer loop
      vertex 25.1 -12 7.8
      vertex 25.198 -11.9952 2
      vertex 25.1 -12 2
    endloop
  endfacet
  facet normal 0.243494 0.969902 -0
    outer loop
      vertex -25.2951 -11.9808 2
      vertex -25.3903 -11.9569 7.8
      vertex -25.2951 -11.9808 7.8
    endloop
  endfacet
  facet normal 0.243494 0.969902 0
    outer loop
      vertex -25.3903 -11.9569 7.8
      vertex -25.2951 -11.9808 2
      vertex -25.3903 -11.9569 2
    endloop
  endfacet
  facet normal 0.513596 -0.858032 0
    outer loop
      vertex -25.6556 11.8315 2
      vertex -25.5714 11.8819 7.8
      vertex -25.6556 11.8315 7.8
    endloop
  endfacet
  facet normal 0.513596 -0.858032 0
    outer loop
      vertex -25.5714 11.8819 7.8
      vertex -25.6556 11.8315 2
      vertex -25.5714 11.8819 2
    endloop
  endfacet
  facet normal 0.427955 0.9038 -0
    outer loop
      vertex -25.4827 -11.9239 2
      vertex -25.5714 -11.8819 7.8
      vertex -25.4827 -11.9239 7.8
    endloop
  endfacet
  facet normal 0.427955 0.9038 0
    outer loop
      vertex -25.5714 -11.8819 7.8
      vertex -25.4827 -11.9239 2
      vertex -25.5714 -11.8819 2
    endloop
  endfacet
  facet normal 0.427955 -0.9038 0
    outer loop
      vertex -25.5714 11.8819 2
      vertex -25.4827 11.9239 7.8
      vertex -25.5714 11.8819 7.8
    endloop
  endfacet
  facet normal 0.427955 -0.9038 0
    outer loop
      vertex -25.4827 11.9239 7.8
      vertex -25.5714 11.8819 2
      vertex -25.4827 11.9239 2
    endloop
  endfacet
  facet normal -0.941742 -0.336336 0
    outer loop
      vertex 26.0569 11.2903 2
      vertex 26.0239 11.3827 7.8
      vertex 26.0239 11.3827 2
    endloop
  endfacet
  facet normal -0.941742 -0.336336 0
    outer loop
      vertex 26.0239 11.3827 7.8
      vertex 26.0569 11.2903 2
      vertex 26.0569 11.2903 7.8
    endloop
  endfacet
  facet normal 0.740908 0.671607 0
    outer loop
      vertex -25.8071 -11.7071 7.8
      vertex -25.873 -11.6344 2
      vertex -25.873 -11.6344 7.8
    endloop
  endfacet
  facet normal 0.740908 0.671607 0
    outer loop
      vertex -25.873 -11.6344 2
      vertex -25.8071 -11.7071 7.8
      vertex -25.8071 -11.7071 2
    endloop
  endfacet
  facet normal 0.336336 0.941742 -0
    outer loop
      vertex -25.3903 -11.9569 2
      vertex -25.4827 -11.9239 7.8
      vertex -25.3903 -11.9569 7.8
    endloop
  endfacet
  facet normal 0.336336 0.941742 0
    outer loop
      vertex -25.4827 -11.9239 7.8
      vertex -25.3903 -11.9569 2
      vertex -25.4827 -11.9239 2
    endloop
  endfacet
  facet normal -1 0 0
    outer loop
      vertex 26.1 -11 2
      vertex 26.1 11 7.8
      vertex 26.1 11 2
    endloop
  endfacet
  facet normal -1 -0 0
    outer loop
      vertex 26.1 11 7.8
      vertex 26.1 -11 2
      vertex 26.1 -11 7.8
    endloop
  endfacet
  facet normal 1 -0 0
    outer loop
      vertex -26.1 -11 7.8
      vertex -26.1 11 2
      vertex -26.1 11 7.8
    endloop
  endfacet
  facet normal 1 0 0
    outer loop
      vertex -26.1 11 2
      vertex -26.1 -11 7.8
      vertex -26.1 -11 2
    endloop
  endfacet
  facet normal 0.9038 0.427955 0
    outer loop
      vertex -25.9819 -11.4714 7.8
      vertex -26.0239 -11.3827 2
      vertex -26.0239 -11.3827 7.8
    endloop
  endfacet
  facet normal 0.9038 0.427955 0
    outer loop
      vertex -26.0239 -11.3827 2
      vertex -25.9819 -11.4714 7.8
      vertex -25.9819 -11.4714 2
    endloop
  endfacet
  facet normal 0.671607 0.740908 -0
    outer loop
      vertex -25.7344 -11.773 2
      vertex -25.8071 -11.7071 7.8
      vertex -25.7344 -11.773 7.8
    endloop
  endfacet
  facet normal 0.671607 0.740908 0
    outer loop
      vertex -25.8071 -11.7071 7.8
      vertex -25.7344 -11.773 2
      vertex -25.8071 -11.7071 2
    endloop
  endfacet
  facet normal -0.59608 -0.802925 0
    outer loop
      vertex 25.6556 11.8315 2
      vertex 25.7344 11.773 7.8
      vertex 25.6556 11.8315 7.8
    endloop
  endfacet
  facet normal -0.59608 -0.802925 -0
    outer loop
      vertex 25.7344 11.773 7.8
      vertex 25.6556 11.8315 2
      vertex 25.7344 11.773 2
    endloop
  endfacet
  facet normal 0.146696 0.989182 -0
    outer loop
      vertex -25.198 -11.9952 2
      vertex -25.2951 -11.9808 7.8
      vertex -25.198 -11.9952 7.8
    endloop
  endfacet
  facet normal 0.146696 0.989182 0
    outer loop
      vertex -25.2951 -11.9808 7.8
      vertex -25.198 -11.9952 2
      vertex -25.2951 -11.9808 2
    endloop
  endfacet
  facet normal 0.0489209 0.998803 -0
    outer loop
      vertex -25.1 -12 2
      vertex -25.198 -11.9952 7.8
      vertex -25.1 -12 7.8
    endloop
  endfacet
  facet normal 0.0489209 0.998803 0
    outer loop
      vertex -25.198 -11.9952 7.8
      vertex -25.1 -12 2
      vertex -25.198 -11.9952 2
    endloop
  endfacet
  facet normal 0.969902 0.243494 0
    outer loop
      vertex -26.0569 -11.2903 7.8
      vertex -26.0808 -11.1951 2
      vertex -26.0808 -11.1951 7.8
    endloop
  endfacet
  facet normal 0.969902 0.243494 0
    outer loop
      vertex -26.0808 -11.1951 2
      vertex -26.0569 -11.2903 7.8
      vertex -26.0569 -11.2903 2
    endloop
  endfacet
  facet normal 0 -1 0
    outer loop
      vertex -25.1 12 7.8
      vertex -22.61 12 5.6
      vertex -22.61 12 7.8
    endloop
  endfacet
  facet normal 0 -1 -0
    outer loop
      vertex -22.61 12 5.6
      vertex -25.1 12 2
      vertex -13.11 12 5.6
    endloop
  endfacet
  facet normal 0 -1 0
    outer loop
      vertex -25.1 12 2
      vertex -22.61 12 5.6
      vertex -25.1 12 7.8
    endloop
  endfacet
  facet normal 0 -1 0
    outer loop
      vertex -13.11 12 5.6
      vertex 25.1 12 7.8
      vertex -13.11 12 7.8
    endloop
  endfacet
  facet normal 0 -1 0
    outer loop
      vertex 25.1 12 2
      vertex -13.11 12 5.6
      vertex -25.1 12 2
    endloop
  endfacet
  facet normal 0 -1 0
    outer loop
      vertex -13.11 12 5.6
      vertex 25.1 12 2
      vertex 25.1 12 7.8
    endloop
  endfacet
  facet normal 0.9038 -0.427955 0
    outer loop
      vertex -26.0239 11.3827 7.8
      vertex -25.9819 11.4714 2
      vertex -25.9819 11.4714 7.8
    endloop
  endfacet
  facet normal 0.9038 -0.427955 0
    outer loop
      vertex -25.9819 11.4714 2
      vertex -26.0239 11.3827 7.8
      vertex -26.0239 11.3827 2
    endloop
  endfacet
  facet normal -0.858032 -0.513596 0
    outer loop
      vertex 25.9819 11.4714 2
      vertex 25.9315 11.5556 7.8
      vertex 25.9315 11.5556 2
    endloop
  endfacet
  facet normal -0.858032 -0.513596 0
    outer loop
      vertex 25.9315 11.5556 7.8
      vertex 25.9819 11.4714 2
      vertex 25.9819 11.4714 7.8
    endloop
  endfacet
  facet normal -0.969902 0.243494 0
    outer loop
      vertex 26.0569 -11.2903 2
      vertex 26.0808 -11.1951 7.8
      vertex 26.0808 -11.1951 2
    endloop
  endfacet
  facet normal -0.969902 0.243494 0
    outer loop
      vertex 26.0808 -11.1951 7.8
      vertex 26.0569 -11.2903 2
      vertex 26.0569 -11.2903 7.8
    endloop
  endfacet
  facet normal 0.243494 -0.969902 0
    outer loop
      vertex -25.3903 11.9569 2
      vertex -25.2951 11.9808 7.8
      vertex -25.3903 11.9569 7.8
    endloop
  endfacet
  facet normal 0.243494 -0.969902 0
    outer loop
      vertex -25.2951 11.9808 7.8
      vertex -25.3903 11.9569 2
      vertex -25.2951 11.9808 2
    endloop
  endfacet
  facet normal 0.998803 0.0489209 0
    outer loop
      vertex -26.0952 -11.098 7.8
      vertex -26.1 -11 2
      vertex -26.1 -11 7.8
    endloop
  endfacet
  facet normal 0.998803 0.0489209 0
    outer loop
      vertex -26.1 -11 2
      vertex -26.0952 -11.098 7.8
      vertex -26.0952 -11.098 2
    endloop
  endfacet
  facet normal 0.0489209 -0.998803 0
    outer loop
      vertex -25.198 11.9952 2
      vertex -25.1 12 7.8
      vertex -25.198 11.9952 7.8
    endloop
  endfacet
  facet normal 0.0489209 -0.998803 0
    outer loop
      vertex -25.1 12 7.8
      vertex -25.198 11.9952 2
      vertex -25.1 12 2
    endloop
  endfacet
  facet normal -0.336336 0.941742 0
    outer loop
      vertex 25.4827 -11.9239 2
      vertex 25.3903 -11.9569 7.8
      vertex 25.4827 -11.9239 7.8
    endloop
  endfacet
  facet normal -0.336336 0.941742 0
    outer loop
      vertex 25.3903 -11.9569 7.8
      vertex 25.4827 -11.9239 2
      vertex 25.3903 -11.9569 2
    endloop
  endfacet
  facet normal -0.243494 -0.969902 0
    outer loop
      vertex 25.2951 11.9808 2
      vertex 25.3903 11.9569 7.8
      vertex 25.2951 11.9808 7.8
    endloop
  endfacet
  facet normal -0.243494 -0.969902 -0
    outer loop
      vertex 25.3903 11.9569 7.8
      vertex 25.2951 11.9808 2
      vertex 25.3903 11.9569 2
    endloop
  endfacet
  facet normal 0.146696 -0.989182 0
    outer loop
      vertex -25.2951 11.9808 2
      vertex -25.198 11.9952 7.8
      vertex -25.2951 11.9808 7.8
    endloop
  endfacet
  facet normal 0.146696 -0.989182 0
    outer loop
      vertex -25.198 11.9952 7.8
      vertex -25.2951 11.9808 2
      vertex -25.198 11.9952 2
    endloop
  endfacet
  facet normal -0.336336 -0.941742 0
    outer loop
      vertex 25.3903 11.9569 2
      vertex 25.4827 11.9239 7.8
      vertex 25.3903 11.9569 7.8
    endloop
  endfacet
  facet normal -0.336336 -0.941742 -0
    outer loop
      vertex 25.4827 11.9239 7.8
      vertex 25.3903 11.9569 2
      vertex 25.4827 11.9239 2
    endloop
  endfacet
  facet normal 0.858032 -0.513596 0
    outer loop
      vertex -25.9819 11.4714 7.8
      vertex -25.9315 11.5556 2
      vertex -25.9315 11.5556 7.8
    endloop
  endfacet
  facet normal 0.858032 -0.513596 0
    outer loop
      vertex -25.9315 11.5556 2
      vertex -25.9819 11.4714 7.8
      vertex -25.9819 11.4714 2
    endloop
  endfacet
  facet normal 0.802925 -0.59608 0
    outer loop
      vertex -25.9315 11.5556 7.8
      vertex -25.873 11.6344 2
      vertex -25.873 11.6344 7.8
    endloop
  endfacet
  facet normal 0.802925 -0.59608 0
    outer loop
      vertex -25.873 11.6344 2
      vertex -25.9315 11.5556 7.8
      vertex -25.9315 11.5556 2
    endloop
  endfacet
  facet normal 0.59608 0.802925 -0
    outer loop
      vertex -25.6556 -11.8315 2
      vertex -25.7344 -11.773 7.8
      vertex -25.6556 -11.8315 7.8
    endloop
  endfacet
  facet normal 0.59608 0.802925 0
    outer loop
      vertex -25.7344 -11.773 7.8
      vertex -25.6556 -11.8315 2
      vertex -25.7344 -11.773 2
    endloop
  endfacet
  facet normal -0.146696 -0.989182 0
    outer loop
      vertex 25.198 11.9952 2
      vertex 25.2951 11.9808 7.8
      vertex 25.198 11.9952 7.8
    endloop
  endfacet
  facet normal -0.146696 -0.989182 -0
    outer loop
      vertex 25.2951 11.9808 7.8
      vertex 25.198 11.9952 2
      vertex 25.2951 11.9808 2
    endloop
  endfacet
  facet normal -0.0489209 -0.998803 0
    outer loop
      vertex 25.1 12 2
      vertex 25.198 11.9952 7.8
      vertex 25.1 12 7.8
    endloop
  endfacet
  facet normal -0.0489209 -0.998803 -0
    outer loop
      vertex 25.198 11.9952 7.8
      vertex 25.1 12 2
      vertex 25.198 11.9952 2
    endloop
  endfacet
  facet normal -0.671607 0.740908 0
    outer loop
      vertex 25.8071 -11.7071 2
      vertex 25.7344 -11.773 7.8
      vertex 25.8071 -11.7071 7.8
    endloop
  endfacet
  facet normal -0.671607 0.740908 0
    outer loop
      vertex 25.7344 -11.773 7.8
      vertex 25.8071 -11.7071 2
      vertex 25.7344 -11.773 2
    endloop
  endfacet
  facet normal 0.336336 -0.941742 0
    outer loop
      vertex -25.4827 11.9239 2
      vertex -25.3903 11.9569 7.8
      vertex -25.4827 11.9239 7.8
    endloop
  endfacet
  facet normal 0.336336 -0.941742 0
    outer loop
      vertex -25.3903 11.9569 7.8
      vertex -25.4827 11.9239 2
      vertex -25.3903 11.9569 2
    endloop
  endfacet
  facet normal 0.671607 -0.740908 0
    outer loop
      vertex -25.8071 11.7071 2
      vertex -25.7344 11.773 7.8
      vertex -25.8071 11.7071 7.8
    endloop
  endfacet
  facet normal 0.671607 -0.740908 0
    outer loop
      vertex -25.7344 11.773 7.8
      vertex -25.8071 11.7071 2
      vertex -25.7344 11.773 2
    endloop
  endfacet
  facet normal -0.740908 -0.671607 0
    outer loop
      vertex 25.873 11.6344 2
      vertex 25.8071 11.7071 7.8
      vertex 25.8071 11.7071 2
    endloop
  endfacet
  facet normal -0.740908 -0.671607 0
    outer loop
      vertex 25.8071 11.7071 7.8
      vertex 25.873 11.6344 2
      vertex 25.873 11.6344 7.8
    endloop
  endfacet
  facet normal 0.59608 -0.802925 0
    outer loop
      vertex -25.7344 11.773 2
      vertex -25.6556 11.8315 7.8
      vertex -25.7344 11.773 7.8
    endloop
  endfacet
  facet normal 0.59608 -0.802925 0
    outer loop
      vertex -25.6556 11.8315 7.8
      vertex -25.7344 11.773 2
      vertex -25.6556 11.8315 2
    endloop
  endfacet
  facet normal -0.59608 0.802925 0
    outer loop
      vertex 25.7344 -11.773 2
      vertex 25.6556 -11.8315 7.8
      vertex 25.7344 -11.773 7.8
    endloop
  endfacet
  facet normal -0.59608 0.802925 0
    outer loop
      vertex 25.6556 -11.8315 7.8
      vertex 25.7344 -11.773 2
      vertex 25.6556 -11.8315 2
    endloop
  endfacet
  facet normal 0.998803 -0.0489209 0
    outer loop
      vertex -26.1 11 7.8
      vertex -26.0952 11.098 2
      vertex -26.0952 11.098 7.8
    endloop
  endfacet
  facet normal 0.998803 -0.0489209 0
    outer loop
      vertex -26.0952 11.098 2
      vertex -26.1 11 7.8
      vertex -26.1 11 2
    endloop
  endfacet
  facet normal 0.989182 0.146696 0
    outer loop
      vertex -26.0808 -11.1951 7.8
      vertex -26.0952 -11.098 2
      vertex -26.0952 -11.098 7.8
    endloop
  endfacet
  facet normal 0.989182 0.146696 0
    outer loop
      vertex -26.0952 -11.098 2
      vertex -26.0808 -11.1951 7.8
      vertex -26.0808 -11.1951 2
    endloop
  endfacet
  facet normal 0.969902 -0.243494 0
    outer loop
      vertex -26.0808 11.1951 7.8
      vertex -26.0569 11.2903 2
      vertex -26.0569 11.2903 7.8
    endloop
  endfacet
  facet normal 0.969902 -0.243494 0
    outer loop
      vertex -26.0569 11.2903 2
      vertex -26.0808 11.1951 7.8
      vertex -26.0808 11.1951 2
    endloop
  endfacet
  facet normal -0.513596 0.858032 0
    outer loop
      vertex 25.6556 -11.8315 2
      vertex 25.5714 -11.8819 7.8
      vertex 25.6556 -11.8315 7.8
    endloop
  endfacet
  facet normal -0.513596 0.858032 0
    outer loop
      vertex 25.5714 -11.8819 7.8
      vertex 25.6556 -11.8315 2
      vertex 25.5714 -11.8819 2
    endloop
  endfacet
  facet normal 0.989182 -0.146696 0
    outer loop
      vertex -26.0952 11.098 7.8
      vertex -26.0808 11.1951 2
      vertex -26.0808 11.1951 7.8
    endloop
  endfacet
  facet normal 0.989182 -0.146696 0
    outer loop
      vertex -26.0808 11.1951 2
      vertex -26.0952 11.098 7.8
      vertex -26.0952 11.098 2
    endloop
  endfacet
  facet normal -0.9038 -0.427955 0
    outer loop
      vertex 26.0239 11.3827 2
      vertex 25.9819 11.4714 7.8
      vertex 25.9819 11.4714 2
    endloop
  endfacet
  facet normal -0.9038 -0.427955 0
    outer loop
      vertex 25.9819 11.4714 7.8
      vertex 26.0239 11.3827 2
      vertex 26.0239 11.3827 7.8
    endloop
  endfacet
  facet normal 0.858032 0.513596 0
    outer loop
      vertex -25.9315 -11.5556 7.8
      vertex -25.9819 -11.4714 2
      vertex -25.9819 -11.4714 7.8
    endloop
  endfacet
  facet normal 0.858032 0.513596 0
    outer loop
      vertex -25.9819 -11.4714 2
      vertex -25.9315 -11.5556 7.8
      vertex -25.9315 -11.5556 2
    endloop
  endfacet
  facet normal -0.427955 -0.9038 0
    outer loop
      vertex 25.4827 11.9239 2
      vertex 25.5714 11.8819 7.8
      vertex 25.4827 11.9239 7.8
    endloop
  endfacet
  facet normal -0.427955 -0.9038 -0
    outer loop
      vertex 25.5714 11.8819 7.8
      vertex 25.4827 11.9239 2
      vertex 25.5714 11.8819 2
    endloop
  endfacet
  facet normal 0.740908 -0.671607 0
    outer loop
      vertex -25.873 11.6344 7.8
      vertex -25.8071 11.7071 2
      vertex -25.8071 11.7071 7.8
    endloop
  endfacet
  facet normal 0.740908 -0.671607 0
    outer loop
      vertex -25.8071 11.7071 2
      vertex -25.873 11.6344 7.8
      vertex -25.873 11.6344 2
    endloop
  endfacet
  facet normal -0.969902 -0.243494 0
    outer loop
      vertex 26.0808 11.1951 2
      vertex 26.0569 11.2903 7.8
      vertex 26.0569 11.2903 2
    endloop
  endfacet
  facet normal -0.969902 -0.243494 0
    outer loop
      vertex 26.0569 11.2903 7.8
      vertex 26.0808 11.1951 2
      vertex 26.0808 11.1951 7.8
    endloop
  endfacet
  facet normal -0.671607 -0.740908 0
    outer loop
      vertex 25.7344 11.773 2
      vertex 25.8071 11.7071 7.8
      vertex 25.7344 11.773 7.8
    endloop
  endfacet
  facet normal -0.671607 -0.740908 -0
    outer loop
      vertex 25.8071 11.7071 7.8
      vertex 25.7344 11.773 2
      vertex 25.8071 11.7071 2
    endloop
  endfacet
  facet normal -0.998803 -0.0489209 0
    outer loop
      vertex 26.1 11 2
      vertex 26.0952 11.098 7.8
      vertex 26.0952 11.098 2
    endloop
  endfacet
  facet normal -0.998803 -0.0489209 0
    outer loop
      vertex 26.0952 11.098 7.8
      vertex 26.1 11 2
      vertex 26.1 11 7.8
    endloop
  endfacet
  facet normal 0.513596 0.858032 -0
    outer loop
      vertex -25.5714 -11.8819 2
      vertex -25.6556 -11.8315 7.8
      vertex -25.5714 -11.8819 7.8
    endloop
  endfacet
  facet normal 0.513596 0.858032 0
    outer loop
      vertex -25.6556 -11.8315 7.8
      vertex -25.5714 -11.8819 2
      vertex -25.6556 -11.8315 2
    endloop
  endfacet
  facet normal -0.802925 0.59608 0
    outer loop
      vertex 25.873 -11.6344 2
      vertex 25.9315 -11.5556 7.8
      vertex 25.9315 -11.5556 2
    endloop
  endfacet
  facet normal -0.802925 0.59608 0
    outer loop
      vertex 25.9315 -11.5556 7.8
      vertex 25.873 -11.6344 2
      vertex 25.873 -11.6344 7.8
    endloop
  endfacet
  facet normal 0.802925 0.59608 0
    outer loop
      vertex -25.873 -11.6344 7.8
      vertex -25.9315 -11.5556 2
      vertex -25.9315 -11.5556 7.8
    endloop
  endfacet
  facet normal 0.802925 0.59608 0
    outer loop
      vertex -25.9315 -11.5556 2
      vertex -25.873 -11.6344 7.8
      vertex -25.873 -11.6344 2
    endloop
  endfacet
  facet normal -0.740908 0.671607 0
    outer loop
      vertex 25.8071 -11.7071 2
      vertex 25.873 -11.6344 7.8
      vertex 25.873 -11.6344 2
    endloop
  endfacet
  facet normal -0.740908 0.671607 0
    outer loop
      vertex 25.873 -11.6344 7.8
      vertex 25.8071 -11.7071 2
      vertex 25.8071 -11.7071 7.8
    endloop
  endfacet
  facet normal -0.513596 -0.858032 0
    outer loop
      vertex 25.5714 11.8819 2
      vertex 25.6556 11.8315 7.8
      vertex 25.5714 11.8819 7.8
    endloop
  endfacet
  facet normal -0.513596 -0.858032 -0
    outer loop
      vertex 25.6556 11.8315 7.8
      vertex 25.5714 11.8819 2
      vertex 25.6556 11.8315 2
    endloop
  endfacet
  facet normal -0.989182 -0.146696 0
    outer loop
      vertex 26.0952 11.098 2
      vertex 26.0808 11.1951 7.8
      vertex 26.0808 11.1951 2
    endloop
  endfacet
  facet normal -0.989182 -0.146696 0
    outer loop
      vertex 26.0808 11.1951 7.8
      vertex 26.0952 11.098 2
      vertex 26.0952 11.098 7.8
    endloop
  endfacet
  facet normal 0 0 1
    outer loop
      vertex -21.8648 -8.79198 2
      vertex -21.8648 -8.98802 2
      vertex -21.86 -8.89 2
    endloop
  endfacet
  facet normal 0 0 1
    outer loop
      vertex -21.8792 -8.69491 2
      vertex -21.8648 -8.98802 2
      vertex -21.8648 -8.79198 2
    endloop
  endfacet
  facet normal 0 0 1
    outer loop
      vertex -21.8792 -8.69491 2
      vertex -21.8792 -9.08509 2
      vertex -21.8648 -8.98802 2
    endloop
  endfacet
  facet normal 0 0 1
    outer loop
      vertex -21.9031 -8.59972 2
      vertex -21.8792 -9.08509 2
      vertex -21.8792 -8.69491 2
    endloop
  endfacet
  facet normal 0 0 1
    outer loop
      vertex -21.9031 -8.59972 2
      vertex -21.9031 -9.18028 2
      vertex -21.8792 -9.08509 2
    endloop
  endfacet
  facet normal 0 0 1
    outer loop
      vertex -21.9361 -8.50732 2
      vertex -21.9031 -9.18028 2
      vertex -21.9031 -8.59972 2
    endloop
  endfacet
  facet normal 0 0 1
    outer loop
      vertex -21.9361 -8.50732 2
      vertex -21.9361 -9.27268 2
      vertex -21.9031 -9.18028 2
    endloop
  endfacet
  facet normal 0 0 1
    outer loop
      vertex -21.9781 -8.4186 2
      vertex -21.9361 -9.27268 2
      vertex -21.9361 -8.50732 2
    endloop
  endfacet
  facet normal 0 0 1
    outer loop
      vertex -21.9781 -8.4186 2
      vertex -21.9781 -9.3614 2
      vertex -21.9361 -9.27268 2
    endloop
  endfacet
  facet normal 0 0 1
    outer loop
      vertex -22.0285 -8.33443 2
      vertex -21.9781 -9.3614 2
      vertex -21.9781 -8.4186 2
    endloop
  endfacet
  facet normal 0 0 1
    outer loop
      vertex -22.0285 -8.33443 2
      vertex -22.0285 -9.44557 2
      vertex -21.9781 -9.3614 2
    endloop
  endfacet
  facet normal 0 0 1
    outer loop
      vertex -22.087 -8.25561 2
      vertex -22.0285 -9.44557 2
      vertex -22.0285 -8.33443 2
    endloop
  endfacet
  facet normal 0 0 1
    outer loop
      vertex -22.087 -8.25561 2
      vertex -22.087 -9.52439 2
      vertex -22.0285 -9.44557 2
    endloop
  endfacet
  facet normal 0 0 1
    outer loop
      vertex -22.1529 -8.18289 2
      vertex -22.087 -9.52439 2
      vertex -22.087 -8.25561 2
    endloop
  endfacet
  facet normal 0 0 1
    outer loop
      vertex -22.1529 -8.18289 2
      vertex -22.1529 -9.59711 2
      vertex -22.087 -9.52439 2
    endloop
  endfacet
  facet normal 0 0 1
    outer loop
      vertex -22.2256 -8.11699 2
      vertex -22.1529 -9.59711 2
      vertex -22.1529 -8.18289 2
    endloop
  endfacet
  facet normal 0 0 1
    outer loop
      vertex -22.2256 -8.11699 2
      vertex -22.2256 -9.66301 2
      vertex -22.1529 -9.59711 2
    endloop
  endfacet
  facet normal 0 0 1
    outer loop
      vertex -22.3044 -8.05853 2
      vertex -22.2256 -9.66301 2
      vertex -22.2256 -8.11699 2
    endloop
  endfacet
  facet normal 0 0 1
    outer loop
      vertex -22.3044 -8.05853 2
      vertex -22.3044 -9.72147 2
      vertex -22.2256 -9.66301 2
    endloop
  endfacet
  facet normal 0 0 1
    outer loop
      vertex -22.3886 -8.00808 2
      vertex -22.3044 -9.72147 2
      vertex -22.3044 -8.05853 2
    endloop
  endfacet
  facet normal 0 0 1
    outer loop
      vertex -22.3886 -8.00808 2
      vertex -22.3886 -9.77192 2
      vertex -22.3044 -9.72147 2
    endloop
  endfacet
  facet normal 0 0 1
    outer loop
      vertex -22.4773 -7.96612 2
      vertex -22.3886 -9.77192 2
      vertex -22.3886 -8.00808 2
    endloop
  endfacet
  facet normal 0 0 1
    outer loop
      vertex -22.4773 -7.96612 2
      vertex -22.4773 -9.81388 2
      vertex -22.3886 -9.77192 2
    endloop
  endfacet
  facet normal 0 0 1
    outer loop
      vertex -22.5697 -7.93306 2
      vertex -22.4773 -9.81388 2
      vertex -22.4773 -7.96612 2
    endloop
  endfacet
  facet normal 0 0 1
    outer loop
      vertex -22.5697 -7.93306 2
      vertex -22.5697 -9.84694 2
      vertex -22.4773 -9.81388 2
    endloop
  endfacet
  facet normal 0 0 1
    outer loop
      vertex -22.6649 -7.90922 2
      vertex -22.5697 -9.84694 2
      vertex -22.5697 -7.93306 2
    endloop
  endfacet
  facet normal 0 0 1
    outer loop
      vertex -22.6649 -7.90922 2
      vertex -22.6649 -9.87078 2
      vertex -22.5697 -9.84694 2
    endloop
  endfacet
  facet normal 0 0 1
    outer loop
      vertex -22.762 -7.89482 2
      vertex -22.6649 -9.87078 2
      vertex -22.6649 -7.90922 2
    endloop
  endfacet
  facet normal 0 0 1
    outer loop
      vertex -22.762 -7.89482 2
      vertex -22.762 -9.88518 2
      vertex -22.6649 -9.87078 2
    endloop
  endfacet
  facet normal 0 0 1
    outer loop
      vertex -22.86 -7.89 2
      vertex -22.762 -9.88518 2
      vertex -22.762 -7.89482 2
    endloop
  endfacet
  facet normal 0 0 1
    outer loop
      vertex -22.86 -7.89 2
      vertex -22.86 -9.89 2
      vertex -22.762 -9.88518 2
    endloop
  endfacet
  facet normal -0 0 1
    outer loop
      vertex -22.958 -7.89482 2
      vertex -22.86 -9.89 2
      vertex -22.86 -7.89 2
    endloop
  endfacet
  facet normal 0 0 1
    outer loop
      vertex -22.958 -7.89482 2
      vertex -22.958 -9.88518 2
      vertex -22.86 -9.89 2
    endloop
  endfacet
  facet normal -0 0 1
    outer loop
      vertex -23.0551 -7.90922 2
      vertex -22.958 -9.88518 2
      vertex -22.958 -7.89482 2
    endloop
  endfacet
  facet normal 0 0 1
    outer loop
      vertex -23.0551 -7.90922 2
      vertex -23.0551 -9.87078 2
      vertex -22.958 -9.88518 2
    endloop
  endfacet
  facet normal -0 0 1
    outer loop
      vertex -23.1503 -7.93306 2
      vertex -23.0551 -9.87078 2
      vertex -23.0551 -7.90922 2
    endloop
  endfacet
  facet normal 0 0 1
    outer loop
      vertex -23.1503 -7.93306 2
      vertex -23.1503 -9.84694 2
      vertex -23.0551 -9.87078 2
    endloop
  endfacet
  facet normal -0 0 1
    outer loop
      vertex -23.2427 -7.96612 2
      vertex -23.1503 -9.84694 2
      vertex -23.1503 -7.93306 2
    endloop
  endfacet
  facet normal 0 0 1
    outer loop
      vertex -23.2427 -7.96612 2
      vertex -23.2427 -9.81388 2
      vertex -23.1503 -9.84694 2
    endloop
  endfacet
  facet normal -0 0 1
    outer loop
      vertex -23.3314 -8.00808 2
      vertex -23.2427 -9.81388 2
      vertex -23.2427 -7.96612 2
    endloop
  endfacet
  facet normal 0 0 1
    outer loop
      vertex -23.3314 -8.00808 2
      vertex -23.3314 -9.77192 2
      vertex -23.2427 -9.81388 2
    endloop
  endfacet
  facet normal -0 0 1
    outer loop
      vertex -23.4156 -8.05853 2
      vertex -23.3314 -9.77192 2
      vertex -23.3314 -8.00808 2
    endloop
  endfacet
  facet normal 0 0 1
    outer loop
      vertex -23.4156 -8.05853 2
      vertex -23.4156 -9.72147 2
      vertex -23.3314 -9.77192 2
    endloop
  endfacet
  facet normal -0 0 1
    outer loop
      vertex -23.4944 -8.11699 2
      vertex -23.4156 -9.72147 2
      vertex -23.4156 -8.05853 2
    endloop
  endfacet
  facet normal 0 0 1
    outer loop
      vertex -23.4944 -8.11699 2
      vertex -23.4944 -9.66301 2
      vertex -23.4156 -9.72147 2
    endloop
  endfacet
  facet normal -0 0 1
    outer loop
      vertex -23.5671 -8.18289 2
      vertex -23.4944 -9.66301 2
      vertex -23.4944 -8.11699 2
    endloop
  endfacet
  facet normal 0 0 1
    outer loop
      vertex -23.5671 -8.18289 2
      vertex -23.5671 -9.59711 2
      vertex -23.4944 -9.66301 2
    endloop
  endfacet
  facet normal -0 0 1
    outer loop
      vertex -23.633 -8.25561 2
      vertex -23.5671 -9.59711 2
      vertex -23.5671 -8.18289 2
    endloop
  endfacet
  facet normal 0 0 1
    outer loop
      vertex -23.633 -8.25561 2
      vertex -23.633 -9.52439 2
      vertex -23.5671 -9.59711 2
    endloop
  endfacet
  facet normal -0 0 1
    outer loop
      vertex -23.6915 -8.33443 2
      vertex -23.633 -9.52439 2
      vertex -23.633 -8.25561 2
    endloop
  endfacet
  facet normal 0 0 1
    outer loop
      vertex -23.6915 -8.33443 2
      vertex -23.6915 -9.44557 2
      vertex -23.633 -9.52439 2
    endloop
  endfacet
  facet normal -0 0 1
    outer loop
      vertex -23.7419 -8.4186 2
      vertex -23.6915 -9.44557 2
      vertex -23.6915 -8.33443 2
    endloop
  endfacet
  facet normal 0 0 1
    outer loop
      vertex -23.7419 -8.4186 2
      vertex -23.7419 -9.3614 2
      vertex -23.6915 -9.44557 2
    endloop
  endfacet
  facet normal -0 0 1
    outer loop
      vertex -23.7839 -8.50732 2
      vertex -23.7419 -9.3614 2
      vertex -23.7419 -8.4186 2
    endloop
  endfacet
  facet normal 0 0 1
    outer loop
      vertex -23.7839 -8.50732 2
      vertex -23.7839 -9.27268 2
      vertex -23.7419 -9.3614 2
    endloop
  endfacet
  facet normal -0 0 1
    outer loop
      vertex -23.8169 -8.59972 2
      vertex -23.7839 -9.27268 2
      vertex -23.7839 -8.50732 2
    endloop
  endfacet
  facet normal 0 0 1
    outer loop
      vertex -23.8169 -8.59972 2
      vertex -23.8169 -9.18028 2
      vertex -23.7839 -9.27268 2
    endloop
  endfacet
  facet normal -0 0 1
    outer loop
      vertex -23.8408 -8.69491 2
      vertex -23.8169 -9.18028 2
      vertex -23.8169 -8.59972 2
    endloop
  endfacet
  facet normal 0 0 1
    outer loop
      vertex -23.8408 -8.69491 2
      vertex -23.8408 -9.08509 2
      vertex -23.8169 -9.18028 2
    endloop
  endfacet
  facet normal -0 0 1
    outer loop
      vertex -23.8552 -8.79198 2
      vertex -23.8408 -9.08509 2
      vertex -23.8408 -8.69491 2
    endloop
  endfacet
  facet normal 0 0 1
    outer loop
      vertex -23.8552 -8.79198 2
      vertex -23.8552 -8.98802 2
      vertex -23.8408 -9.08509 2
    endloop
  endfacet
  facet normal 0 -0 1
    outer loop
      vertex -23.8552 -8.98802 2
      vertex -23.8552 -8.79198 2
      vertex -23.86 -8.89 2
    endloop
  endfacet
  facet normal 0 0 1
    outer loop
      vertex -21.8648 8.98802 2
      vertex -21.8648 8.79198 2
      vertex -21.86 8.89 2
    endloop
  endfacet
  facet normal 0 0 1
    outer loop
      vertex -21.8792 9.08509 2
      vertex -21.8648 8.79198 2
      vertex -21.8648 8.98802 2
    endloop
  endfacet
  facet normal 0 0 1
    outer loop
      vertex -21.8792 9.08509 2
      vertex -21.8792 8.69491 2
      vertex -21.8648 8.79198 2
    endloop
  endfacet
  facet normal 0 0 1
    outer loop
      vertex -21.9031 9.18028 2
      vertex -21.8792 8.69491 2
      vertex -21.8792 9.08509 2
    endloop
  endfacet
  facet normal 0 0 1
    outer loop
      vertex -21.9031 9.18028 2
      vertex -21.9031 8.59972 2
      vertex -21.8792 8.69491 2
    endloop
  endfacet
  facet normal 0 0 1
    outer loop
      vertex -21.9361 9.27268 2
      vertex -21.9031 8.59972 2
      vertex -21.9031 9.18028 2
    endloop
  endfacet
  facet normal 0 0 1
    outer loop
      vertex -21.9361 9.27268 2
      vertex -21.9361 8.50732 2
      vertex -21.9031 8.59972 2
    endloop
  endfacet
  facet normal 0 0 1
    outer loop
      vertex -21.9781 9.3614 2
      vertex -21.9361 8.50732 2
      vertex -21.9361 9.27268 2
    endloop
  endfacet
  facet normal 0 0 1
    outer loop
      vertex -21.9781 9.3614 2
      vertex -21.9781 8.4186 2
      vertex -21.9361 8.50732 2
    endloop
  endfacet
  facet normal 0 0 1
    outer loop
      vertex -22.0285 9.44557 2
      vertex -21.9781 8.4186 2
      vertex -21.9781 9.3614 2
    endloop
  endfacet
  facet normal 0 0 1
    outer loop
      vertex -22.0285 9.44557 2
      vertex -22.0285 8.33443 2
      vertex -21.9781 8.4186 2
    endloop
  endfacet
  facet normal 0 0 1
    outer loop
      vertex -22.087 9.52439 2
      vertex -22.0285 8.33443 2
      vertex -22.0285 9.44557 2
    endloop
  endfacet
  facet normal 0 0 1
    outer loop
      vertex -22.087 9.52439 2
      vertex -22.087 8.25561 2
      vertex -22.0285 8.33443 2
    endloop
  endfacet
  facet normal 0 0 1
    outer loop
      vertex -22.1529 9.59711 2
      vertex -22.087 8.25561 2
      vertex -22.087 9.52439 2
    endloop
  endfacet
  facet normal 0 0 1
    outer loop
      vertex -22.1529 9.59711 2
      vertex -22.1529 8.18289 2
      vertex -22.087 8.25561 2
    endloop
  endfacet
  facet normal 0 0 1
    outer loop
      vertex -22.2256 9.66301 2
      vertex -22.1529 8.18289 2
      vertex -22.1529 9.59711 2
    endloop
  endfacet
  facet normal 0 0 1
    outer loop
      vertex -22.2256 9.66301 2
      vertex -22.2256 8.11699 2
      vertex -22.1529 8.18289 2
    endloop
  endfacet
  facet normal 0 0 1
    outer loop
      vertex -22.3044 9.72147 2
      vertex -22.2256 8.11699 2
      vertex -22.2256 9.66301 2
    endloop
  endfacet
  facet normal 0 0 1
    outer loop
      vertex -22.3044 9.72147 2
      vertex -22.3044 8.05853 2
      vertex -22.2256 8.11699 2
    endloop
  endfacet
  facet normal 0 0 1
    outer loop
      vertex -22.3886 9.77192 2
      vertex -22.3044 8.05853 2
      vertex -22.3044 9.72147 2
    endloop
  endfacet
  facet normal 0 0 1
    outer loop
      vertex -22.3886 9.77192 2
      vertex -22.3886 8.00808 2
      vertex -22.3044 8.05853 2
    endloop
  endfacet
  facet normal 0 0 1
    outer loop
      vertex -22.4773 9.81388 2
      vertex -22.3886 8.00808 2
      vertex -22.3886 9.77192 2
    endloop
  endfacet
  facet normal 0 0 1
    outer loop
      vertex -22.4773 9.81388 2
      vertex -22.4773 7.96612 2
      vertex -22.3886 8.00808 2
    endloop
  endfacet
  facet normal 0 0 1
    outer loop
      vertex -22.5697 9.84694 2
      vertex -22.4773 7.96612 2
      vertex -22.4773 9.81388 2
    endloop
  endfacet
  facet normal 0 0 1
    outer loop
      vertex -22.5697 9.84694 2
      vertex -22.5697 7.93306 2
      vertex -22.4773 7.96612 2
    endloop
  endfacet
  facet normal 0 0 1
    outer loop
      vertex -22.6649 9.87078 2
      vertex -22.5697 7.93306 2
      vertex -22.5697 9.84694 2
    endloop
  endfacet
  facet normal 0 0 1
    outer loop
      vertex -22.6649 9.87078 2
      vertex -22.6649 7.90922 2
      vertex -22.5697 7.93306 2
    endloop
  endfacet
  facet normal 0 0 1
    outer loop
      vertex -22.762 9.88518 2
      vertex -22.6649 7.90922 2
      vertex -22.6649 9.87078 2
    endloop
  endfacet
  facet normal 0 0 1
    outer loop
      vertex -22.762 9.88518 2
      vertex -22.762 7.89482 2
      vertex -22.6649 7.90922 2
    endloop
  endfacet
  facet normal 0 0 1
    outer loop
      vertex -22.86 9.89 2
      vertex -22.762 7.89482 2
      vertex -22.762 9.88518 2
    endloop
  endfacet
  facet normal 0 0 1
    outer loop
      vertex -22.86 9.89 2
      vertex -22.86 7.89 2
      vertex -22.762 7.89482 2
    endloop
  endfacet
  facet normal -0 0 1
    outer loop
      vertex -22.958 9.88518 2
      vertex -22.86 7.89 2
      vertex -22.86 9.89 2
    endloop
  endfacet
  facet normal 0 0 1
    outer loop
      vertex -22.958 9.88518 2
      vertex -22.958 7.89482 2
      vertex -22.86 7.89 2
    endloop
  endfacet
  facet normal -0 0 1
    outer loop
      vertex -23.0551 9.87078 2
      vertex -22.958 7.89482 2
      vertex -22.958 9.88518 2
    endloop
  endfacet
  facet normal 0 0 1
    outer loop
      vertex -23.0551 9.87078 2
      vertex -23.0551 7.90922 2
      vertex -22.958 7.89482 2
    endloop
  endfacet
  facet normal -0 0 1
    outer loop
      vertex -23.1503 9.84694 2
      vertex -23.0551 7.90922 2
      vertex -23.0551 9.87078 2
    endloop
  endfacet
  facet normal 0 0 1
    outer loop
      vertex -23.1503 9.84694 2
      vertex -23.1503 7.93306 2
      vertex -23.0551 7.90922 2
    endloop
  endfacet
  facet normal -0 0 1
    outer loop
      vertex -23.2427 9.81388 2
      vertex -23.1503 7.93306 2
      vertex -23.1503 9.84694 2
    endloop
  endfacet
  facet normal 0 0 1
    outer loop
      vertex -23.2427 9.81388 2
      vertex -23.2427 7.96612 2
      vertex -23.1503 7.93306 2
    endloop
  endfacet
  facet normal -0 0 1
    outer loop
      vertex -23.3314 9.77192 2
      vertex -23.2427 7.96612 2
      vertex -23.2427 9.81388 2
    endloop
  endfacet
  facet normal 0 0 1
    outer loop
      vertex -23.3314 9.77192 2
      vertex -23.3314 8.00808 2
      vertex -23.2427 7.96612 2
    endloop
  endfacet
  facet normal -0 0 1
    outer loop
      vertex -23.4156 9.72147 2
      vertex -23.3314 8.00808 2
      vertex -23.3314 9.77192 2
    endloop
  endfacet
  facet normal 0 0 1
    outer loop
      vertex -23.4156 9.72147 2
      vertex -23.4156 8.05853 2
      vertex -23.3314 8.00808 2
    endloop
  endfacet
  facet normal -0 0 1
    outer loop
      vertex -23.4944 9.66301 2
      vertex -23.4156 8.05853 2
      vertex -23.4156 9.72147 2
    endloop
  endfacet
  facet normal 0 0 1
    outer loop
      vertex -23.4944 9.66301 2
      vertex -23.4944 8.11699 2
      vertex -23.4156 8.05853 2
    endloop
  endfacet
  facet normal -0 0 1
    outer loop
      vertex -23.5671 9.59711 2
      vertex -23.4944 8.11699 2
      vertex -23.4944 9.66301 2
    endloop
  endfacet
  facet normal 0 0 1
    outer loop
      vertex -23.5671 9.59711 2
      vertex -23.5671 8.18289 2
      vertex -23.4944 8.11699 2
    endloop
  endfacet
  facet normal -0 0 1
    outer loop
      vertex -23.633 9.52439 2
      vertex -23.5671 8.18289 2
      vertex -23.5671 9.59711 2
    endloop
  endfacet
  facet normal 0 0 1
    outer loop
      vertex -23.633 9.52439 2
      vertex -23.633 8.25561 2
      vertex -23.5671 8.18289 2
    endloop
  endfacet
  facet normal -0 0 1
    outer loop
      vertex -23.6915 9.44557 2
      vertex -23.633 8.25561 2
      vertex -23.633 9.52439 2
    endloop
  endfacet
  facet normal 0 0 1
    outer loop
      vertex -23.6915 9.44557 2
      vertex -23.6915 8.33443 2
      vertex -23.633 8.25561 2
    endloop
  endfacet
  facet normal -0 0 1
    outer loop
      vertex -23.7419 9.3614 2
      vertex -23.6915 8.33443 2
      vertex -23.6915 9.44557 2
    endloop
  endfacet
  facet normal 0 0 1
    outer loop
      vertex -23.7419 9.3614 2
      vertex -23.7419 8.4186 2
      vertex -23.6915 8.33443 2
    endloop
  endfacet
  facet normal -0 0 1
    outer loop
      vertex -23.7839 9.27268 2
      vertex -23.7419 8.4186 2
      vertex -23.7419 9.3614 2
    endloop
  endfacet
  facet normal 0 0 1
    outer loop
      vertex -23.7839 9.27268 2
      vertex -23.7839 8.50732 2
      vertex -23.7419 8.4186 2
    endloop
  endfacet
  facet normal -0 0 1
    outer loop
      vertex -23.8169 9.18028 2
      vertex -23.7839 8.50732 2
      vertex -23.7839 9.27268 2
    endloop
  endfacet
  facet normal 0 0 1
    outer loop
      vertex -23.8169 9.18028 2
      vertex -23.8169 8.59972 2
      vertex -23.7839 8.50732 2
    endloop
  endfacet
  facet normal -0 0 1
    outer loop
      vertex -23.8408 9.08509 2
      vertex -23.8169 8.59972 2
      vertex -23.8169 9.18028 2
    endloop
  endfacet
  facet normal 0 0 1
    outer loop
      vertex -23.8408 9.08509 2
      vertex -23.8408 8.69491 2
      vertex -23.8169 8.59972 2
    endloop
  endfacet
  facet normal -0 0 1
    outer loop
      vertex -23.8552 8.98802 2
      vertex -23.8408 8.69491 2
      vertex -23.8408 9.08509 2
    endloop
  endfacet
  facet normal 0 0 1
    outer loop
      vertex -23.8552 8.98802 2
      vertex -23.8552 8.79198 2
      vertex -23.8408 8.69491 2
    endloop
  endfacet
  facet normal 0 -0 1
    outer loop
      vertex -23.8552 8.79198 2
      vertex -23.8552 8.98802 2
      vertex -23.86 8.89 2
    endloop
  endfacet
  facet normal 0 0 1
    outer loop
      vertex 23.8552 8.98802 2
      vertex 23.8552 8.79198 2
      vertex 23.86 8.89 2
    endloop
  endfacet
  facet normal 0 0 1
    outer loop
      vertex 23.8408 9.08509 2
      vertex 23.8552 8.79198 2
      vertex 23.8552 8.98802 2
    endloop
  endfacet
  facet normal 0 0 1
    outer loop
      vertex 23.8408 9.08509 2
      vertex 23.8408 8.69491 2
      vertex 23.8552 8.79198 2
    endloop
  endfacet
  facet normal 0 0 1
    outer loop
      vertex 23.8169 9.18028 2
      vertex 23.8408 8.69491 2
      vertex 23.8408 9.08509 2
    endloop
  endfacet
  facet normal 0 0 1
    outer loop
      vertex 23.8169 9.18028 2
      vertex 23.8169 8.59972 2
      vertex 23.8408 8.69491 2
    endloop
  endfacet
  facet normal 0 0 1
    outer loop
      vertex 23.7839 9.27268 2
      vertex 23.8169 8.59972 2
      vertex 23.8169 9.18028 2
    endloop
  endfacet
  facet normal 0 0 1
    outer loop
      vertex 23.7839 9.27268 2
      vertex 23.7839 8.50732 2
      vertex 23.8169 8.59972 2
    endloop
  endfacet
  facet normal 0 0 1
    outer loop
      vertex 23.7419 9.3614 2
      vertex 23.7839 8.50732 2
      vertex 23.7839 9.27268 2
    endloop
  endfacet
  facet normal 0 0 1
    outer loop
      vertex 23.7419 9.3614 2
      vertex 23.7419 8.4186 2
      vertex 23.7839 8.50732 2
    endloop
  endfacet
  facet normal 0 0 1
    outer loop
      vertex 23.6915 9.44557 2
      vertex 23.7419 8.4186 2
      vertex 23.7419 9.3614 2
    endloop
  endfacet
  facet normal 0 0 1
    outer loop
      vertex 23.6915 9.44557 2
      vertex 23.6915 8.33443 2
      vertex 23.7419 8.4186 2
    endloop
  endfacet
  facet normal 0 0 1
    outer loop
      vertex 23.633 9.52439 2
      vertex 23.6915 8.33443 2
      vertex 23.6915 9.44557 2
    endloop
  endfacet
  facet normal 0 0 1
    outer loop
      vertex 23.633 9.52439 2
      vertex 23.633 8.25561 2
      vertex 23.6915 8.33443 2
    endloop
  endfacet
  facet normal 0 0 1
    outer loop
      vertex 23.5671 9.59711 2
      vertex 23.633 8.25561 2
      vertex 23.633 9.52439 2
    endloop
  endfacet
  facet normal 0 0 1
    outer loop
      vertex 23.5671 9.59711 2
      vertex 23.5671 8.18289 2
      vertex 23.633 8.25561 2
    endloop
  endfacet
  facet normal 0 0 1
    outer loop
      vertex 23.4944 9.66301 2
      vertex 23.5671 8.18289 2
      vertex 23.5671 9.59711 2
    endloop
  endfacet
  facet normal 0 0 1
    outer loop
      vertex 23.4944 9.66301 2
      vertex 23.4944 8.11699 2
      vertex 23.5671 8.18289 2
    endloop
  endfacet
  facet normal 0 0 1
    outer loop
      vertex 23.4156 9.72147 2
      vertex 23.4944 8.11699 2
      vertex 23.4944 9.66301 2
    endloop
  endfacet
  facet normal 0 0 1
    outer loop
      vertex 23.4156 9.72147 2
      vertex 23.4156 8.05853 2
      vertex 23.4944 8.11699 2
    endloop
  endfacet
  facet normal 0 0 1
    outer loop
      vertex 23.3314 9.77192 2
      vertex 23.4156 8.05853 2
      vertex 23.4156 9.72147 2
    endloop
  endfacet
  facet normal 0 0 1
    outer loop
      vertex 23.3314 9.77192 2
      vertex 23.3314 8.00808 2
      vertex 23.4156 8.05853 2
    endloop
  endfacet
  facet normal 0 0 1
    outer loop
      vertex 23.2427 9.81388 2
      vertex 23.3314 8.00808 2
      vertex 23.3314 9.77192 2
    endloop
  endfacet
  facet normal 0 0 1
    outer loop
      vertex 23.2427 9.81388 2
      vertex 23.2427 7.96612 2
      vertex 23.3314 8.00808 2
    endloop
  endfacet
  facet normal 0 0 1
    outer loop
      vertex 23.1503 9.84694 2
      vertex 23.2427 7.96612 2
      vertex 23.2427 9.81388 2
    endloop
  endfacet
  facet normal 0 0 1
    outer loop
      vertex 23.1503 9.84694 2
      vertex 23.1503 7.93306 2
      vertex 23.2427 7.96612 2
    endloop
  endfacet
  facet normal 0 0 1
    outer loop
      vertex 23.0551 9.87078 2
      vertex 23.1503 7.93306 2
      vertex 23.1503 9.84694 2
    endloop
  endfacet
  facet normal 0 0 1
    outer loop
      vertex 23.0551 9.87078 2
      vertex 23.0551 7.90922 2
      vertex 23.1503 7.93306 2
    endloop
  endfacet
  facet normal 0 0 1
    outer loop
      vertex 22.958 9.88518 2
      vertex 23.0551 7.90922 2
      vertex 23.0551 9.87078 2
    endloop
  endfacet
  facet normal 0 0 1
    outer loop
      vertex 22.958 9.88518 2
      vertex 22.958 7.89482 2
      vertex 23.0551 7.90922 2
    endloop
  endfacet
  facet normal 0 0 1
    outer loop
      vertex 22.86 9.89 2
      vertex 22.958 7.89482 2
      vertex 22.958 9.88518 2
    endloop
  endfacet
  facet normal 0 0 1
    outer loop
      vertex 22.86 9.89 2
      vertex 22.86 7.89 2
      vertex 22.958 7.89482 2
    endloop
  endfacet
  facet normal -0 0 1
    outer loop
      vertex 22.762 9.88518 2
      vertex 22.86 7.89 2
      vertex 22.86 9.89 2
    endloop
  endfacet
  facet normal 0 0 1
    outer loop
      vertex 22.762 9.88518 2
      vertex 22.762 7.89482 2
      vertex 22.86 7.89 2
    endloop
  endfacet
  facet normal -0 0 1
    outer loop
      vertex 22.6649 9.87078 2
      vertex 22.762 7.89482 2
      vertex 22.762 9.88518 2
    endloop
  endfacet
  facet normal 0 0 1
    outer loop
      vertex 22.6649 9.87078 2
      vertex 22.6649 7.90922 2
      vertex 22.762 7.89482 2
    endloop
  endfacet
  facet normal -0 0 1
    outer loop
      vertex 22.5697 9.84694 2
      vertex 22.6649 7.90922 2
      vertex 22.6649 9.87078 2
    endloop
  endfacet
  facet normal 0 0 1
    outer loop
      vertex 22.5697 9.84694 2
      vertex 22.5697 7.93306 2
      vertex 22.6649 7.90922 2
    endloop
  endfacet
  facet normal -0 0 1
    outer loop
      vertex 22.4773 9.81388 2
      vertex 22.5697 7.93306 2
      vertex 22.5697 9.84694 2
    endloop
  endfacet
  facet normal 0 0 1
    outer loop
      vertex 22.4773 9.81388 2
      vertex 22.4773 7.96612 2
      vertex 22.5697 7.93306 2
    endloop
  endfacet
  facet normal -0 0 1
    outer loop
      vertex 22.3886 9.77192 2
      vertex 22.4773 7.96612 2
      vertex 22.4773 9.81388 2
    endloop
  endfacet
  facet normal 0 0 1
    outer loop
      vertex 22.3886 9.77192 2
      vertex 22.3886 8.00808 2
      vertex 22.4773 7.96612 2
    endloop
  endfacet
  facet normal -0 0 1
    outer loop
      vertex 22.3044 9.72147 2
      vertex 22.3886 8.00808 2
      vertex 22.3886 9.77192 2
    endloop
  endfacet
  facet normal 0 0 1
    outer loop
      vertex 22.3044 9.72147 2
      vertex 22.3044 8.05853 2
      vertex 22.3886 8.00808 2
    endloop
  endfacet
  facet normal -0 0 1
    outer loop
      vertex 22.2256 9.66301 2
      vertex 22.3044 8.05853 2
      vertex 22.3044 9.72147 2
    endloop
  endfacet
  facet normal 0 0 1
    outer loop
      vertex 22.2256 9.66301 2
      vertex 22.2256 8.11699 2
      vertex 22.3044 8.05853 2
    endloop
  endfacet
  facet normal -0 0 1
    outer loop
      vertex 22.1529 9.59711 2
      vertex 22.2256 8.11699 2
      vertex 22.2256 9.66301 2
    endloop
  endfacet
  facet normal 0 0 1
    outer loop
      vertex 22.1529 9.59711 2
      vertex 22.1529 8.18289 2
      vertex 22.2256 8.11699 2
    endloop
  endfacet
  facet normal -0 0 1
    outer loop
      vertex 22.087 9.52439 2
      vertex 22.1529 8.18289 2
      vertex 22.1529 9.59711 2
    endloop
  endfacet
  facet normal 0 0 1
    outer loop
      vertex 22.087 9.52439 2
      vertex 22.087 8.25561 2
      vertex 22.1529 8.18289 2
    endloop
  endfacet
  facet normal -0 0 1
    outer loop
      vertex 22.0285 9.44557 2
      vertex 22.087 8.25561 2
      vertex 22.087 9.52439 2
    endloop
  endfacet
  facet normal 0 0 1
    outer loop
      vertex 22.0285 9.44557 2
      vertex 22.0285 8.33443 2
      vertex 22.087 8.25561 2
    endloop
  endfacet
  facet normal -0 0 1
    outer loop
      vertex 21.9781 9.3614 2
      vertex 22.0285 8.33443 2
      vertex 22.0285 9.44557 2
    endloop
  endfacet
  facet normal 0 0 1
    outer loop
      vertex 21.9781 9.3614 2
      vertex 21.9781 8.4186 2
      vertex 22.0285 8.33443 2
    endloop
  endfacet
  facet normal -0 0 1
    outer loop
      vertex 21.9361 9.27268 2
      vertex 21.9781 8.4186 2
      vertex 21.9781 9.3614 2
    endloop
  endfacet
  facet normal 0 0 1
    outer loop
      vertex 21.9361 9.27268 2
      vertex 21.9361 8.50732 2
      vertex 21.9781 8.4186 2
    endloop
  endfacet
  facet normal -0 0 1
    outer loop
      vertex 21.9031 9.18028 2
      vertex 21.9361 8.50732 2
      vertex 21.9361 9.27268 2
    endloop
  endfacet
  facet normal 0 0 1
    outer loop
      vertex 21.9031 9.18028 2
      vertex 21.9031 8.59972 2
      vertex 21.9361 8.50732 2
    endloop
  endfacet
  facet normal -0 0 1
    outer loop
      vertex 21.8792 9.08509 2
      vertex 21.9031 8.59972 2
      vertex 21.9031 9.18028 2
    endloop
  endfacet
  facet normal 0 0 1
    outer loop
      vertex 21.8792 9.08509 2
      vertex 21.8792 8.69491 2
      vertex 21.9031 8.59972 2
    endloop
  endfacet
  facet normal -0 0 1
    outer loop
      vertex 21.8648 8.98802 2
      vertex 21.8792 8.69491 2
      vertex 21.8792 9.08509 2
    endloop
  endfacet
  facet normal 0 0 1
    outer loop
      vertex 21.8648 8.98802 2
      vertex 21.8648 8.79198 2
      vertex 21.8792 8.69491 2
    endloop
  endfacet
  facet normal 0 -0 1
    outer loop
      vertex 21.8648 8.79198 2
      vertex 21.8648 8.98802 2
      vertex 21.86 8.89 2
    endloop
  endfacet
  facet normal 0 0 1
    outer loop
      vertex 23.8552 -8.79198 2
      vertex 23.8552 -8.98802 2
      vertex 23.86 -8.89 2
    endloop
  endfacet
  facet normal 0 0 1
    outer loop
      vertex 23.8408 -8.69491 2
      vertex 23.8552 -8.98802 2
      vertex 23.8552 -8.79198 2
    endloop
  endfacet
  facet normal 0 0 1
    outer loop
      vertex 23.8408 -8.69491 2
      vertex 23.8408 -9.08509 2
      vertex 23.8552 -8.98802 2
    endloop
  endfacet
  facet normal 0 0 1
    outer loop
      vertex 23.8169 -8.59972 2
      vertex 23.8408 -9.08509 2
      vertex 23.8408 -8.69491 2
    endloop
  endfacet
  facet normal 0 0 1
    outer loop
      vertex 23.8169 -8.59972 2
      vertex 23.8169 -9.18028 2
      vertex 23.8408 -9.08509 2
    endloop
  endfacet
  facet normal 0 0 1
    outer loop
      vertex 23.7839 -8.50732 2
      vertex 23.8169 -9.18028 2
      vertex 23.8169 -8.59972 2
    endloop
  endfacet
  facet normal 0 0 1
    outer loop
      vertex 23.7839 -8.50732 2
      vertex 23.7839 -9.27268 2
      vertex 23.8169 -9.18028 2
    endloop
  endfacet
  facet normal 0 0 1
    outer loop
      vertex 23.7419 -8.4186 2
      vertex 23.7839 -9.27268 2
      vertex 23.7839 -8.50732 2
    endloop
  endfacet
  facet normal 0 0 1
    outer loop
      vertex 23.7419 -8.4186 2
      vertex 23.7419 -9.3614 2
      vertex 23.7839 -9.27268 2
    endloop
  endfacet
  facet normal 0 0 1
    outer loop
      vertex 23.6915 -8.33443 2
      vertex 23.7419 -9.3614 2
      vertex 23.7419 -8.4186 2
    endloop
  endfacet
  facet normal 0 0 1
    outer loop
      vertex 23.6915 -8.33443 2
      vertex 23.6915 -9.44557 2
      vertex 23.7419 -9.3614 2
    endloop
  endfacet
  facet normal 0 0 1
    outer loop
      vertex 23.633 -8.25561 2
      vertex 23.6915 -9.44557 2
      vertex 23.6915 -8.33443 2
    endloop
  endfacet
  facet normal 0 0 1
    outer loop
      vertex 23.633 -8.25561 2
      vertex 23.633 -9.52439 2
      vertex 23.6915 -9.44557 2
    endloop
  endfacet
  facet normal 0 0 1
    outer loop
      vertex 23.5671 -8.18289 2
      vertex 23.633 -9.52439 2
      vertex 23.633 -8.25561 2
    endloop
  endfacet
  facet normal 0 0 1
    outer loop
      vertex 23.5671 -8.18289 2
      vertex 23.5671 -9.59711 2
      vertex 23.633 -9.52439 2
    endloop
  endfacet
  facet normal 0 0 1
    outer loop
      vertex 23.4944 -8.11699 2
      vertex 23.5671 -9.59711 2
      vertex 23.5671 -8.18289 2
    endloop
  endfacet
  facet normal 0 0 1
    outer loop
      vertex 23.4944 -8.11699 2
      vertex 23.4944 -9.66301 2
      vertex 23.5671 -9.59711 2
    endloop
  endfacet
  facet normal 0 0 1
    outer loop
      vertex 23.4156 -8.05853 2
      vertex 23.4944 -9.66301 2
      vertex 23.4944 -8.11699 2
    endloop
  endfacet
  facet normal 0 0 1
    outer loop
      vertex 23.4156 -8.05853 2
      vertex 23.4156 -9.72147 2
      vertex 23.4944 -9.66301 2
    endloop
  endfacet
  facet normal 0 0 1
    outer loop
      vertex 23.3314 -8.00808 2
      vertex 23.4156 -9.72147 2
      vertex 23.4156 -8.05853 2
    endloop
  endfacet
  facet normal 0 0 1
    outer loop
      vertex 23.3314 -8.00808 2
      vertex 23.3314 -9.77192 2
      vertex 23.4156 -9.72147 2
    endloop
  endfacet
  facet normal 0 0 1
    outer loop
      vertex 23.2427 -7.96612 2
      vertex 23.3314 -9.77192 2
      vertex 23.3314 -8.00808 2
    endloop
  endfacet
  facet normal 0 0 1
    outer loop
      vertex 23.2427 -7.96612 2
      vertex 23.2427 -9.81388 2
      vertex 23.3314 -9.77192 2
    endloop
  endfacet
  facet normal 0 0 1
    outer loop
      vertex 23.1503 -7.93306 2
      vertex 23.2427 -9.81388 2
      vertex 23.2427 -7.96612 2
    endloop
  endfacet
  facet normal 0 0 1
    outer loop
      vertex 23.1503 -7.93306 2
      vertex 23.1503 -9.84694 2
      vertex 23.2427 -9.81388 2
    endloop
  endfacet
  facet normal 0 0 1
    outer loop
      vertex 23.0551 -7.90922 2
      vertex 23.1503 -9.84694 2
      vertex 23.1503 -7.93306 2
    endloop
  endfacet
  facet normal 0 0 1
    outer loop
      vertex 23.0551 -7.90922 2
      vertex 23.0551 -9.87078 2
      vertex 23.1503 -9.84694 2
    endloop
  endfacet
  facet normal 0 0 1
    outer loop
      vertex 22.958 -7.89482 2
      vertex 23.0551 -9.87078 2
      vertex 23.0551 -7.90922 2
    endloop
  endfacet
  facet normal 0 0 1
    outer loop
      vertex 22.958 -7.89482 2
      vertex 22.958 -9.88518 2
      vertex 23.0551 -9.87078 2
    endloop
  endfacet
  facet normal 0 0 1
    outer loop
      vertex 22.86 -7.89 2
      vertex 22.958 -9.88518 2
      vertex 22.958 -7.89482 2
    endloop
  endfacet
  facet normal 0 0 1
    outer loop
      vertex 22.86 -7.89 2
      vertex 22.86 -9.89 2
      vertex 22.958 -9.88518 2
    endloop
  endfacet
  facet normal -0 0 1
    outer loop
      vertex 22.762 -7.89482 2
      vertex 22.86 -9.89 2
      vertex 22.86 -7.89 2
    endloop
  endfacet
  facet normal 0 0 1
    outer loop
      vertex 22.762 -7.89482 2
      vertex 22.762 -9.88518 2
      vertex 22.86 -9.89 2
    endloop
  endfacet
  facet normal -0 0 1
    outer loop
      vertex 22.6649 -7.90922 2
      vertex 22.762 -9.88518 2
      vertex 22.762 -7.89482 2
    endloop
  endfacet
  facet normal 0 0 1
    outer loop
      vertex 22.6649 -7.90922 2
      vertex 22.6649 -9.87078 2
      vertex 22.762 -9.88518 2
    endloop
  endfacet
  facet normal -0 0 1
    outer loop
      vertex 22.5697 -7.93306 2
      vertex 22.6649 -9.87078 2
      vertex 22.6649 -7.90922 2
    endloop
  endfacet
  facet normal 0 0 1
    outer loop
      vertex 22.5697 -7.93306 2
      vertex 22.5697 -9.84694 2
      vertex 22.6649 -9.87078 2
    endloop
  endfacet
  facet normal -0 0 1
    outer loop
      vertex 22.4773 -7.96612 2
      vertex 22.5697 -9.84694 2
      vertex 22.5697 -7.93306 2
    endloop
  endfacet
  facet normal 0 0 1
    outer loop
      vertex 22.4773 -7.96612 2
      vertex 22.4773 -9.81388 2
      vertex 22.5697 -9.84694 2
    endloop
  endfacet
  facet normal -0 0 1
    outer loop
      vertex 22.3886 -8.00808 2
      vertex 22.4773 -9.81388 2
      vertex 22.4773 -7.96612 2
    endloop
  endfacet
  facet normal 0 0 1
    outer loop
      vertex 22.3886 -8.00808 2
      vertex 22.3886 -9.77192 2
      vertex 22.4773 -9.81388 2
    endloop
  endfacet
  facet normal -0 0 1
    outer loop
      vertex 22.3044 -8.05853 2
      vertex 22.3886 -9.77192 2
      vertex 22.3886 -8.00808 2
    endloop
  endfacet
  facet normal 0 0 1
    outer loop
      vertex 22.3044 -8.05853 2
      vertex 22.3044 -9.72147 2
      vertex 22.3886 -9.77192 2
    endloop
  endfacet
  facet normal -0 0 1
    outer loop
      vertex 22.2256 -8.11699 2
      vertex 22.3044 -9.72147 2
      vertex 22.3044 -8.05853 2
    endloop
  endfacet
  facet normal 0 0 1
    outer loop
      vertex 22.2256 -8.11699 2
      vertex 22.2256 -9.66301 2
      vertex 22.3044 -9.72147 2
    endloop
  endfacet
  facet normal -0 0 1
    outer loop
      vertex 22.1529 -8.18289 2
      vertex 22.2256 -9.66301 2
      vertex 22.2256 -8.11699 2
    endloop
  endfacet
  facet normal 0 0 1
    outer loop
      vertex 22.1529 -8.18289 2
      vertex 22.1529 -9.59711 2
      vertex 22.2256 -9.66301 2
    endloop
  endfacet
  facet normal -0 0 1
    outer loop
      vertex 22.087 -8.25561 2
      vertex 22.1529 -9.59711 2
      vertex 22.1529 -8.18289 2
    endloop
  endfacet
  facet normal 0 0 1
    outer loop
      vertex 22.087 -8.25561 2
      vertex 22.087 -9.52439 2
      vertex 22.1529 -9.59711 2
    endloop
  endfacet
  facet normal -0 0 1
    outer loop
      vertex 22.0285 -8.33443 2
      vertex 22.087 -9.52439 2
      vertex 22.087 -8.25561 2
    endloop
  endfacet
  facet normal 0 0 1
    outer loop
      vertex 22.0285 -8.33443 2
      vertex 22.0285 -9.44557 2
      vertex 22.087 -9.52439 2
    endloop
  endfacet
  facet normal -0 0 1
    outer loop
      vertex 21.9781 -8.4186 2
      vertex 22.0285 -9.44557 2
      vertex 22.0285 -8.33443 2
    endloop
  endfacet
  facet normal 0 0 1
    outer loop
      vertex 21.9781 -8.4186 2
      vertex 21.9781 -9.3614 2
      vertex 22.0285 -9.44557 2
    endloop
  endfacet
  facet normal -0 0 1
    outer loop
      vertex 21.9361 -8.50732 2
      vertex 21.9781 -9.3614 2
      vertex 21.9781 -8.4186 2
    endloop
  endfacet
  facet normal 0 0 1
    outer loop
      vertex 21.9361 -8.50732 2
      vertex 21.9361 -9.27268 2
      vertex 21.9781 -9.3614 2
    endloop
  endfacet
  facet normal -0 0 1
    outer loop
      vertex 21.9031 -8.59972 2
      vertex 21.9361 -9.27268 2
      vertex 21.9361 -8.50732 2
    endloop
  endfacet
  facet normal 0 0 1
    outer loop
      vertex 21.9031 -8.59972 2
      vertex 21.9031 -9.18028 2
      vertex 21.9361 -9.27268 2
    endloop
  endfacet
  facet normal -0 0 1
    outer loop
      vertex 21.8792 -8.69491 2
      vertex 21.9031 -9.18028 2
      vertex 21.9031 -8.59972 2
    endloop
  endfacet
  facet normal 0 0 1
    outer loop
      vertex 21.8792 -8.69491 2
      vertex 21.8792 -9.08509 2
      vertex 21.9031 -9.18028 2
    endloop
  endfacet
  facet normal -0 0 1
    outer loop
      vertex 21.8648 -8.79198 2
      vertex 21.8792 -9.08509 2
      vertex 21.8792 -8.69491 2
    endloop
  endfacet
  facet normal 0 0 1
    outer loop
      vertex 21.8648 -8.79198 2
      vertex 21.8648 -8.98802 2
      vertex 21.8792 -9.08509 2
    endloop
  endfacet
  facet normal 0 -0 1
    outer loop
      vertex 21.8648 -8.98802 2
      vertex 21.8648 -8.79198 2
      vertex 21.86 -8.89 2
    endloop
  endfacet
  facet normal 0 0 1
    outer loop
      vertex -20.372 8.13526 2
      vertex -15 8.2 2
      vertex -20.31 8.38277 2
    endloop
  endfacet
  facet normal 0 0 1
    outer loop
      vertex -15 -8.2 2
      vertex -20.2725 -8.63516 2
      vertex -20.26 -8.89 2
    endloop
  endfacet
  facet normal 0 0 1
    outer loop
      vertex -20.4579 7.89502 2
      vertex -15 8.2 2
      vertex -20.372 8.13526 2
    endloop
  endfacet
  facet normal 0 0 1
    outer loop
      vertex -15 -8.2 2
      vertex -20.31 -8.38277 2
      vertex -20.2725 -8.63516 2
    endloop
  endfacet
  facet normal 0 0 1
    outer loop
      vertex -20.567 7.66437 2
      vertex -15 8.2 2
      vertex -20.4579 7.89502 2
    endloop
  endfacet
  facet normal 0 0 1
    outer loop
      vertex -15 -8.2 2
      vertex -20.372 -8.13526 2
      vertex -20.31 -8.38277 2
    endloop
  endfacet
  facet normal 0 0 1
    outer loop
      vertex -20.6982 7.44552 2
      vertex -15 8.2 2
      vertex -20.567 7.66437 2
    endloop
  endfacet
  facet normal 0 0 1
    outer loop
      vertex -15 -8.2 2
      vertex -20.4579 -7.89502 2
      vertex -20.372 -8.13526 2
    endloop
  endfacet
  facet normal 0 0 1
    outer loop
      vertex -20.8502 7.24058 2
      vertex -15 8.2 2
      vertex -20.6982 7.44552 2
    endloop
  endfacet
  facet normal 0 0 1
    outer loop
      vertex -15 -8.2 2
      vertex -20.567 -7.66437 2
      vertex -20.4579 -7.89502 2
    endloop
  endfacet
  facet normal 0 0 1
    outer loop
      vertex -21.0215 7.05152 2
      vertex -15 8.2 2
      vertex -20.8502 7.24058 2
    endloop
  endfacet
  facet normal 0 0 1
    outer loop
      vertex -15 -8.2 2
      vertex -20.6982 -7.44552 2
      vertex -20.567 -7.66437 2
    endloop
  endfacet
  facet normal 0 0 1
    outer loop
      vertex -21.2106 6.88017 2
      vertex -15 8.2 2
      vertex -21.0215 7.05152 2
    endloop
  endfacet
  facet normal 0 0 1
    outer loop
      vertex -15 -8.2 2
      vertex -20.8502 -7.24058 2
      vertex -20.6982 -7.44552 2
    endloop
  endfacet
  facet normal 0 0 1
    outer loop
      vertex -21.4155 6.72818 2
      vertex -15 8.2 2
      vertex -21.2106 6.88017 2
    endloop
  endfacet
  facet normal 0 0 1
    outer loop
      vertex -15 -8.2 2
      vertex -21.0215 -7.05152 2
      vertex -20.8502 -7.24058 2
    endloop
  endfacet
  facet normal 0 0 1
    outer loop
      vertex -15 8.2 2
      vertex -21.4155 6.72818 2
      vertex -15 -8.2 2
    endloop
  endfacet
  facet normal 0 0 1
    outer loop
      vertex -15 -8.2 2
      vertex -21.2106 -6.88017 2
      vertex -21.0215 -7.05152 2
    endloop
  endfacet
  facet normal -0 0 1
    outer loop
      vertex -21.4155 -6.72818 2
      vertex -15 -8.2 2
      vertex -21.4155 6.72818 2
    endloop
  endfacet
  facet normal 0 0 1
    outer loop
      vertex -15 -8.2 2
      vertex -21.4155 -6.72818 2
      vertex -21.2106 -6.88017 2
    endloop
  endfacet
  facet normal -0 0 1
    outer loop
      vertex -21.6344 6.59701 2
      vertex -21.4155 -6.72818 2
      vertex -21.4155 6.72818 2
    endloop
  endfacet
  facet normal 0 0 1
    outer loop
      vertex -21.6344 6.59701 2
      vertex -21.6344 -6.59701 2
      vertex -21.4155 -6.72818 2
    endloop
  endfacet
  facet normal -0 0 1
    outer loop
      vertex -21.865 6.48791 2
      vertex -21.6344 -6.59701 2
      vertex -21.6344 6.59701 2
    endloop
  endfacet
  facet normal 0 0 1
    outer loop
      vertex -21.865 6.48791 2
      vertex -21.865 -6.48791 2
      vertex -21.6344 -6.59701 2
    endloop
  endfacet
  facet normal -0 0 1
    outer loop
      vertex -22.1053 6.40196 2
      vertex -21.865 -6.48791 2
      vertex -21.865 6.48791 2
    endloop
  endfacet
  facet normal 0 0 1
    outer loop
      vertex -22.1053 6.40196 2
      vertex -22.1053 -6.40196 2
      vertex -21.865 -6.48791 2
    endloop
  endfacet
  facet normal -0 0 1
    outer loop
      vertex -22.3528 6.33996 2
      vertex -22.1053 -6.40196 2
      vertex -22.1053 6.40196 2
    endloop
  endfacet
  facet normal 0 0 1
    outer loop
      vertex -22.3528 6.33996 2
      vertex -22.3528 -6.33996 2
      vertex -22.1053 -6.40196 2
    endloop
  endfacet
  facet normal -0 0 1
    outer loop
      vertex -22.6052 6.30252 2
      vertex -22.3528 -6.33996 2
      vertex -22.3528 6.33996 2
    endloop
  endfacet
  facet normal 0 0 1
    outer loop
      vertex -22.6052 6.30252 2
      vertex -22.6052 -6.30252 2
      vertex -22.3528 -6.33996 2
    endloop
  endfacet
  facet normal -0 0 1
    outer loop
      vertex -22.86 6.29 2
      vertex -22.6052 -6.30252 2
      vertex -22.6052 6.30252 2
    endloop
  endfacet
  facet normal 0 0 1
    outer loop
      vertex -22.86 6.29 2
      vertex -22.86 -6.29 2
      vertex -22.6052 -6.30252 2
    endloop
  endfacet
  facet normal 0 0 1
    outer loop
      vertex -23.1148 6.30252 2
      vertex -22.86 -6.29 2
      vertex -22.86 6.29 2
    endloop
  endfacet
  facet normal 0 0 1
    outer loop
      vertex -23.1148 6.30252 2
      vertex -23.1148 -6.30252 2
      vertex -22.86 -6.29 2
    endloop
  endfacet
  facet normal 0 0 1
    outer loop
      vertex -23.3672 6.33996 2
      vertex -23.1148 -6.30252 2
      vertex -23.1148 6.30252 2
    endloop
  endfacet
  facet normal 0 0 1
    outer loop
      vertex -23.3672 6.33996 2
      vertex -23.3672 -6.33996 2
      vertex -23.1148 -6.30252 2
    endloop
  endfacet
  facet normal 0 0 1
    outer loop
      vertex -23.6147 6.40196 2
      vertex -23.3672 -6.33996 2
      vertex -23.3672 6.33996 2
    endloop
  endfacet
  facet normal 0 0 1
    outer loop
      vertex -23.6147 6.40196 2
      vertex -23.6147 -6.40196 2
      vertex -23.3672 -6.33996 2
    endloop
  endfacet
  facet normal 0 0 1
    outer loop
      vertex -23.855 6.48791 2
      vertex -23.6147 -6.40196 2
      vertex -23.6147 6.40196 2
    endloop
  endfacet
  facet normal 0 0 1
    outer loop
      vertex -23.855 6.48791 2
      vertex -23.855 -6.48791 2
      vertex -23.6147 -6.40196 2
    endloop
  endfacet
  facet normal 0 0 1
    outer loop
      vertex -24.0856 6.59701 2
      vertex -23.855 -6.48791 2
      vertex -23.855 6.48791 2
    endloop
  endfacet
  facet normal 0 0 1
    outer loop
      vertex -24.0856 6.59701 2
      vertex -24.0856 -6.59701 2
      vertex -23.855 -6.48791 2
    endloop
  endfacet
  facet normal 0 0 1
    outer loop
      vertex -24.3045 6.72818 2
      vertex -24.0856 -6.59701 2
      vertex -24.0856 6.59701 2
    endloop
  endfacet
  facet normal 0 0 1
    outer loop
      vertex -24.3045 6.72818 2
      vertex -24.3045 -6.72818 2
      vertex -24.0856 -6.59701 2
    endloop
  endfacet
  facet normal 0 0 1
    outer loop
      vertex -24.5094 6.88017 2
      vertex -24.3045 -6.72818 2
      vertex -24.3045 6.72818 2
    endloop
  endfacet
  facet normal 0 0 1
    outer loop
      vertex -24.5094 6.88017 2
      vertex -24.5094 -6.88017 2
      vertex -24.3045 -6.72818 2
    endloop
  endfacet
  facet normal 0 0 1
    outer loop
      vertex -24.6985 7.05152 2
      vertex -24.5094 -6.88017 2
      vertex -24.5094 6.88017 2
    endloop
  endfacet
  facet normal 0 0 1
    outer loop
      vertex -24.6985 7.05152 2
      vertex -24.6985 -7.05152 2
      vertex -24.5094 -6.88017 2
    endloop
  endfacet
  facet normal 0 0 1
    outer loop
      vertex -24.8698 7.24058 2
      vertex -24.6985 -7.05152 2
      vertex -24.6985 7.05152 2
    endloop
  endfacet
  facet normal 0 0 1
    outer loop
      vertex -24.8698 7.24058 2
      vertex -24.8698 -7.24058 2
      vertex -24.6985 -7.05152 2
    endloop
  endfacet
  facet normal 0 0 1
    outer loop
      vertex -25.0218 7.44552 2
      vertex -24.8698 -7.24058 2
      vertex -24.8698 7.24058 2
    endloop
  endfacet
  facet normal 0 0 1
    outer loop
      vertex -25.0218 7.44552 2
      vertex -25.0218 -7.44552 2
      vertex -24.8698 -7.24058 2
    endloop
  endfacet
  facet normal 0 0 1
    outer loop
      vertex -25.153 7.66437 2
      vertex -25.0218 -7.44552 2
      vertex -25.0218 7.44552 2
    endloop
  endfacet
  facet normal 0 0 1
    outer loop
      vertex -25.153 7.66437 2
      vertex -25.153 -7.66437 2
      vertex -25.0218 -7.44552 2
    endloop
  endfacet
  facet normal 0 0 1
    outer loop
      vertex -25.2621 7.89502 2
      vertex -25.153 -7.66437 2
      vertex -25.153 7.66437 2
    endloop
  endfacet
  facet normal 0 0 1
    outer loop
      vertex -25.2621 7.89502 2
      vertex -25.2621 -7.89502 2
      vertex -25.153 -7.66437 2
    endloop
  endfacet
  facet normal 0 0 1
    outer loop
      vertex -25.348 8.13526 2
      vertex -25.2621 -7.89502 2
      vertex -25.2621 7.89502 2
    endloop
  endfacet
  facet normal 0 0 1
    outer loop
      vertex -25.348 8.13526 2
      vertex -25.348 -8.13526 2
      vertex -25.2621 -7.89502 2
    endloop
  endfacet
  facet normal 0 0 1
    outer loop
      vertex -25.41 8.38277 2
      vertex -25.348 -8.13526 2
      vertex -25.348 8.13526 2
    endloop
  endfacet
  facet normal 0 0 1
    outer loop
      vertex -25.41 8.38277 2
      vertex -25.41 -8.38277 2
      vertex -25.348 -8.13526 2
    endloop
  endfacet
  facet normal 0 0 1
    outer loop
      vertex -26.1 11 2
      vertex -25.41 8.38277 2
      vertex -25.4475 8.63516 2
    endloop
  endfacet
  facet normal 0 0 1
    outer loop
      vertex -25.41 8.38277 2
      vertex -26.1 11 2
      vertex -25.41 -8.38277 2
    endloop
  endfacet
  facet normal 0 0 1
    outer loop
      vertex -26.1 11 2
      vertex -25.4475 8.63516 2
      vertex -25.46 8.89 2
    endloop
  endfacet
  facet normal 0 0 1
    outer loop
      vertex -26.1 -11 2
      vertex -25.41 -8.38277 2
      vertex -26.1 11 2
    endloop
  endfacet
  facet normal 0 0 1
    outer loop
      vertex 26.1 11 2
      vertex 25.41 8.38277 2
      vertex 26.1 -11 2
    endloop
  endfacet
  facet normal 0 0 1
    outer loop
      vertex 26.1 -11 2
      vertex 25.4475 -8.63516 2
      vertex 25.46 -8.89 2
    endloop
  endfacet
  facet normal -0 0 1
    outer loop
      vertex 25.41 -8.38277 2
      vertex 26.1 -11 2
      vertex 25.41 8.38277 2
    endloop
  endfacet
  facet normal 0 0 1
    outer loop
      vertex 26.1 -11 2
      vertex 25.41 -8.38277 2
      vertex 25.4475 -8.63516 2
    endloop
  endfacet
  facet normal -0 0 1
    outer loop
      vertex 25.348 8.13526 2
      vertex 25.41 -8.38277 2
      vertex 25.41 8.38277 2
    endloop
  endfacet
  facet normal 0 0 1
    outer loop
      vertex 25.348 8.13526 2
      vertex 25.348 -8.13526 2
      vertex 25.41 -8.38277 2
    endloop
  endfacet
  facet normal -0 0 1
    outer loop
      vertex 25.2621 7.89502 2
      vertex 25.348 -8.13526 2
      vertex 25.348 8.13526 2
    endloop
  endfacet
  facet normal 0 0 1
    outer loop
      vertex 25.2621 7.89502 2
      vertex 25.2621 -7.89502 2
      vertex 25.348 -8.13526 2
    endloop
  endfacet
  facet normal -0 0 1
    outer loop
      vertex 25.153 7.66437 2
      vertex 25.2621 -7.89502 2
      vertex 25.2621 7.89502 2
    endloop
  endfacet
  facet normal 0 0 1
    outer loop
      vertex 25.153 7.66437 2
      vertex 25.153 -7.66437 2
      vertex 25.2621 -7.89502 2
    endloop
  endfacet
  facet normal -0 0 1
    outer loop
      vertex 25.0218 7.44552 2
      vertex 25.153 -7.66437 2
      vertex 25.153 7.66437 2
    endloop
  endfacet
  facet normal 0 0 1
    outer loop
      vertex 25.0218 7.44552 2
      vertex 25.0218 -7.44552 2
      vertex 25.153 -7.66437 2
    endloop
  endfacet
  facet normal -0 0 1
    outer loop
      vertex 24.8698 7.24058 2
      vertex 25.0218 -7.44552 2
      vertex 25.0218 7.44552 2
    endloop
  endfacet
  facet normal 0 0 1
    outer loop
      vertex 24.8698 7.24058 2
      vertex 24.8698 -7.24058 2
      vertex 25.0218 -7.44552 2
    endloop
  endfacet
  facet normal -0 0 1
    outer loop
      vertex 24.6985 7.05152 2
      vertex 24.8698 -7.24058 2
      vertex 24.8698 7.24058 2
    endloop
  endfacet
  facet normal 0 0 1
    outer loop
      vertex 24.6985 7.05152 2
      vertex 24.6985 -7.05152 2
      vertex 24.8698 -7.24058 2
    endloop
  endfacet
  facet normal -0 0 1
    outer loop
      vertex 24.5094 6.88017 2
      vertex 24.6985 -7.05152 2
      vertex 24.6985 7.05152 2
    endloop
  endfacet
  facet normal 0 0 1
    outer loop
      vertex 24.5094 6.88017 2
      vertex 24.5094 -6.88017 2
      vertex 24.6985 -7.05152 2
    endloop
  endfacet
  facet normal -0 0 1
    outer loop
      vertex 24.3045 6.72818 2
      vertex 24.5094 -6.88017 2
      vertex 24.5094 6.88017 2
    endloop
  endfacet
  facet normal 0 0 1
    outer loop
      vertex 24.3045 6.72818 2
      vertex 24.3045 -6.72818 2
      vertex 24.5094 -6.88017 2
    endloop
  endfacet
  facet normal -0 0 1
    outer loop
      vertex 24.0856 6.59701 2
      vertex 24.3045 -6.72818 2
      vertex 24.3045 6.72818 2
    endloop
  endfacet
  facet normal 0 0 1
    outer loop
      vertex 24.0856 6.59701 2
      vertex 24.0856 -6.59701 2
      vertex 24.3045 -6.72818 2
    endloop
  endfacet
  facet normal -0 0 1
    outer loop
      vertex 23.855 6.48791 2
      vertex 24.0856 -6.59701 2
      vertex 24.0856 6.59701 2
    endloop
  endfacet
  facet normal 0 0 1
    outer loop
      vertex 23.855 6.48791 2
      vertex 23.855 -6.48791 2
      vertex 24.0856 -6.59701 2
    endloop
  endfacet
  facet normal -0 0 1
    outer loop
      vertex 23.6147 6.40196 2
      vertex 23.855 -6.48791 2
      vertex 23.855 6.48791 2
    endloop
  endfacet
  facet normal 0 0 1
    outer loop
      vertex 23.6147 6.40196 2
      vertex 23.6147 -6.40196 2
      vertex 23.855 -6.48791 2
    endloop
  endfacet
  facet normal -0 0 1
    outer loop
      vertex 23.3672 6.33996 2
      vertex 23.6147 -6.40196 2
      vertex 23.6147 6.40196 2
    endloop
  endfacet
  facet normal 0 0 1
    outer loop
      vertex 23.3672 6.33996 2
      vertex 23.3672 -6.33996 2
      vertex 23.6147 -6.40196 2
    endloop
  endfacet
  facet normal -0 0 1
    outer loop
      vertex 23.1148 6.30252 2
      vertex 23.3672 -6.33996 2
      vertex 23.3672 6.33996 2
    endloop
  endfacet
  facet normal 0 0 1
    outer loop
      vertex 23.1148 6.30252 2
      vertex 23.1148 -6.30252 2
      vertex 23.3672 -6.33996 2
    endloop
  endfacet
  facet normal -0 0 1
    outer loop
      vertex 22.86 6.29 2
      vertex 23.1148 -6.30252 2
      vertex 23.1148 6.30252 2
    endloop
  endfacet
  facet normal 0 0 1
    outer loop
      vertex 22.86 6.29 2
      vertex 22.86 -6.29 2
      vertex 23.1148 -6.30252 2
    endloop
  endfacet
  facet normal 0 0 1
    outer loop
      vertex 22.6052 6.30252 2
      vertex 22.86 -6.29 2
      vertex 22.86 6.29 2
    endloop
  endfacet
  facet normal 0 0 1
    outer loop
      vertex 22.6052 6.30252 2
      vertex 22.6052 -6.30252 2
      vertex 22.86 -6.29 2
    endloop
  endfacet
  facet normal 0 0 1
    outer loop
      vertex 22.3528 6.33996 2
      vertex 22.6052 -6.30252 2
      vertex 22.6052 6.30252 2
    endloop
  endfacet
  facet normal 0 0 1
    outer loop
      vertex 22.3528 6.33996 2
      vertex 22.3528 -6.33996 2
      vertex 22.6052 -6.30252 2
    endloop
  endfacet
  facet normal 0 0 1
    outer loop
      vertex 22.1053 6.40196 2
      vertex 22.3528 -6.33996 2
      vertex 22.3528 6.33996 2
    endloop
  endfacet
  facet normal 0 0 1
    outer loop
      vertex 22.1053 6.40196 2
      vertex 22.1053 -6.40196 2
      vertex 22.3528 -6.33996 2
    endloop
  endfacet
  facet normal 0 0 1
    outer loop
      vertex 21.865 6.48791 2
      vertex 22.1053 -6.40196 2
      vertex 22.1053 6.40196 2
    endloop
  endfacet
  facet normal 0 0 1
    outer loop
      vertex 21.865 6.48791 2
      vertex 21.865 -6.48791 2
      vertex 22.1053 -6.40196 2
    endloop
  endfacet
  facet normal 0 0 1
    outer loop
      vertex 21.6344 6.59701 2
      vertex 21.865 -6.48791 2
      vertex 21.865 6.48791 2
    endloop
  endfacet
  facet normal 0 0 1
    outer loop
      vertex 21.6344 6.59701 2
      vertex 21.6344 -6.59701 2
      vertex 21.865 -6.48791 2
    endloop
  endfacet
  facet normal 0 0 1
    outer loop
      vertex 21.4155 6.72818 2
      vertex 21.6344 -6.59701 2
      vertex 21.6344 6.59701 2
    endloop
  endfacet
  facet normal 0 0 1
    outer loop
      vertex 21.4155 6.72818 2
      vertex 21.4155 -6.72818 2
      vertex 21.6344 -6.59701 2
    endloop
  endfacet
  facet normal 0 0 1
    outer loop
      vertex 15 8.2 2
      vertex 21.4155 6.72818 2
      vertex 21.2106 6.88017 2
    endloop
  endfacet
  facet normal 0 0 1
    outer loop
      vertex 21.4155 6.72818 2
      vertex 15 8.2 2
      vertex 21.4155 -6.72818 2
    endloop
  endfacet
  facet normal 0 0 1
    outer loop
      vertex 15 8.2 2
      vertex 21.2106 6.88017 2
      vertex 21.0215 7.05152 2
    endloop
  endfacet
  facet normal 0 0 1
    outer loop
      vertex 15 -8.2 2
      vertex 21.4155 -6.72818 2
      vertex 15 8.2 2
    endloop
  endfacet
  facet normal 0 0 1
    outer loop
      vertex 15 8.2 2
      vertex 21.0215 7.05152 2
      vertex 20.8502 7.24058 2
    endloop
  endfacet
  facet normal 0 0 1
    outer loop
      vertex 21.4155 -6.72818 2
      vertex 15 -8.2 2
      vertex 21.2106 -6.88017 2
    endloop
  endfacet
  facet normal 0 0 1
    outer loop
      vertex 15 8.2 2
      vertex 20.8502 7.24058 2
      vertex 20.6982 7.44552 2
    endloop
  endfacet
  facet normal 0 0 1
    outer loop
      vertex 21.2106 -6.88017 2
      vertex 15 -8.2 2
      vertex 21.0215 -7.05152 2
    endloop
  endfacet
  facet normal 0 0 1
    outer loop
      vertex 15 8.2 2
      vertex 20.6982 7.44552 2
      vertex 20.567 7.66437 2
    endloop
  endfacet
  facet normal 0 0 1
    outer loop
      vertex 21.0215 -7.05152 2
      vertex 15 -8.2 2
      vertex 20.8502 -7.24058 2
    endloop
  endfacet
  facet normal 0 0 1
    outer loop
      vertex 15 8.2 2
      vertex 20.567 7.66437 2
      vertex 20.4579 7.89502 2
    endloop
  endfacet
  facet normal 0 0 1
    outer loop
      vertex 20.8502 -7.24058 2
      vertex 15 -8.2 2
      vertex 20.6982 -7.44552 2
    endloop
  endfacet
  facet normal 0 0 1
    outer loop
      vertex 15 8.2 2
      vertex 20.4579 7.89502 2
      vertex 20.372 8.13526 2
    endloop
  endfacet
  facet normal 0 0 1
    outer loop
      vertex 20.6982 -7.44552 2
      vertex 15 -8.2 2
      vertex 20.567 -7.66437 2
    endloop
  endfacet
  facet normal -0 0 1
    outer loop
      vertex 15 8.2 2
      vertex 20.372 8.13526 2
      vertex 20.31 8.38277 2
    endloop
  endfacet
  facet normal 0 0 1
    outer loop
      vertex 20.567 -7.66437 2
      vertex 15 -8.2 2
      vertex 20.4579 -7.89502 2
    endloop
  endfacet
  facet normal 0 0 1
    outer loop
      vertex 15 8.2 2
      vertex 20.31 8.38277 2
      vertex 20.2725 8.63516 2
    endloop
  endfacet
  facet normal 0 0 1
    outer loop
      vertex 20.4579 -7.89502 2
      vertex 15 -8.2 2
      vertex 20.372 -8.13526 2
    endloop
  endfacet
  facet normal 0 0 1
    outer loop
      vertex 14.9961 8.27841 2
      vertex 20.2725 8.63516 2
      vertex 20.26 8.89 2
    endloop
  endfacet
  facet normal 0 0 1
    outer loop
      vertex 20.372 -8.13526 2
      vertex 15 -8.2 2
      vertex 20.31 -8.38277 2
    endloop
  endfacet
  facet normal 0 0 1
    outer loop
      vertex 24.8698 10.5394 2
      vertex 26.1 11 2
      vertex 26.0952 11.098 2
    endloop
  endfacet
  facet normal 0 0 1
    outer loop
      vertex 25.4475 8.63516 2
      vertex 26.1 11 2
      vertex 25.46 8.89 2
    endloop
  endfacet
  facet normal 0 0 1
    outer loop
      vertex 24.8698 10.5394 2
      vertex 26.0952 11.098 2
      vertex 26.0808 11.1951 2
    endloop
  endfacet
  facet normal 0 0 1
    outer loop
      vertex 25.41 8.38277 2
      vertex 26.1 11 2
      vertex 25.4475 8.63516 2
    endloop
  endfacet
  facet normal 0 0 1
    outer loop
      vertex 24.8698 10.5394 2
      vertex 26.0808 11.1951 2
      vertex 26.0569 11.2903 2
    endloop
  endfacet
  facet normal -0 0 1
    outer loop
      vertex 25.4475 -9.14484 2
      vertex 26.1 -11 2
      vertex 25.46 -8.89 2
    endloop
  endfacet
  facet normal 0 0 1
    outer loop
      vertex 24.8698 10.5394 2
      vertex 26.0569 11.2903 2
      vertex 26.0239 11.3827 2
    endloop
  endfacet
  facet normal -0 0 1
    outer loop
      vertex 25.41 -9.39723 2
      vertex 26.1 -11 2
      vertex 25.4475 -9.14484 2
    endloop
  endfacet
  facet normal 0 0 1
    outer loop
      vertex 24.8698 10.5394 2
      vertex 26.0239 11.3827 2
      vertex 25.9819 11.4714 2
    endloop
  endfacet
  facet normal -0 0 1
    outer loop
      vertex 25.348 -9.64474 2
      vertex 26.1 -11 2
      vertex 25.41 -9.39723 2
    endloop
  endfacet
  facet normal 0 0 1
    outer loop
      vertex 24.6985 10.7285 2
      vertex 25.9819 11.4714 2
      vertex 25.9315 11.5556 2
    endloop
  endfacet
  facet normal -0 0 1
    outer loop
      vertex 25.2621 -9.88498 2
      vertex 26.1 -11 2
      vertex 25.348 -9.64474 2
    endloop
  endfacet
  facet normal 0 0 1
    outer loop
      vertex 24.6985 10.7285 2
      vertex 25.9315 11.5556 2
      vertex 25.873 11.6344 2
    endloop
  endfacet
  facet normal -0 0 1
    outer loop
      vertex 25.153 -10.1156 2
      vertex 26.1 -11 2
      vertex 25.2621 -9.88498 2
    endloop
  endfacet
  facet normal 0 0 1
    outer loop
      vertex 24.6985 10.7285 2
      vertex 25.873 11.6344 2
      vertex 25.8071 11.7071 2
    endloop
  endfacet
  facet normal -0 0 1
    outer loop
      vertex 25.0218 -10.3345 2
      vertex 26.1 -11 2
      vertex 25.153 -10.1156 2
    endloop
  endfacet
  facet normal 0 0 1
    outer loop
      vertex 24.6985 10.7285 2
      vertex 25.8071 11.7071 2
      vertex 25.7344 11.773 2
    endloop
  endfacet
  facet normal -0 0 1
    outer loop
      vertex 24.8698 -10.5394 2
      vertex 26.1 -11 2
      vertex 25.0218 -10.3345 2
    endloop
  endfacet
  facet normal 0 0 1
    outer loop
      vertex 24.6985 10.7285 2
      vertex 25.7344 11.773 2
      vertex 25.6556 11.8315 2
    endloop
  endfacet
  facet normal 0 0 1
    outer loop
      vertex 26.1 -11 2
      vertex 24.8698 -10.5394 2
      vertex 26.0952 -11.098 2
    endloop
  endfacet
  facet normal 0 0 1
    outer loop
      vertex 24.6985 10.7285 2
      vertex 25.6556 11.8315 2
      vertex 25.5714 11.8819 2
    endloop
  endfacet
  facet normal 0 0 1
    outer loop
      vertex 26.0952 -11.098 2
      vertex 24.8698 -10.5394 2
      vertex 26.0808 -11.1951 2
    endloop
  endfacet
  facet normal 0 0 1
    outer loop
      vertex 24.6985 10.7285 2
      vertex 25.5714 11.8819 2
      vertex 25.4827 11.9239 2
    endloop
  endfacet
  facet normal 0 0 1
    outer loop
      vertex 26.0808 -11.1951 2
      vertex 24.8698 -10.5394 2
      vertex 26.0569 -11.2903 2
    endloop
  endfacet
  facet normal 0 0 1
    outer loop
      vertex 26.0569 -11.2903 2
      vertex 24.8698 -10.5394 2
      vertex 26.0239 -11.3827 2
    endloop
  endfacet
  facet normal 0 0 1
    outer loop
      vertex 26.1 11 2
      vertex 25.4475 9.14484 2
      vertex 25.46 8.89 2
    endloop
  endfacet
  facet normal 0 0 1
    outer loop
      vertex 26.1 11 2
      vertex 25.41 9.39723 2
      vertex 25.4475 9.14484 2
    endloop
  endfacet
  facet normal 0 0 1
    outer loop
      vertex 24.6985 10.7285 2
      vertex 25.4827 11.9239 2
      vertex 25.3903 11.9569 2
    endloop
  endfacet
  facet normal 0 0 1
    outer loop
      vertex 26.1 11 2
      vertex 25.348 9.64474 2
      vertex 25.41 9.39723 2
    endloop
  endfacet
  facet normal 0 0 1
    outer loop
      vertex 24.6985 10.7285 2
      vertex 25.3903 11.9569 2
      vertex 25.2951 11.9808 2
    endloop
  endfacet
  facet normal 0 0 1
    outer loop
      vertex 26.1 11 2
      vertex 25.2621 9.88498 2
      vertex 25.348 9.64474 2
    endloop
  endfacet
  facet normal 0 0 1
    outer loop
      vertex 24.6985 10.7285 2
      vertex 25.2951 11.9808 2
      vertex 25.198 11.9952 2
    endloop
  endfacet
  facet normal 0 0 1
    outer loop
      vertex 26.1 11 2
      vertex 25.153 10.1156 2
      vertex 25.2621 9.88498 2
    endloop
  endfacet
  facet normal 0 0 1
    outer loop
      vertex 24.6985 10.7285 2
      vertex 25.198 11.9952 2
      vertex 25.1 12 2
    endloop
  endfacet
  facet normal 0 0 1
    outer loop
      vertex 26.1 11 2
      vertex 25.0218 10.3345 2
      vertex 25.153 10.1156 2
    endloop
  endfacet
  facet normal 0 0 1
    outer loop
      vertex 26.1 11 2
      vertex 24.8698 10.5394 2
      vertex 25.0218 10.3345 2
    endloop
  endfacet
  facet normal 0 0 1
    outer loop
      vertex 25.9819 11.4714 2
      vertex 24.6985 10.7285 2
      vertex 24.8698 10.5394 2
    endloop
  endfacet
  facet normal 0 0 1
    outer loop
      vertex 25.1 12 2
      vertex 24.5094 10.8998 2
      vertex 24.6985 10.7285 2
    endloop
  endfacet
  facet normal 0 0 1
    outer loop
      vertex 25.1 12 2
      vertex 24.3045 11.0518 2
      vertex 24.5094 10.8998 2
    endloop
  endfacet
  facet normal 0 0 1
    outer loop
      vertex 25.1 12 2
      vertex 24.0856 11.183 2
      vertex 24.3045 11.0518 2
    endloop
  endfacet
  facet normal 0 0 1
    outer loop
      vertex 25.1 12 2
      vertex 23.855 11.2921 2
      vertex 24.0856 11.183 2
    endloop
  endfacet
  facet normal 0 0 1
    outer loop
      vertex 25.1 12 2
      vertex 23.6147 11.378 2
      vertex 23.855 11.2921 2
    endloop
  endfacet
  facet normal 0 0 1
    outer loop
      vertex 25.1 12 2
      vertex 23.3672 11.44 2
      vertex 23.6147 11.378 2
    endloop
  endfacet
  facet normal 0 0 1
    outer loop
      vertex 25.1 12 2
      vertex 23.1148 11.4775 2
      vertex 23.3672 11.44 2
    endloop
  endfacet
  facet normal 0 0 1
    outer loop
      vertex 25.1 12 2
      vertex 22.86 11.49 2
      vertex 23.1148 11.4775 2
    endloop
  endfacet
  facet normal 0 0 1
    outer loop
      vertex 25.1 12 2
      vertex 22.6052 11.4775 2
      vertex 22.86 11.49 2
    endloop
  endfacet
  facet normal 0 0 1
    outer loop
      vertex 25.1 12 2
      vertex 22.3528 11.44 2
      vertex 22.6052 11.4775 2
    endloop
  endfacet
  facet normal 0 0 1
    outer loop
      vertex 20.31 -8.38277 2
      vertex 15 -8.2 2
      vertex 20.2725 -8.63516 2
    endloop
  endfacet
  facet normal 0 0 1
    outer loop
      vertex 14.9655 8.43222 2
      vertex 20.26 8.89 2
      vertex 20.2725 9.14484 2
    endloop
  endfacet
  facet normal 0 0 1
    outer loop
      vertex 14.9391 8.50615 2
      vertex 20.2725 9.14484 2
      vertex 20.31 9.39723 2
    endloop
  endfacet
  facet normal 0 0 1
    outer loop
      vertex 14.8652 8.64445 2
      vertex 20.31 9.39723 2
      vertex 20.372 9.64474 2
    endloop
  endfacet
  facet normal 0 0 1
    outer loop
      vertex 14.8184 8.7075 2
      vertex 20.372 9.64474 2
      vertex 20.4579 9.88498 2
    endloop
  endfacet
  facet normal 0 0 1
    outer loop
      vertex 14.7075 8.81841 2
      vertex 20.4579 9.88498 2
      vertex 20.567 10.1156 2
    endloop
  endfacet
  facet normal 0 0 1
    outer loop
      vertex 14.6445 8.86517 2
      vertex 20.567 10.1156 2
      vertex 20.6982 10.3345 2
    endloop
  endfacet
  facet normal 0 0 1
    outer loop
      vertex 14.5771 8.90553 2
      vertex 20.6982 10.3345 2
      vertex 20.8502 10.5394 2
    endloop
  endfacet
  facet normal 0 0 1
    outer loop
      vertex 14.4322 8.96555 2
      vertex 20.8502 10.5394 2
      vertex 21.0215 10.7285 2
    endloop
  endfacet
  facet normal 0 0 1
    outer loop
      vertex 14.3561 8.98462 2
      vertex 21.0215 10.7285 2
      vertex 21.2106 10.8998 2
    endloop
  endfacet
  facet normal 0 0 1
    outer loop
      vertex 14.2784 8.99614 2
      vertex 21.2106 10.8998 2
      vertex 21.4155 11.0518 2
    endloop
  endfacet
  facet normal 0 0 1
    outer loop
      vertex 14.2 9 2
      vertex 21.4155 11.0518 2
      vertex 21.6344 11.183 2
    endloop
  endfacet
  facet normal 0 0 1
    outer loop
      vertex 13.7216 8.99614 2
      vertex 21.6344 11.183 2
      vertex 21.865 11.2921 2
    endloop
  endfacet
  facet normal 0 0 1
    outer loop
      vertex 20.2725 8.63516 2
      vertex 14.9961 8.27841 2
      vertex 15 8.2 2
    endloop
  endfacet
  facet normal 0 0 1
    outer loop
      vertex 20.26 8.89 2
      vertex 14.9846 8.35606 2
      vertex 14.9961 8.27841 2
    endloop
  endfacet
  facet normal 0 0 1
    outer loop
      vertex 20.26 8.89 2
      vertex 14.9655 8.43222 2
      vertex 14.9846 8.35606 2
    endloop
  endfacet
  facet normal 0 0 1
    outer loop
      vertex 20.2725 9.14484 2
      vertex 14.9391 8.50615 2
      vertex 14.9655 8.43222 2
    endloop
  endfacet
  facet normal 0 0 1
    outer loop
      vertex 20.31 9.39723 2
      vertex 14.9055 8.57712 2
      vertex 14.9391 8.50615 2
    endloop
  endfacet
  facet normal 0 0 1
    outer loop
      vertex 20.31 9.39723 2
      vertex 14.8652 8.64445 2
      vertex 14.9055 8.57712 2
    endloop
  endfacet
  facet normal 0 0 1
    outer loop
      vertex 20.372 9.64474 2
      vertex 14.8184 8.7075 2
      vertex 14.8652 8.64445 2
    endloop
  endfacet
  facet normal 0 0 1
    outer loop
      vertex 20.4579 9.88498 2
      vertex 14.7657 8.76569 2
      vertex 14.8184 8.7075 2
    endloop
  endfacet
  facet normal 0 0 1
    outer loop
      vertex 7.2 9 2
      vertex 21.865 11.2921 2
      vertex 22.1053 11.378 2
    endloop
  endfacet
  facet normal 0 0 1
    outer loop
      vertex 20.4579 9.88498 2
      vertex 14.7075 8.81841 2
      vertex 14.7657 8.76569 2
    endloop
  endfacet
  facet normal 0 0 1
    outer loop
      vertex 20.567 10.1156 2
      vertex 14.6445 8.86517 2
      vertex 14.7075 8.81841 2
    endloop
  endfacet
  facet normal 0 0 1
    outer loop
      vertex 20.6982 10.3345 2
      vertex 14.5771 8.90553 2
      vertex 14.6445 8.86517 2
    endloop
  endfacet
  facet normal 0 0 1
    outer loop
      vertex 20.8502 10.5394 2
      vertex 14.5061 8.9391 2
      vertex 14.5771 8.90553 2
    endloop
  endfacet
  facet normal 0 0 1
    outer loop
      vertex 20.8502 10.5394 2
      vertex 14.4322 8.96555 2
      vertex 14.5061 8.9391 2
    endloop
  endfacet
  facet normal 0 0 1
    outer loop
      vertex 21.0215 10.7285 2
      vertex 14.3561 8.98462 2
      vertex 14.4322 8.96555 2
    endloop
  endfacet
  facet normal 0 0 1
    outer loop
      vertex 21.2106 10.8998 2
      vertex 14.2784 8.99614 2
      vertex 14.3561 8.98462 2
    endloop
  endfacet
  facet normal 0 0 1
    outer loop
      vertex 21.4155 11.0518 2
      vertex 14.2 9 2
      vertex 14.2784 8.99614 2
    endloop
  endfacet
  facet normal 0 0 1
    outer loop
      vertex 21.6344 11.183 2
      vertex 13.8 9 2
      vertex 14.2 9 2
    endloop
  endfacet
  facet normal 0 0 1
    outer loop
      vertex 21.6344 11.183 2
      vertex 13.7216 8.99614 2
      vertex 13.8 9 2
    endloop
  endfacet
  facet normal 0 0 1
    outer loop
      vertex 21.865 11.2921 2
      vertex 7.27841 8.99614 2
      vertex 13.7216 8.99614 2
    endloop
  endfacet
  facet normal 0 0 1
    outer loop
      vertex 13.7216 8.99614 2
      vertex 7.27841 8.99614 2
      vertex 13.6439 8.98462 2
    endloop
  endfacet
  facet normal 0 0 1
    outer loop
      vertex 13 8.2 2
      vertex 8 8.2 2
      vertex 13 -8.2 2
    endloop
  endfacet
  facet normal 0 0 1
    outer loop
      vertex 13.0039 8.27841 2
      vertex 8 8.2 2
      vertex 13 8.2 2
    endloop
  endfacet
  facet normal 0 0 1
    outer loop
      vertex 7.99614 8.27841 2
      vertex 13.0039 8.27841 2
      vertex 13.0154 8.35606 2
    endloop
  endfacet
  facet normal 0 0 1
    outer loop
      vertex 7.98462 8.35606 2
      vertex 13.0154 8.35606 2
      vertex 13.0345 8.43222 2
    endloop
  endfacet
  facet normal 0 0 1
    outer loop
      vertex 7.96555 8.43222 2
      vertex 13.0345 8.43222 2
      vertex 13.0609 8.50615 2
    endloop
  endfacet
  facet normal 0 0 1
    outer loop
      vertex 7.9391 8.50615 2
      vertex 13.0609 8.50615 2
      vertex 13.0945 8.57712 2
    endloop
  endfacet
  facet normal 0 0 1
    outer loop
      vertex 7.90553 8.57712 2
      vertex 13.0945 8.57712 2
      vertex 13.1348 8.64445 2
    endloop
  endfacet
  facet normal 0 0 1
    outer loop
      vertex 7.86517 8.64445 2
      vertex 13.1348 8.64445 2
      vertex 13.1816 8.7075 2
    endloop
  endfacet
  facet normal 0 0 1
    outer loop
      vertex 7.81841 8.7075 2
      vertex 13.1816 8.7075 2
      vertex 13.2343 8.76569 2
    endloop
  endfacet
  facet normal 0 0 1
    outer loop
      vertex 7.76569 8.76569 2
      vertex 13.2343 8.76569 2
      vertex 13.2925 8.81841 2
    endloop
  endfacet
  facet normal 0 0 1
    outer loop
      vertex 7.7075 8.81841 2
      vertex 13.2925 8.81841 2
      vertex 13.3555 8.86517 2
    endloop
  endfacet
  facet normal 0 0 1
    outer loop
      vertex 7.64445 8.86517 2
      vertex 13.3555 8.86517 2
      vertex 13.4229 8.90553 2
    endloop
  endfacet
  facet normal 0 0 1
    outer loop
      vertex 7.57712 8.90553 2
      vertex 13.4229 8.90553 2
      vertex 13.4939 8.9391 2
    endloop
  endfacet
  facet normal 0 0 1
    outer loop
      vertex 7.50615 8.9391 2
      vertex 13.4939 8.9391 2
      vertex 13.5678 8.96555 2
    endloop
  endfacet
  facet normal 0 -0 1
    outer loop
      vertex 7.35606 8.98462 2
      vertex 13.6439 8.98462 2
      vertex 7.27841 8.99614 2
    endloop
  endfacet
  facet normal 0 0 1
    outer loop
      vertex 0.199997 9 2
      vertex 22.1053 11.378 2
      vertex 22.3528 11.44 2
    endloop
  endfacet
  facet normal 0 0 1
    outer loop
      vertex 13.0039 8.27841 2
      vertex 7.99614 8.27841 2
      vertex 8 8.2 2
    endloop
  endfacet
  facet normal 0 0 1
    outer loop
      vertex 13.0154 8.35606 2
      vertex 7.98462 8.35606 2
      vertex 7.99614 8.27841 2
    endloop
  endfacet
  facet normal 0 0 1
    outer loop
      vertex 13.0345 8.43222 2
      vertex 7.96555 8.43222 2
      vertex 7.98462 8.35606 2
    endloop
  endfacet
  facet normal 0 0 1
    outer loop
      vertex 13.0609 8.50615 2
      vertex 7.9391 8.50615 2
      vertex 7.96555 8.43222 2
    endloop
  endfacet
  facet normal 0 0 1
    outer loop
      vertex -22.3528 11.44 2
      vertex 22.3528 11.44 2
      vertex 25.1 12 2
    endloop
  endfacet
  facet normal 0 0 1
    outer loop
      vertex 13.0945 8.57712 2
      vertex 7.90553 8.57712 2
      vertex 7.9391 8.50615 2
    endloop
  endfacet
  facet normal 0 0 1
    outer loop
      vertex 13.1348 8.64445 2
      vertex 7.86517 8.64445 2
      vertex 7.90553 8.57712 2
    endloop
  endfacet
  facet normal 0 0 1
    outer loop
      vertex 13.1816 8.7075 2
      vertex 7.81841 8.7075 2
      vertex 7.86517 8.64445 2
    endloop
  endfacet
  facet normal 0 0 1
    outer loop
      vertex 13.2343 8.76569 2
      vertex 7.76569 8.76569 2
      vertex 7.81841 8.7075 2
    endloop
  endfacet
  facet normal 0 0 1
    outer loop
      vertex 13.2925 8.81841 2
      vertex 7.7075 8.81841 2
      vertex 7.76569 8.76569 2
    endloop
  endfacet
  facet normal 0 0 1
    outer loop
      vertex 13.3555 8.86517 2
      vertex 7.64445 8.86517 2
      vertex 7.7075 8.81841 2
    endloop
  endfacet
  facet normal 0 0 1
    outer loop
      vertex 13.4229 8.90553 2
      vertex 7.57712 8.90553 2
      vertex 7.64445 8.86517 2
    endloop
  endfacet
  facet normal 0 0 1
    outer loop
      vertex 13.4939 8.9391 2
      vertex 7.50615 8.9391 2
      vertex 7.57712 8.90553 2
    endloop
  endfacet
  facet normal 0 0 1
    outer loop
      vertex 13.5678 8.96555 2
      vertex 7.43222 8.96555 2
      vertex 7.50615 8.9391 2
    endloop
  endfacet
  facet normal 0 0 1
    outer loop
      vertex 13.5678 8.96555 2
      vertex 7.35606 8.98462 2
      vertex 7.43222 8.96555 2
    endloop
  endfacet
  facet normal 0 0 1
    outer loop
      vertex 13.6439 8.98462 2
      vertex 7.35606 8.98462 2
      vertex 13.5678 8.96555 2
    endloop
  endfacet
  facet normal 0 0 1
    outer loop
      vertex 21.865 11.2921 2
      vertex 7.2 9 2
      vertex 7.27841 8.99614 2
    endloop
  endfacet
  facet normal 0 0 1
    outer loop
      vertex 22.1053 11.378 2
      vertex 6.8 9 2
      vertex 7.2 9 2
    endloop
  endfacet
  facet normal 0 0 1
    outer loop
      vertex 22.1053 11.378 2
      vertex 6.72159 8.99614 2
      vertex 6.8 9 2
    endloop
  endfacet
  facet normal 0 0 1
    outer loop
      vertex 22.1053 11.378 2
      vertex 0.278412 8.99614 2
      vertex 6.72159 8.99614 2
    endloop
  endfacet
  facet normal 0 0 1
    outer loop
      vertex 6 8.2 2
      vertex 1 8.2 2
      vertex 6 -8.2 2
    endloop
  endfacet
  facet normal 0 0 1
    outer loop
      vertex 6.00386 8.27841 2
      vertex 1 8.2 2
      vertex 6 8.2 2
    endloop
  endfacet
  facet normal 0 0 1
    outer loop
      vertex 0.99614 8.27841 2
      vertex 6.00386 8.27841 2
      vertex 6.01538 8.35606 2
    endloop
  endfacet
  facet normal 0 0 1
    outer loop
      vertex 0.984619 8.35606 2
      vertex 6.01538 8.35606 2
      vertex 6.03445 8.43222 2
    endloop
  endfacet
  facet normal 0 0 1
    outer loop
      vertex 0.965546 8.43222 2
      vertex 6.03445 8.43222 2
      vertex 6.0609 8.50615 2
    endloop
  endfacet
  facet normal 0 0 1
    outer loop
      vertex 0.939102 8.50615 2
      vertex 6.0609 8.50615 2
      vertex 6.09447 8.57712 2
    endloop
  endfacet
  facet normal 0 0 1
    outer loop
      vertex 0.905533 8.57712 2
      vertex 6.09447 8.57712 2
      vertex 6.13483 8.64445 2
    endloop
  endfacet
  facet normal 0 0 1
    outer loop
      vertex 0.865173 8.64445 2
      vertex 6.13483 8.64445 2
      vertex 6.18159 8.7075 2
    endloop
  endfacet
  facet normal 0 0 1
    outer loop
      vertex 0.818405 8.7075 2
      vertex 6.18159 8.7075 2
      vertex 6.23431 8.76569 2
    endloop
  endfacet
  facet normal 0 0 1
    outer loop
      vertex 0.765686 8.76569 2
      vertex 6.23431 8.76569 2
      vertex 6.2925 8.81841 2
    endloop
  endfacet
  facet normal 0 0 1
    outer loop
      vertex 0.707504 8.81841 2
      vertex 6.2925 8.81841 2
      vertex 6.35555 8.86517 2
    endloop
  endfacet
  facet normal 0 0 1
    outer loop
      vertex 0.644455 8.86517 2
      vertex 6.35555 8.86517 2
      vertex 6.42288 8.90553 2
    endloop
  endfacet
  facet normal 0 0 1
    outer loop
      vertex 0.577118 8.90553 2
      vertex 6.42288 8.90553 2
      vertex 6.49385 8.9391 2
    endloop
  endfacet
  facet normal 0 0 1
    outer loop
      vertex 0.506149 8.9391 2
      vertex 6.49385 8.9391 2
      vertex 6.56778 8.96555 2
    endloop
  endfacet
  facet normal 0 0 1
    outer loop
      vertex 0.43222 8.96555 2
      vertex 6.56778 8.96555 2
      vertex 6.64394 8.98462 2
    endloop
  endfacet
  facet normal 0 0 1
    outer loop
      vertex 6.72159 8.99614 2
      vertex 0.278412 8.99614 2
      vertex 6.64394 8.98462 2
    endloop
  endfacet
  facet normal 0 0 1
    outer loop
      vertex 6.00386 8.27841 2
      vertex 0.99614 8.27841 2
      vertex 1 8.2 2
    endloop
  endfacet
  facet normal 0 0 1
    outer loop
      vertex 6.01538 8.35606 2
      vertex 0.984619 8.35606 2
      vertex 0.99614 8.27841 2
    endloop
  endfacet
  facet normal 0 0 1
    outer loop
      vertex 6.03445 8.43222 2
      vertex 0.965546 8.43222 2
      vertex 0.984619 8.35606 2
    endloop
  endfacet
  facet normal 0 0 1
    outer loop
      vertex 6.0609 8.50615 2
      vertex 0.939102 8.50615 2
      vertex 0.965546 8.43222 2
    endloop
  endfacet
  facet normal 0 0 1
    outer loop
      vertex 6.09447 8.57712 2
      vertex 0.905533 8.57712 2
      vertex 0.939102 8.50615 2
    endloop
  endfacet
  facet normal 0 0 1
    outer loop
      vertex 6.13483 8.64445 2
      vertex 0.865173 8.64445 2
      vertex 0.905533 8.57712 2
    endloop
  endfacet
  facet normal 0 0 1
    outer loop
      vertex 6.18159 8.7075 2
      vertex 0.818405 8.7075 2
      vertex 0.865173 8.64445 2
    endloop
  endfacet
  facet normal 0 0 1
    outer loop
      vertex 6.23431 8.76569 2
      vertex 0.765686 8.76569 2
      vertex 0.818405 8.7075 2
    endloop
  endfacet
  facet normal 0 0 1
    outer loop
      vertex 6.2925 8.81841 2
      vertex 0.707504 8.81841 2
      vertex 0.765686 8.76569 2
    endloop
  endfacet
  facet normal 0 0 1
    outer loop
      vertex 6.35555 8.86517 2
      vertex 0.644455 8.86517 2
      vertex 0.707504 8.81841 2
    endloop
  endfacet
  facet normal 0 0 1
    outer loop
      vertex 6.42288 8.90553 2
      vertex 0.577118 8.90553 2
      vertex 0.644455 8.86517 2
    endloop
  endfacet
  facet normal 0 0 1
    outer loop
      vertex 6.49385 8.9391 2
      vertex 0.506149 8.9391 2
      vertex 0.577118 8.90553 2
    endloop
  endfacet
  facet normal 0 0 1
    outer loop
      vertex 6.56778 8.96555 2
      vertex 0.43222 8.96555 2
      vertex 0.506149 8.9391 2
    endloop
  endfacet
  facet normal 0 0 1
    outer loop
      vertex 6.64394 8.98462 2
      vertex 0.356064 8.98462 2
      vertex 0.43222 8.96555 2
    endloop
  endfacet
  facet normal 0 0 1
    outer loop
      vertex 6.64394 8.98462 2
      vertex 0.278412 8.99614 2
      vertex 0.356064 8.98462 2
    endloop
  endfacet
  facet normal 0 0 1
    outer loop
      vertex 22.1053 11.378 2
      vertex 0.199997 9 2
      vertex 0.278412 8.99614 2
    endloop
  endfacet
  facet normal 0 0 1
    outer loop
      vertex 22.3528 11.44 2
      vertex -0.199997 9 2
      vertex 0.199997 9 2
    endloop
  endfacet
  facet normal 0 0 1
    outer loop
      vertex 22.3528 11.44 2
      vertex -22.3528 11.44 2
      vertex -0.199997 9 2
    endloop
  endfacet
  facet normal 0 0 1
    outer loop
      vertex -1 8.2 2
      vertex -6 8.2 2
      vertex -1 -8.2 2
    endloop
  endfacet
  facet normal 0 0 1
    outer loop
      vertex -0.99614 8.27841 2
      vertex -6 8.2 2
      vertex -1 8.2 2
    endloop
  endfacet
  facet normal 0 0 1
    outer loop
      vertex -6.00386 8.27841 2
      vertex -0.99614 8.27841 2
      vertex -0.984619 8.35606 2
    endloop
  endfacet
  facet normal 0 0 1
    outer loop
      vertex -6.01538 8.35606 2
      vertex -0.984619 8.35606 2
      vertex -0.965546 8.43222 2
    endloop
  endfacet
  facet normal 0 0 1
    outer loop
      vertex -6.03445 8.43222 2
      vertex -0.965546 8.43222 2
      vertex -0.939102 8.50615 2
    endloop
  endfacet
  facet normal 0 0 1
    outer loop
      vertex -6.0609 8.50615 2
      vertex -0.939102 8.50615 2
      vertex -0.905533 8.57712 2
    endloop
  endfacet
  facet normal 0 0 1
    outer loop
      vertex -6.09447 8.57712 2
      vertex -0.905533 8.57712 2
      vertex -0.865173 8.64445 2
    endloop
  endfacet
  facet normal 0 0 1
    outer loop
      vertex -6.13483 8.64445 2
      vertex -0.865173 8.64445 2
      vertex -0.818405 8.7075 2
    endloop
  endfacet
  facet normal 0 0 1
    outer loop
      vertex -6.18159 8.7075 2
      vertex -0.818405 8.7075 2
      vertex -0.765686 8.76569 2
    endloop
  endfacet
  facet normal 0 0 1
    outer loop
      vertex -6.23431 8.76569 2
      vertex -0.765686 8.76569 2
      vertex -0.707504 8.81841 2
    endloop
  endfacet
  facet normal 0 0 1
    outer loop
      vertex -6.2925 8.81841 2
      vertex -0.707504 8.81841 2
      vertex -0.644455 8.86517 2
    endloop
  endfacet
  facet normal 0 0 1
    outer loop
      vertex -6.35555 8.86517 2
      vertex -0.644455 8.86517 2
      vertex -0.577118 8.90553 2
    endloop
  endfacet
  facet normal 0 0 1
    outer loop
      vertex -6.42288 8.90553 2
      vertex -0.577118 8.90553 2
      vertex -0.506149 8.9391 2
    endloop
  endfacet
  facet normal 0 0 1
    outer loop
      vertex -6.49385 8.9391 2
      vertex -0.506149 8.9391 2
      vertex -0.43222 8.96555 2
    endloop
  endfacet
  facet normal 0 0 1
    outer loop
      vertex -6.56778 8.96555 2
      vertex -0.43222 8.96555 2
      vertex -0.356064 8.98462 2
    endloop
  endfacet
  facet normal 0 0 1
    outer loop
      vertex -6.64394 8.98462 2
      vertex -0.356064 8.98462 2
      vertex -0.278412 8.99614 2
    endloop
  endfacet
  facet normal 0 0 1
    outer loop
      vertex -0.99614 8.27841 2
      vertex -6.00386 8.27841 2
      vertex -6 8.2 2
    endloop
  endfacet
  facet normal 0 0 1
    outer loop
      vertex -0.984619 8.35606 2
      vertex -6.01538 8.35606 2
      vertex -6.00386 8.27841 2
    endloop
  endfacet
  facet normal -0 -0 1
    outer loop
      vertex -22.1053 11.378 2
      vertex -0.199997 9 2
      vertex -22.3528 11.44 2
    endloop
  endfacet
  facet normal 0 0 1
    outer loop
      vertex -0.965546 8.43222 2
      vertex -6.03445 8.43222 2
      vertex -6.01538 8.35606 2
    endloop
  endfacet
  facet normal 0 0 1
    outer loop
      vertex -0.939102 8.50615 2
      vertex -6.0609 8.50615 2
      vertex -6.03445 8.43222 2
    endloop
  endfacet
  facet normal 0 0 1
    outer loop
      vertex -0.905533 8.57712 2
      vertex -6.09447 8.57712 2
      vertex -6.0609 8.50615 2
    endloop
  endfacet
  facet normal 0 0 1
    outer loop
      vertex -0.865173 8.64445 2
      vertex -6.13483 8.64445 2
      vertex -6.09447 8.57712 2
    endloop
  endfacet
  facet normal 0 0 1
    outer loop
      vertex -0.818405 8.7075 2
      vertex -6.18159 8.7075 2
      vertex -6.13483 8.64445 2
    endloop
  endfacet
  facet normal 0 0 1
    outer loop
      vertex -0.765686 8.76569 2
      vertex -6.23431 8.76569 2
      vertex -6.18159 8.7075 2
    endloop
  endfacet
  facet normal 0 0 1
    outer loop
      vertex -0.707504 8.81841 2
      vertex -6.2925 8.81841 2
      vertex -6.23431 8.76569 2
    endloop
  endfacet
  facet normal 0 0 1
    outer loop
      vertex -0.644455 8.86517 2
      vertex -6.35555 8.86517 2
      vertex -6.2925 8.81841 2
    endloop
  endfacet
  facet normal 0 0 1
    outer loop
      vertex -0.577118 8.90553 2
      vertex -6.42288 8.90553 2
      vertex -6.35555 8.86517 2
    endloop
  endfacet
  facet normal 0 0 1
    outer loop
      vertex -0.506149 8.9391 2
      vertex -6.49385 8.9391 2
      vertex -6.42288 8.90553 2
    endloop
  endfacet
  facet normal 0 0 1
    outer loop
      vertex -0.43222 8.96555 2
      vertex -6.56778 8.96555 2
      vertex -6.49385 8.9391 2
    endloop
  endfacet
  facet normal 0 0 1
    outer loop
      vertex -0.356064 8.98462 2
      vertex -6.64394 8.98462 2
      vertex -6.56778 8.96555 2
    endloop
  endfacet
  facet normal 0 0 1
    outer loop
      vertex -0.278412 8.99614 2
      vertex -6.72159 8.99614 2
      vertex -6.64394 8.98462 2
    endloop
  endfacet
  facet normal 0 0 1
    outer loop
      vertex -0.278412 8.99614 2
      vertex -22.1053 11.378 2
      vertex -6.72159 8.99614 2
    endloop
  endfacet
  facet normal 0 0 1
    outer loop
      vertex -6.72159 8.99614 2
      vertex -22.1053 11.378 2
      vertex -6.8 9 2
    endloop
  endfacet
  facet normal 0 0 1
    outer loop
      vertex -6.8 9 2
      vertex -22.1053 11.378 2
      vertex -7.2 9 2
    endloop
  endfacet
  facet normal 0 0 1
    outer loop
      vertex -8 8.2 2
      vertex -13 8.2 2
      vertex -8 -8.2 2
    endloop
  endfacet
  facet normal 0 0 1
    outer loop
      vertex -7.99614 8.27841 2
      vertex -13 8.2 2
      vertex -8 8.2 2
    endloop
  endfacet
  facet normal 0 0 1
    outer loop
      vertex -13.0039 8.27841 2
      vertex -7.99614 8.27841 2
      vertex -7.98462 8.35606 2
    endloop
  endfacet
  facet normal 0 0 1
    outer loop
      vertex -13.0154 8.35606 2
      vertex -7.98462 8.35606 2
      vertex -7.96555 8.43222 2
    endloop
  endfacet
  facet normal 0 0 1
    outer loop
      vertex -13.0345 8.43222 2
      vertex -7.96555 8.43222 2
      vertex -7.9391 8.50615 2
    endloop
  endfacet
  facet normal 0 0 1
    outer loop
      vertex -13.0609 8.50615 2
      vertex -7.9391 8.50615 2
      vertex -7.90553 8.57712 2
    endloop
  endfacet
  facet normal 0 0 1
    outer loop
      vertex -13.0945 8.57712 2
      vertex -7.90553 8.57712 2
      vertex -7.86517 8.64445 2
    endloop
  endfacet
  facet normal 0 0 1
    outer loop
      vertex -13.1348 8.64445 2
      vertex -7.86517 8.64445 2
      vertex -7.81841 8.7075 2
    endloop
  endfacet
  facet normal 0 0 1
    outer loop
      vertex -13.1816 8.7075 2
      vertex -7.81841 8.7075 2
      vertex -7.76569 8.76569 2
    endloop
  endfacet
  facet normal 0 0 1
    outer loop
      vertex -13.2343 8.76569 2
      vertex -7.76569 8.76569 2
      vertex -7.7075 8.81841 2
    endloop
  endfacet
  facet normal 0 0 1
    outer loop
      vertex -13.2925 8.81841 2
      vertex -7.7075 8.81841 2
      vertex -7.64445 8.86517 2
    endloop
  endfacet
  facet normal 0 0 1
    outer loop
      vertex -13.3555 8.86517 2
      vertex -7.64445 8.86517 2
      vertex -7.57712 8.90553 2
    endloop
  endfacet
  facet normal 0 0 1
    outer loop
      vertex -13.4229 8.90553 2
      vertex -7.57712 8.90553 2
      vertex -7.50615 8.9391 2
    endloop
  endfacet
  facet normal 0 0 1
    outer loop
      vertex -13.4939 8.9391 2
      vertex -7.50615 8.9391 2
      vertex -7.43222 8.96555 2
    endloop
  endfacet
  facet normal 0 0 1
    outer loop
      vertex -13.5678 8.96555 2
      vertex -7.43222 8.96555 2
      vertex -7.35606 8.98462 2
    endloop
  endfacet
  facet normal 0 0 1
    outer loop
      vertex -13.6439 8.98462 2
      vertex -7.35606 8.98462 2
      vertex -7.27841 8.99614 2
    endloop
  endfacet
  facet normal 0 0 1
    outer loop
      vertex -7.99614 8.27841 2
      vertex -13.0039 8.27841 2
      vertex -13 8.2 2
    endloop
  endfacet
  facet normal 0 0 1
    outer loop
      vertex -7.98462 8.35606 2
      vertex -13.0154 8.35606 2
      vertex -13.0039 8.27841 2
    endloop
  endfacet
  facet normal 0 0 1
    outer loop
      vertex -7.96555 8.43222 2
      vertex -13.0345 8.43222 2
      vertex -13.0154 8.35606 2
    endloop
  endfacet
  facet normal 0 0 1
    outer loop
      vertex -7.9391 8.50615 2
      vertex -13.0609 8.50615 2
      vertex -13.0345 8.43222 2
    endloop
  endfacet
  facet normal -0 -0 1
    outer loop
      vertex -21.865 11.2921 2
      vertex -7.2 9 2
      vertex -22.1053 11.378 2
    endloop
  endfacet
  facet normal 0 0 1
    outer loop
      vertex -7.90553 8.57712 2
      vertex -13.0945 8.57712 2
      vertex -13.0609 8.50615 2
    endloop
  endfacet
  facet normal 0 0 1
    outer loop
      vertex -7.86517 8.64445 2
      vertex -13.1348 8.64445 2
      vertex -13.0945 8.57712 2
    endloop
  endfacet
  facet normal 0 0 1
    outer loop
      vertex -7.81841 8.7075 2
      vertex -13.1816 8.7075 2
      vertex -13.1348 8.64445 2
    endloop
  endfacet
  facet normal 0 0 1
    outer loop
      vertex -7.76569 8.76569 2
      vertex -13.2343 8.76569 2
      vertex -13.1816 8.7075 2
    endloop
  endfacet
  facet normal 0 0 1
    outer loop
      vertex -7.7075 8.81841 2
      vertex -13.2925 8.81841 2
      vertex -13.2343 8.76569 2
    endloop
  endfacet
  facet normal 0 0 1
    outer loop
      vertex -7.64445 8.86517 2
      vertex -13.3555 8.86517 2
      vertex -13.2925 8.81841 2
    endloop
  endfacet
  facet normal 0 0 1
    outer loop
      vertex -7.57712 8.90553 2
      vertex -13.4229 8.90553 2
      vertex -13.3555 8.86517 2
    endloop
  endfacet
  facet normal 0 0 1
    outer loop
      vertex -7.50615 8.9391 2
      vertex -13.4939 8.9391 2
      vertex -13.4229 8.90553 2
    endloop
  endfacet
  facet normal 0 0 1
    outer loop
      vertex -7.43222 8.96555 2
      vertex -13.5678 8.96555 2
      vertex -13.4939 8.9391 2
    endloop
  endfacet
  facet normal 0 0 1
    outer loop
      vertex -7.35606 8.98462 2
      vertex -13.6439 8.98462 2
      vertex -13.5678 8.96555 2
    endloop
  endfacet
  facet normal 0 -0 1
    outer loop
      vertex -13.7216 8.99614 2
      vertex -7.27841 8.99614 2
      vertex -21.865 11.2921 2
    endloop
  endfacet
  facet normal 0 0 1
    outer loop
      vertex -7.27841 8.99614 2
      vertex -13.7216 8.99614 2
      vertex -13.6439 8.98462 2
    endloop
  endfacet
  facet normal -0 -0 1
    outer loop
      vertex -21.6344 11.183 2
      vertex -13.7216 8.99614 2
      vertex -21.865 11.2921 2
    endloop
  endfacet
  facet normal 0 0 1
    outer loop
      vertex -13.7216 8.99614 2
      vertex -21.6344 11.183 2
      vertex -13.8 9 2
    endloop
  endfacet
  facet normal 0 0 1
    outer loop
      vertex -14.9961 8.27841 2
      vertex -20.2725 8.63516 2
      vertex -15 8.2 2
    endloop
  endfacet
  facet normal -0 0 1
    outer loop
      vertex -20.2725 8.63516 2
      vertex -14.9961 8.27841 2
      vertex -20.26 8.89 2
    endloop
  endfacet
  facet normal 0 0 1
    outer loop
      vertex -14.9846 8.35606 2
      vertex -20.26 8.89 2
      vertex -14.9961 8.27841 2
    endloop
  endfacet
  facet normal 0 0 1
    outer loop
      vertex -14.9655 8.43222 2
      vertex -20.26 8.89 2
      vertex -14.9846 8.35606 2
    endloop
  endfacet
  facet normal 0 0 1
    outer loop
      vertex -20.2725 9.14484 2
      vertex -14.9655 8.43222 2
      vertex -14.9391 8.50615 2
    endloop
  endfacet
  facet normal 0 0 1
    outer loop
      vertex -20.31 9.39723 2
      vertex -14.9391 8.50615 2
      vertex -14.9055 8.57712 2
    endloop
  endfacet
  facet normal 0 0 1
    outer loop
      vertex -20.31 9.39723 2
      vertex -14.9055 8.57712 2
      vertex -14.8652 8.64445 2
    endloop
  endfacet
  facet normal 0 0 1
    outer loop
      vertex -20.372 9.64474 2
      vertex -14.8652 8.64445 2
      vertex -14.8184 8.7075 2
    endloop
  endfacet
  facet normal 0 0 1
    outer loop
      vertex -20.4579 9.88498 2
      vertex -14.8184 8.7075 2
      vertex -14.7657 8.76569 2
    endloop
  endfacet
  facet normal 0 0 1
    outer loop
      vertex -20.4579 9.88498 2
      vertex -14.7657 8.76569 2
      vertex -14.7075 8.81841 2
    endloop
  endfacet
  facet normal 0 0 1
    outer loop
      vertex -20.567 10.1156 2
      vertex -14.7075 8.81841 2
      vertex -14.6445 8.86517 2
    endloop
  endfacet
  facet normal 0 0 1
    outer loop
      vertex -20.6982 10.3345 2
      vertex -14.6445 8.86517 2
      vertex -14.5771 8.90553 2
    endloop
  endfacet
  facet normal 0 0 1
    outer loop
      vertex -20.8502 10.5394 2
      vertex -14.5771 8.90553 2
      vertex -14.5061 8.9391 2
    endloop
  endfacet
  facet normal 0 0 1
    outer loop
      vertex -20.8502 10.5394 2
      vertex -14.5061 8.9391 2
      vertex -14.4322 8.96555 2
    endloop
  endfacet
  facet normal 0 0 1
    outer loop
      vertex -21.0215 10.7285 2
      vertex -14.4322 8.96555 2
      vertex -14.3561 8.98462 2
    endloop
  endfacet
  facet normal 0 0 1
    outer loop
      vertex -21.2106 10.8998 2
      vertex -14.3561 8.98462 2
      vertex -14.2784 8.99614 2
    endloop
  endfacet
  facet normal 0 0 1
    outer loop
      vertex -13.8 9 2
      vertex -21.6344 11.183 2
      vertex -14.2 9 2
    endloop
  endfacet
  facet normal 0 0 1
    outer loop
      vertex -14.9655 8.43222 2
      vertex -20.2725 9.14484 2
      vertex -20.26 8.89 2
    endloop
  endfacet
  facet normal 0 0 1
    outer loop
      vertex -14.9391 8.50615 2
      vertex -20.31 9.39723 2
      vertex -20.2725 9.14484 2
    endloop
  endfacet
  facet normal 0 0 1
    outer loop
      vertex -14.8652 8.64445 2
      vertex -20.372 9.64474 2
      vertex -20.31 9.39723 2
    endloop
  endfacet
  facet normal 0 0 1
    outer loop
      vertex -14.8184 8.7075 2
      vertex -20.4579 9.88498 2
      vertex -20.372 9.64474 2
    endloop
  endfacet
  facet normal 0 0 1
    outer loop
      vertex -14.7075 8.81841 2
      vertex -20.567 10.1156 2
      vertex -20.4579 9.88498 2
    endloop
  endfacet
  facet normal 0 0 1
    outer loop
      vertex -14.6445 8.86517 2
      vertex -20.6982 10.3345 2
      vertex -20.567 10.1156 2
    endloop
  endfacet
  facet normal 0 0 1
    outer loop
      vertex -14.5771 8.90553 2
      vertex -20.8502 10.5394 2
      vertex -20.6982 10.3345 2
    endloop
  endfacet
  facet normal 0 0 1
    outer loop
      vertex -14.4322 8.96555 2
      vertex -21.0215 10.7285 2
      vertex -20.8502 10.5394 2
    endloop
  endfacet
  facet normal 0 0 1
    outer loop
      vertex -14.3561 8.98462 2
      vertex -21.2106 10.8998 2
      vertex -21.0215 10.7285 2
    endloop
  endfacet
  facet normal 0 0 1
    outer loop
      vertex -14.2784 8.99614 2
      vertex -21.4155 11.0518 2
      vertex -21.2106 10.8998 2
    endloop
  endfacet
  facet normal 0 0 1
    outer loop
      vertex -14.2 9 2
      vertex -21.4155 11.0518 2
      vertex -14.2784 8.99614 2
    endloop
  endfacet
  facet normal -0 -0 1
    outer loop
      vertex -21.4155 11.0518 2
      vertex -14.2 9 2
      vertex -21.6344 11.183 2
    endloop
  endfacet
  facet normal 0 0 1
    outer loop
      vertex -7.2 9 2
      vertex -21.865 11.2921 2
      vertex -7.27841 8.99614 2
    endloop
  endfacet
  facet normal 0 0 1
    outer loop
      vertex -0.199997 9 2
      vertex -22.1053 11.378 2
      vertex -0.278412 8.99614 2
    endloop
  endfacet
  facet normal -0 0 1
    outer loop
      vertex -25.1 12 2
      vertex -22.3528 11.44 2
      vertex 25.1 12 2
    endloop
  endfacet
  facet normal 0 0 1
    outer loop
      vertex -22.3528 11.44 2
      vertex -25.1 12 2
      vertex -22.6052 11.4775 2
    endloop
  endfacet
  facet normal 0 0 1
    outer loop
      vertex -22.6052 11.4775 2
      vertex -25.1 12 2
      vertex -22.86 11.49 2
    endloop
  endfacet
  facet normal 0 0 1
    outer loop
      vertex -25.1 12 2
      vertex -23.1148 11.4775 2
      vertex -22.86 11.49 2
    endloop
  endfacet
  facet normal 0 0 1
    outer loop
      vertex -25.1 12 2
      vertex -23.3672 11.44 2
      vertex -23.1148 11.4775 2
    endloop
  endfacet
  facet normal 0 0 1
    outer loop
      vertex -25.1 12 2
      vertex -23.6147 11.378 2
      vertex -23.3672 11.44 2
    endloop
  endfacet
  facet normal 0 0 1
    outer loop
      vertex -25.1 12 2
      vertex -23.855 11.2921 2
      vertex -23.6147 11.378 2
    endloop
  endfacet
  facet normal 0 0 1
    outer loop
      vertex -25.1 12 2
      vertex -24.0856 11.183 2
      vertex -23.855 11.2921 2
    endloop
  endfacet
  facet normal 0 0 1
    outer loop
      vertex -25.1 12 2
      vertex -24.3045 11.0518 2
      vertex -24.0856 11.183 2
    endloop
  endfacet
  facet normal 0 0 1
    outer loop
      vertex -25.1 12 2
      vertex -24.5094 10.8998 2
      vertex -24.3045 11.0518 2
    endloop
  endfacet
  facet normal 0 0 1
    outer loop
      vertex -25.1 12 2
      vertex -24.6985 10.7285 2
      vertex -24.5094 10.8998 2
    endloop
  endfacet
  facet normal -0 0 1
    outer loop
      vertex -25.198 11.9952 2
      vertex -24.6985 10.7285 2
      vertex -25.1 12 2
    endloop
  endfacet
  facet normal -0 0 1
    outer loop
      vertex -25.2951 11.9808 2
      vertex -24.6985 10.7285 2
      vertex -25.198 11.9952 2
    endloop
  endfacet
  facet normal -0 0 1
    outer loop
      vertex -25.3903 11.9569 2
      vertex -24.6985 10.7285 2
      vertex -25.2951 11.9808 2
    endloop
  endfacet
  facet normal -0 0 1
    outer loop
      vertex -25.4827 11.9239 2
      vertex -24.6985 10.7285 2
      vertex -25.3903 11.9569 2
    endloop
  endfacet
  facet normal -0 0 1
    outer loop
      vertex -25.5714 11.8819 2
      vertex -24.6985 10.7285 2
      vertex -25.4827 11.9239 2
    endloop
  endfacet
  facet normal -0 0 1
    outer loop
      vertex -25.6556 11.8315 2
      vertex -24.6985 10.7285 2
      vertex -25.5714 11.8819 2
    endloop
  endfacet
  facet normal 0 0 1
    outer loop
      vertex -25.153 10.1156 2
      vertex -26.1 11 2
      vertex -25.2621 9.88498 2
    endloop
  endfacet
  facet normal -0 0 1
    outer loop
      vertex -25.7344 11.773 2
      vertex -24.6985 10.7285 2
      vertex -25.6556 11.8315 2
    endloop
  endfacet
  facet normal 0 0 1
    outer loop
      vertex -25.2621 9.88498 2
      vertex -26.1 11 2
      vertex -25.348 9.64474 2
    endloop
  endfacet
  facet normal 0 0 1
    outer loop
      vertex -25.348 9.64474 2
      vertex -26.1 11 2
      vertex -25.41 9.39723 2
    endloop
  endfacet
  facet normal 0 0 1
    outer loop
      vertex -25.41 9.39723 2
      vertex -26.1 11 2
      vertex -25.4475 9.14484 2
    endloop
  endfacet
  facet normal 0 0 1
    outer loop
      vertex -25.4475 9.14484 2
      vertex -26.1 11 2
      vertex -25.46 8.89 2
    endloop
  endfacet
  facet normal -0 0 1
    outer loop
      vertex -25.8071 11.7071 2
      vertex -24.6985 10.7285 2
      vertex -25.7344 11.773 2
    endloop
  endfacet
  facet normal 0 0 1
    outer loop
      vertex 26.0239 -11.3827 2
      vertex 24.8698 -10.5394 2
      vertex 25.9819 -11.4714 2
    endloop
  endfacet
  facet normal -0 0 1
    outer loop
      vertex 24.6985 -10.7285 2
      vertex 25.9819 -11.4714 2
      vertex 24.8698 -10.5394 2
    endloop
  endfacet
  facet normal 0 0 1
    outer loop
      vertex 25.9819 -11.4714 2
      vertex 24.6985 -10.7285 2
      vertex 25.9315 -11.5556 2
    endloop
  endfacet
  facet normal 0 0 1
    outer loop
      vertex 25.9315 -11.5556 2
      vertex 24.6985 -10.7285 2
      vertex 25.873 -11.6344 2
    endloop
  endfacet
  facet normal 0 0 1
    outer loop
      vertex 25.873 -11.6344 2
      vertex 24.6985 -10.7285 2
      vertex 25.8071 -11.7071 2
    endloop
  endfacet
  facet normal 0 0 1
    outer loop
      vertex 25.8071 -11.7071 2
      vertex 24.6985 -10.7285 2
      vertex 25.7344 -11.773 2
    endloop
  endfacet
  facet normal 0 0 1
    outer loop
      vertex 25.7344 -11.773 2
      vertex 24.6985 -10.7285 2
      vertex 25.6556 -11.8315 2
    endloop
  endfacet
  facet normal 0 0 1
    outer loop
      vertex 25.6556 -11.8315 2
      vertex 24.6985 -10.7285 2
      vertex 25.5714 -11.8819 2
    endloop
  endfacet
  facet normal 0 0 1
    outer loop
      vertex 25.5714 -11.8819 2
      vertex 24.6985 -10.7285 2
      vertex 25.4827 -11.9239 2
    endloop
  endfacet
  facet normal 0 0 1
    outer loop
      vertex 25.4827 -11.9239 2
      vertex 24.6985 -10.7285 2
      vertex 25.3903 -11.9569 2
    endloop
  endfacet
  facet normal 0 0 1
    outer loop
      vertex 25.3903 -11.9569 2
      vertex 24.6985 -10.7285 2
      vertex 25.2951 -11.9808 2
    endloop
  endfacet
  facet normal 0 0 1
    outer loop
      vertex 25.2951 -11.9808 2
      vertex 24.6985 -10.7285 2
      vertex 25.198 -11.9952 2
    endloop
  endfacet
  facet normal 0 0 1
    outer loop
      vertex 25.198 -11.9952 2
      vertex 24.6985 -10.7285 2
      vertex 25.1 -12 2
    endloop
  endfacet
  facet normal -0 0 1
    outer loop
      vertex 24.5094 -10.8998 2
      vertex 25.1 -12 2
      vertex 24.6985 -10.7285 2
    endloop
  endfacet
  facet normal -0 0 1
    outer loop
      vertex 24.3045 -11.0518 2
      vertex 25.1 -12 2
      vertex 24.5094 -10.8998 2
    endloop
  endfacet
  facet normal -0 0 1
    outer loop
      vertex 24.0856 -11.183 2
      vertex 25.1 -12 2
      vertex 24.3045 -11.0518 2
    endloop
  endfacet
  facet normal -0 0 1
    outer loop
      vertex 23.855 -11.2921 2
      vertex 25.1 -12 2
      vertex 24.0856 -11.183 2
    endloop
  endfacet
  facet normal -0 0 1
    outer loop
      vertex 23.6147 -11.378 2
      vertex 25.1 -12 2
      vertex 23.855 -11.2921 2
    endloop
  endfacet
  facet normal -0 0 1
    outer loop
      vertex 23.3672 -11.44 2
      vertex 25.1 -12 2
      vertex 23.6147 -11.378 2
    endloop
  endfacet
  facet normal -0 0 1
    outer loop
      vertex 23.1148 -11.4775 2
      vertex 25.1 -12 2
      vertex 23.3672 -11.44 2
    endloop
  endfacet
  facet normal -0 0 1
    outer loop
      vertex 22.86 -11.49 2
      vertex 25.1 -12 2
      vertex 23.1148 -11.4775 2
    endloop
  endfacet
  facet normal 0 0 1
    outer loop
      vertex 22.6052 -11.4775 2
      vertex 25.1 -12 2
      vertex 22.86 -11.49 2
    endloop
  endfacet
  facet normal 0 0 1
    outer loop
      vertex 22.3528 -11.44 2
      vertex 25.1 -12 2
      vertex 22.6052 -11.4775 2
    endloop
  endfacet
  facet normal -0 0 1
    outer loop
      vertex 14.9961 -8.27841 2
      vertex 20.2725 -8.63516 2
      vertex 15 -8.2 2
    endloop
  endfacet
  facet normal 0 0 1
    outer loop
      vertex 20.2725 -8.63516 2
      vertex 14.9961 -8.27841 2
      vertex 20.26 -8.89 2
    endloop
  endfacet
  facet normal -0 0 1
    outer loop
      vertex 14.9846 -8.35606 2
      vertex 20.26 -8.89 2
      vertex 14.9961 -8.27841 2
    endloop
  endfacet
  facet normal -0 0 1
    outer loop
      vertex 14.9655 -8.43222 2
      vertex 20.26 -8.89 2
      vertex 14.9846 -8.35606 2
    endloop
  endfacet
  facet normal 0 0 1
    outer loop
      vertex 20.26 -8.89 2
      vertex 14.9655 -8.43222 2
      vertex 20.2725 -9.14484 2
    endloop
  endfacet
  facet normal -0 0 1
    outer loop
      vertex 14.9391 -8.50615 2
      vertex 20.2725 -9.14484 2
      vertex 14.9655 -8.43222 2
    endloop
  endfacet
  facet normal 0 0 1
    outer loop
      vertex 20.2725 -9.14484 2
      vertex 14.9391 -8.50615 2
      vertex 20.31 -9.39723 2
    endloop
  endfacet
  facet normal -0 0 1
    outer loop
      vertex 14.9055 -8.57712 2
      vertex 20.31 -9.39723 2
      vertex 14.9391 -8.50615 2
    endloop
  endfacet
  facet normal -0 0 1
    outer loop
      vertex 14.8652 -8.64445 2
      vertex 20.31 -9.39723 2
      vertex 14.9055 -8.57712 2
    endloop
  endfacet
  facet normal 0 0 1
    outer loop
      vertex 20.31 -9.39723 2
      vertex 14.8652 -8.64445 2
      vertex 20.372 -9.64474 2
    endloop
  endfacet
  facet normal -0 0 1
    outer loop
      vertex 14.8184 -8.7075 2
      vertex 20.372 -9.64474 2
      vertex 14.8652 -8.64445 2
    endloop
  endfacet
  facet normal 0 0 1
    outer loop
      vertex 20.372 -9.64474 2
      vertex 14.8184 -8.7075 2
      vertex 20.4579 -9.88498 2
    endloop
  endfacet
  facet normal -0 0 1
    outer loop
      vertex 14.7657 -8.76569 2
      vertex 20.4579 -9.88498 2
      vertex 14.8184 -8.7075 2
    endloop
  endfacet
  facet normal -0 0 1
    outer loop
      vertex 14.7075 -8.81841 2
      vertex 20.4579 -9.88498 2
      vertex 14.7657 -8.76569 2
    endloop
  endfacet
  facet normal 0 0 1
    outer loop
      vertex 20.4579 -9.88498 2
      vertex 14.7075 -8.81841 2
      vertex 20.567 -10.1156 2
    endloop
  endfacet
  facet normal -0 0 1
    outer loop
      vertex 14.6445 -8.86517 2
      vertex 20.567 -10.1156 2
      vertex 14.7075 -8.81841 2
    endloop
  endfacet
  facet normal 0 0 1
    outer loop
      vertex 20.567 -10.1156 2
      vertex 14.6445 -8.86517 2
      vertex 20.6982 -10.3345 2
    endloop
  endfacet
  facet normal -0 0 1
    outer loop
      vertex 14.5771 -8.90553 2
      vertex 20.6982 -10.3345 2
      vertex 14.6445 -8.86517 2
    endloop
  endfacet
  facet normal 0 0 1
    outer loop
      vertex 20.6982 -10.3345 2
      vertex 14.5771 -8.90553 2
      vertex 20.8502 -10.5394 2
    endloop
  endfacet
  facet normal -0 0 1
    outer loop
      vertex 14.5061 -8.9391 2
      vertex 20.8502 -10.5394 2
      vertex 14.5771 -8.90553 2
    endloop
  endfacet
  facet normal -0 0 1
    outer loop
      vertex 14.4322 -8.96555 2
      vertex 20.8502 -10.5394 2
      vertex 14.5061 -8.9391 2
    endloop
  endfacet
  facet normal 0 0 1
    outer loop
      vertex 20.8502 -10.5394 2
      vertex 14.4322 -8.96555 2
      vertex 21.0215 -10.7285 2
    endloop
  endfacet
  facet normal -0 0 1
    outer loop
      vertex 14.3561 -8.98462 2
      vertex 21.0215 -10.7285 2
      vertex 14.4322 -8.96555 2
    endloop
  endfacet
  facet normal 0 0 1
    outer loop
      vertex 21.0215 -10.7285 2
      vertex 14.3561 -8.98462 2
      vertex 21.2106 -10.8998 2
    endloop
  endfacet
  facet normal -0 0 1
    outer loop
      vertex 14.2784 -8.99614 2
      vertex 21.2106 -10.8998 2
      vertex 14.3561 -8.98462 2
    endloop
  endfacet
  facet normal 0 0 1
    outer loop
      vertex 21.2106 -10.8998 2
      vertex 14.2784 -8.99614 2
      vertex 21.4155 -11.0518 2
    endloop
  endfacet
  facet normal -0 0 1
    outer loop
      vertex 14.2 -9 2
      vertex 21.4155 -11.0518 2
      vertex 14.2784 -8.99614 2
    endloop
  endfacet
  facet normal 0 0 1
    outer loop
      vertex 21.4155 -11.0518 2
      vertex 14.2 -9 2
      vertex 21.6344 -11.183 2
    endloop
  endfacet
  facet normal -0 0 1
    outer loop
      vertex 13.8 -9 2
      vertex 21.6344 -11.183 2
      vertex 14.2 -9 2
    endloop
  endfacet
  facet normal 0 0 1
    outer loop
      vertex 13.7216 -8.99614 2
      vertex 21.6344 -11.183 2
      vertex 13.8 -9 2
    endloop
  endfacet
  facet normal 0 0 1
    outer loop
      vertex 21.6344 -11.183 2
      vertex 13.7216 -8.99614 2
      vertex 21.865 -11.2921 2
    endloop
  endfacet
  facet normal -0 0 1
    outer loop
      vertex 7.27841 -8.99614 2
      vertex 21.865 -11.2921 2
      vertex 13.7216 -8.99614 2
    endloop
  endfacet
  facet normal 0 0 1
    outer loop
      vertex 7.27841 -8.99614 2
      vertex 13.7216 -8.99614 2
      vertex 13.6439 -8.98462 2
    endloop
  endfacet
  facet normal 0 0 1
    outer loop
      vertex 7.35606 -8.98462 2
      vertex 13.6439 -8.98462 2
      vertex 13.5678 -8.96555 2
    endloop
  endfacet
  facet normal 0 0 1
    outer loop
      vertex 8 -8.2 2
      vertex 13 -8.2 2
      vertex 8 8.2 2
    endloop
  endfacet
  facet normal 0 0 1
    outer loop
      vertex 13 -8.2 2
      vertex 8 -8.2 2
      vertex 13.0039 -8.27841 2
    endloop
  endfacet
  facet normal 0 0 1
    outer loop
      vertex 7.99614 -8.27841 2
      vertex 13.0039 -8.27841 2
      vertex 8 -8.2 2
    endloop
  endfacet
  facet normal 0 0 1
    outer loop
      vertex 13.0039 -8.27841 2
      vertex 7.99614 -8.27841 2
      vertex 13.0154 -8.35606 2
    endloop
  endfacet
  facet normal 0 0 1
    outer loop
      vertex 7.98462 -8.35606 2
      vertex 13.0154 -8.35606 2
      vertex 7.99614 -8.27841 2
    endloop
  endfacet
  facet normal 0 0 1
    outer loop
      vertex 13.0154 -8.35606 2
      vertex 7.98462 -8.35606 2
      vertex 13.0345 -8.43222 2
    endloop
  endfacet
  facet normal 0 0 1
    outer loop
      vertex 7.96555 -8.43222 2
      vertex 13.0345 -8.43222 2
      vertex 7.98462 -8.35606 2
    endloop
  endfacet
  facet normal 0 0 1
    outer loop
      vertex 13.0345 -8.43222 2
      vertex 7.96555 -8.43222 2
      vertex 13.0609 -8.50615 2
    endloop
  endfacet
  facet normal 0 0 1
    outer loop
      vertex 7.9391 -8.50615 2
      vertex 13.0609 -8.50615 2
      vertex 7.96555 -8.43222 2
    endloop
  endfacet
  facet normal 0 0 1
    outer loop
      vertex 13.0609 -8.50615 2
      vertex 7.9391 -8.50615 2
      vertex 13.0945 -8.57712 2
    endloop
  endfacet
  facet normal 0 0 1
    outer loop
      vertex 7.90553 -8.57712 2
      vertex 13.0945 -8.57712 2
      vertex 7.9391 -8.50615 2
    endloop
  endfacet
  facet normal 0 0 1
    outer loop
      vertex 13.0945 -8.57712 2
      vertex 7.90553 -8.57712 2
      vertex 13.1348 -8.64445 2
    endloop
  endfacet
  facet normal 0 0 1
    outer loop
      vertex 7.86517 -8.64445 2
      vertex 13.1348 -8.64445 2
      vertex 7.90553 -8.57712 2
    endloop
  endfacet
  facet normal 0 0 1
    outer loop
      vertex 13.1348 -8.64445 2
      vertex 7.86517 -8.64445 2
      vertex 13.1816 -8.7075 2
    endloop
  endfacet
  facet normal 0 0 1
    outer loop
      vertex 7.81841 -8.7075 2
      vertex 13.1816 -8.7075 2
      vertex 7.86517 -8.64445 2
    endloop
  endfacet
  facet normal 0 0 1
    outer loop
      vertex 13.1816 -8.7075 2
      vertex 7.81841 -8.7075 2
      vertex 13.2343 -8.76569 2
    endloop
  endfacet
  facet normal 0 0 1
    outer loop
      vertex 7.76569 -8.76569 2
      vertex 13.2343 -8.76569 2
      vertex 7.81841 -8.7075 2
    endloop
  endfacet
  facet normal 0 0 1
    outer loop
      vertex 13.2343 -8.76569 2
      vertex 7.76569 -8.76569 2
      vertex 13.2925 -8.81841 2
    endloop
  endfacet
  facet normal 0 0 1
    outer loop
      vertex 7.7075 -8.81841 2
      vertex 13.2925 -8.81841 2
      vertex 7.76569 -8.76569 2
    endloop
  endfacet
  facet normal 0 0 1
    outer loop
      vertex 13.2925 -8.81841 2
      vertex 7.7075 -8.81841 2
      vertex 13.3555 -8.86517 2
    endloop
  endfacet
  facet normal 0 0 1
    outer loop
      vertex 7.64445 -8.86517 2
      vertex 13.3555 -8.86517 2
      vertex 7.7075 -8.81841 2
    endloop
  endfacet
  facet normal 0 0 1
    outer loop
      vertex 13.3555 -8.86517 2
      vertex 7.64445 -8.86517 2
      vertex 13.4229 -8.90553 2
    endloop
  endfacet
  facet normal 0 0 1
    outer loop
      vertex 7.57712 -8.90553 2
      vertex 13.4229 -8.90553 2
      vertex 7.64445 -8.86517 2
    endloop
  endfacet
  facet normal 0 0 1
    outer loop
      vertex 13.4229 -8.90553 2
      vertex 7.57712 -8.90553 2
      vertex 13.4939 -8.9391 2
    endloop
  endfacet
  facet normal 0 0 1
    outer loop
      vertex 7.50615 -8.9391 2
      vertex 13.4939 -8.9391 2
      vertex 7.57712 -8.90553 2
    endloop
  endfacet
  facet normal 0 0 1
    outer loop
      vertex 13.4939 -8.9391 2
      vertex 7.50615 -8.9391 2
      vertex 13.5678 -8.96555 2
    endloop
  endfacet
  facet normal 0 0 1
    outer loop
      vertex 7.43222 -8.96555 2
      vertex 13.5678 -8.96555 2
      vertex 7.50615 -8.9391 2
    endloop
  endfacet
  facet normal 0 0 1
    outer loop
      vertex 7.35606 -8.98462 2
      vertex 13.5678 -8.96555 2
      vertex 7.43222 -8.96555 2
    endloop
  endfacet
  facet normal 0 0 1
    outer loop
      vertex 13.6439 -8.98462 2
      vertex 7.35606 -8.98462 2
      vertex 7.27841 -8.99614 2
    endloop
  endfacet
  facet normal -0 0 1
    outer loop
      vertex 7.2 -9 2
      vertex 21.865 -11.2921 2
      vertex 7.27841 -8.99614 2
    endloop
  endfacet
  facet normal 0 0 1
    outer loop
      vertex 21.865 -11.2921 2
      vertex 7.2 -9 2
      vertex 22.1053 -11.378 2
    endloop
  endfacet
  facet normal -0 0 1
    outer loop
      vertex 6.8 -9 2
      vertex 22.1053 -11.378 2
      vertex 7.2 -9 2
    endloop
  endfacet
  facet normal 0 0 1
    outer loop
      vertex 6.72159 -8.99614 2
      vertex 22.1053 -11.378 2
      vertex 6.8 -9 2
    endloop
  endfacet
  facet normal -0 0 1
    outer loop
      vertex 0.278412 -8.99614 2
      vertex 22.1053 -11.378 2
      vertex 6.72159 -8.99614 2
    endloop
  endfacet
  facet normal -0 0 1
    outer loop
      vertex 0.199997 -9 2
      vertex 22.1053 -11.378 2
      vertex 0.278412 -8.99614 2
    endloop
  endfacet
  facet normal 0 0 1
    outer loop
      vertex 0.278412 -8.99614 2
      vertex 6.72159 -8.99614 2
      vertex 6.64394 -8.98462 2
    endloop
  endfacet
  facet normal 0 0 1
    outer loop
      vertex 1 -8.2 2
      vertex 6 -8.2 2
      vertex 1 8.2 2
    endloop
  endfacet
  facet normal 0 0 1
    outer loop
      vertex 6 -8.2 2
      vertex 1 -8.2 2
      vertex 6.00386 -8.27841 2
    endloop
  endfacet
  facet normal 0 0 1
    outer loop
      vertex 0.99614 -8.27841 2
      vertex 6.00386 -8.27841 2
      vertex 1 -8.2 2
    endloop
  endfacet
  facet normal 0 0 1
    outer loop
      vertex 6.00386 -8.27841 2
      vertex 0.99614 -8.27841 2
      vertex 6.01538 -8.35606 2
    endloop
  endfacet
  facet normal 0 0 1
    outer loop
      vertex 0.984619 -8.35606 2
      vertex 6.01538 -8.35606 2
      vertex 0.99614 -8.27841 2
    endloop
  endfacet
  facet normal 0 0 1
    outer loop
      vertex 6.01538 -8.35606 2
      vertex 0.984619 -8.35606 2
      vertex 6.03445 -8.43222 2
    endloop
  endfacet
  facet normal 0 0 1
    outer loop
      vertex 0.965546 -8.43222 2
      vertex 6.03445 -8.43222 2
      vertex 0.984619 -8.35606 2
    endloop
  endfacet
  facet normal 0 0 1
    outer loop
      vertex 6.03445 -8.43222 2
      vertex 0.965546 -8.43222 2
      vertex 6.0609 -8.50615 2
    endloop
  endfacet
  facet normal 0 0 1
    outer loop
      vertex 0.939102 -8.50615 2
      vertex 6.0609 -8.50615 2
      vertex 0.965546 -8.43222 2
    endloop
  endfacet
  facet normal 0 0 1
    outer loop
      vertex 6.0609 -8.50615 2
      vertex 0.939102 -8.50615 2
      vertex 6.09447 -8.57712 2
    endloop
  endfacet
  facet normal 0 0 1
    outer loop
      vertex 0.905533 -8.57712 2
      vertex 6.09447 -8.57712 2
      vertex 0.939102 -8.50615 2
    endloop
  endfacet
  facet normal 0 0 1
    outer loop
      vertex 6.09447 -8.57712 2
      vertex 0.905533 -8.57712 2
      vertex 6.13483 -8.64445 2
    endloop
  endfacet
  facet normal 0 0 1
    outer loop
      vertex 0.865173 -8.64445 2
      vertex 6.13483 -8.64445 2
      vertex 0.905533 -8.57712 2
    endloop
  endfacet
  facet normal 0 0 1
    outer loop
      vertex 6.13483 -8.64445 2
      vertex 0.865173 -8.64445 2
      vertex 6.18159 -8.7075 2
    endloop
  endfacet
  facet normal 0 0 1
    outer loop
      vertex 0.818405 -8.7075 2
      vertex 6.18159 -8.7075 2
      vertex 0.865173 -8.64445 2
    endloop
  endfacet
  facet normal 0 0 1
    outer loop
      vertex 6.18159 -8.7075 2
      vertex 0.818405 -8.7075 2
      vertex 6.23431 -8.76569 2
    endloop
  endfacet
  facet normal 0 0 1
    outer loop
      vertex 0.765686 -8.76569 2
      vertex 6.23431 -8.76569 2
      vertex 0.818405 -8.7075 2
    endloop
  endfacet
  facet normal 0 0 1
    outer loop
      vertex 6.23431 -8.76569 2
      vertex 0.765686 -8.76569 2
      vertex 6.2925 -8.81841 2
    endloop
  endfacet
  facet normal 0 0 1
    outer loop
      vertex 0.707504 -8.81841 2
      vertex 6.2925 -8.81841 2
      vertex 0.765686 -8.76569 2
    endloop
  endfacet
  facet normal 0 0 1
    outer loop
      vertex 6.2925 -8.81841 2
      vertex 0.707504 -8.81841 2
      vertex 6.35555 -8.86517 2
    endloop
  endfacet
  facet normal 0 0 1
    outer loop
      vertex 0.644455 -8.86517 2
      vertex 6.35555 -8.86517 2
      vertex 0.707504 -8.81841 2
    endloop
  endfacet
  facet normal 0 0 1
    outer loop
      vertex 6.35555 -8.86517 2
      vertex 0.644455 -8.86517 2
      vertex 6.42288 -8.90553 2
    endloop
  endfacet
  facet normal 0 0 1
    outer loop
      vertex 0.577118 -8.90553 2
      vertex 6.42288 -8.90553 2
      vertex 0.644455 -8.86517 2
    endloop
  endfacet
  facet normal 0 0 1
    outer loop
      vertex 6.42288 -8.90553 2
      vertex 0.577118 -8.90553 2
      vertex 6.49385 -8.9391 2
    endloop
  endfacet
  facet normal 0 0 1
    outer loop
      vertex 0.506149 -8.9391 2
      vertex 6.49385 -8.9391 2
      vertex 0.577118 -8.90553 2
    endloop
  endfacet
  facet normal 0 0 1
    outer loop
      vertex 6.49385 -8.9391 2
      vertex 0.506149 -8.9391 2
      vertex 6.56778 -8.96555 2
    endloop
  endfacet
  facet normal 0 0 1
    outer loop
      vertex 0.43222 -8.96555 2
      vertex 6.56778 -8.96555 2
      vertex 0.506149 -8.9391 2
    endloop
  endfacet
  facet normal 0 0 1
    outer loop
      vertex 6.56778 -8.96555 2
      vertex 0.43222 -8.96555 2
      vertex 6.64394 -8.98462 2
    endloop
  endfacet
  facet normal 0 0 1
    outer loop
      vertex 0.356064 -8.98462 2
      vertex 6.64394 -8.98462 2
      vertex 0.43222 -8.96555 2
    endloop
  endfacet
  facet normal 0 0 1
    outer loop
      vertex 0.278412 -8.99614 2
      vertex 6.64394 -8.98462 2
      vertex 0.356064 -8.98462 2
    endloop
  endfacet
  facet normal 0 0 1
    outer loop
      vertex 22.1053 -11.378 2
      vertex 0.199997 -9 2
      vertex 22.3528 -11.44 2
    endloop
  endfacet
  facet normal -0 0 1
    outer loop
      vertex -0.199997 -9 2
      vertex 22.3528 -11.44 2
      vertex 0.199997 -9 2
    endloop
  endfacet
  facet normal 0 0 1
    outer loop
      vertex -22.3528 -11.44 2
      vertex 22.3528 -11.44 2
      vertex -0.199997 -9 2
    endloop
  endfacet
  facet normal 0 0 1
    outer loop
      vertex -22.1053 -11.378 2
      vertex -0.199997 -9 2
      vertex -0.278412 -8.99614 2
    endloop
  endfacet
  facet normal 0 0 1
    outer loop
      vertex -6 -8.2 2
      vertex -1 -8.2 2
      vertex -6 8.2 2
    endloop
  endfacet
  facet normal 0 0 1
    outer loop
      vertex -1 -8.2 2
      vertex -6 -8.2 2
      vertex -0.99614 -8.27841 2
    endloop
  endfacet
  facet normal 0 0 1
    outer loop
      vertex -6.00386 -8.27841 2
      vertex -0.99614 -8.27841 2
      vertex -6 -8.2 2
    endloop
  endfacet
  facet normal 0 0 1
    outer loop
      vertex -0.99614 -8.27841 2
      vertex -6.00386 -8.27841 2
      vertex -0.984619 -8.35606 2
    endloop
  endfacet
  facet normal 0 0 1
    outer loop
      vertex -6.01538 -8.35606 2
      vertex -0.984619 -8.35606 2
      vertex -6.00386 -8.27841 2
    endloop
  endfacet
  facet normal 0 0 1
    outer loop
      vertex -0.984619 -8.35606 2
      vertex -6.01538 -8.35606 2
      vertex -0.965546 -8.43222 2
    endloop
  endfacet
  facet normal 0 0 1
    outer loop
      vertex -6.03445 -8.43222 2
      vertex -0.965546 -8.43222 2
      vertex -6.01538 -8.35606 2
    endloop
  endfacet
  facet normal 0 0 1
    outer loop
      vertex -0.965546 -8.43222 2
      vertex -6.03445 -8.43222 2
      vertex -0.939102 -8.50615 2
    endloop
  endfacet
  facet normal 0 0 1
    outer loop
      vertex -6.0609 -8.50615 2
      vertex -0.939102 -8.50615 2
      vertex -6.03445 -8.43222 2
    endloop
  endfacet
  facet normal 0 0 1
    outer loop
      vertex -0.939102 -8.50615 2
      vertex -6.0609 -8.50615 2
      vertex -0.905533 -8.57712 2
    endloop
  endfacet
  facet normal 0 0 1
    outer loop
      vertex -6.09447 -8.57712 2
      vertex -0.905533 -8.57712 2
      vertex -6.0609 -8.50615 2
    endloop
  endfacet
  facet normal 0 0 1
    outer loop
      vertex -0.905533 -8.57712 2
      vertex -6.09447 -8.57712 2
      vertex -0.865173 -8.64445 2
    endloop
  endfacet
  facet normal 0 0 1
    outer loop
      vertex -6.13483 -8.64445 2
      vertex -0.865173 -8.64445 2
      vertex -6.09447 -8.57712 2
    endloop
  endfacet
  facet normal 0 0 1
    outer loop
      vertex -0.865173 -8.64445 2
      vertex -6.13483 -8.64445 2
      vertex -0.818405 -8.7075 2
    endloop
  endfacet
  facet normal 0 0 1
    outer loop
      vertex -6.18159 -8.7075 2
      vertex -0.818405 -8.7075 2
      vertex -6.13483 -8.64445 2
    endloop
  endfacet
  facet normal 0 0 1
    outer loop
      vertex -0.818405 -8.7075 2
      vertex -6.18159 -8.7075 2
      vertex -0.765686 -8.76569 2
    endloop
  endfacet
  facet normal 0 0 1
    outer loop
      vertex -6.23431 -8.76569 2
      vertex -0.765686 -8.76569 2
      vertex -6.18159 -8.7075 2
    endloop
  endfacet
  facet normal 0 0 1
    outer loop
      vertex -0.765686 -8.76569 2
      vertex -6.23431 -8.76569 2
      vertex -0.707504 -8.81841 2
    endloop
  endfacet
  facet normal 0 0 1
    outer loop
      vertex -6.2925 -8.81841 2
      vertex -0.707504 -8.81841 2
      vertex -6.23431 -8.76569 2
    endloop
  endfacet
  facet normal 0 0 1
    outer loop
      vertex -0.707504 -8.81841 2
      vertex -6.2925 -8.81841 2
      vertex -0.644455 -8.86517 2
    endloop
  endfacet
  facet normal 0 0 1
    outer loop
      vertex -6.35555 -8.86517 2
      vertex -0.644455 -8.86517 2
      vertex -6.2925 -8.81841 2
    endloop
  endfacet
  facet normal 0 0 1
    outer loop
      vertex -0.644455 -8.86517 2
      vertex -6.35555 -8.86517 2
      vertex -0.577118 -8.90553 2
    endloop
  endfacet
  facet normal 0 0 1
    outer loop
      vertex -6.42288 -8.90553 2
      vertex -0.577118 -8.90553 2
      vertex -6.35555 -8.86517 2
    endloop
  endfacet
  facet normal 0 0 1
    outer loop
      vertex -0.577118 -8.90553 2
      vertex -6.42288 -8.90553 2
      vertex -0.506149 -8.9391 2
    endloop
  endfacet
  facet normal 0 0 1
    outer loop
      vertex -6.49385 -8.9391 2
      vertex -0.506149 -8.9391 2
      vertex -6.42288 -8.90553 2
    endloop
  endfacet
  facet normal 0 0 1
    outer loop
      vertex -0.506149 -8.9391 2
      vertex -6.49385 -8.9391 2
      vertex -0.43222 -8.96555 2
    endloop
  endfacet
  facet normal 0 0 1
    outer loop
      vertex -6.56778 -8.96555 2
      vertex -0.43222 -8.96555 2
      vertex -6.49385 -8.9391 2
    endloop
  endfacet
  facet normal 0 0 1
    outer loop
      vertex -0.43222 -8.96555 2
      vertex -6.56778 -8.96555 2
      vertex -0.356064 -8.98462 2
    endloop
  endfacet
  facet normal 0 0 1
    outer loop
      vertex -6.64394 -8.98462 2
      vertex -0.356064 -8.98462 2
      vertex -6.56778 -8.96555 2
    endloop
  endfacet
  facet normal 0 0 1
    outer loop
      vertex -0.356064 -8.98462 2
      vertex -6.64394 -8.98462 2
      vertex -0.278412 -8.99614 2
    endloop
  endfacet
  facet normal 0 0 1
    outer loop
      vertex -6.72159 -8.99614 2
      vertex -0.278412 -8.99614 2
      vertex -6.64394 -8.98462 2
    endloop
  endfacet
  facet normal 0 0 1
    outer loop
      vertex -22.1053 -11.378 2
      vertex -0.278412 -8.99614 2
      vertex -6.72159 -8.99614 2
    endloop
  endfacet
  facet normal 0 0 1
    outer loop
      vertex -22.1053 -11.378 2
      vertex -6.72159 -8.99614 2
      vertex -6.8 -9 2
    endloop
  endfacet
  facet normal 0 0 1
    outer loop
      vertex -22.1053 -11.378 2
      vertex -6.8 -9 2
      vertex -7.2 -9 2
    endloop
  endfacet
  facet normal 0 0 1
    outer loop
      vertex -21.865 -11.2921 2
      vertex -7.2 -9 2
      vertex -7.27841 -8.99614 2
    endloop
  endfacet
  facet normal 0 0 1
    outer loop
      vertex -13 -8.2 2
      vertex -8 -8.2 2
      vertex -13 8.2 2
    endloop
  endfacet
  facet normal 0 0 1
    outer loop
      vertex -8 -8.2 2
      vertex -13 -8.2 2
      vertex -7.99614 -8.27841 2
    endloop
  endfacet
  facet normal 0 0 1
    outer loop
      vertex -13.0039 -8.27841 2
      vertex -7.99614 -8.27841 2
      vertex -13 -8.2 2
    endloop
  endfacet
  facet normal 0 0 1
    outer loop
      vertex -7.99614 -8.27841 2
      vertex -13.0039 -8.27841 2
      vertex -7.98462 -8.35606 2
    endloop
  endfacet
  facet normal 0 0 1
    outer loop
      vertex -13.0154 -8.35606 2
      vertex -7.98462 -8.35606 2
      vertex -13.0039 -8.27841 2
    endloop
  endfacet
  facet normal 0 0 1
    outer loop
      vertex -7.98462 -8.35606 2
      vertex -13.0154 -8.35606 2
      vertex -7.96555 -8.43222 2
    endloop
  endfacet
  facet normal 0 0 1
    outer loop
      vertex -13.0345 -8.43222 2
      vertex -7.96555 -8.43222 2
      vertex -13.0154 -8.35606 2
    endloop
  endfacet
  facet normal 0 0 1
    outer loop
      vertex -7.96555 -8.43222 2
      vertex -13.0345 -8.43222 2
      vertex -7.9391 -8.50615 2
    endloop
  endfacet
  facet normal 0 0 1
    outer loop
      vertex -13.0609 -8.50615 2
      vertex -7.9391 -8.50615 2
      vertex -13.0345 -8.43222 2
    endloop
  endfacet
  facet normal 0 0 1
    outer loop
      vertex -7.9391 -8.50615 2
      vertex -13.0609 -8.50615 2
      vertex -7.90553 -8.57712 2
    endloop
  endfacet
  facet normal 0 0 1
    outer loop
      vertex -13.0945 -8.57712 2
      vertex -7.90553 -8.57712 2
      vertex -13.0609 -8.50615 2
    endloop
  endfacet
  facet normal 0 0 1
    outer loop
      vertex -7.90553 -8.57712 2
      vertex -13.0945 -8.57712 2
      vertex -7.86517 -8.64445 2
    endloop
  endfacet
  facet normal 0 0 1
    outer loop
      vertex -13.1348 -8.64445 2
      vertex -7.86517 -8.64445 2
      vertex -13.0945 -8.57712 2
    endloop
  endfacet
  facet normal 0 0 1
    outer loop
      vertex -7.86517 -8.64445 2
      vertex -13.1348 -8.64445 2
      vertex -7.81841 -8.7075 2
    endloop
  endfacet
  facet normal 0 0 1
    outer loop
      vertex -13.1816 -8.7075 2
      vertex -7.81841 -8.7075 2
      vertex -13.1348 -8.64445 2
    endloop
  endfacet
  facet normal 0 0 1
    outer loop
      vertex -7.81841 -8.7075 2
      vertex -13.1816 -8.7075 2
      vertex -7.76569 -8.76569 2
    endloop
  endfacet
  facet normal 0 0 1
    outer loop
      vertex -13.2343 -8.76569 2
      vertex -7.76569 -8.76569 2
      vertex -13.1816 -8.7075 2
    endloop
  endfacet
  facet normal 0 0 1
    outer loop
      vertex -7.76569 -8.76569 2
      vertex -13.2343 -8.76569 2
      vertex -7.7075 -8.81841 2
    endloop
  endfacet
  facet normal 0 0 1
    outer loop
      vertex -13.2925 -8.81841 2
      vertex -7.7075 -8.81841 2
      vertex -13.2343 -8.76569 2
    endloop
  endfacet
  facet normal 0 0 1
    outer loop
      vertex -7.7075 -8.81841 2
      vertex -13.2925 -8.81841 2
      vertex -7.64445 -8.86517 2
    endloop
  endfacet
  facet normal 0 0 1
    outer loop
      vertex -13.3555 -8.86517 2
      vertex -7.64445 -8.86517 2
      vertex -13.2925 -8.81841 2
    endloop
  endfacet
  facet normal 0 0 1
    outer loop
      vertex -7.64445 -8.86517 2
      vertex -13.3555 -8.86517 2
      vertex -7.57712 -8.90553 2
    endloop
  endfacet
  facet normal 0 0 1
    outer loop
      vertex -13.4229 -8.90553 2
      vertex -7.57712 -8.90553 2
      vertex -13.3555 -8.86517 2
    endloop
  endfacet
  facet normal 0 0 1
    outer loop
      vertex -7.57712 -8.90553 2
      vertex -13.4229 -8.90553 2
      vertex -7.50615 -8.9391 2
    endloop
  endfacet
  facet normal 0 0 1
    outer loop
      vertex -13.4939 -8.9391 2
      vertex -7.50615 -8.9391 2
      vertex -13.4229 -8.90553 2
    endloop
  endfacet
  facet normal 0 0 1
    outer loop
      vertex -7.50615 -8.9391 2
      vertex -13.4939 -8.9391 2
      vertex -7.43222 -8.96555 2
    endloop
  endfacet
  facet normal 0 0 1
    outer loop
      vertex -13.5678 -8.96555 2
      vertex -7.43222 -8.96555 2
      vertex -13.4939 -8.9391 2
    endloop
  endfacet
  facet normal 0 0 1
    outer loop
      vertex -7.43222 -8.96555 2
      vertex -13.5678 -8.96555 2
      vertex -7.35606 -8.98462 2
    endloop
  endfacet
  facet normal 0 0 1
    outer loop
      vertex -13.6439 -8.98462 2
      vertex -7.35606 -8.98462 2
      vertex -13.5678 -8.96555 2
    endloop
  endfacet
  facet normal 0 0 1
    outer loop
      vertex -7.35606 -8.98462 2
      vertex -13.6439 -8.98462 2
      vertex -7.27841 -8.99614 2
    endloop
  endfacet
  facet normal 0 0 1
    outer loop
      vertex -13.7216 -8.99614 2
      vertex -7.27841 -8.99614 2
      vertex -13.6439 -8.98462 2
    endloop
  endfacet
  facet normal 0 0 1
    outer loop
      vertex -7.27841 -8.99614 2
      vertex -13.7216 -8.99614 2
      vertex -21.865 -11.2921 2
    endloop
  endfacet
  facet normal 0 0 1
    outer loop
      vertex -21.6344 -11.183 2
      vertex -13.7216 -8.99614 2
      vertex -13.8 -9 2
    endloop
  endfacet
  facet normal 0 0 1
    outer loop
      vertex -21.6344 -11.183 2
      vertex -13.8 -9 2
      vertex -14.2 -9 2
    endloop
  endfacet
  facet normal 0 0 1
    outer loop
      vertex -21.4155 -11.0518 2
      vertex -14.2 -9 2
      vertex -14.2784 -8.99614 2
    endloop
  endfacet
  facet normal -0 0 1
    outer loop
      vertex -20.31 8.38277 2
      vertex -15 8.2 2
      vertex -20.2725 8.63516 2
    endloop
  endfacet
  facet normal 0 0 1
    outer loop
      vertex -15 -8.2 2
      vertex -20.26 -8.89 2
      vertex -14.9961 -8.27841 2
    endloop
  endfacet
  facet normal 0 0 1
    outer loop
      vertex -14.9961 -8.27841 2
      vertex -20.26 -8.89 2
      vertex -14.9846 -8.35606 2
    endloop
  endfacet
  facet normal 0 0 1
    outer loop
      vertex -14.9846 -8.35606 2
      vertex -20.26 -8.89 2
      vertex -14.9655 -8.43222 2
    endloop
  endfacet
  facet normal 0 0 1
    outer loop
      vertex -20.2725 -9.14484 2
      vertex -14.9655 -8.43222 2
      vertex -20.26 -8.89 2
    endloop
  endfacet
  facet normal 0 0 1
    outer loop
      vertex -14.9655 -8.43222 2
      vertex -20.2725 -9.14484 2
      vertex -14.9391 -8.50615 2
    endloop
  endfacet
  facet normal 0 0 1
    outer loop
      vertex -20.31 -9.39723 2
      vertex -14.9391 -8.50615 2
      vertex -20.2725 -9.14484 2
    endloop
  endfacet
  facet normal 0 0 1
    outer loop
      vertex -14.9391 -8.50615 2
      vertex -20.31 -9.39723 2
      vertex -14.9055 -8.57712 2
    endloop
  endfacet
  facet normal 0 0 1
    outer loop
      vertex -14.9055 -8.57712 2
      vertex -20.31 -9.39723 2
      vertex -14.8652 -8.64445 2
    endloop
  endfacet
  facet normal 0 0 1
    outer loop
      vertex -20.372 -9.64474 2
      vertex -14.8652 -8.64445 2
      vertex -20.31 -9.39723 2
    endloop
  endfacet
  facet normal 0 0 1
    outer loop
      vertex -14.8652 -8.64445 2
      vertex -20.372 -9.64474 2
      vertex -14.8184 -8.7075 2
    endloop
  endfacet
  facet normal 0 0 1
    outer loop
      vertex -20.4579 -9.88498 2
      vertex -14.8184 -8.7075 2
      vertex -20.372 -9.64474 2
    endloop
  endfacet
  facet normal 0 0 1
    outer loop
      vertex -14.8184 -8.7075 2
      vertex -20.4579 -9.88498 2
      vertex -14.7657 -8.76569 2
    endloop
  endfacet
  facet normal 0 0 1
    outer loop
      vertex -14.7657 -8.76569 2
      vertex -20.4579 -9.88498 2
      vertex -14.7075 -8.81841 2
    endloop
  endfacet
  facet normal 0 0 1
    outer loop
      vertex -20.567 -10.1156 2
      vertex -14.7075 -8.81841 2
      vertex -20.4579 -9.88498 2
    endloop
  endfacet
  facet normal 0 0 1
    outer loop
      vertex -14.7075 -8.81841 2
      vertex -20.567 -10.1156 2
      vertex -14.6445 -8.86517 2
    endloop
  endfacet
  facet normal 0 0 1
    outer loop
      vertex -20.6982 -10.3345 2
      vertex -14.6445 -8.86517 2
      vertex -20.567 -10.1156 2
    endloop
  endfacet
  facet normal 0 0 1
    outer loop
      vertex -14.6445 -8.86517 2
      vertex -20.6982 -10.3345 2
      vertex -14.5771 -8.90553 2
    endloop
  endfacet
  facet normal 0 0 1
    outer loop
      vertex -20.8502 -10.5394 2
      vertex -14.5771 -8.90553 2
      vertex -20.6982 -10.3345 2
    endloop
  endfacet
  facet normal 0 0 1
    outer loop
      vertex -14.5771 -8.90553 2
      vertex -20.8502 -10.5394 2
      vertex -14.5061 -8.9391 2
    endloop
  endfacet
  facet normal 0 0 1
    outer loop
      vertex -14.5061 -8.9391 2
      vertex -20.8502 -10.5394 2
      vertex -14.4322 -8.96555 2
    endloop
  endfacet
  facet normal 0 0 1
    outer loop
      vertex -21.0215 -10.7285 2
      vertex -14.4322 -8.96555 2
      vertex -20.8502 -10.5394 2
    endloop
  endfacet
  facet normal 0 0 1
    outer loop
      vertex -14.4322 -8.96555 2
      vertex -21.0215 -10.7285 2
      vertex -14.3561 -8.98462 2
    endloop
  endfacet
  facet normal 0 0 1
    outer loop
      vertex -21.2106 -10.8998 2
      vertex -14.3561 -8.98462 2
      vertex -21.0215 -10.7285 2
    endloop
  endfacet
  facet normal 0 0 1
    outer loop
      vertex -14.3561 -8.98462 2
      vertex -21.2106 -10.8998 2
      vertex -14.2784 -8.99614 2
    endloop
  endfacet
  facet normal 0 0 1
    outer loop
      vertex -21.4155 -11.0518 2
      vertex -14.2784 -8.99614 2
      vertex -21.2106 -10.8998 2
    endloop
  endfacet
  facet normal 0 0 1
    outer loop
      vertex -14.2 -9 2
      vertex -21.4155 -11.0518 2
      vertex -21.6344 -11.183 2
    endloop
  endfacet
  facet normal 0 0 1
    outer loop
      vertex -13.7216 -8.99614 2
      vertex -21.6344 -11.183 2
      vertex -21.865 -11.2921 2
    endloop
  endfacet
  facet normal 0 0 1
    outer loop
      vertex -7.2 -9 2
      vertex -21.865 -11.2921 2
      vertex -22.1053 -11.378 2
    endloop
  endfacet
  facet normal 0 0 1
    outer loop
      vertex -0.199997 -9 2
      vertex -22.1053 -11.378 2
      vertex -22.3528 -11.44 2
    endloop
  endfacet
  facet normal 0 0 1
    outer loop
      vertex 22.3528 -11.44 2
      vertex -22.3528 -11.44 2
      vertex 25.1 -12 2
    endloop
  endfacet
  facet normal 0 0 1
    outer loop
      vertex -25.1 -12 2
      vertex -22.3528 -11.44 2
      vertex -22.6052 -11.4775 2
    endloop
  endfacet
  facet normal 0 0 1
    outer loop
      vertex -25.1 -12 2
      vertex -22.6052 -11.4775 2
      vertex -22.86 -11.49 2
    endloop
  endfacet
  facet normal 0 0 1
    outer loop
      vertex -22.3528 -11.44 2
      vertex -25.1 -12 2
      vertex 25.1 -12 2
    endloop
  endfacet
  facet normal 0 0 1
    outer loop
      vertex -23.1148 -11.4775 2
      vertex -25.1 -12 2
      vertex -22.86 -11.49 2
    endloop
  endfacet
  facet normal 0 0 1
    outer loop
      vertex -23.3672 -11.44 2
      vertex -25.1 -12 2
      vertex -23.1148 -11.4775 2
    endloop
  endfacet
  facet normal 0 0 1
    outer loop
      vertex -23.6147 -11.378 2
      vertex -25.1 -12 2
      vertex -23.3672 -11.44 2
    endloop
  endfacet
  facet normal 0 0 1
    outer loop
      vertex -23.855 -11.2921 2
      vertex -25.1 -12 2
      vertex -23.6147 -11.378 2
    endloop
  endfacet
  facet normal 0 0 1
    outer loop
      vertex -24.0856 -11.183 2
      vertex -25.1 -12 2
      vertex -23.855 -11.2921 2
    endloop
  endfacet
  facet normal 0 0 1
    outer loop
      vertex -24.3045 -11.0518 2
      vertex -25.1 -12 2
      vertex -24.0856 -11.183 2
    endloop
  endfacet
  facet normal 0 0 1
    outer loop
      vertex -24.5094 -10.8998 2
      vertex -25.1 -12 2
      vertex -24.3045 -11.0518 2
    endloop
  endfacet
  facet normal 0 0 1
    outer loop
      vertex -24.6985 -10.7285 2
      vertex -25.1 -12 2
      vertex -24.5094 -10.8998 2
    endloop
  endfacet
  facet normal 0 0 1
    outer loop
      vertex -25.9819 -11.4714 2
      vertex -24.6985 -10.7285 2
      vertex -24.8698 -10.5394 2
    endloop
  endfacet
  facet normal 0 0 1
    outer loop
      vertex -26.1 -11 2
      vertex -24.8698 -10.5394 2
      vertex -25.0218 -10.3345 2
    endloop
  endfacet
  facet normal 0 0 1
    outer loop
      vertex -26.1 -11 2
      vertex -25.0218 -10.3345 2
      vertex -25.153 -10.1156 2
    endloop
  endfacet
  facet normal 0 0 1
    outer loop
      vertex -24.6985 -10.7285 2
      vertex -25.198 -11.9952 2
      vertex -25.1 -12 2
    endloop
  endfacet
  facet normal 0 0 1
    outer loop
      vertex -26.1 -11 2
      vertex -25.153 -10.1156 2
      vertex -25.2621 -9.88498 2
    endloop
  endfacet
  facet normal 0 0 1
    outer loop
      vertex -24.8698 -10.5394 2
      vertex -26.1 -11 2
      vertex -26.0952 -11.098 2
    endloop
  endfacet
  facet normal 0 0 1
    outer loop
      vertex -26.1 -11 2
      vertex -25.2621 -9.88498 2
      vertex -25.348 -9.64474 2
    endloop
  endfacet
  facet normal 0 0 1
    outer loop
      vertex -24.6985 -10.7285 2
      vertex -25.2951 -11.9808 2
      vertex -25.198 -11.9952 2
    endloop
  endfacet
  facet normal 0 0 1
    outer loop
      vertex -26.1 -11 2
      vertex -25.348 -9.64474 2
      vertex -25.41 -9.39723 2
    endloop
  endfacet
  facet normal 0 0 1
    outer loop
      vertex -26.1 -11 2
      vertex -25.41 -9.39723 2
      vertex -25.4475 -9.14484 2
    endloop
  endfacet
  facet normal 0 0 1
    outer loop
      vertex -26.1 -11 2
      vertex -25.4475 -9.14484 2
      vertex -25.46 -8.89 2
    endloop
  endfacet
  facet normal 0 0 1
    outer loop
      vertex -24.6985 -10.7285 2
      vertex -25.3903 -11.9569 2
      vertex -25.2951 -11.9808 2
    endloop
  endfacet
  facet normal 0 0 1
    outer loop
      vertex -25.41 -8.38277 2
      vertex -26.1 -11 2
      vertex -25.4475 -8.63516 2
    endloop
  endfacet
  facet normal -0 0 1
    outer loop
      vertex -25.873 11.6344 2
      vertex -24.6985 10.7285 2
      vertex -25.8071 11.7071 2
    endloop
  endfacet
  facet normal 0 0 1
    outer loop
      vertex -25.4475 -8.63516 2
      vertex -26.1 -11 2
      vertex -25.46 -8.89 2
    endloop
  endfacet
  facet normal -0 0 1
    outer loop
      vertex -25.9315 11.5556 2
      vertex -24.6985 10.7285 2
      vertex -25.873 11.6344 2
    endloop
  endfacet
  facet normal 0 0 1
    outer loop
      vertex -24.6985 -10.7285 2
      vertex -25.4827 -11.9239 2
      vertex -25.3903 -11.9569 2
    endloop
  endfacet
  facet normal -0 0 1
    outer loop
      vertex -25.9819 11.4714 2
      vertex -24.6985 10.7285 2
      vertex -25.9315 11.5556 2
    endloop
  endfacet
  facet normal 0 0 1
    outer loop
      vertex -24.6985 -10.7285 2
      vertex -25.5714 -11.8819 2
      vertex -25.4827 -11.9239 2
    endloop
  endfacet
  facet normal 0 0 1
    outer loop
      vertex -24.6985 10.7285 2
      vertex -25.9819 11.4714 2
      vertex -24.8698 10.5394 2
    endloop
  endfacet
  facet normal 0 0 1
    outer loop
      vertex -24.6985 -10.7285 2
      vertex -25.6556 -11.8315 2
      vertex -25.5714 -11.8819 2
    endloop
  endfacet
  facet normal -0 0 1
    outer loop
      vertex -26.0239 11.3827 2
      vertex -24.8698 10.5394 2
      vertex -25.9819 11.4714 2
    endloop
  endfacet
  facet normal 0 0 1
    outer loop
      vertex -24.6985 -10.7285 2
      vertex -25.7344 -11.773 2
      vertex -25.6556 -11.8315 2
    endloop
  endfacet
  facet normal -0 0 1
    outer loop
      vertex -26.0569 11.2903 2
      vertex -24.8698 10.5394 2
      vertex -26.0239 11.3827 2
    endloop
  endfacet
  facet normal 0 0 1
    outer loop
      vertex -24.6985 -10.7285 2
      vertex -25.8071 -11.7071 2
      vertex -25.7344 -11.773 2
    endloop
  endfacet
  facet normal -0 0 1
    outer loop
      vertex -26.0808 11.1951 2
      vertex -24.8698 10.5394 2
      vertex -26.0569 11.2903 2
    endloop
  endfacet
  facet normal 0 0 1
    outer loop
      vertex -24.6985 -10.7285 2
      vertex -25.873 -11.6344 2
      vertex -25.8071 -11.7071 2
    endloop
  endfacet
  facet normal -0 0 1
    outer loop
      vertex -26.0952 11.098 2
      vertex -24.8698 10.5394 2
      vertex -26.0808 11.1951 2
    endloop
  endfacet
  facet normal 0 0 1
    outer loop
      vertex -24.6985 -10.7285 2
      vertex -25.9315 -11.5556 2
      vertex -25.873 -11.6344 2
    endloop
  endfacet
  facet normal -0 0 1
    outer loop
      vertex -26.1 11 2
      vertex -24.8698 10.5394 2
      vertex -26.0952 11.098 2
    endloop
  endfacet
  facet normal 0 0 1
    outer loop
      vertex -24.6985 -10.7285 2
      vertex -25.9819 -11.4714 2
      vertex -25.9315 -11.5556 2
    endloop
  endfacet
  facet normal 0 0 1
    outer loop
      vertex -24.8698 10.5394 2
      vertex -26.1 11 2
      vertex -25.0218 10.3345 2
    endloop
  endfacet
  facet normal 0 0 1
    outer loop
      vertex -24.8698 -10.5394 2
      vertex -26.0239 -11.3827 2
      vertex -25.9819 -11.4714 2
    endloop
  endfacet
  facet normal 0 0 1
    outer loop
      vertex -25.0218 10.3345 2
      vertex -26.1 11 2
      vertex -25.153 10.1156 2
    endloop
  endfacet
  facet normal 0 0 1
    outer loop
      vertex -24.8698 -10.5394 2
      vertex -26.0569 -11.2903 2
      vertex -26.0239 -11.3827 2
    endloop
  endfacet
  facet normal 0 0 1
    outer loop
      vertex -24.8698 -10.5394 2
      vertex -26.0808 -11.1951 2
      vertex -26.0569 -11.2903 2
    endloop
  endfacet
  facet normal 0 0 1
    outer loop
      vertex -24.8698 -10.5394 2
      vertex -26.0952 -11.098 2
      vertex -26.0808 -11.1951 2
    endloop
  endfacet
  facet normal 0.941742 0.336336 0
    outer loop
      vertex -26.0239 -11.3827 7.8
      vertex -26.0569 -11.2903 2
      vertex -26.0569 -11.2903 7.8
    endloop
  endfacet
  facet normal 0.941742 0.336336 0
    outer loop
      vertex -26.0569 -11.2903 2
      vertex -26.0239 -11.3827 7.8
      vertex -26.0239 -11.3827 2
    endloop
  endfacet
  facet normal -0.998803 0.0489209 0
    outer loop
      vertex 26.0952 -11.098 2
      vertex 26.1 -11 7.8
      vertex 26.1 -11 2
    endloop
  endfacet
  facet normal -0.998803 0.0489209 0
    outer loop
      vertex 26.1 -11 7.8
      vertex 26.0952 -11.098 2
      vertex 26.0952 -11.098 7.8
    endloop
  endfacet
  facet normal -0.989182 0.146696 0
    outer loop
      vertex 26.0808 -11.1951 2
      vertex 26.0952 -11.098 7.8
      vertex 26.0952 -11.098 2
    endloop
  endfacet
  facet normal -0.989182 0.146696 0
    outer loop
      vertex 26.0952 -11.098 7.8
      vertex 26.0808 -11.1951 2
      vertex 26.0808 -11.1951 7.8
    endloop
  endfacet
  facet normal -0.941742 0.336336 0
    outer loop
      vertex 26.0239 -11.3827 2
      vertex 26.0569 -11.2903 7.8
      vertex 26.0569 -11.2903 2
    endloop
  endfacet
  facet normal -0.941742 0.336336 0
    outer loop
      vertex 26.0569 -11.2903 7.8
      vertex 26.0239 -11.3827 2
      vertex 26.0239 -11.3827 7.8
    endloop
  endfacet
  facet normal -0.9038 0.427955 0
    outer loop
      vertex 25.9819 -11.4714 2
      vertex 26.0239 -11.3827 7.8
      vertex 26.0239 -11.3827 2
    endloop
  endfacet
  facet normal -0.9038 0.427955 0
    outer loop
      vertex 26.0239 -11.3827 7.8
      vertex 25.9819 -11.4714 2
      vertex 25.9819 -11.4714 7.8
    endloop
  endfacet
  facet normal -0.858032 0.513596 0
    outer loop
      vertex 25.9315 -11.5556 2
      vertex 25.9819 -11.4714 7.8
      vertex 25.9819 -11.4714 2
    endloop
  endfacet
  facet normal -0.858032 0.513596 0
    outer loop
      vertex 25.9819 -11.4714 7.8
      vertex 25.9315 -11.5556 2
      vertex 25.9315 -11.5556 7.8
    endloop
  endfacet
  facet normal -0.427955 0.9038 0
    outer loop
      vertex 25.5714 -11.8819 2
      vertex 25.4827 -11.9239 7.8
      vertex 25.5714 -11.8819 7.8
    endloop
  endfacet
  facet normal -0.427955 0.9038 0
    outer loop
      vertex 25.4827 -11.9239 7.8
      vertex 25.5714 -11.8819 2
      vertex 25.4827 -11.9239 2
    endloop
  endfacet
  facet normal -1 0 0
    outer loop
      vertex -26.1 -5.5 5.1
      vertex -26.1 5.5 7.8
      vertex -26.1 5.5 5.1
    endloop
  endfacet
  facet normal -1 -0 0
    outer loop
      vertex -26.1 5.5 7.8
      vertex -26.1 -5.5 5.1
      vertex -26.1 -5.5 7.8
    endloop
  endfacet
  facet normal -0 0 1
    outer loop
      vertex -28.1 5.5 5.1
      vertex -26.1 -5.5 5.1
      vertex -26.1 5.5 5.1
    endloop
  endfacet
  facet normal 0 0 1
    outer loop
      vertex -26.1 -5.5 5.1
      vertex -28.1 5.5 5.1
      vertex -28.1 -5.5 5.1
    endloop
  endfacet
  facet normal 0 -1 0
    outer loop
      vertex -28.1 5.5 6.6
      vertex -28.1 5.5 5.1
      vertex -27.1 5.5 6.6
    endloop
  endfacet
  facet normal 0 -1 0
    outer loop
      vertex -27.1 5.5 6.6
      vertex -26.1 5.5 7.8
      vertex -27.1 5.5 7.8
    endloop
  endfacet
  facet normal 0 -1 0
    outer loop
      vertex -26.1 5.5 5.1
      vertex -27.1 5.5 6.6
      vertex -28.1 5.5 5.1
    endloop
  endfacet
  facet normal 0 -1 0
    outer loop
      vertex -27.1 5.5 6.6
      vertex -26.1 5.5 5.1
      vertex -26.1 5.5 7.8
    endloop
  endfacet
  facet normal 0 1 0
    outer loop
      vertex -26.1 -5.5 7.8
      vertex -27.1 -5.5 6.6
      vertex -27.1 -5.5 7.8
    endloop
  endfacet
  facet normal 0 1 -0
    outer loop
      vertex -26.1 -5.5 5.1
      vertex -27.1 -5.5 6.6
      vertex -26.1 -5.5 7.8
    endloop
  endfacet
  facet normal 0 1 0
    outer loop
      vertex -28.1 -5.5 5.1
      vertex -27.1 -5.5 6.6
      vertex -26.1 -5.5 5.1
    endloop
  endfacet
  facet normal 0 1 0
    outer loop
      vertex -27.1 -5.5 6.6
      vertex -28.1 -5.5 5.1
      vertex -28.1 -5.5 6.6
    endloop
  endfacet
  facet normal -1 0 0
    outer loop
      vertex -13.11 14 5.6
      vertex -13.11 13 6.6
      vertex -13.11 14 6.6
    endloop
  endfacet
  facet normal -1 0 0
    outer loop
      vertex -13.11 12 5.6
      vertex -13.11 13 6.6
      vertex -13.11 14 5.6
    endloop
  endfacet
  facet normal -1 0 0
    outer loop
      vertex -13.11 12 7.8
      vertex -13.11 13 6.6
      vertex -13.11 12 5.6
    endloop
  endfacet
  facet normal -1 0 0
    outer loop
      vertex -13.11 13 6.6
      vertex -13.11 12 7.8
      vertex -13.11 13 7.8
    endloop
  endfacet
  facet normal -0 0 1
    outer loop
      vertex -22.61 14 5.6
      vertex -13.11 12 5.6
      vertex -13.11 14 5.6
    endloop
  endfacet
  facet normal 0 0 1
    outer loop
      vertex -13.11 12 5.6
      vertex -22.61 14 5.6
      vertex -22.61 12 5.6
    endloop
  endfacet
  facet normal 1 0 0
    outer loop
      vertex -22.61 13 7.8
      vertex -22.61 12 7.8
      vertex -22.61 13 6.6
    endloop
  endfacet
  facet normal 1 -0 0
    outer loop
      vertex -22.61 13 6.6
      vertex -22.61 14 5.6
      vertex -22.61 14 6.6
    endloop
  endfacet
  facet normal 1 0 0
    outer loop
      vertex -22.61 13 6.6
      vertex -22.61 12 5.6
      vertex -22.61 14 5.6
    endloop
  endfacet
  facet normal 1 0 0
    outer loop
      vertex -22.61 12 5.6
      vertex -22.61 13 6.6
      vertex -22.61 12 7.8
    endloop
  endfacet
  facet normal -0.595765 0.803159 0
    outer loop
      vertex -24.3045 -6.72818 2
      vertex -24.5094 -6.88017 5
      vertex -24.3045 -6.72818 5
    endloop
  endfacet
  facet normal -0.595765 0.803159 0
    outer loop
      vertex -24.5094 -6.88017 5
      vertex -24.3045 -6.72818 2
      vertex -24.5094 -6.88017 2
    endloop
  endfacet
  facet normal -0.0489992 -0.998799 0
    outer loop
      vertex -23.1148 -11.4775 2
      vertex -22.86 -11.49 5
      vertex -23.1148 -11.4775 5
    endloop
  endfacet
  facet normal -0.0489992 -0.998799 -0
    outer loop
      vertex -22.86 -11.49 5
      vertex -23.1148 -11.4775 2
      vertex -22.86 -11.49 2
    endloop
  endfacet
  facet normal -0.903973 0.427589 0
    outer loop
      vertex -25.2621 -7.89502 2
      vertex -25.153 -7.66437 5
      vertex -25.153 -7.66437 2
    endloop
  endfacet
  facet normal -0.903973 0.427589 0
    outer loop
      vertex -25.153 -7.66437 5
      vertex -25.2621 -7.89502 2
      vertex -25.2621 -7.89502 5
    endloop
  endfacet
  facet normal -0.970029 0.242987 0
    outer loop
      vertex -25.41 -8.38277 2
      vertex -25.348 -8.13526 5
      vertex -25.348 -8.13526 2
    endloop
  endfacet
  facet normal -0.970029 0.242987 0
    outer loop
      vertex -25.348 -8.13526 5
      vertex -25.41 -8.38277 2
      vertex -25.41 -8.38277 5
    endloop
  endfacet
  facet normal 0.970029 -0.242987 0
    outer loop
      vertex -20.372 -9.64474 5
      vertex -20.31 -9.39723 2
      vertex -20.31 -9.39723 5
    endloop
  endfacet
  facet normal 0.970029 -0.242987 0
    outer loop
      vertex -20.31 -9.39723 2
      vertex -20.372 -9.64474 5
      vertex -20.372 -9.64474 2
    endloop
  endfacet
  facet normal -0.514006 0.857787 0
    outer loop
      vertex -24.0856 -6.59701 2
      vertex -24.3045 -6.72818 5
      vertex -24.0856 -6.59701 5
    endloop
  endfacet
  facet normal -0.514006 0.857787 0
    outer loop
      vertex -24.3045 -6.72818 5
      vertex -24.0856 -6.59701 2
      vertex -24.3045 -6.72818 2
    endloop
  endfacet
  facet normal 0.857735 -0.514092 0
    outer loop
      vertex -20.6982 -10.3345 5
      vertex -20.567 -10.1156 2
      vertex -20.567 -10.1156 5
    endloop
  endfacet
  facet normal 0.857735 -0.514092 0
    outer loop
      vertex -20.567 -10.1156 2
      vertex -20.6982 -10.3345 5
      vertex -20.6982 -10.3345 2
    endloop
  endfacet
  facet normal -0.14673 0.989177 0
    outer loop
      vertex -23.1148 -6.30252 2
      vertex -23.3672 -6.33996 5
      vertex -23.1148 -6.30252 5
    endloop
  endfacet
  facet normal -0.14673 0.989177 0
    outer loop
      vertex -23.3672 -6.33996 5
      vertex -23.1148 -6.30252 2
      vertex -23.3672 -6.33996 2
    endloop
  endfacet
  facet normal 0.803196 0.595715 0
    outer loop
      vertex -20.6982 -7.44552 5
      vertex -20.8502 -7.24058 2
      vertex -20.8502 -7.24058 5
    endloop
  endfacet
  facet normal 0.803196 0.595715 0
    outer loop
      vertex -20.8502 -7.24058 2
      vertex -20.6982 -7.44552 5
      vertex -20.6982 -7.44552 2
    endloop
  endfacet
  facet normal -0.336609 -0.941644 0
    outer loop
      vertex -23.855 -11.2921 2
      vertex -23.6147 -11.378 5
      vertex -23.855 -11.2921 5
    endloop
  endfacet
  facet normal -0.336609 -0.941644 -0
    outer loop
      vertex -23.6147 -11.378 5
      vertex -23.855 -11.2921 2
      vertex -23.6147 -11.378 2
    endloop
  endfacet
  facet normal -0.998799 -0.0489915 0
    outer loop
      vertex -25.4475 -9.14484 2
      vertex -25.46 -8.89 5
      vertex -25.46 -8.89 2
    endloop
  endfacet
  facet normal -0.998799 -0.0489915 0
    outer loop
      vertex -25.46 -8.89 5
      vertex -25.4475 -9.14484 2
      vertex -25.4475 -9.14484 5
    endloop
  endfacet
  facet normal 0.427665 0.903937 -0
    outer loop
      vertex -21.6344 -6.59701 2
      vertex -21.865 -6.48791 5
      vertex -21.6344 -6.59701 5
    endloop
  endfacet
  facet normal 0.427665 0.903937 0
    outer loop
      vertex -21.865 -6.48791 5
      vertex -21.6344 -6.59701 2
      vertex -21.865 -6.48791 2
    endloop
  endfacet
  facet normal -0.336783 0.941582 0
    outer loop
      vertex -23.6147 -6.40196 2
      vertex -23.855 -6.48791 5
      vertex -23.6147 -6.40196 5
    endloop
  endfacet
  facet normal -0.336783 0.941582 0
    outer loop
      vertex -23.855 -6.48791 5
      vertex -23.6147 -6.40196 2
      vertex -23.855 -6.48791 2
    endloop
  endfacet
  facet normal 0.989142 0.146966 0
    outer loop
      vertex -20.2725 -8.63516 5
      vertex -20.31 -8.38277 2
      vertex -20.31 -8.38277 5
    endloop
  endfacet
  facet normal 0.989142 0.146966 0
    outer loop
      vertex -20.31 -8.38277 2
      vertex -20.2725 -8.63516 5
      vertex -20.2725 -8.63516 2
    endloop
  endfacet
  facet normal -0.671365 -0.741127 0
    outer loop
      vertex -24.6985 -10.7285 2
      vertex -24.5094 -10.8998 5
      vertex -24.6985 -10.7285 5
    endloop
  endfacet
  facet normal -0.671365 -0.741127 -0
    outer loop
      vertex -24.5094 -10.8998 5
      vertex -24.6985 -10.7285 2
      vertex -24.5094 -10.8998 2
    endloop
  endfacet
  facet normal -0.970029 -0.242987 0
    outer loop
      vertex -25.348 -9.64474 2
      vertex -25.41 -9.39723 5
      vertex -25.41 -9.39723 2
    endloop
  endfacet
  facet normal -0.970029 -0.242987 0
    outer loop
      vertex -25.41 -9.39723 5
      vertex -25.348 -9.64474 2
      vertex -25.348 -9.64474 5
    endloop
  endfacet
  facet normal 0.941618 0.336684 0
    outer loop
      vertex -20.372 -8.13526 5
      vertex -20.4579 -7.89502 2
      vertex -20.4579 -7.89502 5
    endloop
  endfacet
  facet normal 0.941618 0.336684 0
    outer loop
      vertex -20.4579 -7.89502 2
      vertex -20.372 -8.13526 5
      vertex -20.372 -8.13526 2
    endloop
  endfacet
  facet normal 0.903952 -0.427635 0
    outer loop
      vertex -20.567 -10.1156 5
      vertex -20.4579 -9.88498 2
      vertex -20.4579 -9.88498 5
    endloop
  endfacet
  facet normal 0.903952 -0.427635 0
    outer loop
      vertex -20.4579 -9.88498 2
      vertex -20.567 -10.1156 5
      vertex -20.567 -10.1156 2
    endloop
  endfacet
  facet normal 0.14673 0.989177 -0
    outer loop
      vertex -22.3528 -6.33996 2
      vertex -22.6052 -6.30252 5
      vertex -22.3528 -6.33996 5
    endloop
  endfacet
  facet normal 0.14673 0.989177 0
    outer loop
      vertex -22.6052 -6.30252 5
      vertex -22.3528 -6.33996 2
      vertex -22.6052 -6.30252 2
    endloop
  endfacet
  facet normal -0.59579 -0.80314 0
    outer loop
      vertex -24.5094 -10.8998 2
      vertex -24.3045 -11.0518 5
      vertex -24.5094 -10.8998 5
    endloop
  endfacet
  facet normal -0.59579 -0.80314 -0
    outer loop
      vertex -24.3045 -11.0518 5
      vertex -24.5094 -10.8998 2
      vertex -24.3045 -11.0518 2
    endloop
  endfacet
  facet normal 0.970029 0.242987 0
    outer loop
      vertex -20.31 -8.38277 5
      vertex -20.372 -8.13526 2
      vertex -20.372 -8.13526 5
    endloop
  endfacet
  facet normal 0.970029 0.242987 0
    outer loop
      vertex -20.372 -8.13526 2
      vertex -20.31 -8.38277 5
      vertex -20.31 -8.38277 2
    endloop
  endfacet
  facet normal 0.998799 0.0489915 0
    outer loop
      vertex -20.26 -8.89 5
      vertex -20.2725 -8.63516 2
      vertex -20.2725 -8.63516 5
    endloop
  endfacet
  facet normal 0.998799 0.0489915 0
    outer loop
      vertex -20.2725 -8.63516 2
      vertex -20.26 -8.89 5
      vertex -20.26 -8.89 2
    endloop
  endfacet
  facet normal -0.998799 0.0489915 0
    outer loop
      vertex -25.46 -8.89 2
      vertex -25.4475 -8.63516 5
      vertex -25.4475 -8.63516 2
    endloop
  endfacet
  facet normal -0.998799 0.0489915 0
    outer loop
      vertex -25.4475 -8.63516 5
      vertex -25.46 -8.89 2
      vertex -25.46 -8.89 5
    endloop
  endfacet
  facet normal 0.989142 -0.146966 0
    outer loop
      vertex -20.31 -9.39723 5
      vertex -20.2725 -9.14484 2
      vertex -20.2725 -9.14484 5
    endloop
  endfacet
  facet normal 0.989142 -0.146966 0
    outer loop
      vertex -20.2725 -9.14484 2
      vertex -20.31 -9.39723 5
      vertex -20.31 -9.39723 2
    endloop
  endfacet
  facet normal -0.514092 -0.857735 0
    outer loop
      vertex -24.3045 -11.0518 2
      vertex -24.0856 -11.183 5
      vertex -24.3045 -11.0518 5
    endloop
  endfacet
  facet normal -0.514092 -0.857735 -0
    outer loop
      vertex -24.0856 -11.183 5
      vertex -24.3045 -11.0518 2
      vertex -24.0856 -11.183 2
    endloop
  endfacet
  facet normal 0.242997 0.970027 -0
    outer loop
      vertex -22.1053 -6.40196 2
      vertex -22.3528 -6.33996 5
      vertex -22.1053 -6.40196 5
    endloop
  endfacet
  facet normal 0.242997 0.970027 0
    outer loop
      vertex -22.3528 -6.33996 5
      vertex -22.1053 -6.40196 2
      vertex -22.3528 -6.33996 2
    endloop
  endfacet
  facet normal 0.741056 0.671443 0
    outer loop
      vertex -20.8502 -7.24058 5
      vertex -21.0215 -7.05152 2
      vertex -21.0215 -7.05152 5
    endloop
  endfacet
  facet normal 0.741056 0.671443 0
    outer loop
      vertex -21.0215 -7.05152 2
      vertex -20.8502 -7.24058 5
      vertex -20.8502 -7.24058 2
    endloop
  endfacet
  facet normal 0.857683 0.514179 0
    outer loop
      vertex -20.567 -7.66437 5
      vertex -20.6982 -7.44552 2
      vertex -20.6982 -7.44552 5
    endloop
  endfacet
  facet normal 0.857683 0.514179 0
    outer loop
      vertex -20.6982 -7.44552 2
      vertex -20.567 -7.66437 5
      vertex -20.567 -7.66437 2
    endloop
  endfacet
  facet normal 0.998799 -0.0489915 0
    outer loop
      vertex -20.2725 -9.14484 5
      vertex -20.26 -8.89 2
      vertex -20.26 -8.89 5
    endloop
  endfacet
  facet normal 0.998799 -0.0489915 0
    outer loop
      vertex -20.26 -8.89 2
      vertex -20.2725 -9.14484 5
      vertex -20.2725 -9.14484 2
    endloop
  endfacet
  facet normal 0.671472 0.74103 -0
    outer loop
      vertex -21.0215 -7.05152 2
      vertex -21.2106 -6.88017 5
      vertex -21.0215 -7.05152 5
    endloop
  endfacet
  facet normal 0.671472 0.74103 0
    outer loop
      vertex -21.2106 -6.88017 5
      vertex -21.0215 -7.05152 2
      vertex -21.2106 -6.88017 2
    endloop
  endfacet
  facet normal 0.0490774 0.998795 -0
    outer loop
      vertex -22.6052 -6.30252 2
      vertex -22.86 -6.29 5
      vertex -22.6052 -6.30252 5
    endloop
  endfacet
  facet normal 0.0490774 0.998795 0
    outer loop
      vertex -22.86 -6.29 5
      vertex -22.6052 -6.30252 2
      vertex -22.86 -6.29 2
    endloop
  endfacet
  facet normal -0.0490774 0.998795 0
    outer loop
      vertex -22.86 -6.29 2
      vertex -23.1148 -6.30252 5
      vertex -22.86 -6.29 5
    endloop
  endfacet
  facet normal -0.0490774 0.998795 0
    outer loop
      vertex -23.1148 -6.30252 5
      vertex -22.86 -6.29 2
      vertex -23.1148 -6.30252 2
    endloop
  endfacet
  facet normal 0.146961 -0.989142 0
    outer loop
      vertex -22.6052 -11.4775 2
      vertex -22.3528 -11.44 5
      vertex -22.6052 -11.4775 5
    endloop
  endfacet
  facet normal 0.146961 -0.989142 0
    outer loop
      vertex -22.3528 -11.44 5
      vertex -22.6052 -11.4775 2
      vertex -22.3528 -11.44 2
    endloop
  endfacet
  facet normal 0.80314 -0.59579 0
    outer loop
      vertex -20.8502 -10.5394 5
      vertex -20.6982 -10.3345 2
      vertex -20.6982 -10.3345 5
    endloop
  endfacet
  facet normal 0.80314 -0.59579 0
    outer loop
      vertex -20.6982 -10.3345 2
      vertex -20.8502 -10.5394 5
      vertex -20.8502 -10.5394 2
    endloop
  endfacet
  facet normal 0.941618 -0.336684 0
    outer loop
      vertex -20.4579 -9.88498 5
      vertex -20.372 -9.64474 2
      vertex -20.372 -9.64474 5
    endloop
  endfacet
  facet normal 0.941618 -0.336684 0
    outer loop
      vertex -20.372 -9.64474 2
      vertex -20.4579 -9.88498 5
      vertex -20.4579 -9.88498 2
    endloop
  endfacet
  facet normal -0.741127 -0.671365 0
    outer loop
      vertex -24.6985 -10.7285 2
      vertex -24.8698 -10.5394 5
      vertex -24.8698 -10.5394 2
    endloop
  endfacet
  facet normal -0.741127 -0.671365 0
    outer loop
      vertex -24.8698 -10.5394 5
      vertex -24.6985 -10.7285 2
      vertex -24.6985 -10.7285 5
    endloop
  endfacet
  facet normal -0.80314 -0.59579 0
    outer loop
      vertex -24.8698 -10.5394 2
      vertex -25.0218 -10.3345 5
      vertex -25.0218 -10.3345 2
    endloop
  endfacet
  facet normal -0.80314 -0.59579 0
    outer loop
      vertex -25.0218 -10.3345 5
      vertex -24.8698 -10.5394 2
      vertex -24.8698 -10.5394 5
    endloop
  endfacet
  facet normal -0.903952 -0.427635 0
    outer loop
      vertex -25.153 -10.1156 2
      vertex -25.2621 -9.88498 5
      vertex -25.2621 -9.88498 2
    endloop
  endfacet
  facet normal -0.903952 -0.427635 0
    outer loop
      vertex -25.2621 -9.88498 5
      vertex -25.153 -10.1156 2
      vertex -25.153 -10.1156 5
    endloop
  endfacet
  facet normal -0.989142 0.146966 0
    outer loop
      vertex -25.4475 -8.63516 2
      vertex -25.41 -8.38277 5
      vertex -25.41 -8.38277 2
    endloop
  endfacet
  facet normal -0.989142 0.146966 0
    outer loop
      vertex -25.41 -8.38277 5
      vertex -25.4475 -8.63516 2
      vertex -25.4475 -8.63516 5
    endloop
  endfacet
  facet normal 0.514092 -0.857735 0
    outer loop
      vertex -21.6344 -11.183 2
      vertex -21.4155 -11.0518 5
      vertex -21.6344 -11.183 5
    endloop
  endfacet
  facet normal 0.514092 -0.857735 0
    outer loop
      vertex -21.4155 -11.0518 5
      vertex -21.6344 -11.183 2
      vertex -21.4155 -11.0518 2
    endloop
  endfacet
  facet normal 0.903973 0.427589 0
    outer loop
      vertex -20.4579 -7.89502 5
      vertex -20.567 -7.66437 2
      vertex -20.567 -7.66437 5
    endloop
  endfacet
  facet normal 0.903973 0.427589 0
    outer loop
      vertex -20.567 -7.66437 2
      vertex -20.4579 -7.89502 5
      vertex -20.4579 -7.89502 2
    endloop
  endfacet
  facet normal -0.941618 -0.336684 0
    outer loop
      vertex -25.2621 -9.88498 2
      vertex -25.348 -9.64474 5
      vertex -25.348 -9.64474 2
    endloop
  endfacet
  facet normal -0.941618 -0.336684 0
    outer loop
      vertex -25.348 -9.64474 5
      vertex -25.2621 -9.88498 2
      vertex -25.2621 -9.88498 5
    endloop
  endfacet
  facet normal -0.146961 -0.989142 0
    outer loop
      vertex -23.3672 -11.44 2
      vertex -23.1148 -11.4775 5
      vertex -23.3672 -11.44 5
    endloop
  endfacet
  facet normal -0.146961 -0.989142 -0
    outer loop
      vertex -23.1148 -11.4775 5
      vertex -23.3672 -11.44 2
      vertex -23.1148 -11.4775 2
    endloop
  endfacet
  facet normal 0.59579 -0.80314 0
    outer loop
      vertex -21.4155 -11.0518 2
      vertex -21.2106 -10.8998 5
      vertex -21.4155 -11.0518 5
    endloop
  endfacet
  facet normal 0.59579 -0.80314 0
    outer loop
      vertex -21.2106 -10.8998 5
      vertex -21.4155 -11.0518 2
      vertex -21.2106 -10.8998 2
    endloop
  endfacet
  facet normal 0.741127 -0.671365 0
    outer loop
      vertex -21.0215 -10.7285 5
      vertex -20.8502 -10.5394 2
      vertex -20.8502 -10.5394 5
    endloop
  endfacet
  facet normal 0.741127 -0.671365 0
    outer loop
      vertex -20.8502 -10.5394 2
      vertex -21.0215 -10.7285 5
      vertex -21.0215 -10.7285 2
    endloop
  endfacet
  facet normal -0.242997 -0.970027 0
    outer loop
      vertex -23.6147 -11.378 2
      vertex -23.3672 -11.44 5
      vertex -23.6147 -11.378 5
    endloop
  endfacet
  facet normal -0.242997 -0.970027 -0
    outer loop
      vertex -23.3672 -11.44 5
      vertex -23.6147 -11.378 2
      vertex -23.3672 -11.44 2
    endloop
  endfacet
  facet normal 0.0489992 -0.998799 0
    outer loop
      vertex -22.86 -11.49 2
      vertex -22.6052 -11.4775 5
      vertex -22.86 -11.49 5
    endloop
  endfacet
  facet normal 0.0489992 -0.998799 0
    outer loop
      vertex -22.6052 -11.4775 5
      vertex -22.86 -11.49 2
      vertex -22.6052 -11.4775 2
    endloop
  endfacet
  facet normal -0.671472 0.74103 0
    outer loop
      vertex -24.5094 -6.88017 2
      vertex -24.6985 -7.05152 5
      vertex -24.5094 -6.88017 5
    endloop
  endfacet
  facet normal -0.671472 0.74103 0
    outer loop
      vertex -24.6985 -7.05152 5
      vertex -24.5094 -6.88017 2
      vertex -24.6985 -7.05152 2
    endloop
  endfacet
  facet normal 0.514006 0.857787 -0
    outer loop
      vertex -21.4155 -6.72818 2
      vertex -21.6344 -6.59701 5
      vertex -21.4155 -6.72818 5
    endloop
  endfacet
  facet normal 0.514006 0.857787 0
    outer loop
      vertex -21.6344 -6.59701 5
      vertex -21.4155 -6.72818 2
      vertex -21.6344 -6.59701 2
    endloop
  endfacet
  facet normal 0.595765 0.803159 -0
    outer loop
      vertex -21.2106 -6.88017 2
      vertex -21.4155 -6.72818 5
      vertex -21.2106 -6.88017 5
    endloop
  endfacet
  facet normal 0.595765 0.803159 0
    outer loop
      vertex -21.4155 -6.72818 5
      vertex -21.2106 -6.88017 2
      vertex -21.4155 -6.72818 2
    endloop
  endfacet
  facet normal -0.242997 0.970027 0
    outer loop
      vertex -23.3672 -6.33996 2
      vertex -23.6147 -6.40196 5
      vertex -23.3672 -6.33996 5
    endloop
  endfacet
  facet normal -0.242997 0.970027 0
    outer loop
      vertex -23.6147 -6.40196 5
      vertex -23.3672 -6.33996 2
      vertex -23.6147 -6.40196 2
    endloop
  endfacet
  facet normal -0.941618 0.336684 0
    outer loop
      vertex -25.348 -8.13526 2
      vertex -25.2621 -7.89502 5
      vertex -25.2621 -7.89502 2
    endloop
  endfacet
  facet normal -0.941618 0.336684 0
    outer loop
      vertex -25.2621 -7.89502 5
      vertex -25.348 -8.13526 2
      vertex -25.348 -8.13526 5
    endloop
  endfacet
  facet normal -0.427665 0.903937 0
    outer loop
      vertex -23.855 -6.48791 2
      vertex -24.0856 -6.59701 5
      vertex -23.855 -6.48791 5
    endloop
  endfacet
  facet normal -0.427665 0.903937 0
    outer loop
      vertex -24.0856 -6.59701 5
      vertex -23.855 -6.48791 2
      vertex -24.0856 -6.59701 2
    endloop
  endfacet
  facet normal -0.989142 -0.146966 0
    outer loop
      vertex -25.41 -9.39723 2
      vertex -25.4475 -9.14484 5
      vertex -25.4475 -9.14484 2
    endloop
  endfacet
  facet normal -0.989142 -0.146966 0
    outer loop
      vertex -25.4475 -9.14484 5
      vertex -25.41 -9.39723 2
      vertex -25.41 -9.39723 5
    endloop
  endfacet
  facet normal 0.427665 -0.903937 0
    outer loop
      vertex -21.865 -11.2921 2
      vertex -21.6344 -11.183 5
      vertex -21.865 -11.2921 5
    endloop
  endfacet
  facet normal 0.427665 -0.903937 0
    outer loop
      vertex -21.6344 -11.183 5
      vertex -21.865 -11.2921 2
      vertex -21.6344 -11.183 2
    endloop
  endfacet
  facet normal 0.336609 -0.941644 0
    outer loop
      vertex -22.1053 -11.378 2
      vertex -21.865 -11.2921 5
      vertex -22.1053 -11.378 5
    endloop
  endfacet
  facet normal 0.336609 -0.941644 0
    outer loop
      vertex -21.865 -11.2921 5
      vertex -22.1053 -11.378 2
      vertex -21.865 -11.2921 2
    endloop
  endfacet
  facet normal -0.427665 -0.903937 0
    outer loop
      vertex -24.0856 -11.183 2
      vertex -23.855 -11.2921 5
      vertex -24.0856 -11.183 5
    endloop
  endfacet
  facet normal -0.427665 -0.903937 -0
    outer loop
      vertex -23.855 -11.2921 5
      vertex -24.0856 -11.183 2
      vertex -23.855 -11.2921 2
    endloop
  endfacet
  facet normal 0.242997 -0.970027 0
    outer loop
      vertex -22.3528 -11.44 2
      vertex -22.1053 -11.378 5
      vertex -22.3528 -11.44 5
    endloop
  endfacet
  facet normal 0.242997 -0.970027 0
    outer loop
      vertex -22.1053 -11.378 5
      vertex -22.3528 -11.44 2
      vertex -22.1053 -11.378 2
    endloop
  endfacet
  facet normal -0.741056 0.671443 0
    outer loop
      vertex -24.8698 -7.24058 2
      vertex -24.6985 -7.05152 5
      vertex -24.6985 -7.05152 2
    endloop
  endfacet
  facet normal -0.741056 0.671443 0
    outer loop
      vertex -24.6985 -7.05152 5
      vertex -24.8698 -7.24058 2
      vertex -24.8698 -7.24058 5
    endloop
  endfacet
  facet normal 0 0 1
    outer loop
      vertex -21.86 -8.89 5
      vertex -20.26 -8.89 5
      vertex -20.2725 -8.63516 5
    endloop
  endfacet
  facet normal 0 0 1
    outer loop
      vertex -21.8648 -8.79198 5
      vertex -20.2725 -8.63516 5
      vertex -20.31 -8.38277 5
    endloop
  endfacet
  facet normal 0 0 1
    outer loop
      vertex -20.26 -8.89 5
      vertex -21.86 -8.89 5
      vertex -20.2725 -9.14484 5
    endloop
  endfacet
  facet normal 0 0 1
    outer loop
      vertex -21.8792 -8.69491 5
      vertex -20.31 -8.38277 5
      vertex -20.372 -8.13526 5
    endloop
  endfacet
  facet normal -0 0 1
    outer loop
      vertex -21.8648 -8.98802 5
      vertex -20.2725 -9.14484 5
      vertex -21.86 -8.89 5
    endloop
  endfacet
  facet normal 0 0 1
    outer loop
      vertex -21.9031 -8.59972 5
      vertex -20.372 -8.13526 5
      vertex -20.4579 -7.89502 5
    endloop
  endfacet
  facet normal 0 0 1
    outer loop
      vertex -20.2725 -9.14484 5
      vertex -21.8648 -8.98802 5
      vertex -20.31 -9.39723 5
    endloop
  endfacet
  facet normal 0 0 1
    outer loop
      vertex -21.9361 -8.50732 5
      vertex -20.4579 -7.89502 5
      vertex -20.567 -7.66437 5
    endloop
  endfacet
  facet normal -0 0 1
    outer loop
      vertex -21.8792 -9.08509 5
      vertex -20.31 -9.39723 5
      vertex -21.8648 -8.98802 5
    endloop
  endfacet
  facet normal 0 0 1
    outer loop
      vertex -21.9781 -8.4186 5
      vertex -20.567 -7.66437 5
      vertex -20.6982 -7.44552 5
    endloop
  endfacet
  facet normal 0 0 1
    outer loop
      vertex -20.31 -9.39723 5
      vertex -21.8792 -9.08509 5
      vertex -20.372 -9.64474 5
    endloop
  endfacet
  facet normal 0 0 1
    outer loop
      vertex -22.0285 -8.33443 5
      vertex -20.6982 -7.44552 5
      vertex -20.8502 -7.24058 5
    endloop
  endfacet
  facet normal -0 0 1
    outer loop
      vertex -21.9031 -9.18028 5
      vertex -20.372 -9.64474 5
      vertex -21.8792 -9.08509 5
    endloop
  endfacet
  facet normal 0 0 1
    outer loop
      vertex -22.087 -8.25561 5
      vertex -20.8502 -7.24058 5
      vertex -21.0215 -7.05152 5
    endloop
  endfacet
  facet normal 0 0 1
    outer loop
      vertex -20.372 -9.64474 5
      vertex -21.9031 -9.18028 5
      vertex -20.4579 -9.88498 5
    endloop
  endfacet
  facet normal 0 0 1
    outer loop
      vertex -22.1529 -8.18289 5
      vertex -21.0215 -7.05152 5
      vertex -21.2106 -6.88017 5
    endloop
  endfacet
  facet normal -0 0 1
    outer loop
      vertex -21.9361 -9.27268 5
      vertex -20.4579 -9.88498 5
      vertex -21.9031 -9.18028 5
    endloop
  endfacet
  facet normal 0 0 1
    outer loop
      vertex -22.2256 -8.11699 5
      vertex -21.2106 -6.88017 5
      vertex -21.4155 -6.72818 5
    endloop
  endfacet
  facet normal 0 0 1
    outer loop
      vertex -20.4579 -9.88498 5
      vertex -21.9361 -9.27268 5
      vertex -20.567 -10.1156 5
    endloop
  endfacet
  facet normal 0 0 1
    outer loop
      vertex -22.3044 -8.05853 5
      vertex -21.4155 -6.72818 5
      vertex -21.6344 -6.59701 5
    endloop
  endfacet
  facet normal -0 0 1
    outer loop
      vertex -21.9781 -9.3614 5
      vertex -20.567 -10.1156 5
      vertex -21.9361 -9.27268 5
    endloop
  endfacet
  facet normal 0 0 1
    outer loop
      vertex -20.567 -10.1156 5
      vertex -21.9781 -9.3614 5
      vertex -20.6982 -10.3345 5
    endloop
  endfacet
  facet normal 0 0 1
    outer loop
      vertex -20.2725 -8.63516 5
      vertex -21.8648 -8.79198 5
      vertex -21.86 -8.89 5
    endloop
  endfacet
  facet normal 0 0 1
    outer loop
      vertex -22.3886 -8.00808 5
      vertex -21.6344 -6.59701 5
      vertex -21.865 -6.48791 5
    endloop
  endfacet
  facet normal 0 0 1
    outer loop
      vertex -20.31 -8.38277 5
      vertex -21.8792 -8.69491 5
      vertex -21.8648 -8.79198 5
    endloop
  endfacet
  facet normal 0 0 1
    outer loop
      vertex -20.372 -8.13526 5
      vertex -21.9031 -8.59972 5
      vertex -21.8792 -8.69491 5
    endloop
  endfacet
  facet normal 0 0 1
    outer loop
      vertex -20.4579 -7.89502 5
      vertex -21.9361 -8.50732 5
      vertex -21.9031 -8.59972 5
    endloop
  endfacet
  facet normal 0 0 1
    outer loop
      vertex -20.567 -7.66437 5
      vertex -21.9781 -8.4186 5
      vertex -21.9361 -8.50732 5
    endloop
  endfacet
  facet normal 0 0 1
    outer loop
      vertex -20.6982 -7.44552 5
      vertex -22.0285 -8.33443 5
      vertex -21.9781 -8.4186 5
    endloop
  endfacet
  facet normal 0 0 1
    outer loop
      vertex -20.8502 -7.24058 5
      vertex -22.087 -8.25561 5
      vertex -22.0285 -8.33443 5
    endloop
  endfacet
  facet normal 0 0 1
    outer loop
      vertex -22.4773 -7.96612 5
      vertex -21.865 -6.48791 5
      vertex -22.1053 -6.40196 5
    endloop
  endfacet
  facet normal 0 0 1
    outer loop
      vertex -21.0215 -7.05152 5
      vertex -22.1529 -8.18289 5
      vertex -22.087 -8.25561 5
    endloop
  endfacet
  facet normal 0 0 1
    outer loop
      vertex -21.2106 -6.88017 5
      vertex -22.2256 -8.11699 5
      vertex -22.1529 -8.18289 5
    endloop
  endfacet
  facet normal 0 0 1
    outer loop
      vertex -21.4155 -6.72818 5
      vertex -22.3044 -8.05853 5
      vertex -22.2256 -8.11699 5
    endloop
  endfacet
  facet normal 0 0 1
    outer loop
      vertex -22.5697 -7.93306 5
      vertex -22.1053 -6.40196 5
      vertex -22.3528 -6.33996 5
    endloop
  endfacet
  facet normal 0 0 1
    outer loop
      vertex -21.6344 -6.59701 5
      vertex -22.3886 -8.00808 5
      vertex -22.3044 -8.05853 5
    endloop
  endfacet
  facet normal 0 0 1
    outer loop
      vertex -21.865 -6.48791 5
      vertex -22.4773 -7.96612 5
      vertex -22.3886 -8.00808 5
    endloop
  endfacet
  facet normal 0 0 1
    outer loop
      vertex -22.1053 -6.40196 5
      vertex -22.5697 -7.93306 5
      vertex -22.4773 -7.96612 5
    endloop
  endfacet
  facet normal 0 0 1
    outer loop
      vertex -22.6649 -7.90922 5
      vertex -22.3528 -6.33996 5
      vertex -22.6052 -6.30252 5
    endloop
  endfacet
  facet normal 0 0 1
    outer loop
      vertex -22.3528 -6.33996 5
      vertex -22.6649 -7.90922 5
      vertex -22.5697 -7.93306 5
    endloop
  endfacet
  facet normal 0 0 1
    outer loop
      vertex -22.6052 -6.30252 5
      vertex -22.762 -7.89482 5
      vertex -22.6649 -7.90922 5
    endloop
  endfacet
  facet normal 0 0 1
    outer loop
      vertex -22.86 -6.29 5
      vertex -22.762 -7.89482 5
      vertex -22.6052 -6.30252 5
    endloop
  endfacet
  facet normal 0 0 1
    outer loop
      vertex -22.86 -6.29 5
      vertex -22.86 -7.89 5
      vertex -22.762 -7.89482 5
    endloop
  endfacet
  facet normal 0 0 1
    outer loop
      vertex -22.86 -6.29 5
      vertex -22.958 -7.89482 5
      vertex -22.86 -7.89 5
    endloop
  endfacet
  facet normal -0 0 1
    outer loop
      vertex -23.1148 -6.30252 5
      vertex -22.958 -7.89482 5
      vertex -22.86 -6.29 5
    endloop
  endfacet
  facet normal 0 0 1
    outer loop
      vertex -22.958 -7.89482 5
      vertex -23.1148 -6.30252 5
      vertex -23.0551 -7.90922 5
    endloop
  endfacet
  facet normal -0 0 1
    outer loop
      vertex -23.3672 -6.33996 5
      vertex -23.0551 -7.90922 5
      vertex -23.1148 -6.30252 5
    endloop
  endfacet
  facet normal 0 0 1
    outer loop
      vertex -23.0551 -7.90922 5
      vertex -23.3672 -6.33996 5
      vertex -23.1503 -7.93306 5
    endloop
  endfacet
  facet normal -0 0 1
    outer loop
      vertex -23.6147 -6.40196 5
      vertex -23.1503 -7.93306 5
      vertex -23.3672 -6.33996 5
    endloop
  endfacet
  facet normal 0 0 1
    outer loop
      vertex -23.1503 -7.93306 5
      vertex -23.6147 -6.40196 5
      vertex -23.2427 -7.96612 5
    endloop
  endfacet
  facet normal -0 0 1
    outer loop
      vertex -23.855 -6.48791 5
      vertex -23.2427 -7.96612 5
      vertex -23.6147 -6.40196 5
    endloop
  endfacet
  facet normal 0 0 1
    outer loop
      vertex -23.2427 -7.96612 5
      vertex -23.855 -6.48791 5
      vertex -23.3314 -8.00808 5
    endloop
  endfacet
  facet normal -0 0 1
    outer loop
      vertex -24.0856 -6.59701 5
      vertex -23.3314 -8.00808 5
      vertex -23.855 -6.48791 5
    endloop
  endfacet
  facet normal 0 0 1
    outer loop
      vertex -23.3314 -8.00808 5
      vertex -24.0856 -6.59701 5
      vertex -23.4156 -8.05853 5
    endloop
  endfacet
  facet normal -0 0 1
    outer loop
      vertex -24.3045 -6.72818 5
      vertex -23.4156 -8.05853 5
      vertex -24.0856 -6.59701 5
    endloop
  endfacet
  facet normal 0 0 1
    outer loop
      vertex -23.4156 -8.05853 5
      vertex -24.3045 -6.72818 5
      vertex -23.4944 -8.11699 5
    endloop
  endfacet
  facet normal -0 0 1
    outer loop
      vertex -24.5094 -6.88017 5
      vertex -23.4944 -8.11699 5
      vertex -24.3045 -6.72818 5
    endloop
  endfacet
  facet normal 0 0 1
    outer loop
      vertex -23.4944 -8.11699 5
      vertex -24.5094 -6.88017 5
      vertex -23.5671 -8.18289 5
    endloop
  endfacet
  facet normal -0 0 1
    outer loop
      vertex -24.6985 -7.05152 5
      vertex -23.5671 -8.18289 5
      vertex -24.5094 -6.88017 5
    endloop
  endfacet
  facet normal 0 0 1
    outer loop
      vertex -23.5671 -8.18289 5
      vertex -24.6985 -7.05152 5
      vertex -23.633 -8.25561 5
    endloop
  endfacet
  facet normal -0 0 1
    outer loop
      vertex -24.8698 -7.24058 5
      vertex -23.633 -8.25561 5
      vertex -24.6985 -7.05152 5
    endloop
  endfacet
  facet normal 0 0 1
    outer loop
      vertex -23.633 -8.25561 5
      vertex -24.8698 -7.24058 5
      vertex -23.6915 -8.33443 5
    endloop
  endfacet
  facet normal -0 0 1
    outer loop
      vertex -25.0218 -7.44552 5
      vertex -23.6915 -8.33443 5
      vertex -24.8698 -7.24058 5
    endloop
  endfacet
  facet normal 0 0 1
    outer loop
      vertex -23.6915 -8.33443 5
      vertex -25.0218 -7.44552 5
      vertex -23.7419 -8.4186 5
    endloop
  endfacet
  facet normal -0 0 1
    outer loop
      vertex -22.0285 -9.44557 5
      vertex -20.6982 -10.3345 5
      vertex -21.9781 -9.3614 5
    endloop
  endfacet
  facet normal 0 0 1
    outer loop
      vertex -20.6982 -10.3345 5
      vertex -22.0285 -9.44557 5
      vertex -20.8502 -10.5394 5
    endloop
  endfacet
  facet normal -0 0 1
    outer loop
      vertex -22.087 -9.52439 5
      vertex -20.8502 -10.5394 5
      vertex -22.0285 -9.44557 5
    endloop
  endfacet
  facet normal 0 0 1
    outer loop
      vertex -20.8502 -10.5394 5
      vertex -22.087 -9.52439 5
      vertex -21.0215 -10.7285 5
    endloop
  endfacet
  facet normal -0 0 1
    outer loop
      vertex -22.1529 -9.59711 5
      vertex -21.0215 -10.7285 5
      vertex -22.087 -9.52439 5
    endloop
  endfacet
  facet normal 0 0 1
    outer loop
      vertex -21.0215 -10.7285 5
      vertex -22.1529 -9.59711 5
      vertex -21.2106 -10.8998 5
    endloop
  endfacet
  facet normal -0 0 1
    outer loop
      vertex -22.2256 -9.66301 5
      vertex -21.2106 -10.8998 5
      vertex -22.1529 -9.59711 5
    endloop
  endfacet
  facet normal 0 0 1
    outer loop
      vertex -21.2106 -10.8998 5
      vertex -22.2256 -9.66301 5
      vertex -21.4155 -11.0518 5
    endloop
  endfacet
  facet normal -0 0 1
    outer loop
      vertex -22.3044 -9.72147 5
      vertex -21.4155 -11.0518 5
      vertex -22.2256 -9.66301 5
    endloop
  endfacet
  facet normal 0 0 1
    outer loop
      vertex -21.4155 -11.0518 5
      vertex -22.3044 -9.72147 5
      vertex -21.6344 -11.183 5
    endloop
  endfacet
  facet normal -0 0 1
    outer loop
      vertex -22.3886 -9.77192 5
      vertex -21.6344 -11.183 5
      vertex -22.3044 -9.72147 5
    endloop
  endfacet
  facet normal 0 0 1
    outer loop
      vertex -21.6344 -11.183 5
      vertex -22.3886 -9.77192 5
      vertex -21.865 -11.2921 5
    endloop
  endfacet
  facet normal -0 0 1
    outer loop
      vertex -22.4773 -9.81388 5
      vertex -21.865 -11.2921 5
      vertex -22.3886 -9.77192 5
    endloop
  endfacet
  facet normal 0 0 1
    outer loop
      vertex -21.865 -11.2921 5
      vertex -22.4773 -9.81388 5
      vertex -22.1053 -11.378 5
    endloop
  endfacet
  facet normal -0 0 1
    outer loop
      vertex -22.5697 -9.84694 5
      vertex -22.1053 -11.378 5
      vertex -22.4773 -9.81388 5
    endloop
  endfacet
  facet normal 0 0 1
    outer loop
      vertex -22.1053 -11.378 5
      vertex -22.5697 -9.84694 5
      vertex -22.3528 -11.44 5
    endloop
  endfacet
  facet normal -0 0 1
    outer loop
      vertex -22.6649 -9.87078 5
      vertex -22.3528 -11.44 5
      vertex -22.5697 -9.84694 5
    endloop
  endfacet
  facet normal 0 0 1
    outer loop
      vertex -22.3528 -11.44 5
      vertex -22.6649 -9.87078 5
      vertex -22.6052 -11.4775 5
    endloop
  endfacet
  facet normal -0 0 1
    outer loop
      vertex -22.762 -9.88518 5
      vertex -22.6052 -11.4775 5
      vertex -22.6649 -9.87078 5
    endloop
  endfacet
  facet normal -0 0 1
    outer loop
      vertex -22.86 -9.89 5
      vertex -22.6052 -11.4775 5
      vertex -22.762 -9.88518 5
    endloop
  endfacet
  facet normal 0 0 1
    outer loop
      vertex -22.86 -9.89 5
      vertex -22.86 -11.49 5
      vertex -22.6052 -11.4775 5
    endloop
  endfacet
  facet normal 0 0 1
    outer loop
      vertex -22.958 -9.88518 5
      vertex -22.86 -11.49 5
      vertex -22.86 -9.89 5
    endloop
  endfacet
  facet normal 0 0 1
    outer loop
      vertex -23.1148 -11.4775 5
      vertex -22.958 -9.88518 5
      vertex -23.0551 -9.87078 5
    endloop
  endfacet
  facet normal 0 0 1
    outer loop
      vertex -22.958 -9.88518 5
      vertex -23.1148 -11.4775 5
      vertex -22.86 -11.49 5
    endloop
  endfacet
  facet normal 0 0 1
    outer loop
      vertex -23.3672 -11.44 5
      vertex -23.0551 -9.87078 5
      vertex -23.1503 -9.84694 5
    endloop
  endfacet
  facet normal 0 0 1
    outer loop
      vertex -23.6147 -11.378 5
      vertex -23.1503 -9.84694 5
      vertex -23.2427 -9.81388 5
    endloop
  endfacet
  facet normal 0 0 1
    outer loop
      vertex -23.855 -11.2921 5
      vertex -23.2427 -9.81388 5
      vertex -23.3314 -9.77192 5
    endloop
  endfacet
  facet normal 0 0 1
    outer loop
      vertex -23.0551 -9.87078 5
      vertex -23.3672 -11.44 5
      vertex -23.1148 -11.4775 5
    endloop
  endfacet
  facet normal 0 0 1
    outer loop
      vertex -24.0856 -11.183 5
      vertex -23.3314 -9.77192 5
      vertex -23.4156 -9.72147 5
    endloop
  endfacet
  facet normal 0 0 1
    outer loop
      vertex -24.3045 -11.0518 5
      vertex -23.4156 -9.72147 5
      vertex -23.4944 -9.66301 5
    endloop
  endfacet
  facet normal 0 0 1
    outer loop
      vertex -24.5094 -10.8998 5
      vertex -23.4944 -9.66301 5
      vertex -23.5671 -9.59711 5
    endloop
  endfacet
  facet normal 0 0 1
    outer loop
      vertex -23.1503 -9.84694 5
      vertex -23.6147 -11.378 5
      vertex -23.3672 -11.44 5
    endloop
  endfacet
  facet normal 0 0 1
    outer loop
      vertex -24.6985 -10.7285 5
      vertex -23.5671 -9.59711 5
      vertex -23.633 -9.52439 5
    endloop
  endfacet
  facet normal 0 0 1
    outer loop
      vertex -24.8698 -10.5394 5
      vertex -23.633 -9.52439 5
      vertex -23.6915 -9.44557 5
    endloop
  endfacet
  facet normal 0 0 1
    outer loop
      vertex -25.0218 -10.3345 5
      vertex -23.6915 -9.44557 5
      vertex -23.7419 -9.3614 5
    endloop
  endfacet
  facet normal 0 0 1
    outer loop
      vertex -25.153 -10.1156 5
      vertex -23.7419 -9.3614 5
      vertex -23.7839 -9.27268 5
    endloop
  endfacet
  facet normal 0 0 1
    outer loop
      vertex -25.2621 -9.88498 5
      vertex -23.7839 -9.27268 5
      vertex -23.8169 -9.18028 5
    endloop
  endfacet
  facet normal 0 0 1
    outer loop
      vertex -25.348 -9.64474 5
      vertex -23.8169 -9.18028 5
      vertex -23.8408 -9.08509 5
    endloop
  endfacet
  facet normal 0 0 1
    outer loop
      vertex -23.2427 -9.81388 5
      vertex -23.855 -11.2921 5
      vertex -23.6147 -11.378 5
    endloop
  endfacet
  facet normal 0 0 1
    outer loop
      vertex -25.41 -9.39723 5
      vertex -23.8408 -9.08509 5
      vertex -23.8552 -8.98802 5
    endloop
  endfacet
  facet normal 0 0 1
    outer loop
      vertex -25.4475 -9.14484 5
      vertex -23.8552 -8.98802 5
      vertex -23.86 -8.89 5
    endloop
  endfacet
  facet normal -0 0 1
    outer loop
      vertex -25.153 -7.66437 5
      vertex -23.7419 -8.4186 5
      vertex -25.0218 -7.44552 5
    endloop
  endfacet
  facet normal 0 0 1
    outer loop
      vertex -23.3314 -9.77192 5
      vertex -24.0856 -11.183 5
      vertex -23.855 -11.2921 5
    endloop
  endfacet
  facet normal 0 0 1
    outer loop
      vertex -23.7419 -8.4186 5
      vertex -25.153 -7.66437 5
      vertex -23.7839 -8.50732 5
    endloop
  endfacet
  facet normal 0 0 1
    outer loop
      vertex -23.4156 -9.72147 5
      vertex -24.3045 -11.0518 5
      vertex -24.0856 -11.183 5
    endloop
  endfacet
  facet normal -0 0 1
    outer loop
      vertex -25.2621 -7.89502 5
      vertex -23.7839 -8.50732 5
      vertex -25.153 -7.66437 5
    endloop
  endfacet
  facet normal 0 0 1
    outer loop
      vertex -23.4944 -9.66301 5
      vertex -24.5094 -10.8998 5
      vertex -24.3045 -11.0518 5
    endloop
  endfacet
  facet normal 0 0 1
    outer loop
      vertex -23.7839 -8.50732 5
      vertex -25.2621 -7.89502 5
      vertex -23.8169 -8.59972 5
    endloop
  endfacet
  facet normal 0 0 1
    outer loop
      vertex -23.5671 -9.59711 5
      vertex -24.6985 -10.7285 5
      vertex -24.5094 -10.8998 5
    endloop
  endfacet
  facet normal -0 0 1
    outer loop
      vertex -25.348 -8.13526 5
      vertex -23.8169 -8.59972 5
      vertex -25.2621 -7.89502 5
    endloop
  endfacet
  facet normal 0 0 1
    outer loop
      vertex -23.633 -9.52439 5
      vertex -24.8698 -10.5394 5
      vertex -24.6985 -10.7285 5
    endloop
  endfacet
  facet normal 0 0 1
    outer loop
      vertex -23.8169 -8.59972 5
      vertex -25.348 -8.13526 5
      vertex -23.8408 -8.69491 5
    endloop
  endfacet
  facet normal 0 0 1
    outer loop
      vertex -23.6915 -9.44557 5
      vertex -25.0218 -10.3345 5
      vertex -24.8698 -10.5394 5
    endloop
  endfacet
  facet normal -0 0 1
    outer loop
      vertex -25.41 -8.38277 5
      vertex -23.8408 -8.69491 5
      vertex -25.348 -8.13526 5
    endloop
  endfacet
  facet normal 0 0 1
    outer loop
      vertex -23.7419 -9.3614 5
      vertex -25.153 -10.1156 5
      vertex -25.0218 -10.3345 5
    endloop
  endfacet
  facet normal 0 0 1
    outer loop
      vertex -23.8408 -8.69491 5
      vertex -25.41 -8.38277 5
      vertex -23.8552 -8.79198 5
    endloop
  endfacet
  facet normal 0 0 1
    outer loop
      vertex -23.7839 -9.27268 5
      vertex -25.2621 -9.88498 5
      vertex -25.153 -10.1156 5
    endloop
  endfacet
  facet normal -0 0 1
    outer loop
      vertex -25.4475 -8.63516 5
      vertex -23.8552 -8.79198 5
      vertex -25.41 -8.38277 5
    endloop
  endfacet
  facet normal 0 0 1
    outer loop
      vertex -23.8169 -9.18028 5
      vertex -25.348 -9.64474 5
      vertex -25.2621 -9.88498 5
    endloop
  endfacet
  facet normal 0 0 1
    outer loop
      vertex -23.8552 -8.79198 5
      vertex -25.4475 -8.63516 5
      vertex -23.86 -8.89 5
    endloop
  endfacet
  facet normal 0 0 1
    outer loop
      vertex -23.8408 -9.08509 5
      vertex -25.41 -9.39723 5
      vertex -25.348 -9.64474 5
    endloop
  endfacet
  facet normal 0 0 1
    outer loop
      vertex -25.46 -8.89 5
      vertex -23.86 -8.89 5
      vertex -25.4475 -8.63516 5
    endloop
  endfacet
  facet normal 0 0 1
    outer loop
      vertex -23.8552 -8.98802 5
      vertex -25.4475 -9.14484 5
      vertex -25.41 -9.39723 5
    endloop
  endfacet
  facet normal 0 0 1
    outer loop
      vertex -23.86 -8.89 5
      vertex -25.46 -8.89 5
      vertex -25.4475 -9.14484 5
    endloop
  endfacet
  facet normal -0.857735 -0.514092 0
    outer loop
      vertex -25.0218 -10.3345 2
      vertex -25.153 -10.1156 5
      vertex -25.153 -10.1156 2
    endloop
  endfacet
  facet normal -0.857735 -0.514092 0
    outer loop
      vertex -25.153 -10.1156 5
      vertex -25.0218 -10.3345 2
      vertex -25.0218 -10.3345 5
    endloop
  endfacet
  facet normal 0.336783 0.941582 -0
    outer loop
      vertex -21.865 -6.48791 2
      vertex -22.1053 -6.40196 5
      vertex -21.865 -6.48791 5
    endloop
  endfacet
  facet normal 0.336783 0.941582 0
    outer loop
      vertex -22.1053 -6.40196 5
      vertex -21.865 -6.48791 2
      vertex -22.1053 -6.40196 2
    endloop
  endfacet
  facet normal 0.671365 -0.741127 0
    outer loop
      vertex -21.2106 -10.8998 2
      vertex -21.0215 -10.7285 5
      vertex -21.2106 -10.8998 5
    endloop
  endfacet
  facet normal 0.671365 -0.741127 0
    outer loop
      vertex -21.0215 -10.7285 5
      vertex -21.2106 -10.8998 2
      vertex -21.0215 -10.7285 2
    endloop
  endfacet
  facet normal -0.857683 0.514179 0
    outer loop
      vertex -25.153 -7.66437 2
      vertex -25.0218 -7.44552 5
      vertex -25.0218 -7.44552 2
    endloop
  endfacet
  facet normal -0.857683 0.514179 0
    outer loop
      vertex -25.0218 -7.44552 5
      vertex -25.153 -7.66437 2
      vertex -25.153 -7.66437 5
    endloop
  endfacet
  facet normal -0.803196 0.595715 0
    outer loop
      vertex -25.0218 -7.44552 2
      vertex -24.8698 -7.24058 5
      vertex -24.8698 -7.24058 2
    endloop
  endfacet
  facet normal -0.803196 0.595715 0
    outer loop
      vertex -24.8698 -7.24058 5
      vertex -25.0218 -7.44552 2
      vertex -25.0218 -7.44552 5
    endloop
  endfacet
  facet normal -0.941742 0.336336 0
    outer loop
      vertex -21.9361 -9.27268 2
      vertex -21.9031 -9.18028 5
      vertex -21.9031 -9.18028 2
    endloop
  endfacet
  facet normal -0.941742 0.336336 0
    outer loop
      vertex -21.9031 -9.18028 5
      vertex -21.9361 -9.27268 2
      vertex -21.9361 -9.27268 5
    endloop
  endfacet
  facet normal -0.802997 -0.595983 0
    outer loop
      vertex -22.0285 -8.33443 2
      vertex -22.087 -8.25561 5
      vertex -22.087 -8.25561 2
    endloop
  endfacet
  facet normal -0.802997 -0.595983 0
    outer loop
      vertex -22.087 -8.25561 5
      vertex -22.0285 -8.33443 2
      vertex -22.0285 -8.33443 5
    endloop
  endfacet
  facet normal 0.741 0.671505 0
    outer loop
      vertex -23.5671 -9.59711 5
      vertex -23.633 -9.52439 2
      vertex -23.633 -9.52439 5
    endloop
  endfacet
  facet normal 0.741 0.671505 0
    outer loop
      vertex -23.633 -9.52439 2
      vertex -23.5671 -9.59711 5
      vertex -23.5671 -9.59711 2
    endloop
  endfacet
  facet normal -0.989175 -0.146741 0
    outer loop
      vertex -21.8648 -8.79198 2
      vertex -21.8792 -8.69491 5
      vertex -21.8792 -8.69491 2
    endloop
  endfacet
  facet normal -0.989175 -0.146741 0
    outer loop
      vertex -21.8792 -8.69491 5
      vertex -21.8648 -8.79198 2
      vertex -21.8648 -8.79198 5
    endloop
  endfacet
  facet normal -0.671607 -0.740908 0
    outer loop
      vertex -22.2256 -8.11699 2
      vertex -22.1529 -8.18289 5
      vertex -22.2256 -8.11699 5
    endloop
  endfacet
  facet normal -0.671607 -0.740908 -0
    outer loop
      vertex -22.1529 -8.18289 5
      vertex -22.2256 -8.11699 2
      vertex -22.1529 -8.18289 2
    endloop
  endfacet
  facet normal 0.671607 -0.740908 0
    outer loop
      vertex -23.5671 -8.18289 2
      vertex -23.4944 -8.11699 5
      vertex -23.5671 -8.18289 5
    endloop
  endfacet
  facet normal 0.671607 -0.740908 0
    outer loop
      vertex -23.4944 -8.11699 5
      vertex -23.5671 -8.18289 2
      vertex -23.4944 -8.11699 2
    endloop
  endfacet
  facet normal -0.242919 0.970047 0
    outer loop
      vertex -22.5697 -9.84694 2
      vertex -22.6649 -9.87078 5
      vertex -22.5697 -9.84694 5
    endloop
  endfacet
  facet normal -0.242919 0.970047 0
    outer loop
      vertex -22.6649 -9.87078 5
      vertex -22.5697 -9.84694 2
      vertex -22.6649 -9.87078 2
    endloop
  endfacet
  facet normal -0.513971 -0.857807 0
    outer loop
      vertex -22.3886 -8.00808 2
      vertex -22.3044 -8.05853 5
      vertex -22.3886 -8.00808 5
    endloop
  endfacet
  facet normal -0.513971 -0.857807 -0
    outer loop
      vertex -22.3044 -8.05853 5
      vertex -22.3886 -8.00808 2
      vertex -22.3044 -8.05853 2
    endloop
  endfacet
  facet normal 0.336879 -0.941548 0
    outer loop
      vertex -23.2427 -7.96612 2
      vertex -23.1503 -7.93306 5
      vertex -23.2427 -7.96612 5
    endloop
  endfacet
  facet normal 0.336879 -0.941548 0
    outer loop
      vertex -23.1503 -7.93306 5
      vertex -23.2427 -7.96612 2
      vertex -23.1503 -7.93306 2
    endloop
  endfacet
  facet normal 0.998803 -0.048911 0
    outer loop
      vertex -23.86 -8.89 5
      vertex -23.8552 -8.79198 2
      vertex -23.8552 -8.79198 5
    endloop
  endfacet
  facet normal 0.998803 -0.048911 0
    outer loop
      vertex -23.8552 -8.79198 2
      vertex -23.86 -8.89 5
      vertex -23.86 -8.89 2
    endloop
  endfacet
  facet normal -0.513971 0.857807 0
    outer loop
      vertex -22.3044 -9.72147 2
      vertex -22.3886 -9.77192 5
      vertex -22.3044 -9.72147 5
    endloop
  endfacet
  facet normal -0.513971 0.857807 0
    outer loop
      vertex -22.3886 -9.77192 5
      vertex -22.3044 -9.72147 2
      vertex -22.3886 -9.77192 2
    endloop
  endfacet
  facet normal -0.741 0.671505 0
    outer loop
      vertex -22.1529 -9.59711 2
      vertex -22.087 -9.52439 5
      vertex -22.087 -9.52439 2
    endloop
  endfacet
  facet normal -0.741 0.671505 0
    outer loop
      vertex -22.087 -9.52439 5
      vertex -22.1529 -9.59711 2
      vertex -22.1529 -9.59711 5
    endloop
  endfacet
  facet normal 0.513971 -0.857807 0
    outer loop
      vertex -23.4156 -8.05853 2
      vertex -23.3314 -8.00808 5
      vertex -23.4156 -8.05853 5
    endloop
  endfacet
  facet normal 0.513971 -0.857807 0
    outer loop
      vertex -23.3314 -8.00808 5
      vertex -23.4156 -8.05853 2
      vertex -23.3314 -8.00808 2
    endloop
  endfacet
  facet normal -0.989175 0.146741 0
    outer loop
      vertex -21.8792 -9.08509 2
      vertex -21.8648 -8.98802 5
      vertex -21.8648 -8.98802 2
    endloop
  endfacet
  facet normal -0.989175 0.146741 0
    outer loop
      vertex -21.8648 -8.98802 5
      vertex -21.8792 -9.08509 2
      vertex -21.8792 -9.08509 5
    endloop
  endfacet
  facet normal -0.146696 0.989182 0
    outer loop
      vertex -22.6649 -9.87078 2
      vertex -22.762 -9.88518 5
      vertex -22.6649 -9.87078 5
    endloop
  endfacet
  facet normal -0.146696 0.989182 0
    outer loop
      vertex -22.762 -9.88518 5
      vertex -22.6649 -9.87078 2
      vertex -22.762 -9.88518 2
    endloop
  endfacet
  facet normal 0.242919 -0.970047 0
    outer loop
      vertex -23.1503 -7.93306 2
      vertex -23.0551 -7.90922 5
      vertex -23.1503 -7.93306 5
    endloop
  endfacet
  facet normal 0.242919 -0.970047 0
    outer loop
      vertex -23.0551 -7.90922 5
      vertex -23.1503 -7.93306 2
      vertex -23.0551 -7.90922 2
    endloop
  endfacet
  facet normal 0.595817 -0.80312 0
    outer loop
      vertex -23.4944 -8.11699 2
      vertex -23.4156 -8.05853 5
      vertex -23.4944 -8.11699 5
    endloop
  endfacet
  facet normal 0.595817 -0.80312 0
    outer loop
      vertex -23.4156 -8.05853 5
      vertex -23.4944 -8.11699 2
      vertex -23.4156 -8.05853 2
    endloop
  endfacet
  facet normal -0.336879 -0.941548 0
    outer loop
      vertex -22.5697 -7.93306 2
      vertex -22.4773 -7.96612 5
      vertex -22.5697 -7.93306 5
    endloop
  endfacet
  facet normal -0.336879 -0.941548 -0
    outer loop
      vertex -22.4773 -7.96612 5
      vertex -22.5697 -7.93306 2
      vertex -22.4773 -7.96612 2
    endloop
  endfacet
  facet normal 0.427622 0.903958 -0
    outer loop
      vertex -23.2427 -9.81388 2
      vertex -23.3314 -9.77192 5
      vertex -23.2427 -9.81388 5
    endloop
  endfacet
  facet normal 0.427622 0.903958 0
    outer loop
      vertex -23.3314 -9.77192 5
      vertex -23.2427 -9.81388 2
      vertex -23.3314 -9.77192 2
    endloop
  endfacet
  facet normal 0.595817 0.80312 -0
    outer loop
      vertex -23.4156 -9.72147 2
      vertex -23.4944 -9.66301 5
      vertex -23.4156 -9.72147 5
    endloop
  endfacet
  facet normal 0.595817 0.80312 0
    outer loop
      vertex -23.4944 -9.66301 5
      vertex -23.4156 -9.72147 2
      vertex -23.4944 -9.66301 2
    endloop
  endfacet
  facet normal -0.998803 -0.048911 0
    outer loop
      vertex -21.86 -8.89 2
      vertex -21.8648 -8.79198 5
      vertex -21.8648 -8.79198 2
    endloop
  endfacet
  facet normal -0.998803 -0.048911 0
    outer loop
      vertex -21.8648 -8.79198 5
      vertex -21.86 -8.89 2
      vertex -21.86 -8.89 5
    endloop
  endfacet
  facet normal 0.969896 0.243518 0
    outer loop
      vertex -23.8169 -9.18028 5
      vertex -23.8408 -9.08509 2
      vertex -23.8408 -9.08509 5
    endloop
  endfacet
  facet normal 0.969896 0.243518 0
    outer loop
      vertex -23.8408 -9.08509 2
      vertex -23.8169 -9.18028 5
      vertex -23.8169 -9.18028 2
    endloop
  endfacet
  facet normal 0.903837 0.427876 0
    outer loop
      vertex -23.7419 -9.3614 5
      vertex -23.7839 -9.27268 2
      vertex -23.7839 -9.27268 5
    endloop
  endfacet
  facet normal 0.903837 0.427876 0
    outer loop
      vertex -23.7839 -9.27268 2
      vertex -23.7419 -9.3614 5
      vertex -23.7419 -9.3614 2
    endloop
  endfacet
  facet normal 0.146696 -0.989182 0
    outer loop
      vertex -23.0551 -7.90922 2
      vertex -22.958 -7.89482 5
      vertex -23.0551 -7.90922 5
    endloop
  endfacet
  facet normal 0.146696 -0.989182 0
    outer loop
      vertex -22.958 -7.89482 5
      vertex -23.0551 -7.90922 2
      vertex -22.958 -7.89482 2
    endloop
  endfacet
  facet normal 0.0491243 -0.998793 0
    outer loop
      vertex -22.958 -7.89482 2
      vertex -22.86 -7.89 5
      vertex -22.958 -7.89482 5
    endloop
  endfacet
  facet normal 0.0491243 -0.998793 0
    outer loop
      vertex -22.86 -7.89 5
      vertex -22.958 -7.89482 2
      vertex -22.86 -7.89 2
    endloop
  endfacet
  facet normal 0.242919 0.970047 -0
    outer loop
      vertex -23.0551 -9.87078 2
      vertex -23.1503 -9.84694 5
      vertex -23.0551 -9.87078 5
    endloop
  endfacet
  facet normal 0.242919 0.970047 0
    outer loop
      vertex -23.1503 -9.84694 5
      vertex -23.0551 -9.87078 2
      vertex -23.1503 -9.84694 2
    endloop
  endfacet
  facet normal -0.903837 -0.427876 0
    outer loop
      vertex -21.9361 -8.50732 2
      vertex -21.9781 -8.4186 5
      vertex -21.9781 -8.4186 2
    endloop
  endfacet
  facet normal -0.903837 -0.427876 0
    outer loop
      vertex -21.9781 -8.4186 5
      vertex -21.9361 -8.50732 2
      vertex -21.9361 -8.50732 5
    endloop
  endfacet
  facet normal -0.998803 0.048911 0
    outer loop
      vertex -21.8648 -8.98802 2
      vertex -21.86 -8.89 5
      vertex -21.86 -8.89 2
    endloop
  endfacet
  facet normal -0.998803 0.048911 0
    outer loop
      vertex -21.86 -8.89 5
      vertex -21.8648 -8.98802 2
      vertex -21.8648 -8.98802 5
    endloop
  endfacet
  facet normal -0.857951 -0.513731 0
    outer loop
      vertex -21.9781 -8.4186 2
      vertex -22.0285 -8.33443 5
      vertex -22.0285 -8.33443 2
    endloop
  endfacet
  facet normal -0.857951 -0.513731 0
    outer loop
      vertex -22.0285 -8.33443 5
      vertex -21.9781 -8.4186 2
      vertex -21.9781 -8.4186 5
    endloop
  endfacet
  facet normal -0.969896 -0.243518 0
    outer loop
      vertex -21.8792 -8.69491 2
      vertex -21.9031 -8.59972 5
      vertex -21.9031 -8.59972 2
    endloop
  endfacet
  facet normal -0.969896 -0.243518 0
    outer loop
      vertex -21.9031 -8.59972 5
      vertex -21.8792 -8.69491 2
      vertex -21.8792 -8.69491 5
    endloop
  endfacet
  facet normal 0.989175 -0.146741 0
    outer loop
      vertex -23.8552 -8.79198 5
      vertex -23.8408 -8.69491 2
      vertex -23.8408 -8.69491 5
    endloop
  endfacet
  facet normal 0.989175 -0.146741 0
    outer loop
      vertex -23.8408 -8.69491 2
      vertex -23.8552 -8.79198 5
      vertex -23.8552 -8.79198 2
    endloop
  endfacet
  facet normal -0.741 -0.671505 0
    outer loop
      vertex -22.087 -8.25561 2
      vertex -22.1529 -8.18289 5
      vertex -22.1529 -8.18289 2
    endloop
  endfacet
  facet normal -0.741 -0.671505 0
    outer loop
      vertex -22.1529 -8.18289 5
      vertex -22.087 -8.25561 2
      vertex -22.087 -8.25561 5
    endloop
  endfacet
  facet normal -0.0491243 0.998793 0
    outer loop
      vertex -22.762 -9.88518 2
      vertex -22.86 -9.89 5
      vertex -22.762 -9.88518 5
    endloop
  endfacet
  facet normal -0.0491243 0.998793 0
    outer loop
      vertex -22.86 -9.89 5
      vertex -22.762 -9.88518 2
      vertex -22.86 -9.89 2
    endloop
  endfacet
  facet normal 0.857951 0.513731 0
    outer loop
      vertex -23.6915 -9.44557 5
      vertex -23.7419 -9.3614 2
      vertex -23.7419 -9.3614 5
    endloop
  endfacet
  facet normal 0.857951 0.513731 0
    outer loop
      vertex -23.7419 -9.3614 2
      vertex -23.6915 -9.44557 5
      vertex -23.6915 -9.44557 2
    endloop
  endfacet
  facet normal 0.969896 -0.243518 0
    outer loop
      vertex -23.8408 -8.69491 5
      vertex -23.8169 -8.59972 2
      vertex -23.8169 -8.59972 5
    endloop
  endfacet
  facet normal 0.969896 -0.243518 0
    outer loop
      vertex -23.8169 -8.59972 2
      vertex -23.8408 -8.69491 5
      vertex -23.8408 -8.69491 2
    endloop
  endfacet
  facet normal 0.802997 0.595983 0
    outer loop
      vertex -23.633 -9.52439 5
      vertex -23.6915 -9.44557 2
      vertex -23.6915 -9.44557 5
    endloop
  endfacet
  facet normal 0.802997 0.595983 0
    outer loop
      vertex -23.6915 -9.44557 2
      vertex -23.633 -9.52439 5
      vertex -23.633 -9.52439 2
    endloop
  endfacet
  facet normal -0.857951 0.513731 0
    outer loop
      vertex -22.0285 -9.44557 2
      vertex -21.9781 -9.3614 5
      vertex -21.9781 -9.3614 2
    endloop
  endfacet
  facet normal -0.857951 0.513731 0
    outer loop
      vertex -21.9781 -9.3614 5
      vertex -22.0285 -9.44557 2
      vertex -22.0285 -9.44557 5
    endloop
  endfacet
  facet normal -0.941742 -0.336336 0
    outer loop
      vertex -21.9031 -8.59972 2
      vertex -21.9361 -8.50732 5
      vertex -21.9361 -8.50732 2
    endloop
  endfacet
  facet normal -0.941742 -0.336336 0
    outer loop
      vertex -21.9361 -8.50732 5
      vertex -21.9031 -8.59972 2
      vertex -21.9031 -8.59972 5
    endloop
  endfacet
  facet normal -0.595817 0.80312 0
    outer loop
      vertex -22.2256 -9.66301 2
      vertex -22.3044 -9.72147 5
      vertex -22.2256 -9.66301 5
    endloop
  endfacet
  facet normal -0.595817 0.80312 0
    outer loop
      vertex -22.3044 -9.72147 5
      vertex -22.2256 -9.66301 2
      vertex -22.3044 -9.72147 2
    endloop
  endfacet
  facet normal 0.998803 0.048911 0
    outer loop
      vertex -23.8552 -8.98802 5
      vertex -23.86 -8.89 2
      vertex -23.86 -8.89 5
    endloop
  endfacet
  facet normal 0.998803 0.048911 0
    outer loop
      vertex -23.86 -8.89 2
      vertex -23.8552 -8.98802 5
      vertex -23.8552 -8.98802 2
    endloop
  endfacet
  facet normal 0.903837 -0.427876 0
    outer loop
      vertex -23.7839 -8.50732 5
      vertex -23.7419 -8.4186 2
      vertex -23.7419 -8.4186 5
    endloop
  endfacet
  facet normal 0.903837 -0.427876 0
    outer loop
      vertex -23.7419 -8.4186 2
      vertex -23.7839 -8.50732 5
      vertex -23.7839 -8.50732 2
    endloop
  endfacet
  facet normal 0.941742 -0.336336 0
    outer loop
      vertex -23.8169 -8.59972 5
      vertex -23.7839 -8.50732 2
      vertex -23.7839 -8.50732 5
    endloop
  endfacet
  facet normal 0.941742 -0.336336 0
    outer loop
      vertex -23.7839 -8.50732 2
      vertex -23.8169 -8.59972 5
      vertex -23.8169 -8.59972 2
    endloop
  endfacet
  facet normal 0.146696 0.989182 -0
    outer loop
      vertex -22.958 -9.88518 2
      vertex -23.0551 -9.87078 5
      vertex -22.958 -9.88518 5
    endloop
  endfacet
  facet normal 0.146696 0.989182 0
    outer loop
      vertex -23.0551 -9.87078 5
      vertex -22.958 -9.88518 2
      vertex -23.0551 -9.87078 2
    endloop
  endfacet
  facet normal -0.146696 -0.989182 0
    outer loop
      vertex -22.762 -7.89482 2
      vertex -22.6649 -7.90922 5
      vertex -22.762 -7.89482 5
    endloop
  endfacet
  facet normal -0.146696 -0.989182 -0
    outer loop
      vertex -22.6649 -7.90922 5
      vertex -22.762 -7.89482 2
      vertex -22.6649 -7.90922 2
    endloop
  endfacet
  facet normal -0.0491243 -0.998793 0
    outer loop
      vertex -22.86 -7.89 2
      vertex -22.762 -7.89482 5
      vertex -22.86 -7.89 5
    endloop
  endfacet
  facet normal -0.0491243 -0.998793 -0
    outer loop
      vertex -22.762 -7.89482 5
      vertex -22.86 -7.89 2
      vertex -22.762 -7.89482 2
    endloop
  endfacet
  facet normal 0.513971 0.857807 -0
    outer loop
      vertex -23.3314 -9.77192 2
      vertex -23.4156 -9.72147 5
      vertex -23.3314 -9.77192 5
    endloop
  endfacet
  facet normal 0.513971 0.857807 0
    outer loop
      vertex -23.4156 -9.72147 5
      vertex -23.3314 -9.77192 2
      vertex -23.4156 -9.72147 2
    endloop
  endfacet
  facet normal -0.595817 -0.80312 0
    outer loop
      vertex -22.3044 -8.05853 2
      vertex -22.2256 -8.11699 5
      vertex -22.3044 -8.05853 5
    endloop
  endfacet
  facet normal -0.595817 -0.80312 -0
    outer loop
      vertex -22.2256 -8.11699 5
      vertex -22.3044 -8.05853 2
      vertex -22.2256 -8.11699 2
    endloop
  endfacet
  facet normal -0.427622 -0.903958 0
    outer loop
      vertex -22.4773 -7.96612 2
      vertex -22.3886 -8.00808 5
      vertex -22.4773 -7.96612 5
    endloop
  endfacet
  facet normal -0.427622 -0.903958 -0
    outer loop
      vertex -22.3886 -8.00808 5
      vertex -22.4773 -7.96612 2
      vertex -22.3886 -8.00808 2
    endloop
  endfacet
  facet normal -0.903837 0.427876 0
    outer loop
      vertex -21.9781 -9.3614 2
      vertex -21.9361 -9.27268 5
      vertex -21.9361 -9.27268 2
    endloop
  endfacet
  facet normal -0.903837 0.427876 0
    outer loop
      vertex -21.9361 -9.27268 5
      vertex -21.9781 -9.3614 2
      vertex -21.9781 -9.3614 5
    endloop
  endfacet
  facet normal 0.0491243 0.998793 -0
    outer loop
      vertex -22.86 -9.89 2
      vertex -22.958 -9.88518 5
      vertex -22.86 -9.89 5
    endloop
  endfacet
  facet normal 0.0491243 0.998793 0
    outer loop
      vertex -22.958 -9.88518 5
      vertex -22.86 -9.89 2
      vertex -22.958 -9.88518 2
    endloop
  endfacet
  facet normal 0.941742 0.336336 0
    outer loop
      vertex -23.7839 -9.27268 5
      vertex -23.8169 -9.18028 2
      vertex -23.8169 -9.18028 5
    endloop
  endfacet
  facet normal 0.941742 0.336336 0
    outer loop
      vertex -23.8169 -9.18028 2
      vertex -23.7839 -9.27268 5
      vertex -23.7839 -9.27268 2
    endloop
  endfacet
  facet normal -0.242919 -0.970047 0
    outer loop
      vertex -22.6649 -7.90922 2
      vertex -22.5697 -7.93306 5
      vertex -22.6649 -7.90922 5
    endloop
  endfacet
  facet normal -0.242919 -0.970047 -0
    outer loop
      vertex -22.5697 -7.93306 5
      vertex -22.6649 -7.90922 2
      vertex -22.5697 -7.93306 2
    endloop
  endfacet
  facet normal 0.336879 0.941548 -0
    outer loop
      vertex -23.1503 -9.84694 2
      vertex -23.2427 -9.81388 5
      vertex -23.1503 -9.84694 5
    endloop
  endfacet
  facet normal 0.336879 0.941548 0
    outer loop
      vertex -23.2427 -9.81388 5
      vertex -23.1503 -9.84694 2
      vertex -23.2427 -9.81388 2
    endloop
  endfacet
  facet normal -0.671607 0.740908 0
    outer loop
      vertex -22.1529 -9.59711 2
      vertex -22.2256 -9.66301 5
      vertex -22.1529 -9.59711 5
    endloop
  endfacet
  facet normal -0.671607 0.740908 0
    outer loop
      vertex -22.2256 -9.66301 5
      vertex -22.1529 -9.59711 2
      vertex -22.2256 -9.66301 2
    endloop
  endfacet
  facet normal -0.969896 0.243518 0
    outer loop
      vertex -21.9031 -9.18028 2
      vertex -21.8792 -9.08509 5
      vertex -21.8792 -9.08509 2
    endloop
  endfacet
  facet normal -0.969896 0.243518 0
    outer loop
      vertex -21.8792 -9.08509 5
      vertex -21.9031 -9.18028 2
      vertex -21.9031 -9.18028 5
    endloop
  endfacet
  facet normal 0.671607 0.740908 -0
    outer loop
      vertex -23.4944 -9.66301 2
      vertex -23.5671 -9.59711 5
      vertex -23.4944 -9.66301 5
    endloop
  endfacet
  facet normal 0.671607 0.740908 0
    outer loop
      vertex -23.5671 -9.59711 5
      vertex -23.4944 -9.66301 2
      vertex -23.5671 -9.59711 2
    endloop
  endfacet
  facet normal 0.989175 0.146741 0
    outer loop
      vertex -23.8408 -9.08509 5
      vertex -23.8552 -8.98802 2
      vertex -23.8552 -8.98802 5
    endloop
  endfacet
  facet normal 0.989175 0.146741 0
    outer loop
      vertex -23.8552 -8.98802 2
      vertex -23.8408 -9.08509 5
      vertex -23.8408 -9.08509 2
    endloop
  endfacet
  facet normal -0.802997 0.595983 0
    outer loop
      vertex -22.087 -9.52439 2
      vertex -22.0285 -9.44557 5
      vertex -22.0285 -9.44557 2
    endloop
  endfacet
  facet normal -0.802997 0.595983 0
    outer loop
      vertex -22.0285 -9.44557 5
      vertex -22.087 -9.52439 2
      vertex -22.087 -9.52439 5
    endloop
  endfacet
  facet normal -0.336879 0.941548 0
    outer loop
      vertex -22.4773 -9.81388 2
      vertex -22.5697 -9.84694 5
      vertex -22.4773 -9.81388 5
    endloop
  endfacet
  facet normal -0.336879 0.941548 0
    outer loop
      vertex -22.5697 -9.84694 5
      vertex -22.4773 -9.81388 2
      vertex -22.5697 -9.84694 2
    endloop
  endfacet
  facet normal 0.802997 -0.595983 0
    outer loop
      vertex -23.6915 -8.33443 5
      vertex -23.633 -8.25561 2
      vertex -23.633 -8.25561 5
    endloop
  endfacet
  facet normal 0.802997 -0.595983 0
    outer loop
      vertex -23.633 -8.25561 2
      vertex -23.6915 -8.33443 5
      vertex -23.6915 -8.33443 2
    endloop
  endfacet
  facet normal -0.427622 0.903958 0
    outer loop
      vertex -22.3886 -9.77192 2
      vertex -22.4773 -9.81388 5
      vertex -22.3886 -9.77192 5
    endloop
  endfacet
  facet normal -0.427622 0.903958 0
    outer loop
      vertex -22.4773 -9.81388 5
      vertex -22.3886 -9.77192 2
      vertex -22.4773 -9.81388 2
    endloop
  endfacet
  facet normal 0.741 -0.671505 0
    outer loop
      vertex -23.633 -8.25561 5
      vertex -23.5671 -8.18289 2
      vertex -23.5671 -8.18289 5
    endloop
  endfacet
  facet normal 0.741 -0.671505 0
    outer loop
      vertex -23.5671 -8.18289 2
      vertex -23.633 -8.25561 5
      vertex -23.633 -8.25561 2
    endloop
  endfacet
  facet normal 0.427622 -0.903958 0
    outer loop
      vertex -23.3314 -8.00808 2
      vertex -23.2427 -7.96612 5
      vertex -23.3314 -8.00808 5
    endloop
  endfacet
  facet normal 0.427622 -0.903958 0
    outer loop
      vertex -23.2427 -7.96612 5
      vertex -23.3314 -8.00808 2
      vertex -23.2427 -7.96612 2
    endloop
  endfacet
  facet normal 0.857951 -0.513731 0
    outer loop
      vertex -23.7419 -8.4186 5
      vertex -23.6915 -8.33443 2
      vertex -23.6915 -8.33443 5
    endloop
  endfacet
  facet normal 0.857951 -0.513731 0
    outer loop
      vertex -23.6915 -8.33443 2
      vertex -23.7419 -8.4186 5
      vertex -23.7419 -8.4186 2
    endloop
  endfacet
  facet normal -0.59579 0.80314 0
    outer loop
      vertex -24.3045 11.0518 2
      vertex -24.5094 10.8998 5
      vertex -24.3045 11.0518 5
    endloop
  endfacet
  facet normal -0.59579 0.80314 0
    outer loop
      vertex -24.5094 10.8998 5
      vertex -24.3045 11.0518 2
      vertex -24.5094 10.8998 2
    endloop
  endfacet
  facet normal -0.0490774 -0.998795 0
    outer loop
      vertex -23.1148 6.30252 2
      vertex -22.86 6.29 5
      vertex -23.1148 6.30252 5
    endloop
  endfacet
  facet normal -0.0490774 -0.998795 -0
    outer loop
      vertex -22.86 6.29 5
      vertex -23.1148 6.30252 2
      vertex -22.86 6.29 2
    endloop
  endfacet
  facet normal -0.903952 0.427635 0
    outer loop
      vertex -25.2621 9.88498 2
      vertex -25.153 10.1156 5
      vertex -25.153 10.1156 2
    endloop
  endfacet
  facet normal -0.903952 0.427635 0
    outer loop
      vertex -25.153 10.1156 5
      vertex -25.2621 9.88498 2
      vertex -25.2621 9.88498 5
    endloop
  endfacet
  facet normal -0.970029 0.242987 0
    outer loop
      vertex -25.41 9.39723 2
      vertex -25.348 9.64474 5
      vertex -25.348 9.64474 2
    endloop
  endfacet
  facet normal -0.970029 0.242987 0
    outer loop
      vertex -25.348 9.64474 5
      vertex -25.41 9.39723 2
      vertex -25.41 9.39723 5
    endloop
  endfacet
  facet normal 0.970029 -0.242987 0
    outer loop
      vertex -20.372 8.13526 5
      vertex -20.31 8.38277 2
      vertex -20.31 8.38277 5
    endloop
  endfacet
  facet normal 0.970029 -0.242987 0
    outer loop
      vertex -20.31 8.38277 2
      vertex -20.372 8.13526 5
      vertex -20.372 8.13526 2
    endloop
  endfacet
  facet normal -0.514092 0.857735 0
    outer loop
      vertex -24.0856 11.183 2
      vertex -24.3045 11.0518 5
      vertex -24.0856 11.183 5
    endloop
  endfacet
  facet normal -0.514092 0.857735 0
    outer loop
      vertex -24.3045 11.0518 5
      vertex -24.0856 11.183 2
      vertex -24.3045 11.0518 2
    endloop
  endfacet
  facet normal 0.857683 -0.514179 0
    outer loop
      vertex -20.6982 7.44552 5
      vertex -20.567 7.66437 2
      vertex -20.567 7.66437 5
    endloop
  endfacet
  facet normal 0.857683 -0.514179 0
    outer loop
      vertex -20.567 7.66437 2
      vertex -20.6982 7.44552 5
      vertex -20.6982 7.44552 2
    endloop
  endfacet
  facet normal -0.146961 0.989142 0
    outer loop
      vertex -23.1148 11.4775 2
      vertex -23.3672 11.44 5
      vertex -23.1148 11.4775 5
    endloop
  endfacet
  facet normal -0.146961 0.989142 0
    outer loop
      vertex -23.3672 11.44 5
      vertex -23.1148 11.4775 2
      vertex -23.3672 11.44 2
    endloop
  endfacet
  facet normal 0.80314 0.59579 0
    outer loop
      vertex -20.6982 10.3345 5
      vertex -20.8502 10.5394 2
      vertex -20.8502 10.5394 5
    endloop
  endfacet
  facet normal 0.80314 0.59579 0
    outer loop
      vertex -20.8502 10.5394 2
      vertex -20.6982 10.3345 5
      vertex -20.6982 10.3345 2
    endloop
  endfacet
  facet normal -0.336783 -0.941582 0
    outer loop
      vertex -23.855 6.48791 2
      vertex -23.6147 6.40196 5
      vertex -23.855 6.48791 5
    endloop
  endfacet
  facet normal -0.336783 -0.941582 -0
    outer loop
      vertex -23.6147 6.40196 5
      vertex -23.855 6.48791 2
      vertex -23.6147 6.40196 2
    endloop
  endfacet
  facet normal -0.998799 -0.0489915 0
    outer loop
      vertex -25.4475 8.63516 2
      vertex -25.46 8.89 5
      vertex -25.46 8.89 2
    endloop
  endfacet
  facet normal -0.998799 -0.0489915 0
    outer loop
      vertex -25.46 8.89 5
      vertex -25.4475 8.63516 2
      vertex -25.4475 8.63516 5
    endloop
  endfacet
  facet normal 0.427665 0.903937 -0
    outer loop
      vertex -21.6344 11.183 2
      vertex -21.865 11.2921 5
      vertex -21.6344 11.183 5
    endloop
  endfacet
  facet normal 0.427665 0.903937 0
    outer loop
      vertex -21.865 11.2921 5
      vertex -21.6344 11.183 2
      vertex -21.865 11.2921 2
    endloop
  endfacet
  facet normal -0.336609 0.941644 0
    outer loop
      vertex -23.6147 11.378 2
      vertex -23.855 11.2921 5
      vertex -23.6147 11.378 5
    endloop
  endfacet
  facet normal -0.336609 0.941644 0
    outer loop
      vertex -23.855 11.2921 5
      vertex -23.6147 11.378 2
      vertex -23.855 11.2921 2
    endloop
  endfacet
  facet normal 0.989142 0.146966 0
    outer loop
      vertex -20.2725 9.14484 5
      vertex -20.31 9.39723 2
      vertex -20.31 9.39723 5
    endloop
  endfacet
  facet normal 0.989142 0.146966 0
    outer loop
      vertex -20.31 9.39723 2
      vertex -20.2725 9.14484 5
      vertex -20.2725 9.14484 2
    endloop
  endfacet
  facet normal -0.671472 -0.74103 0
    outer loop
      vertex -24.6985 7.05152 2
      vertex -24.5094 6.88017 5
      vertex -24.6985 7.05152 5
    endloop
  endfacet
  facet normal -0.671472 -0.74103 -0
    outer loop
      vertex -24.5094 6.88017 5
      vertex -24.6985 7.05152 2
      vertex -24.5094 6.88017 2
    endloop
  endfacet
  facet normal -0.970029 -0.242987 0
    outer loop
      vertex -25.348 8.13526 2
      vertex -25.41 8.38277 5
      vertex -25.41 8.38277 2
    endloop
  endfacet
  facet normal -0.970029 -0.242987 0
    outer loop
      vertex -25.41 8.38277 5
      vertex -25.348 8.13526 2
      vertex -25.348 8.13526 5
    endloop
  endfacet
  facet normal 0.941618 0.336684 0
    outer loop
      vertex -20.372 9.64474 5
      vertex -20.4579 9.88498 2
      vertex -20.4579 9.88498 5
    endloop
  endfacet
  facet normal 0.941618 0.336684 0
    outer loop
      vertex -20.4579 9.88498 2
      vertex -20.372 9.64474 5
      vertex -20.372 9.64474 2
    endloop
  endfacet
  facet normal 0.903973 -0.427589 0
    outer loop
      vertex -20.567 7.66437 5
      vertex -20.4579 7.89502 2
      vertex -20.4579 7.89502 5
    endloop
  endfacet
  facet normal 0.903973 -0.427589 0
    outer loop
      vertex -20.4579 7.89502 2
      vertex -20.567 7.66437 5
      vertex -20.567 7.66437 2
    endloop
  endfacet
  facet normal 0.146961 0.989142 -0
    outer loop
      vertex -22.3528 11.44 2
      vertex -22.6052 11.4775 5
      vertex -22.3528 11.44 5
    endloop
  endfacet
  facet normal 0.146961 0.989142 0
    outer loop
      vertex -22.6052 11.4775 5
      vertex -22.3528 11.44 2
      vertex -22.6052 11.4775 2
    endloop
  endfacet
  facet normal -0.595765 -0.803159 0
    outer loop
      vertex -24.5094 6.88017 2
      vertex -24.3045 6.72818 5
      vertex -24.5094 6.88017 5
    endloop
  endfacet
  facet normal -0.595765 -0.803159 -0
    outer loop
      vertex -24.3045 6.72818 5
      vertex -24.5094 6.88017 2
      vertex -24.3045 6.72818 2
    endloop
  endfacet
  facet normal 0.970029 0.242987 0
    outer loop
      vertex -20.31 9.39723 5
      vertex -20.372 9.64474 2
      vertex -20.372 9.64474 5
    endloop
  endfacet
  facet normal 0.970029 0.242987 0
    outer loop
      vertex -20.372 9.64474 2
      vertex -20.31 9.39723 5
      vertex -20.31 9.39723 2
    endloop
  endfacet
  facet normal 0.998799 0.0489915 0
    outer loop
      vertex -20.26 8.89 5
      vertex -20.2725 9.14484 2
      vertex -20.2725 9.14484 5
    endloop
  endfacet
  facet normal 0.998799 0.0489915 0
    outer loop
      vertex -20.2725 9.14484 2
      vertex -20.26 8.89 5
      vertex -20.26 8.89 2
    endloop
  endfacet
  facet normal -0.998799 0.0489915 0
    outer loop
      vertex -25.46 8.89 2
      vertex -25.4475 9.14484 5
      vertex -25.4475 9.14484 2
    endloop
  endfacet
  facet normal -0.998799 0.0489915 0
    outer loop
      vertex -25.4475 9.14484 5
      vertex -25.46 8.89 2
      vertex -25.46 8.89 5
    endloop
  endfacet
  facet normal 0.989142 -0.146966 0
    outer loop
      vertex -20.31 8.38277 5
      vertex -20.2725 8.63516 2
      vertex -20.2725 8.63516 5
    endloop
  endfacet
  facet normal 0.989142 -0.146966 0
    outer loop
      vertex -20.2725 8.63516 2
      vertex -20.31 8.38277 5
      vertex -20.31 8.38277 2
    endloop
  endfacet
  facet normal -0.514006 -0.857787 0
    outer loop
      vertex -24.3045 6.72818 2
      vertex -24.0856 6.59701 5
      vertex -24.3045 6.72818 5
    endloop
  endfacet
  facet normal -0.514006 -0.857787 -0
    outer loop
      vertex -24.0856 6.59701 5
      vertex -24.3045 6.72818 2
      vertex -24.0856 6.59701 2
    endloop
  endfacet
  facet normal 0.242997 0.970027 -0
    outer loop
      vertex -22.1053 11.378 2
      vertex -22.3528 11.44 5
      vertex -22.1053 11.378 5
    endloop
  endfacet
  facet normal 0.242997 0.970027 0
    outer loop
      vertex -22.3528 11.44 5
      vertex -22.1053 11.378 2
      vertex -22.3528 11.44 2
    endloop
  endfacet
  facet normal 0.741127 0.671365 0
    outer loop
      vertex -20.8502 10.5394 5
      vertex -21.0215 10.7285 2
      vertex -21.0215 10.7285 5
    endloop
  endfacet
  facet normal 0.741127 0.671365 0
    outer loop
      vertex -21.0215 10.7285 2
      vertex -20.8502 10.5394 5
      vertex -20.8502 10.5394 2
    endloop
  endfacet
  facet normal 0.857735 0.514092 0
    outer loop
      vertex -20.567 10.1156 5
      vertex -20.6982 10.3345 2
      vertex -20.6982 10.3345 5
    endloop
  endfacet
  facet normal 0.857735 0.514092 0
    outer loop
      vertex -20.6982 10.3345 2
      vertex -20.567 10.1156 5
      vertex -20.567 10.1156 2
    endloop
  endfacet
  facet normal 0.998799 -0.0489915 0
    outer loop
      vertex -20.2725 8.63516 5
      vertex -20.26 8.89 2
      vertex -20.26 8.89 5
    endloop
  endfacet
  facet normal 0.998799 -0.0489915 0
    outer loop
      vertex -20.26 8.89 2
      vertex -20.2725 8.63516 5
      vertex -20.2725 8.63516 2
    endloop
  endfacet
  facet normal 0.671365 0.741127 -0
    outer loop
      vertex -21.0215 10.7285 2
      vertex -21.2106 10.8998 5
      vertex -21.0215 10.7285 5
    endloop
  endfacet
  facet normal 0.671365 0.741127 0
    outer loop
      vertex -21.2106 10.8998 5
      vertex -21.0215 10.7285 2
      vertex -21.2106 10.8998 2
    endloop
  endfacet
  facet normal 0.0489992 0.998799 -0
    outer loop
      vertex -22.6052 11.4775 2
      vertex -22.86 11.49 5
      vertex -22.6052 11.4775 5
    endloop
  endfacet
  facet normal 0.0489992 0.998799 0
    outer loop
      vertex -22.86 11.49 5
      vertex -22.6052 11.4775 2
      vertex -22.86 11.49 2
    endloop
  endfacet
  facet normal -0.0489992 0.998799 0
    outer loop
      vertex -22.86 11.49 2
      vertex -23.1148 11.4775 5
      vertex -22.86 11.49 5
    endloop
  endfacet
  facet normal -0.0489992 0.998799 0
    outer loop
      vertex -23.1148 11.4775 5
      vertex -22.86 11.49 2
      vertex -23.1148 11.4775 2
    endloop
  endfacet
  facet normal 0.14673 -0.989177 0
    outer loop
      vertex -22.6052 6.30252 2
      vertex -22.3528 6.33996 5
      vertex -22.6052 6.30252 5
    endloop
  endfacet
  facet normal 0.14673 -0.989177 0
    outer loop
      vertex -22.3528 6.33996 5
      vertex -22.6052 6.30252 2
      vertex -22.3528 6.33996 2
    endloop
  endfacet
  facet normal 0.803196 -0.595715 0
    outer loop
      vertex -20.8502 7.24058 5
      vertex -20.6982 7.44552 2
      vertex -20.6982 7.44552 5
    endloop
  endfacet
  facet normal 0.803196 -0.595715 0
    outer loop
      vertex -20.6982 7.44552 2
      vertex -20.8502 7.24058 5
      vertex -20.8502 7.24058 2
    endloop
  endfacet
  facet normal 0.941618 -0.336684 0
    outer loop
      vertex -20.4579 7.89502 5
      vertex -20.372 8.13526 2
      vertex -20.372 8.13526 5
    endloop
  endfacet
  facet normal 0.941618 -0.336684 0
    outer loop
      vertex -20.372 8.13526 2
      vertex -20.4579 7.89502 5
      vertex -20.4579 7.89502 2
    endloop
  endfacet
  facet normal -0.741056 -0.671443 0
    outer loop
      vertex -24.6985 7.05152 2
      vertex -24.8698 7.24058 5
      vertex -24.8698 7.24058 2
    endloop
  endfacet
  facet normal -0.741056 -0.671443 0
    outer loop
      vertex -24.8698 7.24058 5
      vertex -24.6985 7.05152 2
      vertex -24.6985 7.05152 5
    endloop
  endfacet
  facet normal -0.803196 -0.595715 0
    outer loop
      vertex -24.8698 7.24058 2
      vertex -25.0218 7.44552 5
      vertex -25.0218 7.44552 2
    endloop
  endfacet
  facet normal -0.803196 -0.595715 0
    outer loop
      vertex -25.0218 7.44552 5
      vertex -24.8698 7.24058 2
      vertex -24.8698 7.24058 5
    endloop
  endfacet
  facet normal -0.903973 -0.427589 0
    outer loop
      vertex -25.153 7.66437 2
      vertex -25.2621 7.89502 5
      vertex -25.2621 7.89502 2
    endloop
  endfacet
  facet normal -0.903973 -0.427589 0
    outer loop
      vertex -25.2621 7.89502 5
      vertex -25.153 7.66437 2
      vertex -25.153 7.66437 5
    endloop
  endfacet
  facet normal -0.989142 0.146966 0
    outer loop
      vertex -25.4475 9.14484 2
      vertex -25.41 9.39723 5
      vertex -25.41 9.39723 2
    endloop
  endfacet
  facet normal -0.989142 0.146966 0
    outer loop
      vertex -25.41 9.39723 5
      vertex -25.4475 9.14484 2
      vertex -25.4475 9.14484 5
    endloop
  endfacet
  facet normal 0.514006 -0.857787 0
    outer loop
      vertex -21.6344 6.59701 2
      vertex -21.4155 6.72818 5
      vertex -21.6344 6.59701 5
    endloop
  endfacet
  facet normal 0.514006 -0.857787 0
    outer loop
      vertex -21.4155 6.72818 5
      vertex -21.6344 6.59701 2
      vertex -21.4155 6.72818 2
    endloop
  endfacet
  facet normal 0.903952 0.427635 0
    outer loop
      vertex -20.4579 9.88498 5
      vertex -20.567 10.1156 2
      vertex -20.567 10.1156 5
    endloop
  endfacet
  facet normal 0.903952 0.427635 0
    outer loop
      vertex -20.567 10.1156 2
      vertex -20.4579 9.88498 5
      vertex -20.4579 9.88498 2
    endloop
  endfacet
  facet normal -0.941618 -0.336684 0
    outer loop
      vertex -25.2621 7.89502 2
      vertex -25.348 8.13526 5
      vertex -25.348 8.13526 2
    endloop
  endfacet
  facet normal -0.941618 -0.336684 0
    outer loop
      vertex -25.348 8.13526 5
      vertex -25.2621 7.89502 2
      vertex -25.2621 7.89502 5
    endloop
  endfacet
  facet normal -0.14673 -0.989177 0
    outer loop
      vertex -23.3672 6.33996 2
      vertex -23.1148 6.30252 5
      vertex -23.3672 6.33996 5
    endloop
  endfacet
  facet normal -0.14673 -0.989177 -0
    outer loop
      vertex -23.1148 6.30252 5
      vertex -23.3672 6.33996 2
      vertex -23.1148 6.30252 2
    endloop
  endfacet
  facet normal 0.595765 -0.803159 0
    outer loop
      vertex -21.4155 6.72818 2
      vertex -21.2106 6.88017 5
      vertex -21.4155 6.72818 5
    endloop
  endfacet
  facet normal 0.595765 -0.803159 0
    outer loop
      vertex -21.2106 6.88017 5
      vertex -21.4155 6.72818 2
      vertex -21.2106 6.88017 2
    endloop
  endfacet
  facet normal 0.741056 -0.671443 0
    outer loop
      vertex -21.0215 7.05152 5
      vertex -20.8502 7.24058 2
      vertex -20.8502 7.24058 5
    endloop
  endfacet
  facet normal 0.741056 -0.671443 0
    outer loop
      vertex -20.8502 7.24058 2
      vertex -21.0215 7.05152 5
      vertex -21.0215 7.05152 2
    endloop
  endfacet
  facet normal -0.242997 -0.970027 0
    outer loop
      vertex -23.6147 6.40196 2
      vertex -23.3672 6.33996 5
      vertex -23.6147 6.40196 5
    endloop
  endfacet
  facet normal -0.242997 -0.970027 -0
    outer loop
      vertex -23.3672 6.33996 5
      vertex -23.6147 6.40196 2
      vertex -23.3672 6.33996 2
    endloop
  endfacet
  facet normal 0.0490774 -0.998795 0
    outer loop
      vertex -22.86 6.29 2
      vertex -22.6052 6.30252 5
      vertex -22.86 6.29 5
    endloop
  endfacet
  facet normal 0.0490774 -0.998795 0
    outer loop
      vertex -22.6052 6.30252 5
      vertex -22.86 6.29 2
      vertex -22.6052 6.30252 2
    endloop
  endfacet
  facet normal -0.671365 0.741127 0
    outer loop
      vertex -24.5094 10.8998 2
      vertex -24.6985 10.7285 5
      vertex -24.5094 10.8998 5
    endloop
  endfacet
  facet normal -0.671365 0.741127 0
    outer loop
      vertex -24.6985 10.7285 5
      vertex -24.5094 10.8998 2
      vertex -24.6985 10.7285 2
    endloop
  endfacet
  facet normal 0.514092 0.857735 -0
    outer loop
      vertex -21.4155 11.0518 2
      vertex -21.6344 11.183 5
      vertex -21.4155 11.0518 5
    endloop
  endfacet
  facet normal 0.514092 0.857735 0
    outer loop
      vertex -21.6344 11.183 5
      vertex -21.4155 11.0518 2
      vertex -21.6344 11.183 2
    endloop
  endfacet
  facet normal 0.59579 0.80314 -0
    outer loop
      vertex -21.2106 10.8998 2
      vertex -21.4155 11.0518 5
      vertex -21.2106 10.8998 5
    endloop
  endfacet
  facet normal 0.59579 0.80314 0
    outer loop
      vertex -21.4155 11.0518 5
      vertex -21.2106 10.8998 2
      vertex -21.4155 11.0518 2
    endloop
  endfacet
  facet normal -0.242997 0.970027 0
    outer loop
      vertex -23.3672 11.44 2
      vertex -23.6147 11.378 5
      vertex -23.3672 11.44 5
    endloop
  endfacet
  facet normal -0.242997 0.970027 0
    outer loop
      vertex -23.6147 11.378 5
      vertex -23.3672 11.44 2
      vertex -23.6147 11.378 2
    endloop
  endfacet
  facet normal -0.941618 0.336684 0
    outer loop
      vertex -25.348 9.64474 2
      vertex -25.2621 9.88498 5
      vertex -25.2621 9.88498 2
    endloop
  endfacet
  facet normal -0.941618 0.336684 0
    outer loop
      vertex -25.2621 9.88498 5
      vertex -25.348 9.64474 2
      vertex -25.348 9.64474 5
    endloop
  endfacet
  facet normal -0.427665 0.903937 0
    outer loop
      vertex -23.855 11.2921 2
      vertex -24.0856 11.183 5
      vertex -23.855 11.2921 5
    endloop
  endfacet
  facet normal -0.427665 0.903937 0
    outer loop
      vertex -24.0856 11.183 5
      vertex -23.855 11.2921 2
      vertex -24.0856 11.183 2
    endloop
  endfacet
  facet normal -0.989142 -0.146966 0
    outer loop
      vertex -25.41 8.38277 2
      vertex -25.4475 8.63516 5
      vertex -25.4475 8.63516 2
    endloop
  endfacet
  facet normal -0.989142 -0.146966 0
    outer loop
      vertex -25.4475 8.63516 5
      vertex -25.41 8.38277 2
      vertex -25.41 8.38277 5
    endloop
  endfacet
  facet normal 0.427665 -0.903937 0
    outer loop
      vertex -21.865 6.48791 2
      vertex -21.6344 6.59701 5
      vertex -21.865 6.48791 5
    endloop
  endfacet
  facet normal 0.427665 -0.903937 0
    outer loop
      vertex -21.6344 6.59701 5
      vertex -21.865 6.48791 2
      vertex -21.6344 6.59701 2
    endloop
  endfacet
  facet normal 0.336783 -0.941582 0
    outer loop
      vertex -22.1053 6.40196 2
      vertex -21.865 6.48791 5
      vertex -22.1053 6.40196 5
    endloop
  endfacet
  facet normal 0.336783 -0.941582 0
    outer loop
      vertex -21.865 6.48791 5
      vertex -22.1053 6.40196 2
      vertex -21.865 6.48791 2
    endloop
  endfacet
  facet normal -0.427665 -0.903937 0
    outer loop
      vertex -24.0856 6.59701 2
      vertex -23.855 6.48791 5
      vertex -24.0856 6.59701 5
    endloop
  endfacet
  facet normal -0.427665 -0.903937 -0
    outer loop
      vertex -23.855 6.48791 5
      vertex -24.0856 6.59701 2
      vertex -23.855 6.48791 2
    endloop
  endfacet
  facet normal 0.242997 -0.970027 0
    outer loop
      vertex -22.3528 6.33996 2
      vertex -22.1053 6.40196 5
      vertex -22.3528 6.33996 5
    endloop
  endfacet
  facet normal 0.242997 -0.970027 0
    outer loop
      vertex -22.1053 6.40196 5
      vertex -22.3528 6.33996 2
      vertex -22.1053 6.40196 2
    endloop
  endfacet
  facet normal -0.741127 0.671365 0
    outer loop
      vertex -24.8698 10.5394 2
      vertex -24.6985 10.7285 5
      vertex -24.6985 10.7285 2
    endloop
  endfacet
  facet normal -0.741127 0.671365 0
    outer loop
      vertex -24.6985 10.7285 5
      vertex -24.8698 10.5394 2
      vertex -24.8698 10.5394 5
    endloop
  endfacet
  facet normal 0 0 1
    outer loop
      vertex -21.86 8.89 5
      vertex -20.26 8.89 5
      vertex -20.2725 9.14484 5
    endloop
  endfacet
  facet normal 0 0 1
    outer loop
      vertex -21.8648 8.98802 5
      vertex -20.2725 9.14484 5
      vertex -20.31 9.39723 5
    endloop
  endfacet
  facet normal 0 0 1
    outer loop
      vertex -20.26 8.89 5
      vertex -21.86 8.89 5
      vertex -20.2725 8.63516 5
    endloop
  endfacet
  facet normal 0 0 1
    outer loop
      vertex -21.8792 9.08509 5
      vertex -20.31 9.39723 5
      vertex -20.372 9.64474 5
    endloop
  endfacet
  facet normal -0 0 1
    outer loop
      vertex -21.8648 8.79198 5
      vertex -20.2725 8.63516 5
      vertex -21.86 8.89 5
    endloop
  endfacet
  facet normal 0 0 1
    outer loop
      vertex -21.9031 9.18028 5
      vertex -20.372 9.64474 5
      vertex -20.4579 9.88498 5
    endloop
  endfacet
  facet normal 0 0 1
    outer loop
      vertex -20.2725 8.63516 5
      vertex -21.8648 8.79198 5
      vertex -20.31 8.38277 5
    endloop
  endfacet
  facet normal 0 0 1
    outer loop
      vertex -21.9361 9.27268 5
      vertex -20.4579 9.88498 5
      vertex -20.567 10.1156 5
    endloop
  endfacet
  facet normal -0 0 1
    outer loop
      vertex -21.8792 8.69491 5
      vertex -20.31 8.38277 5
      vertex -21.8648 8.79198 5
    endloop
  endfacet
  facet normal 0 0 1
    outer loop
      vertex -21.9781 9.3614 5
      vertex -20.567 10.1156 5
      vertex -20.6982 10.3345 5
    endloop
  endfacet
  facet normal 0 0 1
    outer loop
      vertex -20.31 8.38277 5
      vertex -21.8792 8.69491 5
      vertex -20.372 8.13526 5
    endloop
  endfacet
  facet normal 0 0 1
    outer loop
      vertex -22.0285 9.44557 5
      vertex -20.6982 10.3345 5
      vertex -20.8502 10.5394 5
    endloop
  endfacet
  facet normal -0 0 1
    outer loop
      vertex -21.9031 8.59972 5
      vertex -20.372 8.13526 5
      vertex -21.8792 8.69491 5
    endloop
  endfacet
  facet normal 0 0 1
    outer loop
      vertex -22.087 9.52439 5
      vertex -20.8502 10.5394 5
      vertex -21.0215 10.7285 5
    endloop
  endfacet
  facet normal 0 0 1
    outer loop
      vertex -20.372 8.13526 5
      vertex -21.9031 8.59972 5
      vertex -20.4579 7.89502 5
    endloop
  endfacet
  facet normal 0 0 1
    outer loop
      vertex -22.1529 9.59711 5
      vertex -21.0215 10.7285 5
      vertex -21.2106 10.8998 5
    endloop
  endfacet
  facet normal -0 0 1
    outer loop
      vertex -21.9361 8.50732 5
      vertex -20.4579 7.89502 5
      vertex -21.9031 8.59972 5
    endloop
  endfacet
  facet normal 0 0 1
    outer loop
      vertex -22.2256 9.66301 5
      vertex -21.2106 10.8998 5
      vertex -21.4155 11.0518 5
    endloop
  endfacet
  facet normal 0 0 1
    outer loop
      vertex -20.4579 7.89502 5
      vertex -21.9361 8.50732 5
      vertex -20.567 7.66437 5
    endloop
  endfacet
  facet normal 0 0 1
    outer loop
      vertex -22.3044 9.72147 5
      vertex -21.4155 11.0518 5
      vertex -21.6344 11.183 5
    endloop
  endfacet
  facet normal -0 0 1
    outer loop
      vertex -21.9781 8.4186 5
      vertex -20.567 7.66437 5
      vertex -21.9361 8.50732 5
    endloop
  endfacet
  facet normal 0 0 1
    outer loop
      vertex -20.567 7.66437 5
      vertex -21.9781 8.4186 5
      vertex -20.6982 7.44552 5
    endloop
  endfacet
  facet normal 0 0 1
    outer loop
      vertex -20.2725 9.14484 5
      vertex -21.8648 8.98802 5
      vertex -21.86 8.89 5
    endloop
  endfacet
  facet normal 0 0 1
    outer loop
      vertex -22.3886 9.77192 5
      vertex -21.6344 11.183 5
      vertex -21.865 11.2921 5
    endloop
  endfacet
  facet normal 0 0 1
    outer loop
      vertex -20.31 9.39723 5
      vertex -21.8792 9.08509 5
      vertex -21.8648 8.98802 5
    endloop
  endfacet
  facet normal 0 0 1
    outer loop
      vertex -20.372 9.64474 5
      vertex -21.9031 9.18028 5
      vertex -21.8792 9.08509 5
    endloop
  endfacet
  facet normal 0 0 1
    outer loop
      vertex -20.4579 9.88498 5
      vertex -21.9361 9.27268 5
      vertex -21.9031 9.18028 5
    endloop
  endfacet
  facet normal 0 0 1
    outer loop
      vertex -20.567 10.1156 5
      vertex -21.9781 9.3614 5
      vertex -21.9361 9.27268 5
    endloop
  endfacet
  facet normal 0 0 1
    outer loop
      vertex -20.6982 10.3345 5
      vertex -22.0285 9.44557 5
      vertex -21.9781 9.3614 5
    endloop
  endfacet
  facet normal 0 0 1
    outer loop
      vertex -20.8502 10.5394 5
      vertex -22.087 9.52439 5
      vertex -22.0285 9.44557 5
    endloop
  endfacet
  facet normal 0 0 1
    outer loop
      vertex -22.4773 9.81388 5
      vertex -21.865 11.2921 5
      vertex -22.1053 11.378 5
    endloop
  endfacet
  facet normal 0 0 1
    outer loop
      vertex -21.0215 10.7285 5
      vertex -22.1529 9.59711 5
      vertex -22.087 9.52439 5
    endloop
  endfacet
  facet normal 0 0 1
    outer loop
      vertex -21.2106 10.8998 5
      vertex -22.2256 9.66301 5
      vertex -22.1529 9.59711 5
    endloop
  endfacet
  facet normal 0 0 1
    outer loop
      vertex -21.4155 11.0518 5
      vertex -22.3044 9.72147 5
      vertex -22.2256 9.66301 5
    endloop
  endfacet
  facet normal 0 0 1
    outer loop
      vertex -22.5697 9.84694 5
      vertex -22.1053 11.378 5
      vertex -22.3528 11.44 5
    endloop
  endfacet
  facet normal 0 0 1
    outer loop
      vertex -21.6344 11.183 5
      vertex -22.3886 9.77192 5
      vertex -22.3044 9.72147 5
    endloop
  endfacet
  facet normal 0 0 1
    outer loop
      vertex -21.865 11.2921 5
      vertex -22.4773 9.81388 5
      vertex -22.3886 9.77192 5
    endloop
  endfacet
  facet normal 0 0 1
    outer loop
      vertex -22.1053 11.378 5
      vertex -22.5697 9.84694 5
      vertex -22.4773 9.81388 5
    endloop
  endfacet
  facet normal 0 0 1
    outer loop
      vertex -22.6649 9.87078 5
      vertex -22.3528 11.44 5
      vertex -22.6052 11.4775 5
    endloop
  endfacet
  facet normal 0 0 1
    outer loop
      vertex -22.3528 11.44 5
      vertex -22.6649 9.87078 5
      vertex -22.5697 9.84694 5
    endloop
  endfacet
  facet normal 0 0 1
    outer loop
      vertex -22.6052 11.4775 5
      vertex -22.762 9.88518 5
      vertex -22.6649 9.87078 5
    endloop
  endfacet
  facet normal 0 0 1
    outer loop
      vertex -22.86 11.49 5
      vertex -22.762 9.88518 5
      vertex -22.6052 11.4775 5
    endloop
  endfacet
  facet normal 0 0 1
    outer loop
      vertex -22.86 11.49 5
      vertex -22.86 9.89 5
      vertex -22.762 9.88518 5
    endloop
  endfacet
  facet normal 0 0 1
    outer loop
      vertex -22.86 11.49 5
      vertex -22.958 9.88518 5
      vertex -22.86 9.89 5
    endloop
  endfacet
  facet normal -0 0 1
    outer loop
      vertex -23.1148 11.4775 5
      vertex -22.958 9.88518 5
      vertex -22.86 11.49 5
    endloop
  endfacet
  facet normal 0 0 1
    outer loop
      vertex -22.958 9.88518 5
      vertex -23.1148 11.4775 5
      vertex -23.0551 9.87078 5
    endloop
  endfacet
  facet normal -0 0 1
    outer loop
      vertex -23.3672 11.44 5
      vertex -23.0551 9.87078 5
      vertex -23.1148 11.4775 5
    endloop
  endfacet
  facet normal 0 0 1
    outer loop
      vertex -23.0551 9.87078 5
      vertex -23.3672 11.44 5
      vertex -23.1503 9.84694 5
    endloop
  endfacet
  facet normal -0 0 1
    outer loop
      vertex -23.6147 11.378 5
      vertex -23.1503 9.84694 5
      vertex -23.3672 11.44 5
    endloop
  endfacet
  facet normal 0 0 1
    outer loop
      vertex -23.1503 9.84694 5
      vertex -23.6147 11.378 5
      vertex -23.2427 9.81388 5
    endloop
  endfacet
  facet normal -0 0 1
    outer loop
      vertex -23.855 11.2921 5
      vertex -23.2427 9.81388 5
      vertex -23.6147 11.378 5
    endloop
  endfacet
  facet normal 0 0 1
    outer loop
      vertex -23.2427 9.81388 5
      vertex -23.855 11.2921 5
      vertex -23.3314 9.77192 5
    endloop
  endfacet
  facet normal -0 0 1
    outer loop
      vertex -24.0856 11.183 5
      vertex -23.3314 9.77192 5
      vertex -23.855 11.2921 5
    endloop
  endfacet
  facet normal 0 0 1
    outer loop
      vertex -23.3314 9.77192 5
      vertex -24.0856 11.183 5
      vertex -23.4156 9.72147 5
    endloop
  endfacet
  facet normal -0 0 1
    outer loop
      vertex -24.3045 11.0518 5
      vertex -23.4156 9.72147 5
      vertex -24.0856 11.183 5
    endloop
  endfacet
  facet normal 0 0 1
    outer loop
      vertex -23.4156 9.72147 5
      vertex -24.3045 11.0518 5
      vertex -23.4944 9.66301 5
    endloop
  endfacet
  facet normal -0 0 1
    outer loop
      vertex -24.5094 10.8998 5
      vertex -23.4944 9.66301 5
      vertex -24.3045 11.0518 5
    endloop
  endfacet
  facet normal 0 0 1
    outer loop
      vertex -23.4944 9.66301 5
      vertex -24.5094 10.8998 5
      vertex -23.5671 9.59711 5
    endloop
  endfacet
  facet normal -0 0 1
    outer loop
      vertex -24.6985 10.7285 5
      vertex -23.5671 9.59711 5
      vertex -24.5094 10.8998 5
    endloop
  endfacet
  facet normal 0 0 1
    outer loop
      vertex -23.5671 9.59711 5
      vertex -24.6985 10.7285 5
      vertex -23.633 9.52439 5
    endloop
  endfacet
  facet normal -0 0 1
    outer loop
      vertex -24.8698 10.5394 5
      vertex -23.633 9.52439 5
      vertex -24.6985 10.7285 5
    endloop
  endfacet
  facet normal 0 0 1
    outer loop
      vertex -23.633 9.52439 5
      vertex -24.8698 10.5394 5
      vertex -23.6915 9.44557 5
    endloop
  endfacet
  facet normal -0 0 1
    outer loop
      vertex -25.0218 10.3345 5
      vertex -23.6915 9.44557 5
      vertex -24.8698 10.5394 5
    endloop
  endfacet
  facet normal 0 0 1
    outer loop
      vertex -23.6915 9.44557 5
      vertex -25.0218 10.3345 5
      vertex -23.7419 9.3614 5
    endloop
  endfacet
  facet normal -0 0 1
    outer loop
      vertex -22.0285 8.33443 5
      vertex -20.6982 7.44552 5
      vertex -21.9781 8.4186 5
    endloop
  endfacet
  facet normal 0 0 1
    outer loop
      vertex -20.6982 7.44552 5
      vertex -22.0285 8.33443 5
      vertex -20.8502 7.24058 5
    endloop
  endfacet
  facet normal -0 0 1
    outer loop
      vertex -22.087 8.25561 5
      vertex -20.8502 7.24058 5
      vertex -22.0285 8.33443 5
    endloop
  endfacet
  facet normal 0 0 1
    outer loop
      vertex -20.8502 7.24058 5
      vertex -22.087 8.25561 5
      vertex -21.0215 7.05152 5
    endloop
  endfacet
  facet normal -0 0 1
    outer loop
      vertex -22.1529 8.18289 5
      vertex -21.0215 7.05152 5
      vertex -22.087 8.25561 5
    endloop
  endfacet
  facet normal 0 0 1
    outer loop
      vertex -21.0215 7.05152 5
      vertex -22.1529 8.18289 5
      vertex -21.2106 6.88017 5
    endloop
  endfacet
  facet normal -0 0 1
    outer loop
      vertex -22.2256 8.11699 5
      vertex -21.2106 6.88017 5
      vertex -22.1529 8.18289 5
    endloop
  endfacet
  facet normal 0 0 1
    outer loop
      vertex -21.2106 6.88017 5
      vertex -22.2256 8.11699 5
      vertex -21.4155 6.72818 5
    endloop
  endfacet
  facet normal -0 0 1
    outer loop
      vertex -22.3044 8.05853 5
      vertex -21.4155 6.72818 5
      vertex -22.2256 8.11699 5
    endloop
  endfacet
  facet normal 0 0 1
    outer loop
      vertex -21.4155 6.72818 5
      vertex -22.3044 8.05853 5
      vertex -21.6344 6.59701 5
    endloop
  endfacet
  facet normal -0 0 1
    outer loop
      vertex -22.3886 8.00808 5
      vertex -21.6344 6.59701 5
      vertex -22.3044 8.05853 5
    endloop
  endfacet
  facet normal 0 0 1
    outer loop
      vertex -21.6344 6.59701 5
      vertex -22.3886 8.00808 5
      vertex -21.865 6.48791 5
    endloop
  endfacet
  facet normal -0 0 1
    outer loop
      vertex -22.4773 7.96612 5
      vertex -21.865 6.48791 5
      vertex -22.3886 8.00808 5
    endloop
  endfacet
  facet normal 0 0 1
    outer loop
      vertex -21.865 6.48791 5
      vertex -22.4773 7.96612 5
      vertex -22.1053 6.40196 5
    endloop
  endfacet
  facet normal -0 0 1
    outer loop
      vertex -22.5697 7.93306 5
      vertex -22.1053 6.40196 5
      vertex -22.4773 7.96612 5
    endloop
  endfacet
  facet normal 0 0 1
    outer loop
      vertex -22.1053 6.40196 5
      vertex -22.5697 7.93306 5
      vertex -22.3528 6.33996 5
    endloop
  endfacet
  facet normal -0 0 1
    outer loop
      vertex -22.6649 7.90922 5
      vertex -22.3528 6.33996 5
      vertex -22.5697 7.93306 5
    endloop
  endfacet
  facet normal 0 0 1
    outer loop
      vertex -22.3528 6.33996 5
      vertex -22.6649 7.90922 5
      vertex -22.6052 6.30252 5
    endloop
  endfacet
  facet normal -0 0 1
    outer loop
      vertex -22.762 7.89482 5
      vertex -22.6052 6.30252 5
      vertex -22.6649 7.90922 5
    endloop
  endfacet
  facet normal -0 0 1
    outer loop
      vertex -22.86 7.89 5
      vertex -22.6052 6.30252 5
      vertex -22.762 7.89482 5
    endloop
  endfacet
  facet normal 0 0 1
    outer loop
      vertex -22.86 7.89 5
      vertex -22.86 6.29 5
      vertex -22.6052 6.30252 5
    endloop
  endfacet
  facet normal 0 0 1
    outer loop
      vertex -22.958 7.89482 5
      vertex -22.86 6.29 5
      vertex -22.86 7.89 5
    endloop
  endfacet
  facet normal 0 0 1
    outer loop
      vertex -23.1148 6.30252 5
      vertex -22.958 7.89482 5
      vertex -23.0551 7.90922 5
    endloop
  endfacet
  facet normal 0 0 1
    outer loop
      vertex -22.958 7.89482 5
      vertex -23.1148 6.30252 5
      vertex -22.86 6.29 5
    endloop
  endfacet
  facet normal 0 0 1
    outer loop
      vertex -23.3672 6.33996 5
      vertex -23.0551 7.90922 5
      vertex -23.1503 7.93306 5
    endloop
  endfacet
  facet normal 0 0 1
    outer loop
      vertex -23.6147 6.40196 5
      vertex -23.1503 7.93306 5
      vertex -23.2427 7.96612 5
    endloop
  endfacet
  facet normal 0 0 1
    outer loop
      vertex -23.855 6.48791 5
      vertex -23.2427 7.96612 5
      vertex -23.3314 8.00808 5
    endloop
  endfacet
  facet normal 0 0 1
    outer loop
      vertex -23.0551 7.90922 5
      vertex -23.3672 6.33996 5
      vertex -23.1148 6.30252 5
    endloop
  endfacet
  facet normal 0 0 1
    outer loop
      vertex -24.0856 6.59701 5
      vertex -23.3314 8.00808 5
      vertex -23.4156 8.05853 5
    endloop
  endfacet
  facet normal 0 0 1
    outer loop
      vertex -24.3045 6.72818 5
      vertex -23.4156 8.05853 5
      vertex -23.4944 8.11699 5
    endloop
  endfacet
  facet normal 0 0 1
    outer loop
      vertex -24.5094 6.88017 5
      vertex -23.4944 8.11699 5
      vertex -23.5671 8.18289 5
    endloop
  endfacet
  facet normal 0 0 1
    outer loop
      vertex -23.1503 7.93306 5
      vertex -23.6147 6.40196 5
      vertex -23.3672 6.33996 5
    endloop
  endfacet
  facet normal 0 0 1
    outer loop
      vertex -24.6985 7.05152 5
      vertex -23.5671 8.18289 5
      vertex -23.633 8.25561 5
    endloop
  endfacet
  facet normal 0 0 1
    outer loop
      vertex -24.8698 7.24058 5
      vertex -23.633 8.25561 5
      vertex -23.6915 8.33443 5
    endloop
  endfacet
  facet normal 0 0 1
    outer loop
      vertex -25.0218 7.44552 5
      vertex -23.6915 8.33443 5
      vertex -23.7419 8.4186 5
    endloop
  endfacet
  facet normal 0 0 1
    outer loop
      vertex -25.153 7.66437 5
      vertex -23.7419 8.4186 5
      vertex -23.7839 8.50732 5
    endloop
  endfacet
  facet normal 0 0 1
    outer loop
      vertex -25.2621 7.89502 5
      vertex -23.7839 8.50732 5
      vertex -23.8169 8.59972 5
    endloop
  endfacet
  facet normal 0 0 1
    outer loop
      vertex -25.348 8.13526 5
      vertex -23.8169 8.59972 5
      vertex -23.8408 8.69491 5
    endloop
  endfacet
  facet normal 0 0 1
    outer loop
      vertex -23.2427 7.96612 5
      vertex -23.855 6.48791 5
      vertex -23.6147 6.40196 5
    endloop
  endfacet
  facet normal 0 0 1
    outer loop
      vertex -25.41 8.38277 5
      vertex -23.8408 8.69491 5
      vertex -23.8552 8.79198 5
    endloop
  endfacet
  facet normal 0 0 1
    outer loop
      vertex -25.4475 8.63516 5
      vertex -23.8552 8.79198 5
      vertex -23.86 8.89 5
    endloop
  endfacet
  facet normal -0 0 1
    outer loop
      vertex -25.153 10.1156 5
      vertex -23.7419 9.3614 5
      vertex -25.0218 10.3345 5
    endloop
  endfacet
  facet normal 0 0 1
    outer loop
      vertex -23.3314 8.00808 5
      vertex -24.0856 6.59701 5
      vertex -23.855 6.48791 5
    endloop
  endfacet
  facet normal 0 0 1
    outer loop
      vertex -23.7419 9.3614 5
      vertex -25.153 10.1156 5
      vertex -23.7839 9.27268 5
    endloop
  endfacet
  facet normal 0 0 1
    outer loop
      vertex -23.4156 8.05853 5
      vertex -24.3045 6.72818 5
      vertex -24.0856 6.59701 5
    endloop
  endfacet
  facet normal -0 0 1
    outer loop
      vertex -25.2621 9.88498 5
      vertex -23.7839 9.27268 5
      vertex -25.153 10.1156 5
    endloop
  endfacet
  facet normal 0 0 1
    outer loop
      vertex -23.4944 8.11699 5
      vertex -24.5094 6.88017 5
      vertex -24.3045 6.72818 5
    endloop
  endfacet
  facet normal 0 0 1
    outer loop
      vertex -23.7839 9.27268 5
      vertex -25.2621 9.88498 5
      vertex -23.8169 9.18028 5
    endloop
  endfacet
  facet normal 0 0 1
    outer loop
      vertex -23.5671 8.18289 5
      vertex -24.6985 7.05152 5
      vertex -24.5094 6.88017 5
    endloop
  endfacet
  facet normal -0 0 1
    outer loop
      vertex -25.348 9.64474 5
      vertex -23.8169 9.18028 5
      vertex -25.2621 9.88498 5
    endloop
  endfacet
  facet normal 0 0 1
    outer loop
      vertex -23.633 8.25561 5
      vertex -24.8698 7.24058 5
      vertex -24.6985 7.05152 5
    endloop
  endfacet
  facet normal 0 0 1
    outer loop
      vertex -23.8169 9.18028 5
      vertex -25.348 9.64474 5
      vertex -23.8408 9.08509 5
    endloop
  endfacet
  facet normal 0 0 1
    outer loop
      vertex -23.6915 8.33443 5
      vertex -25.0218 7.44552 5
      vertex -24.8698 7.24058 5
    endloop
  endfacet
  facet normal -0 0 1
    outer loop
      vertex -25.41 9.39723 5
      vertex -23.8408 9.08509 5
      vertex -25.348 9.64474 5
    endloop
  endfacet
  facet normal 0 0 1
    outer loop
      vertex -23.7419 8.4186 5
      vertex -25.153 7.66437 5
      vertex -25.0218 7.44552 5
    endloop
  endfacet
  facet normal 0 0 1
    outer loop
      vertex -23.8408 9.08509 5
      vertex -25.41 9.39723 5
      vertex -23.8552 8.98802 5
    endloop
  endfacet
  facet normal 0 0 1
    outer loop
      vertex -23.7839 8.50732 5
      vertex -25.2621 7.89502 5
      vertex -25.153 7.66437 5
    endloop
  endfacet
  facet normal -0 0 1
    outer loop
      vertex -25.4475 9.14484 5
      vertex -23.8552 8.98802 5
      vertex -25.41 9.39723 5
    endloop
  endfacet
  facet normal 0 0 1
    outer loop
      vertex -23.8169 8.59972 5
      vertex -25.348 8.13526 5
      vertex -25.2621 7.89502 5
    endloop
  endfacet
  facet normal 0 0 1
    outer loop
      vertex -23.8552 8.98802 5
      vertex -25.4475 9.14484 5
      vertex -23.86 8.89 5
    endloop
  endfacet
  facet normal 0 0 1
    outer loop
      vertex -23.8408 8.69491 5
      vertex -25.41 8.38277 5
      vertex -25.348 8.13526 5
    endloop
  endfacet
  facet normal 0 0 1
    outer loop
      vertex -25.46 8.89 5
      vertex -23.86 8.89 5
      vertex -25.4475 9.14484 5
    endloop
  endfacet
  facet normal 0 0 1
    outer loop
      vertex -23.8552 8.79198 5
      vertex -25.4475 8.63516 5
      vertex -25.41 8.38277 5
    endloop
  endfacet
  facet normal 0 0 1
    outer loop
      vertex -23.86 8.89 5
      vertex -25.46 8.89 5
      vertex -25.4475 8.63516 5
    endloop
  endfacet
  facet normal -0.857683 -0.514179 0
    outer loop
      vertex -25.0218 7.44552 2
      vertex -25.153 7.66437 5
      vertex -25.153 7.66437 2
    endloop
  endfacet
  facet normal -0.857683 -0.514179 0
    outer loop
      vertex -25.153 7.66437 5
      vertex -25.0218 7.44552 2
      vertex -25.0218 7.44552 5
    endloop
  endfacet
  facet normal 0.336609 0.941644 -0
    outer loop
      vertex -21.865 11.2921 2
      vertex -22.1053 11.378 5
      vertex -21.865 11.2921 5
    endloop
  endfacet
  facet normal 0.336609 0.941644 0
    outer loop
      vertex -22.1053 11.378 5
      vertex -21.865 11.2921 2
      vertex -22.1053 11.378 2
    endloop
  endfacet
  facet normal 0.671472 -0.74103 0
    outer loop
      vertex -21.2106 6.88017 2
      vertex -21.0215 7.05152 5
      vertex -21.2106 6.88017 5
    endloop
  endfacet
  facet normal 0.671472 -0.74103 0
    outer loop
      vertex -21.0215 7.05152 5
      vertex -21.2106 6.88017 2
      vertex -21.0215 7.05152 2
    endloop
  endfacet
  facet normal -0.857735 0.514092 0
    outer loop
      vertex -25.153 10.1156 2
      vertex -25.0218 10.3345 5
      vertex -25.0218 10.3345 2
    endloop
  endfacet
  facet normal -0.857735 0.514092 0
    outer loop
      vertex -25.0218 10.3345 5
      vertex -25.153 10.1156 2
      vertex -25.153 10.1156 5
    endloop
  endfacet
  facet normal -0.80314 0.59579 0
    outer loop
      vertex -25.0218 10.3345 2
      vertex -24.8698 10.5394 5
      vertex -24.8698 10.5394 2
    endloop
  endfacet
  facet normal -0.80314 0.59579 0
    outer loop
      vertex -24.8698 10.5394 5
      vertex -25.0218 10.3345 2
      vertex -25.0218 10.3345 5
    endloop
  endfacet
  facet normal -0.941742 0.336336 0
    outer loop
      vertex -21.9361 8.50732 2
      vertex -21.9031 8.59972 5
      vertex -21.9031 8.59972 2
    endloop
  endfacet
  facet normal -0.941742 0.336336 0
    outer loop
      vertex -21.9031 8.59972 5
      vertex -21.9361 8.50732 2
      vertex -21.9361 8.50732 5
    endloop
  endfacet
  facet normal -0.802997 -0.595983 0
    outer loop
      vertex -22.0285 9.44557 2
      vertex -22.087 9.52439 5
      vertex -22.087 9.52439 2
    endloop
  endfacet
  facet normal -0.802997 -0.595983 0
    outer loop
      vertex -22.087 9.52439 5
      vertex -22.0285 9.44557 2
      vertex -22.0285 9.44557 5
    endloop
  endfacet
  facet normal 0.741 0.671505 0
    outer loop
      vertex -23.5671 8.18289 5
      vertex -23.633 8.25561 2
      vertex -23.633 8.25561 5
    endloop
  endfacet
  facet normal 0.741 0.671505 0
    outer loop
      vertex -23.633 8.25561 2
      vertex -23.5671 8.18289 5
      vertex -23.5671 8.18289 2
    endloop
  endfacet
  facet normal -0.989175 -0.146741 0
    outer loop
      vertex -21.8648 8.98802 2
      vertex -21.8792 9.08509 5
      vertex -21.8792 9.08509 2
    endloop
  endfacet
  facet normal -0.989175 -0.146741 0
    outer loop
      vertex -21.8792 9.08509 5
      vertex -21.8648 8.98802 2
      vertex -21.8648 8.98802 5
    endloop
  endfacet
  facet normal -0.671607 -0.740908 0
    outer loop
      vertex -22.2256 9.66301 2
      vertex -22.1529 9.59711 5
      vertex -22.2256 9.66301 5
    endloop
  endfacet
  facet normal -0.671607 -0.740908 -0
    outer loop
      vertex -22.1529 9.59711 5
      vertex -22.2256 9.66301 2
      vertex -22.1529 9.59711 2
    endloop
  endfacet
  facet normal 0.671607 -0.740908 0
    outer loop
      vertex -23.5671 9.59711 2
      vertex -23.4944 9.66301 5
      vertex -23.5671 9.59711 5
    endloop
  endfacet
  facet normal 0.671607 -0.740908 0
    outer loop
      vertex -23.4944 9.66301 5
      vertex -23.5671 9.59711 2
      vertex -23.4944 9.66301 2
    endloop
  endfacet
  facet normal -0.242919 0.970047 0
    outer loop
      vertex -22.5697 7.93306 2
      vertex -22.6649 7.90922 5
      vertex -22.5697 7.93306 5
    endloop
  endfacet
  facet normal -0.242919 0.970047 0
    outer loop
      vertex -22.6649 7.90922 5
      vertex -22.5697 7.93306 2
      vertex -22.6649 7.90922 2
    endloop
  endfacet
  facet normal -0.513971 -0.857807 0
    outer loop
      vertex -22.3886 9.77192 2
      vertex -22.3044 9.72147 5
      vertex -22.3886 9.77192 5
    endloop
  endfacet
  facet normal -0.513971 -0.857807 -0
    outer loop
      vertex -22.3044 9.72147 5
      vertex -22.3886 9.77192 2
      vertex -22.3044 9.72147 2
    endloop
  endfacet
  facet normal 0.336879 -0.941548 0
    outer loop
      vertex -23.2427 9.81388 2
      vertex -23.1503 9.84694 5
      vertex -23.2427 9.81388 5
    endloop
  endfacet
  facet normal 0.336879 -0.941548 0
    outer loop
      vertex -23.1503 9.84694 5
      vertex -23.2427 9.81388 2
      vertex -23.1503 9.84694 2
    endloop
  endfacet
  facet normal 0.998803 -0.048911 0
    outer loop
      vertex -23.86 8.89 5
      vertex -23.8552 8.98802 2
      vertex -23.8552 8.98802 5
    endloop
  endfacet
  facet normal 0.998803 -0.048911 0
    outer loop
      vertex -23.8552 8.98802 2
      vertex -23.86 8.89 5
      vertex -23.86 8.89 2
    endloop
  endfacet
  facet normal -0.513971 0.857807 0
    outer loop
      vertex -22.3044 8.05853 2
      vertex -22.3886 8.00808 5
      vertex -22.3044 8.05853 5
    endloop
  endfacet
  facet normal -0.513971 0.857807 0
    outer loop
      vertex -22.3886 8.00808 5
      vertex -22.3044 8.05853 2
      vertex -22.3886 8.00808 2
    endloop
  endfacet
  facet normal -0.741 0.671505 0
    outer loop
      vertex -22.1529 8.18289 2
      vertex -22.087 8.25561 5
      vertex -22.087 8.25561 2
    endloop
  endfacet
  facet normal -0.741 0.671505 0
    outer loop
      vertex -22.087 8.25561 5
      vertex -22.1529 8.18289 2
      vertex -22.1529 8.18289 5
    endloop
  endfacet
  facet normal 0.513971 -0.857807 0
    outer loop
      vertex -23.4156 9.72147 2
      vertex -23.3314 9.77192 5
      vertex -23.4156 9.72147 5
    endloop
  endfacet
  facet normal 0.513971 -0.857807 0
    outer loop
      vertex -23.3314 9.77192 5
      vertex -23.4156 9.72147 2
      vertex -23.3314 9.77192 2
    endloop
  endfacet
  facet normal -0.989175 0.146741 0
    outer loop
      vertex -21.8792 8.69491 2
      vertex -21.8648 8.79198 5
      vertex -21.8648 8.79198 2
    endloop
  endfacet
  facet normal -0.989175 0.146741 0
    outer loop
      vertex -21.8648 8.79198 5
      vertex -21.8792 8.69491 2
      vertex -21.8792 8.69491 5
    endloop
  endfacet
  facet normal -0.146696 0.989182 0
    outer loop
      vertex -22.6649 7.90922 2
      vertex -22.762 7.89482 5
      vertex -22.6649 7.90922 5
    endloop
  endfacet
  facet normal -0.146696 0.989182 0
    outer loop
      vertex -22.762 7.89482 5
      vertex -22.6649 7.90922 2
      vertex -22.762 7.89482 2
    endloop
  endfacet
  facet normal 0.242919 -0.970047 0
    outer loop
      vertex -23.1503 9.84694 2
      vertex -23.0551 9.87078 5
      vertex -23.1503 9.84694 5
    endloop
  endfacet
  facet normal 0.242919 -0.970047 0
    outer loop
      vertex -23.0551 9.87078 5
      vertex -23.1503 9.84694 2
      vertex -23.0551 9.87078 2
    endloop
  endfacet
  facet normal 0.595817 -0.80312 0
    outer loop
      vertex -23.4944 9.66301 2
      vertex -23.4156 9.72147 5
      vertex -23.4944 9.66301 5
    endloop
  endfacet
  facet normal 0.595817 -0.80312 0
    outer loop
      vertex -23.4156 9.72147 5
      vertex -23.4944 9.66301 2
      vertex -23.4156 9.72147 2
    endloop
  endfacet
  facet normal -0.336879 -0.941548 0
    outer loop
      vertex -22.5697 9.84694 2
      vertex -22.4773 9.81388 5
      vertex -22.5697 9.84694 5
    endloop
  endfacet
  facet normal -0.336879 -0.941548 -0
    outer loop
      vertex -22.4773 9.81388 5
      vertex -22.5697 9.84694 2
      vertex -22.4773 9.81388 2
    endloop
  endfacet
  facet normal 0.427622 0.903958 -0
    outer loop
      vertex -23.2427 7.96612 2
      vertex -23.3314 8.00808 5
      vertex -23.2427 7.96612 5
    endloop
  endfacet
  facet normal 0.427622 0.903958 0
    outer loop
      vertex -23.3314 8.00808 5
      vertex -23.2427 7.96612 2
      vertex -23.3314 8.00808 2
    endloop
  endfacet
  facet normal 0.595817 0.80312 -0
    outer loop
      vertex -23.4156 8.05853 2
      vertex -23.4944 8.11699 5
      vertex -23.4156 8.05853 5
    endloop
  endfacet
  facet normal 0.595817 0.80312 0
    outer loop
      vertex -23.4944 8.11699 5
      vertex -23.4156 8.05853 2
      vertex -23.4944 8.11699 2
    endloop
  endfacet
  facet normal -0.998803 -0.048911 0
    outer loop
      vertex -21.86 8.89 2
      vertex -21.8648 8.98802 5
      vertex -21.8648 8.98802 2
    endloop
  endfacet
  facet normal -0.998803 -0.048911 0
    outer loop
      vertex -21.8648 8.98802 5
      vertex -21.86 8.89 2
      vertex -21.86 8.89 5
    endloop
  endfacet
  facet normal 0.969896 0.243518 0
    outer loop
      vertex -23.8169 8.59972 5
      vertex -23.8408 8.69491 2
      vertex -23.8408 8.69491 5
    endloop
  endfacet
  facet normal 0.969896 0.243518 0
    outer loop
      vertex -23.8408 8.69491 2
      vertex -23.8169 8.59972 5
      vertex -23.8169 8.59972 2
    endloop
  endfacet
  facet normal 0.903837 0.427876 0
    outer loop
      vertex -23.7419 8.4186 5
      vertex -23.7839 8.50732 2
      vertex -23.7839 8.50732 5
    endloop
  endfacet
  facet normal 0.903837 0.427876 0
    outer loop
      vertex -23.7839 8.50732 2
      vertex -23.7419 8.4186 5
      vertex -23.7419 8.4186 2
    endloop
  endfacet
  facet normal 0.146696 -0.989182 0
    outer loop
      vertex -23.0551 9.87078 2
      vertex -22.958 9.88518 5
      vertex -23.0551 9.87078 5
    endloop
  endfacet
  facet normal 0.146696 -0.989182 0
    outer loop
      vertex -22.958 9.88518 5
      vertex -23.0551 9.87078 2
      vertex -22.958 9.88518 2
    endloop
  endfacet
  facet normal 0.0491243 -0.998793 0
    outer loop
      vertex -22.958 9.88518 2
      vertex -22.86 9.89 5
      vertex -22.958 9.88518 5
    endloop
  endfacet
  facet normal 0.0491243 -0.998793 0
    outer loop
      vertex -22.86 9.89 5
      vertex -22.958 9.88518 2
      vertex -22.86 9.89 2
    endloop
  endfacet
  facet normal 0.242919 0.970047 -0
    outer loop
      vertex -23.0551 7.90922 2
      vertex -23.1503 7.93306 5
      vertex -23.0551 7.90922 5
    endloop
  endfacet
  facet normal 0.242919 0.970047 0
    outer loop
      vertex -23.1503 7.93306 5
      vertex -23.0551 7.90922 2
      vertex -23.1503 7.93306 2
    endloop
  endfacet
  facet normal -0.903837 -0.427876 0
    outer loop
      vertex -21.9361 9.27268 2
      vertex -21.9781 9.3614 5
      vertex -21.9781 9.3614 2
    endloop
  endfacet
  facet normal -0.903837 -0.427876 0
    outer loop
      vertex -21.9781 9.3614 5
      vertex -21.9361 9.27268 2
      vertex -21.9361 9.27268 5
    endloop
  endfacet
  facet normal -0.998803 0.048911 0
    outer loop
      vertex -21.8648 8.79198 2
      vertex -21.86 8.89 5
      vertex -21.86 8.89 2
    endloop
  endfacet
  facet normal -0.998803 0.048911 0
    outer loop
      vertex -21.86 8.89 5
      vertex -21.8648 8.79198 2
      vertex -21.8648 8.79198 5
    endloop
  endfacet
  facet normal -0.857951 -0.513731 0
    outer loop
      vertex -21.9781 9.3614 2
      vertex -22.0285 9.44557 5
      vertex -22.0285 9.44557 2
    endloop
  endfacet
  facet normal -0.857951 -0.513731 0
    outer loop
      vertex -22.0285 9.44557 5
      vertex -21.9781 9.3614 2
      vertex -21.9781 9.3614 5
    endloop
  endfacet
  facet normal -0.969896 -0.243518 0
    outer loop
      vertex -21.8792 9.08509 2
      vertex -21.9031 9.18028 5
      vertex -21.9031 9.18028 2
    endloop
  endfacet
  facet normal -0.969896 -0.243518 0
    outer loop
      vertex -21.9031 9.18028 5
      vertex -21.8792 9.08509 2
      vertex -21.8792 9.08509 5
    endloop
  endfacet
  facet normal 0.989175 -0.146741 0
    outer loop
      vertex -23.8552 8.98802 5
      vertex -23.8408 9.08509 2
      vertex -23.8408 9.08509 5
    endloop
  endfacet
  facet normal 0.989175 -0.146741 0
    outer loop
      vertex -23.8408 9.08509 2
      vertex -23.8552 8.98802 5
      vertex -23.8552 8.98802 2
    endloop
  endfacet
  facet normal -0.741 -0.671505 0
    outer loop
      vertex -22.087 9.52439 2
      vertex -22.1529 9.59711 5
      vertex -22.1529 9.59711 2
    endloop
  endfacet
  facet normal -0.741 -0.671505 0
    outer loop
      vertex -22.1529 9.59711 5
      vertex -22.087 9.52439 2
      vertex -22.087 9.52439 5
    endloop
  endfacet
  facet normal -0.0491243 0.998793 0
    outer loop
      vertex -22.762 7.89482 2
      vertex -22.86 7.89 5
      vertex -22.762 7.89482 5
    endloop
  endfacet
  facet normal -0.0491243 0.998793 0
    outer loop
      vertex -22.86 7.89 5
      vertex -22.762 7.89482 2
      vertex -22.86 7.89 2
    endloop
  endfacet
  facet normal 0.857951 0.513731 0
    outer loop
      vertex -23.6915 8.33443 5
      vertex -23.7419 8.4186 2
      vertex -23.7419 8.4186 5
    endloop
  endfacet
  facet normal 0.857951 0.513731 0
    outer loop
      vertex -23.7419 8.4186 2
      vertex -23.6915 8.33443 5
      vertex -23.6915 8.33443 2
    endloop
  endfacet
  facet normal 0.969896 -0.243518 0
    outer loop
      vertex -23.8408 9.08509 5
      vertex -23.8169 9.18028 2
      vertex -23.8169 9.18028 5
    endloop
  endfacet
  facet normal 0.969896 -0.243518 0
    outer loop
      vertex -23.8169 9.18028 2
      vertex -23.8408 9.08509 5
      vertex -23.8408 9.08509 2
    endloop
  endfacet
  facet normal 0.802997 0.595983 0
    outer loop
      vertex -23.633 8.25561 5
      vertex -23.6915 8.33443 2
      vertex -23.6915 8.33443 5
    endloop
  endfacet
  facet normal 0.802997 0.595983 0
    outer loop
      vertex -23.6915 8.33443 2
      vertex -23.633 8.25561 5
      vertex -23.633 8.25561 2
    endloop
  endfacet
  facet normal -0.857951 0.513731 0
    outer loop
      vertex -22.0285 8.33443 2
      vertex -21.9781 8.4186 5
      vertex -21.9781 8.4186 2
    endloop
  endfacet
  facet normal -0.857951 0.513731 0
    outer loop
      vertex -21.9781 8.4186 5
      vertex -22.0285 8.33443 2
      vertex -22.0285 8.33443 5
    endloop
  endfacet
  facet normal -0.941742 -0.336336 0
    outer loop
      vertex -21.9031 9.18028 2
      vertex -21.9361 9.27268 5
      vertex -21.9361 9.27268 2
    endloop
  endfacet
  facet normal -0.941742 -0.336336 0
    outer loop
      vertex -21.9361 9.27268 5
      vertex -21.9031 9.18028 2
      vertex -21.9031 9.18028 5
    endloop
  endfacet
  facet normal -0.595817 0.80312 0
    outer loop
      vertex -22.2256 8.11699 2
      vertex -22.3044 8.05853 5
      vertex -22.2256 8.11699 5
    endloop
  endfacet
  facet normal -0.595817 0.80312 0
    outer loop
      vertex -22.3044 8.05853 5
      vertex -22.2256 8.11699 2
      vertex -22.3044 8.05853 2
    endloop
  endfacet
  facet normal 0.998803 0.048911 0
    outer loop
      vertex -23.8552 8.79198 5
      vertex -23.86 8.89 2
      vertex -23.86 8.89 5
    endloop
  endfacet
  facet normal 0.998803 0.048911 0
    outer loop
      vertex -23.86 8.89 2
      vertex -23.8552 8.79198 5
      vertex -23.8552 8.79198 2
    endloop
  endfacet
  facet normal 0.903837 -0.427876 0
    outer loop
      vertex -23.7839 9.27268 5
      vertex -23.7419 9.3614 2
      vertex -23.7419 9.3614 5
    endloop
  endfacet
  facet normal 0.903837 -0.427876 0
    outer loop
      vertex -23.7419 9.3614 2
      vertex -23.7839 9.27268 5
      vertex -23.7839 9.27268 2
    endloop
  endfacet
  facet normal 0.941742 -0.336336 0
    outer loop
      vertex -23.8169 9.18028 5
      vertex -23.7839 9.27268 2
      vertex -23.7839 9.27268 5
    endloop
  endfacet
  facet normal 0.941742 -0.336336 0
    outer loop
      vertex -23.7839 9.27268 2
      vertex -23.8169 9.18028 5
      vertex -23.8169 9.18028 2
    endloop
  endfacet
  facet normal 0.146696 0.989182 -0
    outer loop
      vertex -22.958 7.89482 2
      vertex -23.0551 7.90922 5
      vertex -22.958 7.89482 5
    endloop
  endfacet
  facet normal 0.146696 0.989182 0
    outer loop
      vertex -23.0551 7.90922 5
      vertex -22.958 7.89482 2
      vertex -23.0551 7.90922 2
    endloop
  endfacet
  facet normal -0.146696 -0.989182 0
    outer loop
      vertex -22.762 9.88518 2
      vertex -22.6649 9.87078 5
      vertex -22.762 9.88518 5
    endloop
  endfacet
  facet normal -0.146696 -0.989182 -0
    outer loop
      vertex -22.6649 9.87078 5
      vertex -22.762 9.88518 2
      vertex -22.6649 9.87078 2
    endloop
  endfacet
  facet normal -0.0491243 -0.998793 0
    outer loop
      vertex -22.86 9.89 2
      vertex -22.762 9.88518 5
      vertex -22.86 9.89 5
    endloop
  endfacet
  facet normal -0.0491243 -0.998793 -0
    outer loop
      vertex -22.762 9.88518 5
      vertex -22.86 9.89 2
      vertex -22.762 9.88518 2
    endloop
  endfacet
  facet normal 0.513971 0.857807 -0
    outer loop
      vertex -23.3314 8.00808 2
      vertex -23.4156 8.05853 5
      vertex -23.3314 8.00808 5
    endloop
  endfacet
  facet normal 0.513971 0.857807 0
    outer loop
      vertex -23.4156 8.05853 5
      vertex -23.3314 8.00808 2
      vertex -23.4156 8.05853 2
    endloop
  endfacet
  facet normal -0.595817 -0.80312 0
    outer loop
      vertex -22.3044 9.72147 2
      vertex -22.2256 9.66301 5
      vertex -22.3044 9.72147 5
    endloop
  endfacet
  facet normal -0.595817 -0.80312 -0
    outer loop
      vertex -22.2256 9.66301 5
      vertex -22.3044 9.72147 2
      vertex -22.2256 9.66301 2
    endloop
  endfacet
  facet normal -0.427622 -0.903958 0
    outer loop
      vertex -22.4773 9.81388 2
      vertex -22.3886 9.77192 5
      vertex -22.4773 9.81388 5
    endloop
  endfacet
  facet normal -0.427622 -0.903958 -0
    outer loop
      vertex -22.3886 9.77192 5
      vertex -22.4773 9.81388 2
      vertex -22.3886 9.77192 2
    endloop
  endfacet
  facet normal -0.903837 0.427876 0
    outer loop
      vertex -21.9781 8.4186 2
      vertex -21.9361 8.50732 5
      vertex -21.9361 8.50732 2
    endloop
  endfacet
  facet normal -0.903837 0.427876 0
    outer loop
      vertex -21.9361 8.50732 5
      vertex -21.9781 8.4186 2
      vertex -21.9781 8.4186 5
    endloop
  endfacet
  facet normal 0.0491243 0.998793 -0
    outer loop
      vertex -22.86 7.89 2
      vertex -22.958 7.89482 5
      vertex -22.86 7.89 5
    endloop
  endfacet
  facet normal 0.0491243 0.998793 0
    outer loop
      vertex -22.958 7.89482 5
      vertex -22.86 7.89 2
      vertex -22.958 7.89482 2
    endloop
  endfacet
  facet normal 0.941742 0.336336 0
    outer loop
      vertex -23.7839 8.50732 5
      vertex -23.8169 8.59972 2
      vertex -23.8169 8.59972 5
    endloop
  endfacet
  facet normal 0.941742 0.336336 0
    outer loop
      vertex -23.8169 8.59972 2
      vertex -23.7839 8.50732 5
      vertex -23.7839 8.50732 2
    endloop
  endfacet
  facet normal -0.242919 -0.970047 0
    outer loop
      vertex -22.6649 9.87078 2
      vertex -22.5697 9.84694 5
      vertex -22.6649 9.87078 5
    endloop
  endfacet
  facet normal -0.242919 -0.970047 -0
    outer loop
      vertex -22.5697 9.84694 5
      vertex -22.6649 9.87078 2
      vertex -22.5697 9.84694 2
    endloop
  endfacet
  facet normal 0.336879 0.941548 -0
    outer loop
      vertex -23.1503 7.93306 2
      vertex -23.2427 7.96612 5
      vertex -23.1503 7.93306 5
    endloop
  endfacet
  facet normal 0.336879 0.941548 0
    outer loop
      vertex -23.2427 7.96612 5
      vertex -23.1503 7.93306 2
      vertex -23.2427 7.96612 2
    endloop
  endfacet
  facet normal -0.671607 0.740908 0
    outer loop
      vertex -22.1529 8.18289 2
      vertex -22.2256 8.11699 5
      vertex -22.1529 8.18289 5
    endloop
  endfacet
  facet normal -0.671607 0.740908 0
    outer loop
      vertex -22.2256 8.11699 5
      vertex -22.1529 8.18289 2
      vertex -22.2256 8.11699 2
    endloop
  endfacet
  facet normal -0.969896 0.243518 0
    outer loop
      vertex -21.9031 8.59972 2
      vertex -21.8792 8.69491 5
      vertex -21.8792 8.69491 2
    endloop
  endfacet
  facet normal -0.969896 0.243518 0
    outer loop
      vertex -21.8792 8.69491 5
      vertex -21.9031 8.59972 2
      vertex -21.9031 8.59972 5
    endloop
  endfacet
  facet normal 0.671607 0.740908 -0
    outer loop
      vertex -23.4944 8.11699 2
      vertex -23.5671 8.18289 5
      vertex -23.4944 8.11699 5
    endloop
  endfacet
  facet normal 0.671607 0.740908 0
    outer loop
      vertex -23.5671 8.18289 5
      vertex -23.4944 8.11699 2
      vertex -23.5671 8.18289 2
    endloop
  endfacet
  facet normal 0.989175 0.146741 0
    outer loop
      vertex -23.8408 8.69491 5
      vertex -23.8552 8.79198 2
      vertex -23.8552 8.79198 5
    endloop
  endfacet
  facet normal 0.989175 0.146741 0
    outer loop
      vertex -23.8552 8.79198 2
      vertex -23.8408 8.69491 5
      vertex -23.8408 8.69491 2
    endloop
  endfacet
  facet normal -0.802997 0.595983 0
    outer loop
      vertex -22.087 8.25561 2
      vertex -22.0285 8.33443 5
      vertex -22.0285 8.33443 2
    endloop
  endfacet
  facet normal -0.802997 0.595983 0
    outer loop
      vertex -22.0285 8.33443 5
      vertex -22.087 8.25561 2
      vertex -22.087 8.25561 5
    endloop
  endfacet
  facet normal -0.336879 0.941548 0
    outer loop
      vertex -22.4773 7.96612 2
      vertex -22.5697 7.93306 5
      vertex -22.4773 7.96612 5
    endloop
  endfacet
  facet normal -0.336879 0.941548 0
    outer loop
      vertex -22.5697 7.93306 5
      vertex -22.4773 7.96612 2
      vertex -22.5697 7.93306 2
    endloop
  endfacet
  facet normal 0.802997 -0.595983 0
    outer loop
      vertex -23.6915 9.44557 5
      vertex -23.633 9.52439 2
      vertex -23.633 9.52439 5
    endloop
  endfacet
  facet normal 0.802997 -0.595983 0
    outer loop
      vertex -23.633 9.52439 2
      vertex -23.6915 9.44557 5
      vertex -23.6915 9.44557 2
    endloop
  endfacet
  facet normal -0.427622 0.903958 0
    outer loop
      vertex -22.3886 8.00808 2
      vertex -22.4773 7.96612 5
      vertex -22.3886 8.00808 5
    endloop
  endfacet
  facet normal -0.427622 0.903958 0
    outer loop
      vertex -22.4773 7.96612 5
      vertex -22.3886 8.00808 2
      vertex -22.4773 7.96612 2
    endloop
  endfacet
  facet normal 0.741 -0.671505 0
    outer loop
      vertex -23.633 9.52439 5
      vertex -23.5671 9.59711 2
      vertex -23.5671 9.59711 5
    endloop
  endfacet
  facet normal 0.741 -0.671505 0
    outer loop
      vertex -23.5671 9.59711 2
      vertex -23.633 9.52439 5
      vertex -23.633 9.52439 2
    endloop
  endfacet
  facet normal 0.427622 -0.903958 0
    outer loop
      vertex -23.3314 9.77192 2
      vertex -23.2427 9.81388 5
      vertex -23.3314 9.77192 5
    endloop
  endfacet
  facet normal 0.427622 -0.903958 0
    outer loop
      vertex -23.2427 9.81388 5
      vertex -23.3314 9.77192 2
      vertex -23.2427 9.81388 2
    endloop
  endfacet
  facet normal 0.857951 -0.513731 0
    outer loop
      vertex -23.7419 9.3614 5
      vertex -23.6915 9.44557 2
      vertex -23.6915 9.44557 5
    endloop
  endfacet
  facet normal 0.857951 -0.513731 0
    outer loop
      vertex -23.6915 9.44557 2
      vertex -23.7419 9.3614 5
      vertex -23.7419 9.3614 2
    endloop
  endfacet
  facet normal -0.595765 0.803159 0
    outer loop
      vertex 21.4155 -6.72818 2
      vertex 21.2106 -6.88017 5
      vertex 21.4155 -6.72818 5
    endloop
  endfacet
  facet normal -0.595765 0.803159 0
    outer loop
      vertex 21.2106 -6.88017 5
      vertex 21.4155 -6.72818 2
      vertex 21.2106 -6.88017 2
    endloop
  endfacet
  facet normal -0.0489992 -0.998799 0
    outer loop
      vertex 22.6052 -11.4775 2
      vertex 22.86 -11.49 5
      vertex 22.6052 -11.4775 5
    endloop
  endfacet
  facet normal -0.0489992 -0.998799 -0
    outer loop
      vertex 22.86 -11.49 5
      vertex 22.6052 -11.4775 2
      vertex 22.86 -11.49 2
    endloop
  endfacet
  facet normal -0.903973 0.427589 0
    outer loop
      vertex 20.4579 -7.89502 2
      vertex 20.567 -7.66437 5
      vertex 20.567 -7.66437 2
    endloop
  endfacet
  facet normal -0.903973 0.427589 0
    outer loop
      vertex 20.567 -7.66437 5
      vertex 20.4579 -7.89502 2
      vertex 20.4579 -7.89502 5
    endloop
  endfacet
  facet normal -0.970029 0.242987 0
    outer loop
      vertex 20.31 -8.38277 2
      vertex 20.372 -8.13526 5
      vertex 20.372 -8.13526 2
    endloop
  endfacet
  facet normal -0.970029 0.242987 0
    outer loop
      vertex 20.372 -8.13526 5
      vertex 20.31 -8.38277 2
      vertex 20.31 -8.38277 5
    endloop
  endfacet
  facet normal 0.970029 -0.242987 0
    outer loop
      vertex 25.348 -9.64474 5
      vertex 25.41 -9.39723 2
      vertex 25.41 -9.39723 5
    endloop
  endfacet
  facet normal 0.970029 -0.242987 0
    outer loop
      vertex 25.41 -9.39723 2
      vertex 25.348 -9.64474 5
      vertex 25.348 -9.64474 2
    endloop
  endfacet
  facet normal -0.514006 0.857787 0
    outer loop
      vertex 21.6344 -6.59701 2
      vertex 21.4155 -6.72818 5
      vertex 21.6344 -6.59701 5
    endloop
  endfacet
  facet normal -0.514006 0.857787 0
    outer loop
      vertex 21.4155 -6.72818 5
      vertex 21.6344 -6.59701 2
      vertex 21.4155 -6.72818 2
    endloop
  endfacet
  facet normal 0.857735 -0.514092 0
    outer loop
      vertex 25.0218 -10.3345 5
      vertex 25.153 -10.1156 2
      vertex 25.153 -10.1156 5
    endloop
  endfacet
  facet normal 0.857735 -0.514092 0
    outer loop
      vertex 25.153 -10.1156 2
      vertex 25.0218 -10.3345 5
      vertex 25.0218 -10.3345 2
    endloop
  endfacet
  facet normal -0.14673 0.989177 0
    outer loop
      vertex 22.6052 -6.30252 2
      vertex 22.3528 -6.33996 5
      vertex 22.6052 -6.30252 5
    endloop
  endfacet
  facet normal -0.14673 0.989177 0
    outer loop
      vertex 22.3528 -6.33996 5
      vertex 22.6052 -6.30252 2
      vertex 22.3528 -6.33996 2
    endloop
  endfacet
  facet normal 0.803196 0.595715 0
    outer loop
      vertex 25.0218 -7.44552 5
      vertex 24.8698 -7.24058 2
      vertex 24.8698 -7.24058 5
    endloop
  endfacet
  facet normal 0.803196 0.595715 0
    outer loop
      vertex 24.8698 -7.24058 2
      vertex 25.0218 -7.44552 5
      vertex 25.0218 -7.44552 2
    endloop
  endfacet
  facet normal -0.336609 -0.941644 0
    outer loop
      vertex 21.865 -11.2921 2
      vertex 22.1053 -11.378 5
      vertex 21.865 -11.2921 5
    endloop
  endfacet
  facet normal -0.336609 -0.941644 -0
    outer loop
      vertex 22.1053 -11.378 5
      vertex 21.865 -11.2921 2
      vertex 22.1053 -11.378 2
    endloop
  endfacet
  facet normal -0.998799 -0.0489915 0
    outer loop
      vertex 20.2725 -9.14484 2
      vertex 20.26 -8.89 5
      vertex 20.26 -8.89 2
    endloop
  endfacet
  facet normal -0.998799 -0.0489915 0
    outer loop
      vertex 20.26 -8.89 5
      vertex 20.2725 -9.14484 2
      vertex 20.2725 -9.14484 5
    endloop
  endfacet
  facet normal 0.427665 0.903937 -0
    outer loop
      vertex 24.0856 -6.59701 2
      vertex 23.855 -6.48791 5
      vertex 24.0856 -6.59701 5
    endloop
  endfacet
  facet normal 0.427665 0.903937 0
    outer loop
      vertex 23.855 -6.48791 5
      vertex 24.0856 -6.59701 2
      vertex 23.855 -6.48791 2
    endloop
  endfacet
  facet normal -0.336783 0.941582 0
    outer loop
      vertex 22.1053 -6.40196 2
      vertex 21.865 -6.48791 5
      vertex 22.1053 -6.40196 5
    endloop
  endfacet
  facet normal -0.336783 0.941582 0
    outer loop
      vertex 21.865 -6.48791 5
      vertex 22.1053 -6.40196 2
      vertex 21.865 -6.48791 2
    endloop
  endfacet
  facet normal 0.989142 0.146966 0
    outer loop
      vertex 25.4475 -8.63516 5
      vertex 25.41 -8.38277 2
      vertex 25.41 -8.38277 5
    endloop
  endfacet
  facet normal 0.989142 0.146966 0
    outer loop
      vertex 25.41 -8.38277 2
      vertex 25.4475 -8.63516 5
      vertex 25.4475 -8.63516 2
    endloop
  endfacet
  facet normal -0.671365 -0.741127 0
    outer loop
      vertex 21.0215 -10.7285 2
      vertex 21.2106 -10.8998 5
      vertex 21.0215 -10.7285 5
    endloop
  endfacet
  facet normal -0.671365 -0.741127 -0
    outer loop
      vertex 21.2106 -10.8998 5
      vertex 21.0215 -10.7285 2
      vertex 21.2106 -10.8998 2
    endloop
  endfacet
  facet normal -0.970029 -0.242987 0
    outer loop
      vertex 20.372 -9.64474 2
      vertex 20.31 -9.39723 5
      vertex 20.31 -9.39723 2
    endloop
  endfacet
  facet normal -0.970029 -0.242987 0
    outer loop
      vertex 20.31 -9.39723 5
      vertex 20.372 -9.64474 2
      vertex 20.372 -9.64474 5
    endloop
  endfacet
  facet normal 0.941618 0.336684 0
    outer loop
      vertex 25.348 -8.13526 5
      vertex 25.2621 -7.89502 2
      vertex 25.2621 -7.89502 5
    endloop
  endfacet
  facet normal 0.941618 0.336684 0
    outer loop
      vertex 25.2621 -7.89502 2
      vertex 25.348 -8.13526 5
      vertex 25.348 -8.13526 2
    endloop
  endfacet
  facet normal 0.903952 -0.427635 0
    outer loop
      vertex 25.153 -10.1156 5
      vertex 25.2621 -9.88498 2
      vertex 25.2621 -9.88498 5
    endloop
  endfacet
  facet normal 0.903952 -0.427635 0
    outer loop
      vertex 25.2621 -9.88498 2
      vertex 25.153 -10.1156 5
      vertex 25.153 -10.1156 2
    endloop
  endfacet
  facet normal 0.14673 0.989177 -0
    outer loop
      vertex 23.3672 -6.33996 2
      vertex 23.1148 -6.30252 5
      vertex 23.3672 -6.33996 5
    endloop
  endfacet
  facet normal 0.14673 0.989177 0
    outer loop
      vertex 23.1148 -6.30252 5
      vertex 23.3672 -6.33996 2
      vertex 23.1148 -6.30252 2
    endloop
  endfacet
  facet normal -0.59579 -0.80314 0
    outer loop
      vertex 21.2106 -10.8998 2
      vertex 21.4155 -11.0518 5
      vertex 21.2106 -10.8998 5
    endloop
  endfacet
  facet normal -0.59579 -0.80314 -0
    outer loop
      vertex 21.4155 -11.0518 5
      vertex 21.2106 -10.8998 2
      vertex 21.4155 -11.0518 2
    endloop
  endfacet
  facet normal 0.970029 0.242987 0
    outer loop
      vertex 25.41 -8.38277 5
      vertex 25.348 -8.13526 2
      vertex 25.348 -8.13526 5
    endloop
  endfacet
  facet normal 0.970029 0.242987 0
    outer loop
      vertex 25.348 -8.13526 2
      vertex 25.41 -8.38277 5
      vertex 25.41 -8.38277 2
    endloop
  endfacet
  facet normal 0.998799 0.0489915 0
    outer loop
      vertex 25.46 -8.89 5
      vertex 25.4475 -8.63516 2
      vertex 25.4475 -8.63516 5
    endloop
  endfacet
  facet normal 0.998799 0.0489915 0
    outer loop
      vertex 25.4475 -8.63516 2
      vertex 25.46 -8.89 5
      vertex 25.46 -8.89 2
    endloop
  endfacet
  facet normal -0.998799 0.0489915 0
    outer loop
      vertex 20.26 -8.89 2
      vertex 20.2725 -8.63516 5
      vertex 20.2725 -8.63516 2
    endloop
  endfacet
  facet normal -0.998799 0.0489915 0
    outer loop
      vertex 20.2725 -8.63516 5
      vertex 20.26 -8.89 2
      vertex 20.26 -8.89 5
    endloop
  endfacet
  facet normal 0.989142 -0.146966 0
    outer loop
      vertex 25.41 -9.39723 5
      vertex 25.4475 -9.14484 2
      vertex 25.4475 -9.14484 5
    endloop
  endfacet
  facet normal 0.989142 -0.146966 0
    outer loop
      vertex 25.4475 -9.14484 2
      vertex 25.41 -9.39723 5
      vertex 25.41 -9.39723 2
    endloop
  endfacet
  facet normal -0.514092 -0.857735 0
    outer loop
      vertex 21.4155 -11.0518 2
      vertex 21.6344 -11.183 5
      vertex 21.4155 -11.0518 5
    endloop
  endfacet
  facet normal -0.514092 -0.857735 -0
    outer loop
      vertex 21.6344 -11.183 5
      vertex 21.4155 -11.0518 2
      vertex 21.6344 -11.183 2
    endloop
  endfacet
  facet normal 0.242997 0.970027 -0
    outer loop
      vertex 23.6147 -6.40196 2
      vertex 23.3672 -6.33996 5
      vertex 23.6147 -6.40196 5
    endloop
  endfacet
  facet normal 0.242997 0.970027 0
    outer loop
      vertex 23.3672 -6.33996 5
      vertex 23.6147 -6.40196 2
      vertex 23.3672 -6.33996 2
    endloop
  endfacet
  facet normal 0.741056 0.671443 0
    outer loop
      vertex 24.8698 -7.24058 5
      vertex 24.6985 -7.05152 2
      vertex 24.6985 -7.05152 5
    endloop
  endfacet
  facet normal 0.741056 0.671443 0
    outer loop
      vertex 24.6985 -7.05152 2
      vertex 24.8698 -7.24058 5
      vertex 24.8698 -7.24058 2
    endloop
  endfacet
  facet normal 0.857683 0.514179 0
    outer loop
      vertex 25.153 -7.66437 5
      vertex 25.0218 -7.44552 2
      vertex 25.0218 -7.44552 5
    endloop
  endfacet
  facet normal 0.857683 0.514179 0
    outer loop
      vertex 25.0218 -7.44552 2
      vertex 25.153 -7.66437 5
      vertex 25.153 -7.66437 2
    endloop
  endfacet
  facet normal 0.998799 -0.0489915 0
    outer loop
      vertex 25.4475 -9.14484 5
      vertex 25.46 -8.89 2
      vertex 25.46 -8.89 5
    endloop
  endfacet
  facet normal 0.998799 -0.0489915 0
    outer loop
      vertex 25.46 -8.89 2
      vertex 25.4475 -9.14484 5
      vertex 25.4475 -9.14484 2
    endloop
  endfacet
  facet normal 0.671472 0.74103 -0
    outer loop
      vertex 24.6985 -7.05152 2
      vertex 24.5094 -6.88017 5
      vertex 24.6985 -7.05152 5
    endloop
  endfacet
  facet normal 0.671472 0.74103 0
    outer loop
      vertex 24.5094 -6.88017 5
      vertex 24.6985 -7.05152 2
      vertex 24.5094 -6.88017 2
    endloop
  endfacet
  facet normal 0.0490774 0.998795 -0
    outer loop
      vertex 23.1148 -6.30252 2
      vertex 22.86 -6.29 5
      vertex 23.1148 -6.30252 5
    endloop
  endfacet
  facet normal 0.0490774 0.998795 0
    outer loop
      vertex 22.86 -6.29 5
      vertex 23.1148 -6.30252 2
      vertex 22.86 -6.29 2
    endloop
  endfacet
  facet normal -0.0490774 0.998795 0
    outer loop
      vertex 22.86 -6.29 2
      vertex 22.6052 -6.30252 5
      vertex 22.86 -6.29 5
    endloop
  endfacet
  facet normal -0.0490774 0.998795 0
    outer loop
      vertex 22.6052 -6.30252 5
      vertex 22.86 -6.29 2
      vertex 22.6052 -6.30252 2
    endloop
  endfacet
  facet normal 0.146961 -0.989142 0
    outer loop
      vertex 23.1148 -11.4775 2
      vertex 23.3672 -11.44 5
      vertex 23.1148 -11.4775 5
    endloop
  endfacet
  facet normal 0.146961 -0.989142 0
    outer loop
      vertex 23.3672 -11.44 5
      vertex 23.1148 -11.4775 2
      vertex 23.3672 -11.44 2
    endloop
  endfacet
  facet normal 0.80314 -0.59579 0
    outer loop
      vertex 24.8698 -10.5394 5
      vertex 25.0218 -10.3345 2
      vertex 25.0218 -10.3345 5
    endloop
  endfacet
  facet normal 0.80314 -0.59579 0
    outer loop
      vertex 25.0218 -10.3345 2
      vertex 24.8698 -10.5394 5
      vertex 24.8698 -10.5394 2
    endloop
  endfacet
  facet normal 0.941618 -0.336684 0
    outer loop
      vertex 25.2621 -9.88498 5
      vertex 25.348 -9.64474 2
      vertex 25.348 -9.64474 5
    endloop
  endfacet
  facet normal 0.941618 -0.336684 0
    outer loop
      vertex 25.348 -9.64474 2
      vertex 25.2621 -9.88498 5
      vertex 25.2621 -9.88498 2
    endloop
  endfacet
  facet normal -0.741127 -0.671365 0
    outer loop
      vertex 21.0215 -10.7285 2
      vertex 20.8502 -10.5394 5
      vertex 20.8502 -10.5394 2
    endloop
  endfacet
  facet normal -0.741127 -0.671365 0
    outer loop
      vertex 20.8502 -10.5394 5
      vertex 21.0215 -10.7285 2
      vertex 21.0215 -10.7285 5
    endloop
  endfacet
  facet normal -0.80314 -0.59579 0
    outer loop
      vertex 20.8502 -10.5394 2
      vertex 20.6982 -10.3345 5
      vertex 20.6982 -10.3345 2
    endloop
  endfacet
  facet normal -0.80314 -0.59579 0
    outer loop
      vertex 20.6982 -10.3345 5
      vertex 20.8502 -10.5394 2
      vertex 20.8502 -10.5394 5
    endloop
  endfacet
  facet normal -0.903952 -0.427635 0
    outer loop
      vertex 20.567 -10.1156 2
      vertex 20.4579 -9.88498 5
      vertex 20.4579 -9.88498 2
    endloop
  endfacet
  facet normal -0.903952 -0.427635 0
    outer loop
      vertex 20.4579 -9.88498 5
      vertex 20.567 -10.1156 2
      vertex 20.567 -10.1156 5
    endloop
  endfacet
  facet normal -0.989142 0.146966 0
    outer loop
      vertex 20.2725 -8.63516 2
      vertex 20.31 -8.38277 5
      vertex 20.31 -8.38277 2
    endloop
  endfacet
  facet normal -0.989142 0.146966 0
    outer loop
      vertex 20.31 -8.38277 5
      vertex 20.2725 -8.63516 2
      vertex 20.2725 -8.63516 5
    endloop
  endfacet
  facet normal 0.514092 -0.857735 0
    outer loop
      vertex 24.0856 -11.183 2
      vertex 24.3045 -11.0518 5
      vertex 24.0856 -11.183 5
    endloop
  endfacet
  facet normal 0.514092 -0.857735 0
    outer loop
      vertex 24.3045 -11.0518 5
      vertex 24.0856 -11.183 2
      vertex 24.3045 -11.0518 2
    endloop
  endfacet
  facet normal 0.903973 0.427589 0
    outer loop
      vertex 25.2621 -7.89502 5
      vertex 25.153 -7.66437 2
      vertex 25.153 -7.66437 5
    endloop
  endfacet
  facet normal 0.903973 0.427589 0
    outer loop
      vertex 25.153 -7.66437 2
      vertex 25.2621 -7.89502 5
      vertex 25.2621 -7.89502 2
    endloop
  endfacet
  facet normal -0.941618 -0.336684 0
    outer loop
      vertex 20.4579 -9.88498 2
      vertex 20.372 -9.64474 5
      vertex 20.372 -9.64474 2
    endloop
  endfacet
  facet normal -0.941618 -0.336684 0
    outer loop
      vertex 20.372 -9.64474 5
      vertex 20.4579 -9.88498 2
      vertex 20.4579 -9.88498 5
    endloop
  endfacet
  facet normal -0.146961 -0.989142 0
    outer loop
      vertex 22.3528 -11.44 2
      vertex 22.6052 -11.4775 5
      vertex 22.3528 -11.44 5
    endloop
  endfacet
  facet normal -0.146961 -0.989142 -0
    outer loop
      vertex 22.6052 -11.4775 5
      vertex 22.3528 -11.44 2
      vertex 22.6052 -11.4775 2
    endloop
  endfacet
  facet normal 0.59579 -0.80314 0
    outer loop
      vertex 24.3045 -11.0518 2
      vertex 24.5094 -10.8998 5
      vertex 24.3045 -11.0518 5
    endloop
  endfacet
  facet normal 0.59579 -0.80314 0
    outer loop
      vertex 24.5094 -10.8998 5
      vertex 24.3045 -11.0518 2
      vertex 24.5094 -10.8998 2
    endloop
  endfacet
  facet normal 0.741127 -0.671365 0
    outer loop
      vertex 24.6985 -10.7285 5
      vertex 24.8698 -10.5394 2
      vertex 24.8698 -10.5394 5
    endloop
  endfacet
  facet normal 0.741127 -0.671365 0
    outer loop
      vertex 24.8698 -10.5394 2
      vertex 24.6985 -10.7285 5
      vertex 24.6985 -10.7285 2
    endloop
  endfacet
  facet normal -0.242997 -0.970027 0
    outer loop
      vertex 22.1053 -11.378 2
      vertex 22.3528 -11.44 5
      vertex 22.1053 -11.378 5
    endloop
  endfacet
  facet normal -0.242997 -0.970027 -0
    outer loop
      vertex 22.3528 -11.44 5
      vertex 22.1053 -11.378 2
      vertex 22.3528 -11.44 2
    endloop
  endfacet
  facet normal 0.0489992 -0.998799 0
    outer loop
      vertex 22.86 -11.49 2
      vertex 23.1148 -11.4775 5
      vertex 22.86 -11.49 5
    endloop
  endfacet
  facet normal 0.0489992 -0.998799 0
    outer loop
      vertex 23.1148 -11.4775 5
      vertex 22.86 -11.49 2
      vertex 23.1148 -11.4775 2
    endloop
  endfacet
  facet normal -0.671472 0.74103 0
    outer loop
      vertex 21.2106 -6.88017 2
      vertex 21.0215 -7.05152 5
      vertex 21.2106 -6.88017 5
    endloop
  endfacet
  facet normal -0.671472 0.74103 0
    outer loop
      vertex 21.0215 -7.05152 5
      vertex 21.2106 -6.88017 2
      vertex 21.0215 -7.05152 2
    endloop
  endfacet
  facet normal 0.514006 0.857787 -0
    outer loop
      vertex 24.3045 -6.72818 2
      vertex 24.0856 -6.59701 5
      vertex 24.3045 -6.72818 5
    endloop
  endfacet
  facet normal 0.514006 0.857787 0
    outer loop
      vertex 24.0856 -6.59701 5
      vertex 24.3045 -6.72818 2
      vertex 24.0856 -6.59701 2
    endloop
  endfacet
  facet normal 0.595765 0.803159 -0
    outer loop
      vertex 24.5094 -6.88017 2
      vertex 24.3045 -6.72818 5
      vertex 24.5094 -6.88017 5
    endloop
  endfacet
  facet normal 0.595765 0.803159 0
    outer loop
      vertex 24.3045 -6.72818 5
      vertex 24.5094 -6.88017 2
      vertex 24.3045 -6.72818 2
    endloop
  endfacet
  facet normal -0.242997 0.970027 0
    outer loop
      vertex 22.3528 -6.33996 2
      vertex 22.1053 -6.40196 5
      vertex 22.3528 -6.33996 5
    endloop
  endfacet
  facet normal -0.242997 0.970027 0
    outer loop
      vertex 22.1053 -6.40196 5
      vertex 22.3528 -6.33996 2
      vertex 22.1053 -6.40196 2
    endloop
  endfacet
  facet normal -0.941618 0.336684 0
    outer loop
      vertex 20.372 -8.13526 2
      vertex 20.4579 -7.89502 5
      vertex 20.4579 -7.89502 2
    endloop
  endfacet
  facet normal -0.941618 0.336684 0
    outer loop
      vertex 20.4579 -7.89502 5
      vertex 20.372 -8.13526 2
      vertex 20.372 -8.13526 5
    endloop
  endfacet
  facet normal -0.427665 0.903937 0
    outer loop
      vertex 21.865 -6.48791 2
      vertex 21.6344 -6.59701 5
      vertex 21.865 -6.48791 5
    endloop
  endfacet
  facet normal -0.427665 0.903937 0
    outer loop
      vertex 21.6344 -6.59701 5
      vertex 21.865 -6.48791 2
      vertex 21.6344 -6.59701 2
    endloop
  endfacet
  facet normal -0.989142 -0.146966 0
    outer loop
      vertex 20.31 -9.39723 2
      vertex 20.2725 -9.14484 5
      vertex 20.2725 -9.14484 2
    endloop
  endfacet
  facet normal -0.989142 -0.146966 0
    outer loop
      vertex 20.2725 -9.14484 5
      vertex 20.31 -9.39723 2
      vertex 20.31 -9.39723 5
    endloop
  endfacet
  facet normal 0.427665 -0.903937 0
    outer loop
      vertex 23.855 -11.2921 2
      vertex 24.0856 -11.183 5
      vertex 23.855 -11.2921 5
    endloop
  endfacet
  facet normal 0.427665 -0.903937 0
    outer loop
      vertex 24.0856 -11.183 5
      vertex 23.855 -11.2921 2
      vertex 24.0856 -11.183 2
    endloop
  endfacet
  facet normal 0.336609 -0.941644 0
    outer loop
      vertex 23.6147 -11.378 2
      vertex 23.855 -11.2921 5
      vertex 23.6147 -11.378 5
    endloop
  endfacet
  facet normal 0.336609 -0.941644 0
    outer loop
      vertex 23.855 -11.2921 5
      vertex 23.6147 -11.378 2
      vertex 23.855 -11.2921 2
    endloop
  endfacet
  facet normal -0.427665 -0.903937 0
    outer loop
      vertex 21.6344 -11.183 2
      vertex 21.865 -11.2921 5
      vertex 21.6344 -11.183 5
    endloop
  endfacet
  facet normal -0.427665 -0.903937 -0
    outer loop
      vertex 21.865 -11.2921 5
      vertex 21.6344 -11.183 2
      vertex 21.865 -11.2921 2
    endloop
  endfacet
  facet normal 0.242997 -0.970027 0
    outer loop
      vertex 23.3672 -11.44 2
      vertex 23.6147 -11.378 5
      vertex 23.3672 -11.44 5
    endloop
  endfacet
  facet normal 0.242997 -0.970027 0
    outer loop
      vertex 23.6147 -11.378 5
      vertex 23.3672 -11.44 2
      vertex 23.6147 -11.378 2
    endloop
  endfacet
  facet normal -0.741056 0.671443 0
    outer loop
      vertex 20.8502 -7.24058 2
      vertex 21.0215 -7.05152 5
      vertex 21.0215 -7.05152 2
    endloop
  endfacet
  facet normal -0.741056 0.671443 0
    outer loop
      vertex 21.0215 -7.05152 5
      vertex 20.8502 -7.24058 2
      vertex 20.8502 -7.24058 5
    endloop
  endfacet
  facet normal 0 0 1
    outer loop
      vertex 23.86 -8.89 5
      vertex 25.46 -8.89 5
      vertex 25.4475 -8.63516 5
    endloop
  endfacet
  facet normal 0 0 1
    outer loop
      vertex 23.8552 -8.79198 5
      vertex 25.4475 -8.63516 5
      vertex 25.41 -8.38277 5
    endloop
  endfacet
  facet normal 0 0 1
    outer loop
      vertex 25.46 -8.89 5
      vertex 23.86 -8.89 5
      vertex 25.4475 -9.14484 5
    endloop
  endfacet
  facet normal 0 0 1
    outer loop
      vertex 23.8408 -8.69491 5
      vertex 25.41 -8.38277 5
      vertex 25.348 -8.13526 5
    endloop
  endfacet
  facet normal -0 0 1
    outer loop
      vertex 23.8552 -8.98802 5
      vertex 25.4475 -9.14484 5
      vertex 23.86 -8.89 5
    endloop
  endfacet
  facet normal 0 0 1
    outer loop
      vertex 23.8169 -8.59972 5
      vertex 25.348 -8.13526 5
      vertex 25.2621 -7.89502 5
    endloop
  endfacet
  facet normal 0 0 1
    outer loop
      vertex 25.4475 -9.14484 5
      vertex 23.8552 -8.98802 5
      vertex 25.41 -9.39723 5
    endloop
  endfacet
  facet normal 0 0 1
    outer loop
      vertex 23.7839 -8.50732 5
      vertex 25.2621 -7.89502 5
      vertex 25.153 -7.66437 5
    endloop
  endfacet
  facet normal -0 0 1
    outer loop
      vertex 23.8408 -9.08509 5
      vertex 25.41 -9.39723 5
      vertex 23.8552 -8.98802 5
    endloop
  endfacet
  facet normal 0 0 1
    outer loop
      vertex 23.7419 -8.4186 5
      vertex 25.153 -7.66437 5
      vertex 25.0218 -7.44552 5
    endloop
  endfacet
  facet normal 0 0 1
    outer loop
      vertex 25.41 -9.39723 5
      vertex 23.8408 -9.08509 5
      vertex 25.348 -9.64474 5
    endloop
  endfacet
  facet normal 0 0 1
    outer loop
      vertex 23.6915 -8.33443 5
      vertex 25.0218 -7.44552 5
      vertex 24.8698 -7.24058 5
    endloop
  endfacet
  facet normal -0 0 1
    outer loop
      vertex 23.8169 -9.18028 5
      vertex 25.348 -9.64474 5
      vertex 23.8408 -9.08509 5
    endloop
  endfacet
  facet normal 0 0 1
    outer loop
      vertex 23.633 -8.25561 5
      vertex 24.8698 -7.24058 5
      vertex 24.6985 -7.05152 5
    endloop
  endfacet
  facet normal 0 0 1
    outer loop
      vertex 25.348 -9.64474 5
      vertex 23.8169 -9.18028 5
      vertex 25.2621 -9.88498 5
    endloop
  endfacet
  facet normal 0 0 1
    outer loop
      vertex 23.5671 -8.18289 5
      vertex 24.6985 -7.05152 5
      vertex 24.5094 -6.88017 5
    endloop
  endfacet
  facet normal -0 0 1
    outer loop
      vertex 23.7839 -9.27268 5
      vertex 25.2621 -9.88498 5
      vertex 23.8169 -9.18028 5
    endloop
  endfacet
  facet normal 0 0 1
    outer loop
      vertex 23.4944 -8.11699 5
      vertex 24.5094 -6.88017 5
      vertex 24.3045 -6.72818 5
    endloop
  endfacet
  facet normal 0 0 1
    outer loop
      vertex 25.2621 -9.88498 5
      vertex 23.7839 -9.27268 5
      vertex 25.153 -10.1156 5
    endloop
  endfacet
  facet normal 0 0 1
    outer loop
      vertex 23.4156 -8.05853 5
      vertex 24.3045 -6.72818 5
      vertex 24.0856 -6.59701 5
    endloop
  endfacet
  facet normal -0 0 1
    outer loop
      vertex 23.7419 -9.3614 5
      vertex 25.153 -10.1156 5
      vertex 23.7839 -9.27268 5
    endloop
  endfacet
  facet normal 0 0 1
    outer loop
      vertex 25.153 -10.1156 5
      vertex 23.7419 -9.3614 5
      vertex 25.0218 -10.3345 5
    endloop
  endfacet
  facet normal 0 0 1
    outer loop
      vertex 25.4475 -8.63516 5
      vertex 23.8552 -8.79198 5
      vertex 23.86 -8.89 5
    endloop
  endfacet
  facet normal 0 0 1
    outer loop
      vertex 23.3314 -8.00808 5
      vertex 24.0856 -6.59701 5
      vertex 23.855 -6.48791 5
    endloop
  endfacet
  facet normal 0 0 1
    outer loop
      vertex 25.41 -8.38277 5
      vertex 23.8408 -8.69491 5
      vertex 23.8552 -8.79198 5
    endloop
  endfacet
  facet normal 0 0 1
    outer loop
      vertex 25.348 -8.13526 5
      vertex 23.8169 -8.59972 5
      vertex 23.8408 -8.69491 5
    endloop
  endfacet
  facet normal 0 0 1
    outer loop
      vertex 25.2621 -7.89502 5
      vertex 23.7839 -8.50732 5
      vertex 23.8169 -8.59972 5
    endloop
  endfacet
  facet normal 0 0 1
    outer loop
      vertex 25.153 -7.66437 5
      vertex 23.7419 -8.4186 5
      vertex 23.7839 -8.50732 5
    endloop
  endfacet
  facet normal 0 0 1
    outer loop
      vertex 25.0218 -7.44552 5
      vertex 23.6915 -8.33443 5
      vertex 23.7419 -8.4186 5
    endloop
  endfacet
  facet normal 0 0 1
    outer loop
      vertex 24.8698 -7.24058 5
      vertex 23.633 -8.25561 5
      vertex 23.6915 -8.33443 5
    endloop
  endfacet
  facet normal 0 0 1
    outer loop
      vertex 23.2427 -7.96612 5
      vertex 23.855 -6.48791 5
      vertex 23.6147 -6.40196 5
    endloop
  endfacet
  facet normal 0 0 1
    outer loop
      vertex 24.6985 -7.05152 5
      vertex 23.5671 -8.18289 5
      vertex 23.633 -8.25561 5
    endloop
  endfacet
  facet normal 0 0 1
    outer loop
      vertex 24.5094 -6.88017 5
      vertex 23.4944 -8.11699 5
      vertex 23.5671 -8.18289 5
    endloop
  endfacet
  facet normal 0 0 1
    outer loop
      vertex 24.3045 -6.72818 5
      vertex 23.4156 -8.05853 5
      vertex 23.4944 -8.11699 5
    endloop
  endfacet
  facet normal 0 0 1
    outer loop
      vertex 23.1503 -7.93306 5
      vertex 23.6147 -6.40196 5
      vertex 23.3672 -6.33996 5
    endloop
  endfacet
  facet normal 0 0 1
    outer loop
      vertex 24.0856 -6.59701 5
      vertex 23.3314 -8.00808 5
      vertex 23.4156 -8.05853 5
    endloop
  endfacet
  facet normal 0 0 1
    outer loop
      vertex 23.855 -6.48791 5
      vertex 23.2427 -7.96612 5
      vertex 23.3314 -8.00808 5
    endloop
  endfacet
  facet normal 0 0 1
    outer loop
      vertex 23.6147 -6.40196 5
      vertex 23.1503 -7.93306 5
      vertex 23.2427 -7.96612 5
    endloop
  endfacet
  facet normal 0 0 1
    outer loop
      vertex 23.0551 -7.90922 5
      vertex 23.3672 -6.33996 5
      vertex 23.1148 -6.30252 5
    endloop
  endfacet
  facet normal 0 0 1
    outer loop
      vertex 23.3672 -6.33996 5
      vertex 23.0551 -7.90922 5
      vertex 23.1503 -7.93306 5
    endloop
  endfacet
  facet normal 0 0 1
    outer loop
      vertex 23.1148 -6.30252 5
      vertex 22.958 -7.89482 5
      vertex 23.0551 -7.90922 5
    endloop
  endfacet
  facet normal 0 0 1
    outer loop
      vertex 22.86 -6.29 5
      vertex 22.958 -7.89482 5
      vertex 23.1148 -6.30252 5
    endloop
  endfacet
  facet normal 0 0 1
    outer loop
      vertex 22.86 -6.29 5
      vertex 22.86 -7.89 5
      vertex 22.958 -7.89482 5
    endloop
  endfacet
  facet normal 0 0 1
    outer loop
      vertex 22.86 -6.29 5
      vertex 22.762 -7.89482 5
      vertex 22.86 -7.89 5
    endloop
  endfacet
  facet normal -0 0 1
    outer loop
      vertex 22.6052 -6.30252 5
      vertex 22.762 -7.89482 5
      vertex 22.86 -6.29 5
    endloop
  endfacet
  facet normal 0 0 1
    outer loop
      vertex 22.762 -7.89482 5
      vertex 22.6052 -6.30252 5
      vertex 22.6649 -7.90922 5
    endloop
  endfacet
  facet normal -0 0 1
    outer loop
      vertex 22.3528 -6.33996 5
      vertex 22.6649 -7.90922 5
      vertex 22.6052 -6.30252 5
    endloop
  endfacet
  facet normal 0 0 1
    outer loop
      vertex 22.6649 -7.90922 5
      vertex 22.3528 -6.33996 5
      vertex 22.5697 -7.93306 5
    endloop
  endfacet
  facet normal -0 0 1
    outer loop
      vertex 22.1053 -6.40196 5
      vertex 22.5697 -7.93306 5
      vertex 22.3528 -6.33996 5
    endloop
  endfacet
  facet normal 0 0 1
    outer loop
      vertex 22.5697 -7.93306 5
      vertex 22.1053 -6.40196 5
      vertex 22.4773 -7.96612 5
    endloop
  endfacet
  facet normal -0 0 1
    outer loop
      vertex 21.865 -6.48791 5
      vertex 22.4773 -7.96612 5
      vertex 22.1053 -6.40196 5
    endloop
  endfacet
  facet normal 0 0 1
    outer loop
      vertex 22.4773 -7.96612 5
      vertex 21.865 -6.48791 5
      vertex 22.3886 -8.00808 5
    endloop
  endfacet
  facet normal -0 0 1
    outer loop
      vertex 21.6344 -6.59701 5
      vertex 22.3886 -8.00808 5
      vertex 21.865 -6.48791 5
    endloop
  endfacet
  facet normal 0 0 1
    outer loop
      vertex 22.3886 -8.00808 5
      vertex 21.6344 -6.59701 5
      vertex 22.3044 -8.05853 5
    endloop
  endfacet
  facet normal -0 0 1
    outer loop
      vertex 21.4155 -6.72818 5
      vertex 22.3044 -8.05853 5
      vertex 21.6344 -6.59701 5
    endloop
  endfacet
  facet normal 0 0 1
    outer loop
      vertex 22.3044 -8.05853 5
      vertex 21.4155 -6.72818 5
      vertex 22.2256 -8.11699 5
    endloop
  endfacet
  facet normal -0 0 1
    outer loop
      vertex 21.2106 -6.88017 5
      vertex 22.2256 -8.11699 5
      vertex 21.4155 -6.72818 5
    endloop
  endfacet
  facet normal 0 0 1
    outer loop
      vertex 22.2256 -8.11699 5
      vertex 21.2106 -6.88017 5
      vertex 22.1529 -8.18289 5
    endloop
  endfacet
  facet normal -0 0 1
    outer loop
      vertex 21.0215 -7.05152 5
      vertex 22.1529 -8.18289 5
      vertex 21.2106 -6.88017 5
    endloop
  endfacet
  facet normal 0 0 1
    outer loop
      vertex 22.1529 -8.18289 5
      vertex 21.0215 -7.05152 5
      vertex 22.087 -8.25561 5
    endloop
  endfacet
  facet normal -0 0 1
    outer loop
      vertex 20.8502 -7.24058 5
      vertex 22.087 -8.25561 5
      vertex 21.0215 -7.05152 5
    endloop
  endfacet
  facet normal 0 0 1
    outer loop
      vertex 22.087 -8.25561 5
      vertex 20.8502 -7.24058 5
      vertex 22.0285 -8.33443 5
    endloop
  endfacet
  facet normal -0 0 1
    outer loop
      vertex 20.6982 -7.44552 5
      vertex 22.0285 -8.33443 5
      vertex 20.8502 -7.24058 5
    endloop
  endfacet
  facet normal 0 0 1
    outer loop
      vertex 22.0285 -8.33443 5
      vertex 20.6982 -7.44552 5
      vertex 21.9781 -8.4186 5
    endloop
  endfacet
  facet normal -0 0 1
    outer loop
      vertex 23.6915 -9.44557 5
      vertex 25.0218 -10.3345 5
      vertex 23.7419 -9.3614 5
    endloop
  endfacet
  facet normal 0 0 1
    outer loop
      vertex 25.0218 -10.3345 5
      vertex 23.6915 -9.44557 5
      vertex 24.8698 -10.5394 5
    endloop
  endfacet
  facet normal -0 0 1
    outer loop
      vertex 23.633 -9.52439 5
      vertex 24.8698 -10.5394 5
      vertex 23.6915 -9.44557 5
    endloop
  endfacet
  facet normal 0 0 1
    outer loop
      vertex 24.8698 -10.5394 5
      vertex 23.633 -9.52439 5
      vertex 24.6985 -10.7285 5
    endloop
  endfacet
  facet normal -0 0 1
    outer loop
      vertex 23.5671 -9.59711 5
      vertex 24.6985 -10.7285 5
      vertex 23.633 -9.52439 5
    endloop
  endfacet
  facet normal 0 0 1
    outer loop
      vertex 24.6985 -10.7285 5
      vertex 23.5671 -9.59711 5
      vertex 24.5094 -10.8998 5
    endloop
  endfacet
  facet normal -0 0 1
    outer loop
      vertex 23.4944 -9.66301 5
      vertex 24.5094 -10.8998 5
      vertex 23.5671 -9.59711 5
    endloop
  endfacet
  facet normal 0 0 1
    outer loop
      vertex 24.5094 -10.8998 5
      vertex 23.4944 -9.66301 5
      vertex 24.3045 -11.0518 5
    endloop
  endfacet
  facet normal -0 0 1
    outer loop
      vertex 23.4156 -9.72147 5
      vertex 24.3045 -11.0518 5
      vertex 23.4944 -9.66301 5
    endloop
  endfacet
  facet normal 0 0 1
    outer loop
      vertex 24.3045 -11.0518 5
      vertex 23.4156 -9.72147 5
      vertex 24.0856 -11.183 5
    endloop
  endfacet
  facet normal -0 0 1
    outer loop
      vertex 23.3314 -9.77192 5
      vertex 24.0856 -11.183 5
      vertex 23.4156 -9.72147 5
    endloop
  endfacet
  facet normal 0 0 1
    outer loop
      vertex 24.0856 -11.183 5
      vertex 23.3314 -9.77192 5
      vertex 23.855 -11.2921 5
    endloop
  endfacet
  facet normal -0 0 1
    outer loop
      vertex 23.2427 -9.81388 5
      vertex 23.855 -11.2921 5
      vertex 23.3314 -9.77192 5
    endloop
  endfacet
  facet normal 0 0 1
    outer loop
      vertex 23.855 -11.2921 5
      vertex 23.2427 -9.81388 5
      vertex 23.6147 -11.378 5
    endloop
  endfacet
  facet normal -0 0 1
    outer loop
      vertex 23.1503 -9.84694 5
      vertex 23.6147 -11.378 5
      vertex 23.2427 -9.81388 5
    endloop
  endfacet
  facet normal 0 0 1
    outer loop
      vertex 23.6147 -11.378 5
      vertex 23.1503 -9.84694 5
      vertex 23.3672 -11.44 5
    endloop
  endfacet
  facet normal -0 0 1
    outer loop
      vertex 23.0551 -9.87078 5
      vertex 23.3672 -11.44 5
      vertex 23.1503 -9.84694 5
    endloop
  endfacet
  facet normal 0 0 1
    outer loop
      vertex 23.3672 -11.44 5
      vertex 23.0551 -9.87078 5
      vertex 23.1148 -11.4775 5
    endloop
  endfacet
  facet normal -0 0 1
    outer loop
      vertex 22.958 -9.88518 5
      vertex 23.1148 -11.4775 5
      vertex 23.0551 -9.87078 5
    endloop
  endfacet
  facet normal -0 0 1
    outer loop
      vertex 22.86 -9.89 5
      vertex 23.1148 -11.4775 5
      vertex 22.958 -9.88518 5
    endloop
  endfacet
  facet normal 0 0 1
    outer loop
      vertex 22.86 -9.89 5
      vertex 22.86 -11.49 5
      vertex 23.1148 -11.4775 5
    endloop
  endfacet
  facet normal 0 0 1
    outer loop
      vertex 22.762 -9.88518 5
      vertex 22.86 -11.49 5
      vertex 22.86 -9.89 5
    endloop
  endfacet
  facet normal 0 0 1
    outer loop
      vertex 22.6052 -11.4775 5
      vertex 22.762 -9.88518 5
      vertex 22.6649 -9.87078 5
    endloop
  endfacet
  facet normal 0 0 1
    outer loop
      vertex 22.762 -9.88518 5
      vertex 22.6052 -11.4775 5
      vertex 22.86 -11.49 5
    endloop
  endfacet
  facet normal 0 0 1
    outer loop
      vertex 22.3528 -11.44 5
      vertex 22.6649 -9.87078 5
      vertex 22.5697 -9.84694 5
    endloop
  endfacet
  facet normal 0 0 1
    outer loop
      vertex 22.1053 -11.378 5
      vertex 22.5697 -9.84694 5
      vertex 22.4773 -9.81388 5
    endloop
  endfacet
  facet normal 0 0 1
    outer loop
      vertex 21.865 -11.2921 5
      vertex 22.4773 -9.81388 5
      vertex 22.3886 -9.77192 5
    endloop
  endfacet
  facet normal 0 0 1
    outer loop
      vertex 22.6649 -9.87078 5
      vertex 22.3528 -11.44 5
      vertex 22.6052 -11.4775 5
    endloop
  endfacet
  facet normal 0 0 1
    outer loop
      vertex 21.6344 -11.183 5
      vertex 22.3886 -9.77192 5
      vertex 22.3044 -9.72147 5
    endloop
  endfacet
  facet normal 0 0 1
    outer loop
      vertex 21.4155 -11.0518 5
      vertex 22.3044 -9.72147 5
      vertex 22.2256 -9.66301 5
    endloop
  endfacet
  facet normal 0 0 1
    outer loop
      vertex 21.2106 -10.8998 5
      vertex 22.2256 -9.66301 5
      vertex 22.1529 -9.59711 5
    endloop
  endfacet
  facet normal 0 0 1
    outer loop
      vertex 22.5697 -9.84694 5
      vertex 22.1053 -11.378 5
      vertex 22.3528 -11.44 5
    endloop
  endfacet
  facet normal 0 0 1
    outer loop
      vertex 21.0215 -10.7285 5
      vertex 22.1529 -9.59711 5
      vertex 22.087 -9.52439 5
    endloop
  endfacet
  facet normal 0 0 1
    outer loop
      vertex 20.8502 -10.5394 5
      vertex 22.087 -9.52439 5
      vertex 22.0285 -9.44557 5
    endloop
  endfacet
  facet normal 0 0 1
    outer loop
      vertex 20.6982 -10.3345 5
      vertex 22.0285 -9.44557 5
      vertex 21.9781 -9.3614 5
    endloop
  endfacet
  facet normal 0 0 1
    outer loop
      vertex 20.567 -10.1156 5
      vertex 21.9781 -9.3614 5
      vertex 21.9361 -9.27268 5
    endloop
  endfacet
  facet normal 0 0 1
    outer loop
      vertex 20.4579 -9.88498 5
      vertex 21.9361 -9.27268 5
      vertex 21.9031 -9.18028 5
    endloop
  endfacet
  facet normal 0 0 1
    outer loop
      vertex 20.372 -9.64474 5
      vertex 21.9031 -9.18028 5
      vertex 21.8792 -9.08509 5
    endloop
  endfacet
  facet normal 0 0 1
    outer loop
      vertex 22.4773 -9.81388 5
      vertex 21.865 -11.2921 5
      vertex 22.1053 -11.378 5
    endloop
  endfacet
  facet normal 0 0 1
    outer loop
      vertex 20.31 -9.39723 5
      vertex 21.8792 -9.08509 5
      vertex 21.8648 -8.98802 5
    endloop
  endfacet
  facet normal 0 0 1
    outer loop
      vertex 20.2725 -9.14484 5
      vertex 21.8648 -8.98802 5
      vertex 21.86 -8.89 5
    endloop
  endfacet
  facet normal -0 0 1
    outer loop
      vertex 20.567 -7.66437 5
      vertex 21.9781 -8.4186 5
      vertex 20.6982 -7.44552 5
    endloop
  endfacet
  facet normal 0 0 1
    outer loop
      vertex 22.3886 -9.77192 5
      vertex 21.6344 -11.183 5
      vertex 21.865 -11.2921 5
    endloop
  endfacet
  facet normal 0 0 1
    outer loop
      vertex 21.9781 -8.4186 5
      vertex 20.567 -7.66437 5
      vertex 21.9361 -8.50732 5
    endloop
  endfacet
  facet normal 0 0 1
    outer loop
      vertex 22.3044 -9.72147 5
      vertex 21.4155 -11.0518 5
      vertex 21.6344 -11.183 5
    endloop
  endfacet
  facet normal -0 0 1
    outer loop
      vertex 20.4579 -7.89502 5
      vertex 21.9361 -8.50732 5
      vertex 20.567 -7.66437 5
    endloop
  endfacet
  facet normal 0 0 1
    outer loop
      vertex 22.2256 -9.66301 5
      vertex 21.2106 -10.8998 5
      vertex 21.4155 -11.0518 5
    endloop
  endfacet
  facet normal 0 0 1
    outer loop
      vertex 21.9361 -8.50732 5
      vertex 20.4579 -7.89502 5
      vertex 21.9031 -8.59972 5
    endloop
  endfacet
  facet normal 0 0 1
    outer loop
      vertex 22.1529 -9.59711 5
      vertex 21.0215 -10.7285 5
      vertex 21.2106 -10.8998 5
    endloop
  endfacet
  facet normal -0 0 1
    outer loop
      vertex 20.372 -8.13526 5
      vertex 21.9031 -8.59972 5
      vertex 20.4579 -7.89502 5
    endloop
  endfacet
  facet normal 0 0 1
    outer loop
      vertex 22.087 -9.52439 5
      vertex 20.8502 -10.5394 5
      vertex 21.0215 -10.7285 5
    endloop
  endfacet
  facet normal 0 0 1
    outer loop
      vertex 21.9031 -8.59972 5
      vertex 20.372 -8.13526 5
      vertex 21.8792 -8.69491 5
    endloop
  endfacet
  facet normal 0 0 1
    outer loop
      vertex 22.0285 -9.44557 5
      vertex 20.6982 -10.3345 5
      vertex 20.8502 -10.5394 5
    endloop
  endfacet
  facet normal -0 0 1
    outer loop
      vertex 20.31 -8.38277 5
      vertex 21.8792 -8.69491 5
      vertex 20.372 -8.13526 5
    endloop
  endfacet
  facet normal 0 0 1
    outer loop
      vertex 21.9781 -9.3614 5
      vertex 20.567 -10.1156 5
      vertex 20.6982 -10.3345 5
    endloop
  endfacet
  facet normal 0 0 1
    outer loop
      vertex 21.8792 -8.69491 5
      vertex 20.31 -8.38277 5
      vertex 21.8648 -8.79198 5
    endloop
  endfacet
  facet normal 0 0 1
    outer loop
      vertex 21.9361 -9.27268 5
      vertex 20.4579 -9.88498 5
      vertex 20.567 -10.1156 5
    endloop
  endfacet
  facet normal -0 0 1
    outer loop
      vertex 20.2725 -8.63516 5
      vertex 21.8648 -8.79198 5
      vertex 20.31 -8.38277 5
    endloop
  endfacet
  facet normal 0 0 1
    outer loop
      vertex 21.9031 -9.18028 5
      vertex 20.372 -9.64474 5
      vertex 20.4579 -9.88498 5
    endloop
  endfacet
  facet normal 0 0 1
    outer loop
      vertex 21.8648 -8.79198 5
      vertex 20.2725 -8.63516 5
      vertex 21.86 -8.89 5
    endloop
  endfacet
  facet normal 0 0 1
    outer loop
      vertex 21.8792 -9.08509 5
      vertex 20.31 -9.39723 5
      vertex 20.372 -9.64474 5
    endloop
  endfacet
  facet normal 0 0 1
    outer loop
      vertex 20.26 -8.89 5
      vertex 21.86 -8.89 5
      vertex 20.2725 -8.63516 5
    endloop
  endfacet
  facet normal 0 0 1
    outer loop
      vertex 21.8648 -8.98802 5
      vertex 20.2725 -9.14484 5
      vertex 20.31 -9.39723 5
    endloop
  endfacet
  facet normal 0 0 1
    outer loop
      vertex 21.86 -8.89 5
      vertex 20.26 -8.89 5
      vertex 20.2725 -9.14484 5
    endloop
  endfacet
  facet normal -0.857735 -0.514092 0
    outer loop
      vertex 20.6982 -10.3345 2
      vertex 20.567 -10.1156 5
      vertex 20.567 -10.1156 2
    endloop
  endfacet
  facet normal -0.857735 -0.514092 0
    outer loop
      vertex 20.567 -10.1156 5
      vertex 20.6982 -10.3345 2
      vertex 20.6982 -10.3345 5
    endloop
  endfacet
  facet normal 0.336783 0.941582 -0
    outer loop
      vertex 23.855 -6.48791 2
      vertex 23.6147 -6.40196 5
      vertex 23.855 -6.48791 5
    endloop
  endfacet
  facet normal 0.336783 0.941582 0
    outer loop
      vertex 23.6147 -6.40196 5
      vertex 23.855 -6.48791 2
      vertex 23.6147 -6.40196 2
    endloop
  endfacet
  facet normal 0.671365 -0.741127 0
    outer loop
      vertex 24.5094 -10.8998 2
      vertex 24.6985 -10.7285 5
      vertex 24.5094 -10.8998 5
    endloop
  endfacet
  facet normal 0.671365 -0.741127 0
    outer loop
      vertex 24.6985 -10.7285 5
      vertex 24.5094 -10.8998 2
      vertex 24.6985 -10.7285 2
    endloop
  endfacet
  facet normal -0.857683 0.514179 0
    outer loop
      vertex 20.567 -7.66437 2
      vertex 20.6982 -7.44552 5
      vertex 20.6982 -7.44552 2
    endloop
  endfacet
  facet normal -0.857683 0.514179 0
    outer loop
      vertex 20.6982 -7.44552 5
      vertex 20.567 -7.66437 2
      vertex 20.567 -7.66437 5
    endloop
  endfacet
  facet normal -0.803196 0.595715 0
    outer loop
      vertex 20.6982 -7.44552 2
      vertex 20.8502 -7.24058 5
      vertex 20.8502 -7.24058 2
    endloop
  endfacet
  facet normal -0.803196 0.595715 0
    outer loop
      vertex 20.8502 -7.24058 5
      vertex 20.6982 -7.44552 2
      vertex 20.6982 -7.44552 5
    endloop
  endfacet
  facet normal -0.941742 0.336336 0
    outer loop
      vertex 23.7839 -9.27268 2
      vertex 23.8169 -9.18028 5
      vertex 23.8169 -9.18028 2
    endloop
  endfacet
  facet normal -0.941742 0.336336 0
    outer loop
      vertex 23.8169 -9.18028 5
      vertex 23.7839 -9.27268 2
      vertex 23.7839 -9.27268 5
    endloop
  endfacet
  facet normal -0.802997 -0.595983 0
    outer loop
      vertex 23.6915 -8.33443 2
      vertex 23.633 -8.25561 5
      vertex 23.633 -8.25561 2
    endloop
  endfacet
  facet normal -0.802997 -0.595983 0
    outer loop
      vertex 23.633 -8.25561 5
      vertex 23.6915 -8.33443 2
      vertex 23.6915 -8.33443 5
    endloop
  endfacet
  facet normal 0.741 0.671505 0
    outer loop
      vertex 22.1529 -9.59711 5
      vertex 22.087 -9.52439 2
      vertex 22.087 -9.52439 5
    endloop
  endfacet
  facet normal 0.741 0.671505 0
    outer loop
      vertex 22.087 -9.52439 2
      vertex 22.1529 -9.59711 5
      vertex 22.1529 -9.59711 2
    endloop
  endfacet
  facet normal -0.989175 -0.146741 0
    outer loop
      vertex 23.8552 -8.79198 2
      vertex 23.8408 -8.69491 5
      vertex 23.8408 -8.69491 2
    endloop
  endfacet
  facet normal -0.989175 -0.146741 0
    outer loop
      vertex 23.8408 -8.69491 5
      vertex 23.8552 -8.79198 2
      vertex 23.8552 -8.79198 5
    endloop
  endfacet
  facet normal -0.671607 -0.740908 0
    outer loop
      vertex 23.4944 -8.11699 2
      vertex 23.5671 -8.18289 5
      vertex 23.4944 -8.11699 5
    endloop
  endfacet
  facet normal -0.671607 -0.740908 -0
    outer loop
      vertex 23.5671 -8.18289 5
      vertex 23.4944 -8.11699 2
      vertex 23.5671 -8.18289 2
    endloop
  endfacet
  facet normal 0.671607 -0.740908 0
    outer loop
      vertex 22.1529 -8.18289 2
      vertex 22.2256 -8.11699 5
      vertex 22.1529 -8.18289 5
    endloop
  endfacet
  facet normal 0.671607 -0.740908 0
    outer loop
      vertex 22.2256 -8.11699 5
      vertex 22.1529 -8.18289 2
      vertex 22.2256 -8.11699 2
    endloop
  endfacet
  facet normal -0.242919 0.970047 0
    outer loop
      vertex 23.1503 -9.84694 2
      vertex 23.0551 -9.87078 5
      vertex 23.1503 -9.84694 5
    endloop
  endfacet
  facet normal -0.242919 0.970047 0
    outer loop
      vertex 23.0551 -9.87078 5
      vertex 23.1503 -9.84694 2
      vertex 23.0551 -9.87078 2
    endloop
  endfacet
  facet normal -0.513971 -0.857807 0
    outer loop
      vertex 23.3314 -8.00808 2
      vertex 23.4156 -8.05853 5
      vertex 23.3314 -8.00808 5
    endloop
  endfacet
  facet normal -0.513971 -0.857807 -0
    outer loop
      vertex 23.4156 -8.05853 5
      vertex 23.3314 -8.00808 2
      vertex 23.4156 -8.05853 2
    endloop
  endfacet
  facet normal 0.336879 -0.941548 0
    outer loop
      vertex 22.4773 -7.96612 2
      vertex 22.5697 -7.93306 5
      vertex 22.4773 -7.96612 5
    endloop
  endfacet
  facet normal 0.336879 -0.941548 0
    outer loop
      vertex 22.5697 -7.93306 5
      vertex 22.4773 -7.96612 2
      vertex 22.5697 -7.93306 2
    endloop
  endfacet
  facet normal 0.998803 -0.048911 0
    outer loop
      vertex 21.86 -8.89 5
      vertex 21.8648 -8.79198 2
      vertex 21.8648 -8.79198 5
    endloop
  endfacet
  facet normal 0.998803 -0.048911 0
    outer loop
      vertex 21.8648 -8.79198 2
      vertex 21.86 -8.89 5
      vertex 21.86 -8.89 2
    endloop
  endfacet
  facet normal -0.513971 0.857807 0
    outer loop
      vertex 23.4156 -9.72147 2
      vertex 23.3314 -9.77192 5
      vertex 23.4156 -9.72147 5
    endloop
  endfacet
  facet normal -0.513971 0.857807 0
    outer loop
      vertex 23.3314 -9.77192 5
      vertex 23.4156 -9.72147 2
      vertex 23.3314 -9.77192 2
    endloop
  endfacet
  facet normal -0.741 0.671505 0
    outer loop
      vertex 23.5671 -9.59711 2
      vertex 23.633 -9.52439 5
      vertex 23.633 -9.52439 2
    endloop
  endfacet
  facet normal -0.741 0.671505 0
    outer loop
      vertex 23.633 -9.52439 5
      vertex 23.5671 -9.59711 2
      vertex 23.5671 -9.59711 5
    endloop
  endfacet
  facet normal 0.513971 -0.857807 0
    outer loop
      vertex 22.3044 -8.05853 2
      vertex 22.3886 -8.00808 5
      vertex 22.3044 -8.05853 5
    endloop
  endfacet
  facet normal 0.513971 -0.857807 0
    outer loop
      vertex 22.3886 -8.00808 5
      vertex 22.3044 -8.05853 2
      vertex 22.3886 -8.00808 2
    endloop
  endfacet
  facet normal -0.989175 0.146741 0
    outer loop
      vertex 23.8408 -9.08509 2
      vertex 23.8552 -8.98802 5
      vertex 23.8552 -8.98802 2
    endloop
  endfacet
  facet normal -0.989175 0.146741 0
    outer loop
      vertex 23.8552 -8.98802 5
      vertex 23.8408 -9.08509 2
      vertex 23.8408 -9.08509 5
    endloop
  endfacet
  facet normal -0.146696 0.989182 0
    outer loop
      vertex 23.0551 -9.87078 2
      vertex 22.958 -9.88518 5
      vertex 23.0551 -9.87078 5
    endloop
  endfacet
  facet normal -0.146696 0.989182 0
    outer loop
      vertex 22.958 -9.88518 5
      vertex 23.0551 -9.87078 2
      vertex 22.958 -9.88518 2
    endloop
  endfacet
  facet normal 0.242919 -0.970047 0
    outer loop
      vertex 22.5697 -7.93306 2
      vertex 22.6649 -7.90922 5
      vertex 22.5697 -7.93306 5
    endloop
  endfacet
  facet normal 0.242919 -0.970047 0
    outer loop
      vertex 22.6649 -7.90922 5
      vertex 22.5697 -7.93306 2
      vertex 22.6649 -7.90922 2
    endloop
  endfacet
  facet normal 0.595817 -0.80312 0
    outer loop
      vertex 22.2256 -8.11699 2
      vertex 22.3044 -8.05853 5
      vertex 22.2256 -8.11699 5
    endloop
  endfacet
  facet normal 0.595817 -0.80312 0
    outer loop
      vertex 22.3044 -8.05853 5
      vertex 22.2256 -8.11699 2
      vertex 22.3044 -8.05853 2
    endloop
  endfacet
  facet normal -0.336879 -0.941548 0
    outer loop
      vertex 23.1503 -7.93306 2
      vertex 23.2427 -7.96612 5
      vertex 23.1503 -7.93306 5
    endloop
  endfacet
  facet normal -0.336879 -0.941548 -0
    outer loop
      vertex 23.2427 -7.96612 5
      vertex 23.1503 -7.93306 2
      vertex 23.2427 -7.96612 2
    endloop
  endfacet
  facet normal 0.427622 0.903958 -0
    outer loop
      vertex 22.4773 -9.81388 2
      vertex 22.3886 -9.77192 5
      vertex 22.4773 -9.81388 5
    endloop
  endfacet
  facet normal 0.427622 0.903958 0
    outer loop
      vertex 22.3886 -9.77192 5
      vertex 22.4773 -9.81388 2
      vertex 22.3886 -9.77192 2
    endloop
  endfacet
  facet normal 0.595817 0.80312 -0
    outer loop
      vertex 22.3044 -9.72147 2
      vertex 22.2256 -9.66301 5
      vertex 22.3044 -9.72147 5
    endloop
  endfacet
  facet normal 0.595817 0.80312 0
    outer loop
      vertex 22.2256 -9.66301 5
      vertex 22.3044 -9.72147 2
      vertex 22.2256 -9.66301 2
    endloop
  endfacet
  facet normal -0.998803 -0.048911 0
    outer loop
      vertex 23.86 -8.89 2
      vertex 23.8552 -8.79198 5
      vertex 23.8552 -8.79198 2
    endloop
  endfacet
  facet normal -0.998803 -0.048911 0
    outer loop
      vertex 23.8552 -8.79198 5
      vertex 23.86 -8.89 2
      vertex 23.86 -8.89 5
    endloop
  endfacet
  facet normal 0.969896 0.243518 0
    outer loop
      vertex 21.9031 -9.18028 5
      vertex 21.8792 -9.08509 2
      vertex 21.8792 -9.08509 5
    endloop
  endfacet
  facet normal 0.969896 0.243518 0
    outer loop
      vertex 21.8792 -9.08509 2
      vertex 21.9031 -9.18028 5
      vertex 21.9031 -9.18028 2
    endloop
  endfacet
  facet normal 0.903837 0.427876 0
    outer loop
      vertex 21.9781 -9.3614 5
      vertex 21.9361 -9.27268 2
      vertex 21.9361 -9.27268 5
    endloop
  endfacet
  facet normal 0.903837 0.427876 0
    outer loop
      vertex 21.9361 -9.27268 2
      vertex 21.9781 -9.3614 5
      vertex 21.9781 -9.3614 2
    endloop
  endfacet
  facet normal 0.146696 -0.989182 0
    outer loop
      vertex 22.6649 -7.90922 2
      vertex 22.762 -7.89482 5
      vertex 22.6649 -7.90922 5
    endloop
  endfacet
  facet normal 0.146696 -0.989182 0
    outer loop
      vertex 22.762 -7.89482 5
      vertex 22.6649 -7.90922 2
      vertex 22.762 -7.89482 2
    endloop
  endfacet
  facet normal 0.0491243 -0.998793 0
    outer loop
      vertex 22.762 -7.89482 2
      vertex 22.86 -7.89 5
      vertex 22.762 -7.89482 5
    endloop
  endfacet
  facet normal 0.0491243 -0.998793 0
    outer loop
      vertex 22.86 -7.89 5
      vertex 22.762 -7.89482 2
      vertex 22.86 -7.89 2
    endloop
  endfacet
  facet normal 0.242919 0.970047 -0
    outer loop
      vertex 22.6649 -9.87078 2
      vertex 22.5697 -9.84694 5
      vertex 22.6649 -9.87078 5
    endloop
  endfacet
  facet normal 0.242919 0.970047 0
    outer loop
      vertex 22.5697 -9.84694 5
      vertex 22.6649 -9.87078 2
      vertex 22.5697 -9.84694 2
    endloop
  endfacet
  facet normal -0.903837 -0.427876 0
    outer loop
      vertex 23.7839 -8.50732 2
      vertex 23.7419 -8.4186 5
      vertex 23.7419 -8.4186 2
    endloop
  endfacet
  facet normal -0.903837 -0.427876 0
    outer loop
      vertex 23.7419 -8.4186 5
      vertex 23.7839 -8.50732 2
      vertex 23.7839 -8.50732 5
    endloop
  endfacet
  facet normal -0.998803 0.048911 0
    outer loop
      vertex 23.8552 -8.98802 2
      vertex 23.86 -8.89 5
      vertex 23.86 -8.89 2
    endloop
  endfacet
  facet normal -0.998803 0.048911 0
    outer loop
      vertex 23.86 -8.89 5
      vertex 23.8552 -8.98802 2
      vertex 23.8552 -8.98802 5
    endloop
  endfacet
  facet normal -0.857951 -0.513731 0
    outer loop
      vertex 23.7419 -8.4186 2
      vertex 23.6915 -8.33443 5
      vertex 23.6915 -8.33443 2
    endloop
  endfacet
  facet normal -0.857951 -0.513731 0
    outer loop
      vertex 23.6915 -8.33443 5
      vertex 23.7419 -8.4186 2
      vertex 23.7419 -8.4186 5
    endloop
  endfacet
  facet normal -0.969896 -0.243518 0
    outer loop
      vertex 23.8408 -8.69491 2
      vertex 23.8169 -8.59972 5
      vertex 23.8169 -8.59972 2
    endloop
  endfacet
  facet normal -0.969896 -0.243518 0
    outer loop
      vertex 23.8169 -8.59972 5
      vertex 23.8408 -8.69491 2
      vertex 23.8408 -8.69491 5
    endloop
  endfacet
  facet normal 0.989175 -0.146741 0
    outer loop
      vertex 21.8648 -8.79198 5
      vertex 21.8792 -8.69491 2
      vertex 21.8792 -8.69491 5
    endloop
  endfacet
  facet normal 0.989175 -0.146741 0
    outer loop
      vertex 21.8792 -8.69491 2
      vertex 21.8648 -8.79198 5
      vertex 21.8648 -8.79198 2
    endloop
  endfacet
  facet normal -0.741 -0.671505 0
    outer loop
      vertex 23.633 -8.25561 2
      vertex 23.5671 -8.18289 5
      vertex 23.5671 -8.18289 2
    endloop
  endfacet
  facet normal -0.741 -0.671505 0
    outer loop
      vertex 23.5671 -8.18289 5
      vertex 23.633 -8.25561 2
      vertex 23.633 -8.25561 5
    endloop
  endfacet
  facet normal -0.0491243 0.998793 0
    outer loop
      vertex 22.958 -9.88518 2
      vertex 22.86 -9.89 5
      vertex 22.958 -9.88518 5
    endloop
  endfacet
  facet normal -0.0491243 0.998793 0
    outer loop
      vertex 22.86 -9.89 5
      vertex 22.958 -9.88518 2
      vertex 22.86 -9.89 2
    endloop
  endfacet
  facet normal 0.857951 0.513731 0
    outer loop
      vertex 22.0285 -9.44557 5
      vertex 21.9781 -9.3614 2
      vertex 21.9781 -9.3614 5
    endloop
  endfacet
  facet normal 0.857951 0.513731 0
    outer loop
      vertex 21.9781 -9.3614 2
      vertex 22.0285 -9.44557 5
      vertex 22.0285 -9.44557 2
    endloop
  endfacet
  facet normal 0.969896 -0.243518 0
    outer loop
      vertex 21.8792 -8.69491 5
      vertex 21.9031 -8.59972 2
      vertex 21.9031 -8.59972 5
    endloop
  endfacet
  facet normal 0.969896 -0.243518 0
    outer loop
      vertex 21.9031 -8.59972 2
      vertex 21.8792 -8.69491 5
      vertex 21.8792 -8.69491 2
    endloop
  endfacet
  facet normal 0.802997 0.595983 0
    outer loop
      vertex 22.087 -9.52439 5
      vertex 22.0285 -9.44557 2
      vertex 22.0285 -9.44557 5
    endloop
  endfacet
  facet normal 0.802997 0.595983 0
    outer loop
      vertex 22.0285 -9.44557 2
      vertex 22.087 -9.52439 5
      vertex 22.087 -9.52439 2
    endloop
  endfacet
  facet normal -0.857951 0.513731 0
    outer loop
      vertex 23.6915 -9.44557 2
      vertex 23.7419 -9.3614 5
      vertex 23.7419 -9.3614 2
    endloop
  endfacet
  facet normal -0.857951 0.513731 0
    outer loop
      vertex 23.7419 -9.3614 5
      vertex 23.6915 -9.44557 2
      vertex 23.6915 -9.44557 5
    endloop
  endfacet
  facet normal -0.941742 -0.336336 0
    outer loop
      vertex 23.8169 -8.59972 2
      vertex 23.7839 -8.50732 5
      vertex 23.7839 -8.50732 2
    endloop
  endfacet
  facet normal -0.941742 -0.336336 0
    outer loop
      vertex 23.7839 -8.50732 5
      vertex 23.8169 -8.59972 2
      vertex 23.8169 -8.59972 5
    endloop
  endfacet
  facet normal -0.595817 0.80312 0
    outer loop
      vertex 23.4944 -9.66301 2
      vertex 23.4156 -9.72147 5
      vertex 23.4944 -9.66301 5
    endloop
  endfacet
  facet normal -0.595817 0.80312 0
    outer loop
      vertex 23.4156 -9.72147 5
      vertex 23.4944 -9.66301 2
      vertex 23.4156 -9.72147 2
    endloop
  endfacet
  facet normal 0.998803 0.048911 0
    outer loop
      vertex 21.8648 -8.98802 5
      vertex 21.86 -8.89 2
      vertex 21.86 -8.89 5
    endloop
  endfacet
  facet normal 0.998803 0.048911 0
    outer loop
      vertex 21.86 -8.89 2
      vertex 21.8648 -8.98802 5
      vertex 21.8648 -8.98802 2
    endloop
  endfacet
  facet normal 0.903837 -0.427876 0
    outer loop
      vertex 21.9361 -8.50732 5
      vertex 21.9781 -8.4186 2
      vertex 21.9781 -8.4186 5
    endloop
  endfacet
  facet normal 0.903837 -0.427876 0
    outer loop
      vertex 21.9781 -8.4186 2
      vertex 21.9361 -8.50732 5
      vertex 21.9361 -8.50732 2
    endloop
  endfacet
  facet normal 0.941742 -0.336336 0
    outer loop
      vertex 21.9031 -8.59972 5
      vertex 21.9361 -8.50732 2
      vertex 21.9361 -8.50732 5
    endloop
  endfacet
  facet normal 0.941742 -0.336336 0
    outer loop
      vertex 21.9361 -8.50732 2
      vertex 21.9031 -8.59972 5
      vertex 21.9031 -8.59972 2
    endloop
  endfacet
  facet normal 0.146696 0.989182 -0
    outer loop
      vertex 22.762 -9.88518 2
      vertex 22.6649 -9.87078 5
      vertex 22.762 -9.88518 5
    endloop
  endfacet
  facet normal 0.146696 0.989182 0
    outer loop
      vertex 22.6649 -9.87078 5
      vertex 22.762 -9.88518 2
      vertex 22.6649 -9.87078 2
    endloop
  endfacet
  facet normal -0.146696 -0.989182 0
    outer loop
      vertex 22.958 -7.89482 2
      vertex 23.0551 -7.90922 5
      vertex 22.958 -7.89482 5
    endloop
  endfacet
  facet normal -0.146696 -0.989182 -0
    outer loop
      vertex 23.0551 -7.90922 5
      vertex 22.958 -7.89482 2
      vertex 23.0551 -7.90922 2
    endloop
  endfacet
  facet normal -0.0491243 -0.998793 0
    outer loop
      vertex 22.86 -7.89 2
      vertex 22.958 -7.89482 5
      vertex 22.86 -7.89 5
    endloop
  endfacet
  facet normal -0.0491243 -0.998793 -0
    outer loop
      vertex 22.958 -7.89482 5
      vertex 22.86 -7.89 2
      vertex 22.958 -7.89482 2
    endloop
  endfacet
  facet normal 0.513971 0.857807 -0
    outer loop
      vertex 22.3886 -9.77192 2
      vertex 22.3044 -9.72147 5
      vertex 22.3886 -9.77192 5
    endloop
  endfacet
  facet normal 0.513971 0.857807 0
    outer loop
      vertex 22.3044 -9.72147 5
      vertex 22.3886 -9.77192 2
      vertex 22.3044 -9.72147 2
    endloop
  endfacet
  facet normal -0.595817 -0.80312 0
    outer loop
      vertex 23.4156 -8.05853 2
      vertex 23.4944 -8.11699 5
      vertex 23.4156 -8.05853 5
    endloop
  endfacet
  facet normal -0.595817 -0.80312 -0
    outer loop
      vertex 23.4944 -8.11699 5
      vertex 23.4156 -8.05853 2
      vertex 23.4944 -8.11699 2
    endloop
  endfacet
  facet normal -0.427622 -0.903958 0
    outer loop
      vertex 23.2427 -7.96612 2
      vertex 23.3314 -8.00808 5
      vertex 23.2427 -7.96612 5
    endloop
  endfacet
  facet normal -0.427622 -0.903958 -0
    outer loop
      vertex 23.3314 -8.00808 5
      vertex 23.2427 -7.96612 2
      vertex 23.3314 -8.00808 2
    endloop
  endfacet
  facet normal -0.903837 0.427876 0
    outer loop
      vertex 23.7419 -9.3614 2
      vertex 23.7839 -9.27268 5
      vertex 23.7839 -9.27268 2
    endloop
  endfacet
  facet normal -0.903837 0.427876 0
    outer loop
      vertex 23.7839 -9.27268 5
      vertex 23.7419 -9.3614 2
      vertex 23.7419 -9.3614 5
    endloop
  endfacet
  facet normal 0.0491243 0.998793 -0
    outer loop
      vertex 22.86 -9.89 2
      vertex 22.762 -9.88518 5
      vertex 22.86 -9.89 5
    endloop
  endfacet
  facet normal 0.0491243 0.998793 0
    outer loop
      vertex 22.762 -9.88518 5
      vertex 22.86 -9.89 2
      vertex 22.762 -9.88518 2
    endloop
  endfacet
  facet normal 0.941742 0.336336 0
    outer loop
      vertex 21.9361 -9.27268 5
      vertex 21.9031 -9.18028 2
      vertex 21.9031 -9.18028 5
    endloop
  endfacet
  facet normal 0.941742 0.336336 0
    outer loop
      vertex 21.9031 -9.18028 2
      vertex 21.9361 -9.27268 5
      vertex 21.9361 -9.27268 2
    endloop
  endfacet
  facet normal -0.242919 -0.970047 0
    outer loop
      vertex 23.0551 -7.90922 2
      vertex 23.1503 -7.93306 5
      vertex 23.0551 -7.90922 5
    endloop
  endfacet
  facet normal -0.242919 -0.970047 -0
    outer loop
      vertex 23.1503 -7.93306 5
      vertex 23.0551 -7.90922 2
      vertex 23.1503 -7.93306 2
    endloop
  endfacet
  facet normal 0.336879 0.941548 -0
    outer loop
      vertex 22.5697 -9.84694 2
      vertex 22.4773 -9.81388 5
      vertex 22.5697 -9.84694 5
    endloop
  endfacet
  facet normal 0.336879 0.941548 0
    outer loop
      vertex 22.4773 -9.81388 5
      vertex 22.5697 -9.84694 2
      vertex 22.4773 -9.81388 2
    endloop
  endfacet
  facet normal -0.671607 0.740908 0
    outer loop
      vertex 23.5671 -9.59711 2
      vertex 23.4944 -9.66301 5
      vertex 23.5671 -9.59711 5
    endloop
  endfacet
  facet normal -0.671607 0.740908 0
    outer loop
      vertex 23.4944 -9.66301 5
      vertex 23.5671 -9.59711 2
      vertex 23.4944 -9.66301 2
    endloop
  endfacet
  facet normal -0.969896 0.243518 0
    outer loop
      vertex 23.8169 -9.18028 2
      vertex 23.8408 -9.08509 5
      vertex 23.8408 -9.08509 2
    endloop
  endfacet
  facet normal -0.969896 0.243518 0
    outer loop
      vertex 23.8408 -9.08509 5
      vertex 23.8169 -9.18028 2
      vertex 23.8169 -9.18028 5
    endloop
  endfacet
  facet normal 0.671607 0.740908 -0
    outer loop
      vertex 22.2256 -9.66301 2
      vertex 22.1529 -9.59711 5
      vertex 22.2256 -9.66301 5
    endloop
  endfacet
  facet normal 0.671607 0.740908 0
    outer loop
      vertex 22.1529 -9.59711 5
      vertex 22.2256 -9.66301 2
      vertex 22.1529 -9.59711 2
    endloop
  endfacet
  facet normal 0.989175 0.146741 0
    outer loop
      vertex 21.8792 -9.08509 5
      vertex 21.8648 -8.98802 2
      vertex 21.8648 -8.98802 5
    endloop
  endfacet
  facet normal 0.989175 0.146741 0
    outer loop
      vertex 21.8648 -8.98802 2
      vertex 21.8792 -9.08509 5
      vertex 21.8792 -9.08509 2
    endloop
  endfacet
  facet normal -0.802997 0.595983 0
    outer loop
      vertex 23.633 -9.52439 2
      vertex 23.6915 -9.44557 5
      vertex 23.6915 -9.44557 2
    endloop
  endfacet
  facet normal -0.802997 0.595983 0
    outer loop
      vertex 23.6915 -9.44557 5
      vertex 23.633 -9.52439 2
      vertex 23.633 -9.52439 5
    endloop
  endfacet
  facet normal -0.336879 0.941548 0
    outer loop
      vertex 23.2427 -9.81388 2
      vertex 23.1503 -9.84694 5
      vertex 23.2427 -9.81388 5
    endloop
  endfacet
  facet normal -0.336879 0.941548 0
    outer loop
      vertex 23.1503 -9.84694 5
      vertex 23.2427 -9.81388 2
      vertex 23.1503 -9.84694 2
    endloop
  endfacet
  facet normal 0.802997 -0.595983 0
    outer loop
      vertex 22.0285 -8.33443 5
      vertex 22.087 -8.25561 2
      vertex 22.087 -8.25561 5
    endloop
  endfacet
  facet normal 0.802997 -0.595983 0
    outer loop
      vertex 22.087 -8.25561 2
      vertex 22.0285 -8.33443 5
      vertex 22.0285 -8.33443 2
    endloop
  endfacet
  facet normal -0.427622 0.903958 0
    outer loop
      vertex 23.3314 -9.77192 2
      vertex 23.2427 -9.81388 5
      vertex 23.3314 -9.77192 5
    endloop
  endfacet
  facet normal -0.427622 0.903958 0
    outer loop
      vertex 23.2427 -9.81388 5
      vertex 23.3314 -9.77192 2
      vertex 23.2427 -9.81388 2
    endloop
  endfacet
  facet normal 0.741 -0.671505 0
    outer loop
      vertex 22.087 -8.25561 5
      vertex 22.1529 -8.18289 2
      vertex 22.1529 -8.18289 5
    endloop
  endfacet
  facet normal 0.741 -0.671505 0
    outer loop
      vertex 22.1529 -8.18289 2
      vertex 22.087 -8.25561 5
      vertex 22.087 -8.25561 2
    endloop
  endfacet
  facet normal 0.427622 -0.903958 0
    outer loop
      vertex 22.3886 -8.00808 2
      vertex 22.4773 -7.96612 5
      vertex 22.3886 -8.00808 5
    endloop
  endfacet
  facet normal 0.427622 -0.903958 0
    outer loop
      vertex 22.4773 -7.96612 5
      vertex 22.3886 -8.00808 2
      vertex 22.4773 -7.96612 2
    endloop
  endfacet
  facet normal 0.857951 -0.513731 0
    outer loop
      vertex 21.9781 -8.4186 5
      vertex 22.0285 -8.33443 2
      vertex 22.0285 -8.33443 5
    endloop
  endfacet
  facet normal 0.857951 -0.513731 0
    outer loop
      vertex 22.0285 -8.33443 2
      vertex 21.9781 -8.4186 5
      vertex 21.9781 -8.4186 2
    endloop
  endfacet
  facet normal -0.59579 0.80314 0
    outer loop
      vertex 21.4155 11.0518 2
      vertex 21.2106 10.8998 5
      vertex 21.4155 11.0518 5
    endloop
  endfacet
  facet normal -0.59579 0.80314 0
    outer loop
      vertex 21.2106 10.8998 5
      vertex 21.4155 11.0518 2
      vertex 21.2106 10.8998 2
    endloop
  endfacet
  facet normal -0.0490774 -0.998795 0
    outer loop
      vertex 22.6052 6.30252 2
      vertex 22.86 6.29 5
      vertex 22.6052 6.30252 5
    endloop
  endfacet
  facet normal -0.0490774 -0.998795 -0
    outer loop
      vertex 22.86 6.29 5
      vertex 22.6052 6.30252 2
      vertex 22.86 6.29 2
    endloop
  endfacet
  facet normal -0.903952 0.427635 0
    outer loop
      vertex 20.4579 9.88498 2
      vertex 20.567 10.1156 5
      vertex 20.567 10.1156 2
    endloop
  endfacet
  facet normal -0.903952 0.427635 0
    outer loop
      vertex 20.567 10.1156 5
      vertex 20.4579 9.88498 2
      vertex 20.4579 9.88498 5
    endloop
  endfacet
  facet normal -0.970029 0.242987 0
    outer loop
      vertex 20.31 9.39723 2
      vertex 20.372 9.64474 5
      vertex 20.372 9.64474 2
    endloop
  endfacet
  facet normal -0.970029 0.242987 0
    outer loop
      vertex 20.372 9.64474 5
      vertex 20.31 9.39723 2
      vertex 20.31 9.39723 5
    endloop
  endfacet
  facet normal 0.970029 -0.242987 0
    outer loop
      vertex 25.348 8.13526 5
      vertex 25.41 8.38277 2
      vertex 25.41 8.38277 5
    endloop
  endfacet
  facet normal 0.970029 -0.242987 0
    outer loop
      vertex 25.41 8.38277 2
      vertex 25.348 8.13526 5
      vertex 25.348 8.13526 2
    endloop
  endfacet
  facet normal -0.514092 0.857735 0
    outer loop
      vertex 21.6344 11.183 2
      vertex 21.4155 11.0518 5
      vertex 21.6344 11.183 5
    endloop
  endfacet
  facet normal -0.514092 0.857735 0
    outer loop
      vertex 21.4155 11.0518 5
      vertex 21.6344 11.183 2
      vertex 21.4155 11.0518 2
    endloop
  endfacet
  facet normal 0.857683 -0.514179 0
    outer loop
      vertex 25.0218 7.44552 5
      vertex 25.153 7.66437 2
      vertex 25.153 7.66437 5
    endloop
  endfacet
  facet normal 0.857683 -0.514179 0
    outer loop
      vertex 25.153 7.66437 2
      vertex 25.0218 7.44552 5
      vertex 25.0218 7.44552 2
    endloop
  endfacet
  facet normal -0.146961 0.989142 0
    outer loop
      vertex 22.6052 11.4775 2
      vertex 22.3528 11.44 5
      vertex 22.6052 11.4775 5
    endloop
  endfacet
  facet normal -0.146961 0.989142 0
    outer loop
      vertex 22.3528 11.44 5
      vertex 22.6052 11.4775 2
      vertex 22.3528 11.44 2
    endloop
  endfacet
  facet normal 0.80314 0.59579 0
    outer loop
      vertex 25.0218 10.3345 5
      vertex 24.8698 10.5394 2
      vertex 24.8698 10.5394 5
    endloop
  endfacet
  facet normal 0.80314 0.59579 0
    outer loop
      vertex 24.8698 10.5394 2
      vertex 25.0218 10.3345 5
      vertex 25.0218 10.3345 2
    endloop
  endfacet
  facet normal -0.336783 -0.941582 0
    outer loop
      vertex 21.865 6.48791 2
      vertex 22.1053 6.40196 5
      vertex 21.865 6.48791 5
    endloop
  endfacet
  facet normal -0.336783 -0.941582 -0
    outer loop
      vertex 22.1053 6.40196 5
      vertex 21.865 6.48791 2
      vertex 22.1053 6.40196 2
    endloop
  endfacet
  facet normal -0.998799 -0.0489915 0
    outer loop
      vertex 20.2725 8.63516 2
      vertex 20.26 8.89 5
      vertex 20.26 8.89 2
    endloop
  endfacet
  facet normal -0.998799 -0.0489915 0
    outer loop
      vertex 20.26 8.89 5
      vertex 20.2725 8.63516 2
      vertex 20.2725 8.63516 5
    endloop
  endfacet
  facet normal 0.427665 0.903937 -0
    outer loop
      vertex 24.0856 11.183 2
      vertex 23.855 11.2921 5
      vertex 24.0856 11.183 5
    endloop
  endfacet
  facet normal 0.427665 0.903937 0
    outer loop
      vertex 23.855 11.2921 5
      vertex 24.0856 11.183 2
      vertex 23.855 11.2921 2
    endloop
  endfacet
  facet normal -0.336609 0.941644 0
    outer loop
      vertex 22.1053 11.378 2
      vertex 21.865 11.2921 5
      vertex 22.1053 11.378 5
    endloop
  endfacet
  facet normal -0.336609 0.941644 0
    outer loop
      vertex 21.865 11.2921 5
      vertex 22.1053 11.378 2
      vertex 21.865 11.2921 2
    endloop
  endfacet
  facet normal 0.989142 0.146966 0
    outer loop
      vertex 25.4475 9.14484 5
      vertex 25.41 9.39723 2
      vertex 25.41 9.39723 5
    endloop
  endfacet
  facet normal 0.989142 0.146966 0
    outer loop
      vertex 25.41 9.39723 2
      vertex 25.4475 9.14484 5
      vertex 25.4475 9.14484 2
    endloop
  endfacet
  facet normal -0.671472 -0.74103 0
    outer loop
      vertex 21.0215 7.05152 2
      vertex 21.2106 6.88017 5
      vertex 21.0215 7.05152 5
    endloop
  endfacet
  facet normal -0.671472 -0.74103 -0
    outer loop
      vertex 21.2106 6.88017 5
      vertex 21.0215 7.05152 2
      vertex 21.2106 6.88017 2
    endloop
  endfacet
  facet normal -0.970029 -0.242987 0
    outer loop
      vertex 20.372 8.13526 2
      vertex 20.31 8.38277 5
      vertex 20.31 8.38277 2
    endloop
  endfacet
  facet normal -0.970029 -0.242987 0
    outer loop
      vertex 20.31 8.38277 5
      vertex 20.372 8.13526 2
      vertex 20.372 8.13526 5
    endloop
  endfacet
  facet normal 0.941618 0.336684 0
    outer loop
      vertex 25.348 9.64474 5
      vertex 25.2621 9.88498 2
      vertex 25.2621 9.88498 5
    endloop
  endfacet
  facet normal 0.941618 0.336684 0
    outer loop
      vertex 25.2621 9.88498 2
      vertex 25.348 9.64474 5
      vertex 25.348 9.64474 2
    endloop
  endfacet
  facet normal 0.903973 -0.427589 0
    outer loop
      vertex 25.153 7.66437 5
      vertex 25.2621 7.89502 2
      vertex 25.2621 7.89502 5
    endloop
  endfacet
  facet normal 0.903973 -0.427589 0
    outer loop
      vertex 25.2621 7.89502 2
      vertex 25.153 7.66437 5
      vertex 25.153 7.66437 2
    endloop
  endfacet
  facet normal 0.146961 0.989142 -0
    outer loop
      vertex 23.3672 11.44 2
      vertex 23.1148 11.4775 5
      vertex 23.3672 11.44 5
    endloop
  endfacet
  facet normal 0.146961 0.989142 0
    outer loop
      vertex 23.1148 11.4775 5
      vertex 23.3672 11.44 2
      vertex 23.1148 11.4775 2
    endloop
  endfacet
  facet normal -0.595765 -0.803159 0
    outer loop
      vertex 21.2106 6.88017 2
      vertex 21.4155 6.72818 5
      vertex 21.2106 6.88017 5
    endloop
  endfacet
  facet normal -0.595765 -0.803159 -0
    outer loop
      vertex 21.4155 6.72818 5
      vertex 21.2106 6.88017 2
      vertex 21.4155 6.72818 2
    endloop
  endfacet
  facet normal 0.970029 0.242987 0
    outer loop
      vertex 25.41 9.39723 5
      vertex 25.348 9.64474 2
      vertex 25.348 9.64474 5
    endloop
  endfacet
  facet normal 0.970029 0.242987 0
    outer loop
      vertex 25.348 9.64474 2
      vertex 25.41 9.39723 5
      vertex 25.41 9.39723 2
    endloop
  endfacet
  facet normal 0.998799 0.0489915 0
    outer loop
      vertex 25.46 8.89 5
      vertex 25.4475 9.14484 2
      vertex 25.4475 9.14484 5
    endloop
  endfacet
  facet normal 0.998799 0.0489915 0
    outer loop
      vertex 25.4475 9.14484 2
      vertex 25.46 8.89 5
      vertex 25.46 8.89 2
    endloop
  endfacet
  facet normal -0.998799 0.0489915 0
    outer loop
      vertex 20.26 8.89 2
      vertex 20.2725 9.14484 5
      vertex 20.2725 9.14484 2
    endloop
  endfacet
  facet normal -0.998799 0.0489915 0
    outer loop
      vertex 20.2725 9.14484 5
      vertex 20.26 8.89 2
      vertex 20.26 8.89 5
    endloop
  endfacet
  facet normal 0.989142 -0.146966 0
    outer loop
      vertex 25.41 8.38277 5
      vertex 25.4475 8.63516 2
      vertex 25.4475 8.63516 5
    endloop
  endfacet
  facet normal 0.989142 -0.146966 0
    outer loop
      vertex 25.4475 8.63516 2
      vertex 25.41 8.38277 5
      vertex 25.41 8.38277 2
    endloop
  endfacet
  facet normal -0.514006 -0.857787 0
    outer loop
      vertex 21.4155 6.72818 2
      vertex 21.6344 6.59701 5
      vertex 21.4155 6.72818 5
    endloop
  endfacet
  facet normal -0.514006 -0.857787 -0
    outer loop
      vertex 21.6344 6.59701 5
      vertex 21.4155 6.72818 2
      vertex 21.6344 6.59701 2
    endloop
  endfacet
  facet normal 0.242997 0.970027 -0
    outer loop
      vertex 23.6147 11.378 2
      vertex 23.3672 11.44 5
      vertex 23.6147 11.378 5
    endloop
  endfacet
  facet normal 0.242997 0.970027 0
    outer loop
      vertex 23.3672 11.44 5
      vertex 23.6147 11.378 2
      vertex 23.3672 11.44 2
    endloop
  endfacet
  facet normal 0.741127 0.671365 0
    outer loop
      vertex 24.8698 10.5394 5
      vertex 24.6985 10.7285 2
      vertex 24.6985 10.7285 5
    endloop
  endfacet
  facet normal 0.741127 0.671365 0
    outer loop
      vertex 24.6985 10.7285 2
      vertex 24.8698 10.5394 5
      vertex 24.8698 10.5394 2
    endloop
  endfacet
  facet normal 0.857735 0.514092 0
    outer loop
      vertex 25.153 10.1156 5
      vertex 25.0218 10.3345 2
      vertex 25.0218 10.3345 5
    endloop
  endfacet
  facet normal 0.857735 0.514092 0
    outer loop
      vertex 25.0218 10.3345 2
      vertex 25.153 10.1156 5
      vertex 25.153 10.1156 2
    endloop
  endfacet
  facet normal 0.998799 -0.0489915 0
    outer loop
      vertex 25.4475 8.63516 5
      vertex 25.46 8.89 2
      vertex 25.46 8.89 5
    endloop
  endfacet
  facet normal 0.998799 -0.0489915 0
    outer loop
      vertex 25.46 8.89 2
      vertex 25.4475 8.63516 5
      vertex 25.4475 8.63516 2
    endloop
  endfacet
  facet normal 0.671365 0.741127 -0
    outer loop
      vertex 24.6985 10.7285 2
      vertex 24.5094 10.8998 5
      vertex 24.6985 10.7285 5
    endloop
  endfacet
  facet normal 0.671365 0.741127 0
    outer loop
      vertex 24.5094 10.8998 5
      vertex 24.6985 10.7285 2
      vertex 24.5094 10.8998 2
    endloop
  endfacet
  facet normal 0.0489992 0.998799 -0
    outer loop
      vertex 23.1148 11.4775 2
      vertex 22.86 11.49 5
      vertex 23.1148 11.4775 5
    endloop
  endfacet
  facet normal 0.0489992 0.998799 0
    outer loop
      vertex 22.86 11.49 5
      vertex 23.1148 11.4775 2
      vertex 22.86 11.49 2
    endloop
  endfacet
  facet normal -0.0489992 0.998799 0
    outer loop
      vertex 22.86 11.49 2
      vertex 22.6052 11.4775 5
      vertex 22.86 11.49 5
    endloop
  endfacet
  facet normal -0.0489992 0.998799 0
    outer loop
      vertex 22.6052 11.4775 5
      vertex 22.86 11.49 2
      vertex 22.6052 11.4775 2
    endloop
  endfacet
  facet normal 0.14673 -0.989177 0
    outer loop
      vertex 23.1148 6.30252 2
      vertex 23.3672 6.33996 5
      vertex 23.1148 6.30252 5
    endloop
  endfacet
  facet normal 0.14673 -0.989177 0
    outer loop
      vertex 23.3672 6.33996 5
      vertex 23.1148 6.30252 2
      vertex 23.3672 6.33996 2
    endloop
  endfacet
  facet normal 0.803196 -0.595715 0
    outer loop
      vertex 24.8698 7.24058 5
      vertex 25.0218 7.44552 2
      vertex 25.0218 7.44552 5
    endloop
  endfacet
  facet normal 0.803196 -0.595715 0
    outer loop
      vertex 25.0218 7.44552 2
      vertex 24.8698 7.24058 5
      vertex 24.8698 7.24058 2
    endloop
  endfacet
  facet normal 0.941618 -0.336684 0
    outer loop
      vertex 25.2621 7.89502 5
      vertex 25.348 8.13526 2
      vertex 25.348 8.13526 5
    endloop
  endfacet
  facet normal 0.941618 -0.336684 0
    outer loop
      vertex 25.348 8.13526 2
      vertex 25.2621 7.89502 5
      vertex 25.2621 7.89502 2
    endloop
  endfacet
  facet normal -0.741056 -0.671443 0
    outer loop
      vertex 21.0215 7.05152 2
      vertex 20.8502 7.24058 5
      vertex 20.8502 7.24058 2
    endloop
  endfacet
  facet normal -0.741056 -0.671443 0
    outer loop
      vertex 20.8502 7.24058 5
      vertex 21.0215 7.05152 2
      vertex 21.0215 7.05152 5
    endloop
  endfacet
  facet normal -0.803196 -0.595715 0
    outer loop
      vertex 20.8502 7.24058 2
      vertex 20.6982 7.44552 5
      vertex 20.6982 7.44552 2
    endloop
  endfacet
  facet normal -0.803196 -0.595715 0
    outer loop
      vertex 20.6982 7.44552 5
      vertex 20.8502 7.24058 2
      vertex 20.8502 7.24058 5
    endloop
  endfacet
  facet normal -0.903973 -0.427589 0
    outer loop
      vertex 20.567 7.66437 2
      vertex 20.4579 7.89502 5
      vertex 20.4579 7.89502 2
    endloop
  endfacet
  facet normal -0.903973 -0.427589 0
    outer loop
      vertex 20.4579 7.89502 5
      vertex 20.567 7.66437 2
      vertex 20.567 7.66437 5
    endloop
  endfacet
  facet normal -0.989142 0.146966 0
    outer loop
      vertex 20.2725 9.14484 2
      vertex 20.31 9.39723 5
      vertex 20.31 9.39723 2
    endloop
  endfacet
  facet normal -0.989142 0.146966 0
    outer loop
      vertex 20.31 9.39723 5
      vertex 20.2725 9.14484 2
      vertex 20.2725 9.14484 5
    endloop
  endfacet
  facet normal 0.514006 -0.857787 0
    outer loop
      vertex 24.0856 6.59701 2
      vertex 24.3045 6.72818 5
      vertex 24.0856 6.59701 5
    endloop
  endfacet
  facet normal 0.514006 -0.857787 0
    outer loop
      vertex 24.3045 6.72818 5
      vertex 24.0856 6.59701 2
      vertex 24.3045 6.72818 2
    endloop
  endfacet
  facet normal 0.903952 0.427635 0
    outer loop
      vertex 25.2621 9.88498 5
      vertex 25.153 10.1156 2
      vertex 25.153 10.1156 5
    endloop
  endfacet
  facet normal 0.903952 0.427635 0
    outer loop
      vertex 25.153 10.1156 2
      vertex 25.2621 9.88498 5
      vertex 25.2621 9.88498 2
    endloop
  endfacet
  facet normal -0.941618 -0.336684 0
    outer loop
      vertex 20.4579 7.89502 2
      vertex 20.372 8.13526 5
      vertex 20.372 8.13526 2
    endloop
  endfacet
  facet normal -0.941618 -0.336684 0
    outer loop
      vertex 20.372 8.13526 5
      vertex 20.4579 7.89502 2
      vertex 20.4579 7.89502 5
    endloop
  endfacet
  facet normal -0.14673 -0.989177 0
    outer loop
      vertex 22.3528 6.33996 2
      vertex 22.6052 6.30252 5
      vertex 22.3528 6.33996 5
    endloop
  endfacet
  facet normal -0.14673 -0.989177 -0
    outer loop
      vertex 22.6052 6.30252 5
      vertex 22.3528 6.33996 2
      vertex 22.6052 6.30252 2
    endloop
  endfacet
  facet normal 0.595765 -0.803159 0
    outer loop
      vertex 24.3045 6.72818 2
      vertex 24.5094 6.88017 5
      vertex 24.3045 6.72818 5
    endloop
  endfacet
  facet normal 0.595765 -0.803159 0
    outer loop
      vertex 24.5094 6.88017 5
      vertex 24.3045 6.72818 2
      vertex 24.5094 6.88017 2
    endloop
  endfacet
  facet normal 0.741056 -0.671443 0
    outer loop
      vertex 24.6985 7.05152 5
      vertex 24.8698 7.24058 2
      vertex 24.8698 7.24058 5
    endloop
  endfacet
  facet normal 0.741056 -0.671443 0
    outer loop
      vertex 24.8698 7.24058 2
      vertex 24.6985 7.05152 5
      vertex 24.6985 7.05152 2
    endloop
  endfacet
  facet normal -0.242997 -0.970027 0
    outer loop
      vertex 22.1053 6.40196 2
      vertex 22.3528 6.33996 5
      vertex 22.1053 6.40196 5
    endloop
  endfacet
  facet normal -0.242997 -0.970027 -0
    outer loop
      vertex 22.3528 6.33996 5
      vertex 22.1053 6.40196 2
      vertex 22.3528 6.33996 2
    endloop
  endfacet
  facet normal 0.0490774 -0.998795 0
    outer loop
      vertex 22.86 6.29 2
      vertex 23.1148 6.30252 5
      vertex 22.86 6.29 5
    endloop
  endfacet
  facet normal 0.0490774 -0.998795 0
    outer loop
      vertex 23.1148 6.30252 5
      vertex 22.86 6.29 2
      vertex 23.1148 6.30252 2
    endloop
  endfacet
  facet normal -0.671365 0.741127 0
    outer loop
      vertex 21.2106 10.8998 2
      vertex 21.0215 10.7285 5
      vertex 21.2106 10.8998 5
    endloop
  endfacet
  facet normal -0.671365 0.741127 0
    outer loop
      vertex 21.0215 10.7285 5
      vertex 21.2106 10.8998 2
      vertex 21.0215 10.7285 2
    endloop
  endfacet
  facet normal 0.514092 0.857735 -0
    outer loop
      vertex 24.3045 11.0518 2
      vertex 24.0856 11.183 5
      vertex 24.3045 11.0518 5
    endloop
  endfacet
  facet normal 0.514092 0.857735 0
    outer loop
      vertex 24.0856 11.183 5
      vertex 24.3045 11.0518 2
      vertex 24.0856 11.183 2
    endloop
  endfacet
  facet normal 0.59579 0.80314 -0
    outer loop
      vertex 24.5094 10.8998 2
      vertex 24.3045 11.0518 5
      vertex 24.5094 10.8998 5
    endloop
  endfacet
  facet normal 0.59579 0.80314 0
    outer loop
      vertex 24.3045 11.0518 5
      vertex 24.5094 10.8998 2
      vertex 24.3045 11.0518 2
    endloop
  endfacet
  facet normal -0.242997 0.970027 0
    outer loop
      vertex 22.3528 11.44 2
      vertex 22.1053 11.378 5
      vertex 22.3528 11.44 5
    endloop
  endfacet
  facet normal -0.242997 0.970027 0
    outer loop
      vertex 22.1053 11.378 5
      vertex 22.3528 11.44 2
      vertex 22.1053 11.378 2
    endloop
  endfacet
  facet normal -0.941618 0.336684 0
    outer loop
      vertex 20.372 9.64474 2
      vertex 20.4579 9.88498 5
      vertex 20.4579 9.88498 2
    endloop
  endfacet
  facet normal -0.941618 0.336684 0
    outer loop
      vertex 20.4579 9.88498 5
      vertex 20.372 9.64474 2
      vertex 20.372 9.64474 5
    endloop
  endfacet
  facet normal -0.427665 0.903937 0
    outer loop
      vertex 21.865 11.2921 2
      vertex 21.6344 11.183 5
      vertex 21.865 11.2921 5
    endloop
  endfacet
  facet normal -0.427665 0.903937 0
    outer loop
      vertex 21.6344 11.183 5
      vertex 21.865 11.2921 2
      vertex 21.6344 11.183 2
    endloop
  endfacet
  facet normal -0.989142 -0.146966 0
    outer loop
      vertex 20.31 8.38277 2
      vertex 20.2725 8.63516 5
      vertex 20.2725 8.63516 2
    endloop
  endfacet
  facet normal -0.989142 -0.146966 0
    outer loop
      vertex 20.2725 8.63516 5
      vertex 20.31 8.38277 2
      vertex 20.31 8.38277 5
    endloop
  endfacet
  facet normal 0.427665 -0.903937 0
    outer loop
      vertex 23.855 6.48791 2
      vertex 24.0856 6.59701 5
      vertex 23.855 6.48791 5
    endloop
  endfacet
  facet normal 0.427665 -0.903937 0
    outer loop
      vertex 24.0856 6.59701 5
      vertex 23.855 6.48791 2
      vertex 24.0856 6.59701 2
    endloop
  endfacet
  facet normal 0.336783 -0.941582 0
    outer loop
      vertex 23.6147 6.40196 2
      vertex 23.855 6.48791 5
      vertex 23.6147 6.40196 5
    endloop
  endfacet
  facet normal 0.336783 -0.941582 0
    outer loop
      vertex 23.855 6.48791 5
      vertex 23.6147 6.40196 2
      vertex 23.855 6.48791 2
    endloop
  endfacet
  facet normal -0.427665 -0.903937 0
    outer loop
      vertex 21.6344 6.59701 2
      vertex 21.865 6.48791 5
      vertex 21.6344 6.59701 5
    endloop
  endfacet
  facet normal -0.427665 -0.903937 -0
    outer loop
      vertex 21.865 6.48791 5
      vertex 21.6344 6.59701 2
      vertex 21.865 6.48791 2
    endloop
  endfacet
  facet normal 0.242997 -0.970027 0
    outer loop
      vertex 23.3672 6.33996 2
      vertex 23.6147 6.40196 5
      vertex 23.3672 6.33996 5
    endloop
  endfacet
  facet normal 0.242997 -0.970027 0
    outer loop
      vertex 23.6147 6.40196 5
      vertex 23.3672 6.33996 2
      vertex 23.6147 6.40196 2
    endloop
  endfacet
  facet normal -0.741127 0.671365 0
    outer loop
      vertex 20.8502 10.5394 2
      vertex 21.0215 10.7285 5
      vertex 21.0215 10.7285 2
    endloop
  endfacet
  facet normal -0.741127 0.671365 0
    outer loop
      vertex 21.0215 10.7285 5
      vertex 20.8502 10.5394 2
      vertex 20.8502 10.5394 5
    endloop
  endfacet
  facet normal 0 0 1
    outer loop
      vertex 23.86 8.89 5
      vertex 25.46 8.89 5
      vertex 25.4475 9.14484 5
    endloop
  endfacet
  facet normal 0 0 1
    outer loop
      vertex 23.8552 8.98802 5
      vertex 25.4475 9.14484 5
      vertex 25.41 9.39723 5
    endloop
  endfacet
  facet normal 0 0 1
    outer loop
      vertex 25.46 8.89 5
      vertex 23.86 8.89 5
      vertex 25.4475 8.63516 5
    endloop
  endfacet
  facet normal 0 0 1
    outer loop
      vertex 23.8408 9.08509 5
      vertex 25.41 9.39723 5
      vertex 25.348 9.64474 5
    endloop
  endfacet
  facet normal -0 0 1
    outer loop
      vertex 23.8552 8.79198 5
      vertex 25.4475 8.63516 5
      vertex 23.86 8.89 5
    endloop
  endfacet
  facet normal 0 0 1
    outer loop
      vertex 23.8169 9.18028 5
      vertex 25.348 9.64474 5
      vertex 25.2621 9.88498 5
    endloop
  endfacet
  facet normal 0 0 1
    outer loop
      vertex 25.4475 8.63516 5
      vertex 23.8552 8.79198 5
      vertex 25.41 8.38277 5
    endloop
  endfacet
  facet normal 0 0 1
    outer loop
      vertex 23.7839 9.27268 5
      vertex 25.2621 9.88498 5
      vertex 25.153 10.1156 5
    endloop
  endfacet
  facet normal -0 0 1
    outer loop
      vertex 23.8408 8.69491 5
      vertex 25.41 8.38277 5
      vertex 23.8552 8.79198 5
    endloop
  endfacet
  facet normal 0 0 1
    outer loop
      vertex 23.7419 9.3614 5
      vertex 25.153 10.1156 5
      vertex 25.0218 10.3345 5
    endloop
  endfacet
  facet normal 0 0 1
    outer loop
      vertex 25.41 8.38277 5
      vertex 23.8408 8.69491 5
      vertex 25.348 8.13526 5
    endloop
  endfacet
  facet normal 0 0 1
    outer loop
      vertex 23.6915 9.44557 5
      vertex 25.0218 10.3345 5
      vertex 24.8698 10.5394 5
    endloop
  endfacet
  facet normal -0 0 1
    outer loop
      vertex 23.8169 8.59972 5
      vertex 25.348 8.13526 5
      vertex 23.8408 8.69491 5
    endloop
  endfacet
  facet normal 0 0 1
    outer loop
      vertex 23.633 9.52439 5
      vertex 24.8698 10.5394 5
      vertex 24.6985 10.7285 5
    endloop
  endfacet
  facet normal 0 0 1
    outer loop
      vertex 25.348 8.13526 5
      vertex 23.8169 8.59972 5
      vertex 25.2621 7.89502 5
    endloop
  endfacet
  facet normal 0 0 1
    outer loop
      vertex 23.5671 9.59711 5
      vertex 24.6985 10.7285 5
      vertex 24.5094 10.8998 5
    endloop
  endfacet
  facet normal -0 0 1
    outer loop
      vertex 23.7839 8.50732 5
      vertex 25.2621 7.89502 5
      vertex 23.8169 8.59972 5
    endloop
  endfacet
  facet normal 0 0 1
    outer loop
      vertex 23.4944 9.66301 5
      vertex 24.5094 10.8998 5
      vertex 24.3045 11.0518 5
    endloop
  endfacet
  facet normal 0 0 1
    outer loop
      vertex 25.2621 7.89502 5
      vertex 23.7839 8.50732 5
      vertex 25.153 7.66437 5
    endloop
  endfacet
  facet normal 0 0 1
    outer loop
      vertex 23.4156 9.72147 5
      vertex 24.3045 11.0518 5
      vertex 24.0856 11.183 5
    endloop
  endfacet
  facet normal -0 0 1
    outer loop
      vertex 23.7419 8.4186 5
      vertex 25.153 7.66437 5
      vertex 23.7839 8.50732 5
    endloop
  endfacet
  facet normal 0 0 1
    outer loop
      vertex 25.153 7.66437 5
      vertex 23.7419 8.4186 5
      vertex 25.0218 7.44552 5
    endloop
  endfacet
  facet normal 0 0 1
    outer loop
      vertex 25.4475 9.14484 5
      vertex 23.8552 8.98802 5
      vertex 23.86 8.89 5
    endloop
  endfacet
  facet normal 0 0 1
    outer loop
      vertex 23.3314 9.77192 5
      vertex 24.0856 11.183 5
      vertex 23.855 11.2921 5
    endloop
  endfacet
  facet normal 0 0 1
    outer loop
      vertex 25.41 9.39723 5
      vertex 23.8408 9.08509 5
      vertex 23.8552 8.98802 5
    endloop
  endfacet
  facet normal 0 0 1
    outer loop
      vertex 25.348 9.64474 5
      vertex 23.8169 9.18028 5
      vertex 23.8408 9.08509 5
    endloop
  endfacet
  facet normal 0 0 1
    outer loop
      vertex 25.2621 9.88498 5
      vertex 23.7839 9.27268 5
      vertex 23.8169 9.18028 5
    endloop
  endfacet
  facet normal 0 0 1
    outer loop
      vertex 25.153 10.1156 5
      vertex 23.7419 9.3614 5
      vertex 23.7839 9.27268 5
    endloop
  endfacet
  facet normal 0 0 1
    outer loop
      vertex 25.0218 10.3345 5
      vertex 23.6915 9.44557 5
      vertex 23.7419 9.3614 5
    endloop
  endfacet
  facet normal 0 0 1
    outer loop
      vertex 24.8698 10.5394 5
      vertex 23.633 9.52439 5
      vertex 23.6915 9.44557 5
    endloop
  endfacet
  facet normal 0 0 1
    outer loop
      vertex 23.2427 9.81388 5
      vertex 23.855 11.2921 5
      vertex 23.6147 11.378 5
    endloop
  endfacet
  facet normal 0 0 1
    outer loop
      vertex 24.6985 10.7285 5
      vertex 23.5671 9.59711 5
      vertex 23.633 9.52439 5
    endloop
  endfacet
  facet normal 0 0 1
    outer loop
      vertex 24.5094 10.8998 5
      vertex 23.4944 9.66301 5
      vertex 23.5671 9.59711 5
    endloop
  endfacet
  facet normal 0 0 1
    outer loop
      vertex 24.3045 11.0518 5
      vertex 23.4156 9.72147 5
      vertex 23.4944 9.66301 5
    endloop
  endfacet
  facet normal 0 0 1
    outer loop
      vertex 23.1503 9.84694 5
      vertex 23.6147 11.378 5
      vertex 23.3672 11.44 5
    endloop
  endfacet
  facet normal 0 0 1
    outer loop
      vertex 24.0856 11.183 5
      vertex 23.3314 9.77192 5
      vertex 23.4156 9.72147 5
    endloop
  endfacet
  facet normal 0 0 1
    outer loop
      vertex 23.855 11.2921 5
      vertex 23.2427 9.81388 5
      vertex 23.3314 9.77192 5
    endloop
  endfacet
  facet normal 0 0 1
    outer loop
      vertex 23.6147 11.378 5
      vertex 23.1503 9.84694 5
      vertex 23.2427 9.81388 5
    endloop
  endfacet
  facet normal 0 0 1
    outer loop
      vertex 23.0551 9.87078 5
      vertex 23.3672 11.44 5
      vertex 23.1148 11.4775 5
    endloop
  endfacet
  facet normal 0 0 1
    outer loop
      vertex 23.3672 11.44 5
      vertex 23.0551 9.87078 5
      vertex 23.1503 9.84694 5
    endloop
  endfacet
  facet normal 0 0 1
    outer loop
      vertex 23.1148 11.4775 5
      vertex 22.958 9.88518 5
      vertex 23.0551 9.87078 5
    endloop
  endfacet
  facet normal 0 0 1
    outer loop
      vertex 22.86 11.49 5
      vertex 22.958 9.88518 5
      vertex 23.1148 11.4775 5
    endloop
  endfacet
  facet normal 0 0 1
    outer loop
      vertex 22.86 11.49 5
      vertex 22.86 9.89 5
      vertex 22.958 9.88518 5
    endloop
  endfacet
  facet normal 0 0 1
    outer loop
      vertex 22.86 11.49 5
      vertex 22.762 9.88518 5
      vertex 22.86 9.89 5
    endloop
  endfacet
  facet normal -0 0 1
    outer loop
      vertex 22.6052 11.4775 5
      vertex 22.762 9.88518 5
      vertex 22.86 11.49 5
    endloop
  endfacet
  facet normal 0 0 1
    outer loop
      vertex 22.762 9.88518 5
      vertex 22.6052 11.4775 5
      vertex 22.6649 9.87078 5
    endloop
  endfacet
  facet normal -0 0 1
    outer loop
      vertex 22.3528 11.44 5
      vertex 22.6649 9.87078 5
      vertex 22.6052 11.4775 5
    endloop
  endfacet
  facet normal 0 0 1
    outer loop
      vertex 22.6649 9.87078 5
      vertex 22.3528 11.44 5
      vertex 22.5697 9.84694 5
    endloop
  endfacet
  facet normal -0 0 1
    outer loop
      vertex 22.1053 11.378 5
      vertex 22.5697 9.84694 5
      vertex 22.3528 11.44 5
    endloop
  endfacet
  facet normal 0 0 1
    outer loop
      vertex 22.5697 9.84694 5
      vertex 22.1053 11.378 5
      vertex 22.4773 9.81388 5
    endloop
  endfacet
  facet normal -0 0 1
    outer loop
      vertex 21.865 11.2921 5
      vertex 22.4773 9.81388 5
      vertex 22.1053 11.378 5
    endloop
  endfacet
  facet normal 0 0 1
    outer loop
      vertex 22.4773 9.81388 5
      vertex 21.865 11.2921 5
      vertex 22.3886 9.77192 5
    endloop
  endfacet
  facet normal -0 0 1
    outer loop
      vertex 21.6344 11.183 5
      vertex 22.3886 9.77192 5
      vertex 21.865 11.2921 5
    endloop
  endfacet
  facet normal 0 0 1
    outer loop
      vertex 22.3886 9.77192 5
      vertex 21.6344 11.183 5
      vertex 22.3044 9.72147 5
    endloop
  endfacet
  facet normal -0 0 1
    outer loop
      vertex 21.4155 11.0518 5
      vertex 22.3044 9.72147 5
      vertex 21.6344 11.183 5
    endloop
  endfacet
  facet normal 0 0 1
    outer loop
      vertex 22.3044 9.72147 5
      vertex 21.4155 11.0518 5
      vertex 22.2256 9.66301 5
    endloop
  endfacet
  facet normal -0 0 1
    outer loop
      vertex 21.2106 10.8998 5
      vertex 22.2256 9.66301 5
      vertex 21.4155 11.0518 5
    endloop
  endfacet
  facet normal 0 0 1
    outer loop
      vertex 22.2256 9.66301 5
      vertex 21.2106 10.8998 5
      vertex 22.1529 9.59711 5
    endloop
  endfacet
  facet normal -0 0 1
    outer loop
      vertex 21.0215 10.7285 5
      vertex 22.1529 9.59711 5
      vertex 21.2106 10.8998 5
    endloop
  endfacet
  facet normal 0 0 1
    outer loop
      vertex 22.1529 9.59711 5
      vertex 21.0215 10.7285 5
      vertex 22.087 9.52439 5
    endloop
  endfacet
  facet normal -0 0 1
    outer loop
      vertex 20.8502 10.5394 5
      vertex 22.087 9.52439 5
      vertex 21.0215 10.7285 5
    endloop
  endfacet
  facet normal 0 0 1
    outer loop
      vertex 22.087 9.52439 5
      vertex 20.8502 10.5394 5
      vertex 22.0285 9.44557 5
    endloop
  endfacet
  facet normal -0 0 1
    outer loop
      vertex 20.6982 10.3345 5
      vertex 22.0285 9.44557 5
      vertex 20.8502 10.5394 5
    endloop
  endfacet
  facet normal 0 0 1
    outer loop
      vertex 22.0285 9.44557 5
      vertex 20.6982 10.3345 5
      vertex 21.9781 9.3614 5
    endloop
  endfacet
  facet normal -0 0 1
    outer loop
      vertex 23.6915 8.33443 5
      vertex 25.0218 7.44552 5
      vertex 23.7419 8.4186 5
    endloop
  endfacet
  facet normal 0 0 1
    outer loop
      vertex 25.0218 7.44552 5
      vertex 23.6915 8.33443 5
      vertex 24.8698 7.24058 5
    endloop
  endfacet
  facet normal -0 0 1
    outer loop
      vertex 23.633 8.25561 5
      vertex 24.8698 7.24058 5
      vertex 23.6915 8.33443 5
    endloop
  endfacet
  facet normal 0 0 1
    outer loop
      vertex 24.8698 7.24058 5
      vertex 23.633 8.25561 5
      vertex 24.6985 7.05152 5
    endloop
  endfacet
  facet normal -0 0 1
    outer loop
      vertex 23.5671 8.18289 5
      vertex 24.6985 7.05152 5
      vertex 23.633 8.25561 5
    endloop
  endfacet
  facet normal 0 0 1
    outer loop
      vertex 24.6985 7.05152 5
      vertex 23.5671 8.18289 5
      vertex 24.5094 6.88017 5
    endloop
  endfacet
  facet normal -0 0 1
    outer loop
      vertex 23.4944 8.11699 5
      vertex 24.5094 6.88017 5
      vertex 23.5671 8.18289 5
    endloop
  endfacet
  facet normal 0 0 1
    outer loop
      vertex 24.5094 6.88017 5
      vertex 23.4944 8.11699 5
      vertex 24.3045 6.72818 5
    endloop
  endfacet
  facet normal -0 0 1
    outer loop
      vertex 23.4156 8.05853 5
      vertex 24.3045 6.72818 5
      vertex 23.4944 8.11699 5
    endloop
  endfacet
  facet normal 0 0 1
    outer loop
      vertex 24.3045 6.72818 5
      vertex 23.4156 8.05853 5
      vertex 24.0856 6.59701 5
    endloop
  endfacet
  facet normal -0 0 1
    outer loop
      vertex 23.3314 8.00808 5
      vertex 24.0856 6.59701 5
      vertex 23.4156 8.05853 5
    endloop
  endfacet
  facet normal 0 0 1
    outer loop
      vertex 24.0856 6.59701 5
      vertex 23.3314 8.00808 5
      vertex 23.855 6.48791 5
    endloop
  endfacet
  facet normal -0 0 1
    outer loop
      vertex 23.2427 7.96612 5
      vertex 23.855 6.48791 5
      vertex 23.3314 8.00808 5
    endloop
  endfacet
  facet normal 0 0 1
    outer loop
      vertex 23.855 6.48791 5
      vertex 23.2427 7.96612 5
      vertex 23.6147 6.40196 5
    endloop
  endfacet
  facet normal -0 0 1
    outer loop
      vertex 23.1503 7.93306 5
      vertex 23.6147 6.40196 5
      vertex 23.2427 7.96612 5
    endloop
  endfacet
  facet normal 0 0 1
    outer loop
      vertex 23.6147 6.40196 5
      vertex 23.1503 7.93306 5
      vertex 23.3672 6.33996 5
    endloop
  endfacet
  facet normal -0 0 1
    outer loop
      vertex 23.0551 7.90922 5
      vertex 23.3672 6.33996 5
      vertex 23.1503 7.93306 5
    endloop
  endfacet
  facet normal 0 0 1
    outer loop
      vertex 23.3672 6.33996 5
      vertex 23.0551 7.90922 5
      vertex 23.1148 6.30252 5
    endloop
  endfacet
  facet normal -0 0 1
    outer loop
      vertex 22.958 7.89482 5
      vertex 23.1148 6.30252 5
      vertex 23.0551 7.90922 5
    endloop
  endfacet
  facet normal -0 0 1
    outer loop
      vertex 22.86 7.89 5
      vertex 23.1148 6.30252 5
      vertex 22.958 7.89482 5
    endloop
  endfacet
  facet normal 0 0 1
    outer loop
      vertex 22.86 7.89 5
      vertex 22.86 6.29 5
      vertex 23.1148 6.30252 5
    endloop
  endfacet
  facet normal 0 0 1
    outer loop
      vertex 22.762 7.89482 5
      vertex 22.86 6.29 5
      vertex 22.86 7.89 5
    endloop
  endfacet
  facet normal 0 0 1
    outer loop
      vertex 22.6052 6.30252 5
      vertex 22.762 7.89482 5
      vertex 22.6649 7.90922 5
    endloop
  endfacet
  facet normal 0 0 1
    outer loop
      vertex 22.762 7.89482 5
      vertex 22.6052 6.30252 5
      vertex 22.86 6.29 5
    endloop
  endfacet
  facet normal 0 0 1
    outer loop
      vertex 22.3528 6.33996 5
      vertex 22.6649 7.90922 5
      vertex 22.5697 7.93306 5
    endloop
  endfacet
  facet normal 0 0 1
    outer loop
      vertex 22.1053 6.40196 5
      vertex 22.5697 7.93306 5
      vertex 22.4773 7.96612 5
    endloop
  endfacet
  facet normal 0 0 1
    outer loop
      vertex 21.865 6.48791 5
      vertex 22.4773 7.96612 5
      vertex 22.3886 8.00808 5
    endloop
  endfacet
  facet normal 0 0 1
    outer loop
      vertex 22.6649 7.90922 5
      vertex 22.3528 6.33996 5
      vertex 22.6052 6.30252 5
    endloop
  endfacet
  facet normal 0 0 1
    outer loop
      vertex 21.6344 6.59701 5
      vertex 22.3886 8.00808 5
      vertex 22.3044 8.05853 5
    endloop
  endfacet
  facet normal 0 0 1
    outer loop
      vertex 21.4155 6.72818 5
      vertex 22.3044 8.05853 5
      vertex 22.2256 8.11699 5
    endloop
  endfacet
  facet normal 0 0 1
    outer loop
      vertex 21.2106 6.88017 5
      vertex 22.2256 8.11699 5
      vertex 22.1529 8.18289 5
    endloop
  endfacet
  facet normal 0 0 1
    outer loop
      vertex 22.5697 7.93306 5
      vertex 22.1053 6.40196 5
      vertex 22.3528 6.33996 5
    endloop
  endfacet
  facet normal 0 0 1
    outer loop
      vertex 21.0215 7.05152 5
      vertex 22.1529 8.18289 5
      vertex 22.087 8.25561 5
    endloop
  endfacet
  facet normal 0 0 1
    outer loop
      vertex 20.8502 7.24058 5
      vertex 22.087 8.25561 5
      vertex 22.0285 8.33443 5
    endloop
  endfacet
  facet normal 0 0 1
    outer loop
      vertex 20.6982 7.44552 5
      vertex 22.0285 8.33443 5
      vertex 21.9781 8.4186 5
    endloop
  endfacet
  facet normal 0 0 1
    outer loop
      vertex 20.567 7.66437 5
      vertex 21.9781 8.4186 5
      vertex 21.9361 8.50732 5
    endloop
  endfacet
  facet normal 0 0 1
    outer loop
      vertex 20.4579 7.89502 5
      vertex 21.9361 8.50732 5
      vertex 21.9031 8.59972 5
    endloop
  endfacet
  facet normal 0 0 1
    outer loop
      vertex 20.372 8.13526 5
      vertex 21.9031 8.59972 5
      vertex 21.8792 8.69491 5
    endloop
  endfacet
  facet normal 0 0 1
    outer loop
      vertex 22.4773 7.96612 5
      vertex 21.865 6.48791 5
      vertex 22.1053 6.40196 5
    endloop
  endfacet
  facet normal 0 0 1
    outer loop
      vertex 20.31 8.38277 5
      vertex 21.8792 8.69491 5
      vertex 21.8648 8.79198 5
    endloop
  endfacet
  facet normal 0 0 1
    outer loop
      vertex 20.2725 8.63516 5
      vertex 21.8648 8.79198 5
      vertex 21.86 8.89 5
    endloop
  endfacet
  facet normal -0 0 1
    outer loop
      vertex 20.567 10.1156 5
      vertex 21.9781 9.3614 5
      vertex 20.6982 10.3345 5
    endloop
  endfacet
  facet normal 0 0 1
    outer loop
      vertex 22.3886 8.00808 5
      vertex 21.6344 6.59701 5
      vertex 21.865 6.48791 5
    endloop
  endfacet
  facet normal 0 0 1
    outer loop
      vertex 21.9781 9.3614 5
      vertex 20.567 10.1156 5
      vertex 21.9361 9.27268 5
    endloop
  endfacet
  facet normal 0 0 1
    outer loop
      vertex 22.3044 8.05853 5
      vertex 21.4155 6.72818 5
      vertex 21.6344 6.59701 5
    endloop
  endfacet
  facet normal -0 0 1
    outer loop
      vertex 20.4579 9.88498 5
      vertex 21.9361 9.27268 5
      vertex 20.567 10.1156 5
    endloop
  endfacet
  facet normal 0 0 1
    outer loop
      vertex 22.2256 8.11699 5
      vertex 21.2106 6.88017 5
      vertex 21.4155 6.72818 5
    endloop
  endfacet
  facet normal 0 0 1
    outer loop
      vertex 21.9361 9.27268 5
      vertex 20.4579 9.88498 5
      vertex 21.9031 9.18028 5
    endloop
  endfacet
  facet normal 0 0 1
    outer loop
      vertex 22.1529 8.18289 5
      vertex 21.0215 7.05152 5
      vertex 21.2106 6.88017 5
    endloop
  endfacet
  facet normal -0 0 1
    outer loop
      vertex 20.372 9.64474 5
      vertex 21.9031 9.18028 5
      vertex 20.4579 9.88498 5
    endloop
  endfacet
  facet normal 0 0 1
    outer loop
      vertex 22.087 8.25561 5
      vertex 20.8502 7.24058 5
      vertex 21.0215 7.05152 5
    endloop
  endfacet
  facet normal 0 0 1
    outer loop
      vertex 21.9031 9.18028 5
      vertex 20.372 9.64474 5
      vertex 21.8792 9.08509 5
    endloop
  endfacet
  facet normal 0 0 1
    outer loop
      vertex 22.0285 8.33443 5
      vertex 20.6982 7.44552 5
      vertex 20.8502 7.24058 5
    endloop
  endfacet
  facet normal -0 0 1
    outer loop
      vertex 20.31 9.39723 5
      vertex 21.8792 9.08509 5
      vertex 20.372 9.64474 5
    endloop
  endfacet
  facet normal 0 0 1
    outer loop
      vertex 21.9781 8.4186 5
      vertex 20.567 7.66437 5
      vertex 20.6982 7.44552 5
    endloop
  endfacet
  facet normal 0 0 1
    outer loop
      vertex 21.8792 9.08509 5
      vertex 20.31 9.39723 5
      vertex 21.8648 8.98802 5
    endloop
  endfacet
  facet normal 0 0 1
    outer loop
      vertex 21.9361 8.50732 5
      vertex 20.4579 7.89502 5
      vertex 20.567 7.66437 5
    endloop
  endfacet
  facet normal -0 0 1
    outer loop
      vertex 20.2725 9.14484 5
      vertex 21.8648 8.98802 5
      vertex 20.31 9.39723 5
    endloop
  endfacet
  facet normal 0 0 1
    outer loop
      vertex 21.9031 8.59972 5
      vertex 20.372 8.13526 5
      vertex 20.4579 7.89502 5
    endloop
  endfacet
  facet normal 0 0 1
    outer loop
      vertex 21.8648 8.98802 5
      vertex 20.2725 9.14484 5
      vertex 21.86 8.89 5
    endloop
  endfacet
  facet normal 0 0 1
    outer loop
      vertex 21.8792 8.69491 5
      vertex 20.31 8.38277 5
      vertex 20.372 8.13526 5
    endloop
  endfacet
  facet normal 0 0 1
    outer loop
      vertex 20.26 8.89 5
      vertex 21.86 8.89 5
      vertex 20.2725 9.14484 5
    endloop
  endfacet
  facet normal 0 0 1
    outer loop
      vertex 21.8648 8.79198 5
      vertex 20.2725 8.63516 5
      vertex 20.31 8.38277 5
    endloop
  endfacet
  facet normal 0 0 1
    outer loop
      vertex 21.86 8.89 5
      vertex 20.26 8.89 5
      vertex 20.2725 8.63516 5
    endloop
  endfacet
  facet normal -0.857683 -0.514179 0
    outer loop
      vertex 20.6982 7.44552 2
      vertex 20.567 7.66437 5
      vertex 20.567 7.66437 2
    endloop
  endfacet
  facet normal -0.857683 -0.514179 0
    outer loop
      vertex 20.567 7.66437 5
      vertex 20.6982 7.44552 2
      vertex 20.6982 7.44552 5
    endloop
  endfacet
  facet normal 0.336609 0.941644 -0
    outer loop
      vertex 23.855 11.2921 2
      vertex 23.6147 11.378 5
      vertex 23.855 11.2921 5
    endloop
  endfacet
  facet normal 0.336609 0.941644 0
    outer loop
      vertex 23.6147 11.378 5
      vertex 23.855 11.2921 2
      vertex 23.6147 11.378 2
    endloop
  endfacet
  facet normal 0.671472 -0.74103 0
    outer loop
      vertex 24.5094 6.88017 2
      vertex 24.6985 7.05152 5
      vertex 24.5094 6.88017 5
    endloop
  endfacet
  facet normal 0.671472 -0.74103 0
    outer loop
      vertex 24.6985 7.05152 5
      vertex 24.5094 6.88017 2
      vertex 24.6985 7.05152 2
    endloop
  endfacet
  facet normal -0.857735 0.514092 0
    outer loop
      vertex 20.567 10.1156 2
      vertex 20.6982 10.3345 5
      vertex 20.6982 10.3345 2
    endloop
  endfacet
  facet normal -0.857735 0.514092 0
    outer loop
      vertex 20.6982 10.3345 5
      vertex 20.567 10.1156 2
      vertex 20.567 10.1156 5
    endloop
  endfacet
  facet normal -0.80314 0.59579 0
    outer loop
      vertex 20.6982 10.3345 2
      vertex 20.8502 10.5394 5
      vertex 20.8502 10.5394 2
    endloop
  endfacet
  facet normal -0.80314 0.59579 0
    outer loop
      vertex 20.8502 10.5394 5
      vertex 20.6982 10.3345 2
      vertex 20.6982 10.3345 5
    endloop
  endfacet
  facet normal -0.941742 0.336336 0
    outer loop
      vertex 23.7839 8.50732 2
      vertex 23.8169 8.59972 5
      vertex 23.8169 8.59972 2
    endloop
  endfacet
  facet normal -0.941742 0.336336 0
    outer loop
      vertex 23.8169 8.59972 5
      vertex 23.7839 8.50732 2
      vertex 23.7839 8.50732 5
    endloop
  endfacet
  facet normal -0.802997 -0.595983 0
    outer loop
      vertex 23.6915 9.44557 2
      vertex 23.633 9.52439 5
      vertex 23.633 9.52439 2
    endloop
  endfacet
  facet normal -0.802997 -0.595983 0
    outer loop
      vertex 23.633 9.52439 5
      vertex 23.6915 9.44557 2
      vertex 23.6915 9.44557 5
    endloop
  endfacet
  facet normal 0.741 0.671505 0
    outer loop
      vertex 22.1529 8.18289 5
      vertex 22.087 8.25561 2
      vertex 22.087 8.25561 5
    endloop
  endfacet
  facet normal 0.741 0.671505 0
    outer loop
      vertex 22.087 8.25561 2
      vertex 22.1529 8.18289 5
      vertex 22.1529 8.18289 2
    endloop
  endfacet
  facet normal -0.989175 -0.146741 0
    outer loop
      vertex 23.8552 8.98802 2
      vertex 23.8408 9.08509 5
      vertex 23.8408 9.08509 2
    endloop
  endfacet
  facet normal -0.989175 -0.146741 0
    outer loop
      vertex 23.8408 9.08509 5
      vertex 23.8552 8.98802 2
      vertex 23.8552 8.98802 5
    endloop
  endfacet
  facet normal -0.671607 -0.740908 0
    outer loop
      vertex 23.4944 9.66301 2
      vertex 23.5671 9.59711 5
      vertex 23.4944 9.66301 5
    endloop
  endfacet
  facet normal -0.671607 -0.740908 -0
    outer loop
      vertex 23.5671 9.59711 5
      vertex 23.4944 9.66301 2
      vertex 23.5671 9.59711 2
    endloop
  endfacet
  facet normal 0.671607 -0.740908 0
    outer loop
      vertex 22.1529 9.59711 2
      vertex 22.2256 9.66301 5
      vertex 22.1529 9.59711 5
    endloop
  endfacet
  facet normal 0.671607 -0.740908 0
    outer loop
      vertex 22.2256 9.66301 5
      vertex 22.1529 9.59711 2
      vertex 22.2256 9.66301 2
    endloop
  endfacet
  facet normal -0.242919 0.970047 0
    outer loop
      vertex 23.1503 7.93306 2
      vertex 23.0551 7.90922 5
      vertex 23.1503 7.93306 5
    endloop
  endfacet
  facet normal -0.242919 0.970047 0
    outer loop
      vertex 23.0551 7.90922 5
      vertex 23.1503 7.93306 2
      vertex 23.0551 7.90922 2
    endloop
  endfacet
  facet normal -0.513971 -0.857807 0
    outer loop
      vertex 23.3314 9.77192 2
      vertex 23.4156 9.72147 5
      vertex 23.3314 9.77192 5
    endloop
  endfacet
  facet normal -0.513971 -0.857807 -0
    outer loop
      vertex 23.4156 9.72147 5
      vertex 23.3314 9.77192 2
      vertex 23.4156 9.72147 2
    endloop
  endfacet
  facet normal 0.336879 -0.941548 0
    outer loop
      vertex 22.4773 9.81388 2
      vertex 22.5697 9.84694 5
      vertex 22.4773 9.81388 5
    endloop
  endfacet
  facet normal 0.336879 -0.941548 0
    outer loop
      vertex 22.5697 9.84694 5
      vertex 22.4773 9.81388 2
      vertex 22.5697 9.84694 2
    endloop
  endfacet
  facet normal 0.998803 -0.048911 0
    outer loop
      vertex 21.86 8.89 5
      vertex 21.8648 8.98802 2
      vertex 21.8648 8.98802 5
    endloop
  endfacet
  facet normal 0.998803 -0.048911 0
    outer loop
      vertex 21.8648 8.98802 2
      vertex 21.86 8.89 5
      vertex 21.86 8.89 2
    endloop
  endfacet
  facet normal -0.513971 0.857807 0
    outer loop
      vertex 23.4156 8.05853 2
      vertex 23.3314 8.00808 5
      vertex 23.4156 8.05853 5
    endloop
  endfacet
  facet normal -0.513971 0.857807 0
    outer loop
      vertex 23.3314 8.00808 5
      vertex 23.4156 8.05853 2
      vertex 23.3314 8.00808 2
    endloop
  endfacet
  facet normal -0.741 0.671505 0
    outer loop
      vertex 23.5671 8.18289 2
      vertex 23.633 8.25561 5
      vertex 23.633 8.25561 2
    endloop
  endfacet
  facet normal -0.741 0.671505 0
    outer loop
      vertex 23.633 8.25561 5
      vertex 23.5671 8.18289 2
      vertex 23.5671 8.18289 5
    endloop
  endfacet
  facet normal 0.513971 -0.857807 0
    outer loop
      vertex 22.3044 9.72147 2
      vertex 22.3886 9.77192 5
      vertex 22.3044 9.72147 5
    endloop
  endfacet
  facet normal 0.513971 -0.857807 0
    outer loop
      vertex 22.3886 9.77192 5
      vertex 22.3044 9.72147 2
      vertex 22.3886 9.77192 2
    endloop
  endfacet
  facet normal -0.989175 0.146741 0
    outer loop
      vertex 23.8408 8.69491 2
      vertex 23.8552 8.79198 5
      vertex 23.8552 8.79198 2
    endloop
  endfacet
  facet normal -0.989175 0.146741 0
    outer loop
      vertex 23.8552 8.79198 5
      vertex 23.8408 8.69491 2
      vertex 23.8408 8.69491 5
    endloop
  endfacet
  facet normal -0.146696 0.989182 0
    outer loop
      vertex 23.0551 7.90922 2
      vertex 22.958 7.89482 5
      vertex 23.0551 7.90922 5
    endloop
  endfacet
  facet normal -0.146696 0.989182 0
    outer loop
      vertex 22.958 7.89482 5
      vertex 23.0551 7.90922 2
      vertex 22.958 7.89482 2
    endloop
  endfacet
  facet normal 0.242919 -0.970047 0
    outer loop
      vertex 22.5697 9.84694 2
      vertex 22.6649 9.87078 5
      vertex 22.5697 9.84694 5
    endloop
  endfacet
  facet normal 0.242919 -0.970047 0
    outer loop
      vertex 22.6649 9.87078 5
      vertex 22.5697 9.84694 2
      vertex 22.6649 9.87078 2
    endloop
  endfacet
  facet normal 0.595817 -0.80312 0
    outer loop
      vertex 22.2256 9.66301 2
      vertex 22.3044 9.72147 5
      vertex 22.2256 9.66301 5
    endloop
  endfacet
  facet normal 0.595817 -0.80312 0
    outer loop
      vertex 22.3044 9.72147 5
      vertex 22.2256 9.66301 2
      vertex 22.3044 9.72147 2
    endloop
  endfacet
  facet normal -0.336879 -0.941548 0
    outer loop
      vertex 23.1503 9.84694 2
      vertex 23.2427 9.81388 5
      vertex 23.1503 9.84694 5
    endloop
  endfacet
  facet normal -0.336879 -0.941548 -0
    outer loop
      vertex 23.2427 9.81388 5
      vertex 23.1503 9.84694 2
      vertex 23.2427 9.81388 2
    endloop
  endfacet
  facet normal 0.427622 0.903958 -0
    outer loop
      vertex 22.4773 7.96612 2
      vertex 22.3886 8.00808 5
      vertex 22.4773 7.96612 5
    endloop
  endfacet
  facet normal 0.427622 0.903958 0
    outer loop
      vertex 22.3886 8.00808 5
      vertex 22.4773 7.96612 2
      vertex 22.3886 8.00808 2
    endloop
  endfacet
  facet normal 0.595817 0.80312 -0
    outer loop
      vertex 22.3044 8.05853 2
      vertex 22.2256 8.11699 5
      vertex 22.3044 8.05853 5
    endloop
  endfacet
  facet normal 0.595817 0.80312 0
    outer loop
      vertex 22.2256 8.11699 5
      vertex 22.3044 8.05853 2
      vertex 22.2256 8.11699 2
    endloop
  endfacet
  facet normal -0.998803 -0.048911 0
    outer loop
      vertex 23.86 8.89 2
      vertex 23.8552 8.98802 5
      vertex 23.8552 8.98802 2
    endloop
  endfacet
  facet normal -0.998803 -0.048911 0
    outer loop
      vertex 23.8552 8.98802 5
      vertex 23.86 8.89 2
      vertex 23.86 8.89 5
    endloop
  endfacet
  facet normal 0.969896 0.243518 0
    outer loop
      vertex 21.9031 8.59972 5
      vertex 21.8792 8.69491 2
      vertex 21.8792 8.69491 5
    endloop
  endfacet
  facet normal 0.969896 0.243518 0
    outer loop
      vertex 21.8792 8.69491 2
      vertex 21.9031 8.59972 5
      vertex 21.9031 8.59972 2
    endloop
  endfacet
  facet normal 0.903837 0.427876 0
    outer loop
      vertex 21.9781 8.4186 5
      vertex 21.9361 8.50732 2
      vertex 21.9361 8.50732 5
    endloop
  endfacet
  facet normal 0.903837 0.427876 0
    outer loop
      vertex 21.9361 8.50732 2
      vertex 21.9781 8.4186 5
      vertex 21.9781 8.4186 2
    endloop
  endfacet
  facet normal 0.146696 -0.989182 0
    outer loop
      vertex 22.6649 9.87078 2
      vertex 22.762 9.88518 5
      vertex 22.6649 9.87078 5
    endloop
  endfacet
  facet normal 0.146696 -0.989182 0
    outer loop
      vertex 22.762 9.88518 5
      vertex 22.6649 9.87078 2
      vertex 22.762 9.88518 2
    endloop
  endfacet
  facet normal 0.0491243 -0.998793 0
    outer loop
      vertex 22.762 9.88518 2
      vertex 22.86 9.89 5
      vertex 22.762 9.88518 5
    endloop
  endfacet
  facet normal 0.0491243 -0.998793 0
    outer loop
      vertex 22.86 9.89 5
      vertex 22.762 9.88518 2
      vertex 22.86 9.89 2
    endloop
  endfacet
  facet normal 0.242919 0.970047 -0
    outer loop
      vertex 22.6649 7.90922 2
      vertex 22.5697 7.93306 5
      vertex 22.6649 7.90922 5
    endloop
  endfacet
  facet normal 0.242919 0.970047 0
    outer loop
      vertex 22.5697 7.93306 5
      vertex 22.6649 7.90922 2
      vertex 22.5697 7.93306 2
    endloop
  endfacet
  facet normal -0.903837 -0.427876 0
    outer loop
      vertex 23.7839 9.27268 2
      vertex 23.7419 9.3614 5
      vertex 23.7419 9.3614 2
    endloop
  endfacet
  facet normal -0.903837 -0.427876 0
    outer loop
      vertex 23.7419 9.3614 5
      vertex 23.7839 9.27268 2
      vertex 23.7839 9.27268 5
    endloop
  endfacet
  facet normal -0.998803 0.048911 0
    outer loop
      vertex 23.8552 8.79198 2
      vertex 23.86 8.89 5
      vertex 23.86 8.89 2
    endloop
  endfacet
  facet normal -0.998803 0.048911 0
    outer loop
      vertex 23.86 8.89 5
      vertex 23.8552 8.79198 2
      vertex 23.8552 8.79198 5
    endloop
  endfacet
  facet normal -0.857951 -0.513731 0
    outer loop
      vertex 23.7419 9.3614 2
      vertex 23.6915 9.44557 5
      vertex 23.6915 9.44557 2
    endloop
  endfacet
  facet normal -0.857951 -0.513731 0
    outer loop
      vertex 23.6915 9.44557 5
      vertex 23.7419 9.3614 2
      vertex 23.7419 9.3614 5
    endloop
  endfacet
  facet normal -0.969896 -0.243518 0
    outer loop
      vertex 23.8408 9.08509 2
      vertex 23.8169 9.18028 5
      vertex 23.8169 9.18028 2
    endloop
  endfacet
  facet normal -0.969896 -0.243518 0
    outer loop
      vertex 23.8169 9.18028 5
      vertex 23.8408 9.08509 2
      vertex 23.8408 9.08509 5
    endloop
  endfacet
  facet normal 0.989175 -0.146741 0
    outer loop
      vertex 21.8648 8.98802 5
      vertex 21.8792 9.08509 2
      vertex 21.8792 9.08509 5
    endloop
  endfacet
  facet normal 0.989175 -0.146741 0
    outer loop
      vertex 21.8792 9.08509 2
      vertex 21.8648 8.98802 5
      vertex 21.8648 8.98802 2
    endloop
  endfacet
  facet normal -0.741 -0.671505 0
    outer loop
      vertex 23.633 9.52439 2
      vertex 23.5671 9.59711 5
      vertex 23.5671 9.59711 2
    endloop
  endfacet
  facet normal -0.741 -0.671505 0
    outer loop
      vertex 23.5671 9.59711 5
      vertex 23.633 9.52439 2
      vertex 23.633 9.52439 5
    endloop
  endfacet
  facet normal -0.0491243 0.998793 0
    outer loop
      vertex 22.958 7.89482 2
      vertex 22.86 7.89 5
      vertex 22.958 7.89482 5
    endloop
  endfacet
  facet normal -0.0491243 0.998793 0
    outer loop
      vertex 22.86 7.89 5
      vertex 22.958 7.89482 2
      vertex 22.86 7.89 2
    endloop
  endfacet
  facet normal 0.857951 0.513731 0
    outer loop
      vertex 22.0285 8.33443 5
      vertex 21.9781 8.4186 2
      vertex 21.9781 8.4186 5
    endloop
  endfacet
  facet normal 0.857951 0.513731 0
    outer loop
      vertex 21.9781 8.4186 2
      vertex 22.0285 8.33443 5
      vertex 22.0285 8.33443 2
    endloop
  endfacet
  facet normal 0.969896 -0.243518 0
    outer loop
      vertex 21.8792 9.08509 5
      vertex 21.9031 9.18028 2
      vertex 21.9031 9.18028 5
    endloop
  endfacet
  facet normal 0.969896 -0.243518 0
    outer loop
      vertex 21.9031 9.18028 2
      vertex 21.8792 9.08509 5
      vertex 21.8792 9.08509 2
    endloop
  endfacet
  facet normal 0.802997 0.595983 0
    outer loop
      vertex 22.087 8.25561 5
      vertex 22.0285 8.33443 2
      vertex 22.0285 8.33443 5
    endloop
  endfacet
  facet normal 0.802997 0.595983 0
    outer loop
      vertex 22.0285 8.33443 2
      vertex 22.087 8.25561 5
      vertex 22.087 8.25561 2
    endloop
  endfacet
  facet normal -0.857951 0.513731 0
    outer loop
      vertex 23.6915 8.33443 2
      vertex 23.7419 8.4186 5
      vertex 23.7419 8.4186 2
    endloop
  endfacet
  facet normal -0.857951 0.513731 0
    outer loop
      vertex 23.7419 8.4186 5
      vertex 23.6915 8.33443 2
      vertex 23.6915 8.33443 5
    endloop
  endfacet
  facet normal -0.941742 -0.336336 0
    outer loop
      vertex 23.8169 9.18028 2
      vertex 23.7839 9.27268 5
      vertex 23.7839 9.27268 2
    endloop
  endfacet
  facet normal -0.941742 -0.336336 0
    outer loop
      vertex 23.7839 9.27268 5
      vertex 23.8169 9.18028 2
      vertex 23.8169 9.18028 5
    endloop
  endfacet
  facet normal -0.595817 0.80312 0
    outer loop
      vertex 23.4944 8.11699 2
      vertex 23.4156 8.05853 5
      vertex 23.4944 8.11699 5
    endloop
  endfacet
  facet normal -0.595817 0.80312 0
    outer loop
      vertex 23.4156 8.05853 5
      vertex 23.4944 8.11699 2
      vertex 23.4156 8.05853 2
    endloop
  endfacet
  facet normal 0.998803 0.048911 0
    outer loop
      vertex 21.8648 8.79198 5
      vertex 21.86 8.89 2
      vertex 21.86 8.89 5
    endloop
  endfacet
  facet normal 0.998803 0.048911 0
    outer loop
      vertex 21.86 8.89 2
      vertex 21.8648 8.79198 5
      vertex 21.8648 8.79198 2
    endloop
  endfacet
  facet normal 0.903837 -0.427876 0
    outer loop
      vertex 21.9361 9.27268 5
      vertex 21.9781 9.3614 2
      vertex 21.9781 9.3614 5
    endloop
  endfacet
  facet normal 0.903837 -0.427876 0
    outer loop
      vertex 21.9781 9.3614 2
      vertex 21.9361 9.27268 5
      vertex 21.9361 9.27268 2
    endloop
  endfacet
  facet normal 0.941742 -0.336336 0
    outer loop
      vertex 21.9031 9.18028 5
      vertex 21.9361 9.27268 2
      vertex 21.9361 9.27268 5
    endloop
  endfacet
  facet normal 0.941742 -0.336336 0
    outer loop
      vertex 21.9361 9.27268 2
      vertex 21.9031 9.18028 5
      vertex 21.9031 9.18028 2
    endloop
  endfacet
  facet normal 0.146696 0.989182 -0
    outer loop
      vertex 22.762 7.89482 2
      vertex 22.6649 7.90922 5
      vertex 22.762 7.89482 5
    endloop
  endfacet
  facet normal 0.146696 0.989182 0
    outer loop
      vertex 22.6649 7.90922 5
      vertex 22.762 7.89482 2
      vertex 22.6649 7.90922 2
    endloop
  endfacet
  facet normal -0.146696 -0.989182 0
    outer loop
      vertex 22.958 9.88518 2
      vertex 23.0551 9.87078 5
      vertex 22.958 9.88518 5
    endloop
  endfacet
  facet normal -0.146696 -0.989182 -0
    outer loop
      vertex 23.0551 9.87078 5
      vertex 22.958 9.88518 2
      vertex 23.0551 9.87078 2
    endloop
  endfacet
  facet normal -0.0491243 -0.998793 0
    outer loop
      vertex 22.86 9.89 2
      vertex 22.958 9.88518 5
      vertex 22.86 9.89 5
    endloop
  endfacet
  facet normal -0.0491243 -0.998793 -0
    outer loop
      vertex 22.958 9.88518 5
      vertex 22.86 9.89 2
      vertex 22.958 9.88518 2
    endloop
  endfacet
  facet normal 0.513971 0.857807 -0
    outer loop
      vertex 22.3886 8.00808 2
      vertex 22.3044 8.05853 5
      vertex 22.3886 8.00808 5
    endloop
  endfacet
  facet normal 0.513971 0.857807 0
    outer loop
      vertex 22.3044 8.05853 5
      vertex 22.3886 8.00808 2
      vertex 22.3044 8.05853 2
    endloop
  endfacet
  facet normal -0.595817 -0.80312 0
    outer loop
      vertex 23.4156 9.72147 2
      vertex 23.4944 9.66301 5
      vertex 23.4156 9.72147 5
    endloop
  endfacet
  facet normal -0.595817 -0.80312 -0
    outer loop
      vertex 23.4944 9.66301 5
      vertex 23.4156 9.72147 2
      vertex 23.4944 9.66301 2
    endloop
  endfacet
  facet normal -0.427622 -0.903958 0
    outer loop
      vertex 23.2427 9.81388 2
      vertex 23.3314 9.77192 5
      vertex 23.2427 9.81388 5
    endloop
  endfacet
  facet normal -0.427622 -0.903958 -0
    outer loop
      vertex 23.3314 9.77192 5
      vertex 23.2427 9.81388 2
      vertex 23.3314 9.77192 2
    endloop
  endfacet
  facet normal -0.903837 0.427876 0
    outer loop
      vertex 23.7419 8.4186 2
      vertex 23.7839 8.50732 5
      vertex 23.7839 8.50732 2
    endloop
  endfacet
  facet normal -0.903837 0.427876 0
    outer loop
      vertex 23.7839 8.50732 5
      vertex 23.7419 8.4186 2
      vertex 23.7419 8.4186 5
    endloop
  endfacet
  facet normal 0.0491243 0.998793 -0
    outer loop
      vertex 22.86 7.89 2
      vertex 22.762 7.89482 5
      vertex 22.86 7.89 5
    endloop
  endfacet
  facet normal 0.0491243 0.998793 0
    outer loop
      vertex 22.762 7.89482 5
      vertex 22.86 7.89 2
      vertex 22.762 7.89482 2
    endloop
  endfacet
  facet normal 0.941742 0.336336 0
    outer loop
      vertex 21.9361 8.50732 5
      vertex 21.9031 8.59972 2
      vertex 21.9031 8.59972 5
    endloop
  endfacet
  facet normal 0.941742 0.336336 0
    outer loop
      vertex 21.9031 8.59972 2
      vertex 21.9361 8.50732 5
      vertex 21.9361 8.50732 2
    endloop
  endfacet
  facet normal -0.242919 -0.970047 0
    outer loop
      vertex 23.0551 9.87078 2
      vertex 23.1503 9.84694 5
      vertex 23.0551 9.87078 5
    endloop
  endfacet
  facet normal -0.242919 -0.970047 -0
    outer loop
      vertex 23.1503 9.84694 5
      vertex 23.0551 9.87078 2
      vertex 23.1503 9.84694 2
    endloop
  endfacet
  facet normal 0.336879 0.941548 -0
    outer loop
      vertex 22.5697 7.93306 2
      vertex 22.4773 7.96612 5
      vertex 22.5697 7.93306 5
    endloop
  endfacet
  facet normal 0.336879 0.941548 0
    outer loop
      vertex 22.4773 7.96612 5
      vertex 22.5697 7.93306 2
      vertex 22.4773 7.96612 2
    endloop
  endfacet
  facet normal -0.671607 0.740908 0
    outer loop
      vertex 23.5671 8.18289 2
      vertex 23.4944 8.11699 5
      vertex 23.5671 8.18289 5
    endloop
  endfacet
  facet normal -0.671607 0.740908 0
    outer loop
      vertex 23.4944 8.11699 5
      vertex 23.5671 8.18289 2
      vertex 23.4944 8.11699 2
    endloop
  endfacet
  facet normal -0.969896 0.243518 0
    outer loop
      vertex 23.8169 8.59972 2
      vertex 23.8408 8.69491 5
      vertex 23.8408 8.69491 2
    endloop
  endfacet
  facet normal -0.969896 0.243518 0
    outer loop
      vertex 23.8408 8.69491 5
      vertex 23.8169 8.59972 2
      vertex 23.8169 8.59972 5
    endloop
  endfacet
  facet normal 0.671607 0.740908 -0
    outer loop
      vertex 22.2256 8.11699 2
      vertex 22.1529 8.18289 5
      vertex 22.2256 8.11699 5
    endloop
  endfacet
  facet normal 0.671607 0.740908 0
    outer loop
      vertex 22.1529 8.18289 5
      vertex 22.2256 8.11699 2
      vertex 22.1529 8.18289 2
    endloop
  endfacet
  facet normal 0.989175 0.146741 0
    outer loop
      vertex 21.8792 8.69491 5
      vertex 21.8648 8.79198 2
      vertex 21.8648 8.79198 5
    endloop
  endfacet
  facet normal 0.989175 0.146741 0
    outer loop
      vertex 21.8648 8.79198 2
      vertex 21.8792 8.69491 5
      vertex 21.8792 8.69491 2
    endloop
  endfacet
  facet normal -0.802997 0.595983 0
    outer loop
      vertex 23.633 8.25561 2
      vertex 23.6915 8.33443 5
      vertex 23.6915 8.33443 2
    endloop
  endfacet
  facet normal -0.802997 0.595983 0
    outer loop
      vertex 23.6915 8.33443 5
      vertex 23.633 8.25561 2
      vertex 23.633 8.25561 5
    endloop
  endfacet
  facet normal -0.336879 0.941548 0
    outer loop
      vertex 23.2427 7.96612 2
      vertex 23.1503 7.93306 5
      vertex 23.2427 7.96612 5
    endloop
  endfacet
  facet normal -0.336879 0.941548 0
    outer loop
      vertex 23.1503 7.93306 5
      vertex 23.2427 7.96612 2
      vertex 23.1503 7.93306 2
    endloop
  endfacet
  facet normal 0.802997 -0.595983 0
    outer loop
      vertex 22.0285 9.44557 5
      vertex 22.087 9.52439 2
      vertex 22.087 9.52439 5
    endloop
  endfacet
  facet normal 0.802997 -0.595983 0
    outer loop
      vertex 22.087 9.52439 2
      vertex 22.0285 9.44557 5
      vertex 22.0285 9.44557 2
    endloop
  endfacet
  facet normal -0.427622 0.903958 0
    outer loop
      vertex 23.3314 8.00808 2
      vertex 23.2427 7.96612 5
      vertex 23.3314 8.00808 5
    endloop
  endfacet
  facet normal -0.427622 0.903958 0
    outer loop
      vertex 23.2427 7.96612 5
      vertex 23.3314 8.00808 2
      vertex 23.2427 7.96612 2
    endloop
  endfacet
  facet normal 0.741 -0.671505 0
    outer loop
      vertex 22.087 9.52439 5
      vertex 22.1529 9.59711 2
      vertex 22.1529 9.59711 5
    endloop
  endfacet
  facet normal 0.741 -0.671505 0
    outer loop
      vertex 22.1529 9.59711 2
      vertex 22.087 9.52439 5
      vertex 22.087 9.52439 2
    endloop
  endfacet
  facet normal 0.427622 -0.903958 0
    outer loop
      vertex 22.3886 9.77192 2
      vertex 22.4773 9.81388 5
      vertex 22.3886 9.77192 5
    endloop
  endfacet
  facet normal 0.427622 -0.903958 0
    outer loop
      vertex 22.4773 9.81388 5
      vertex 22.3886 9.77192 2
      vertex 22.4773 9.81388 2
    endloop
  endfacet
  facet normal 0.857951 -0.513731 0
    outer loop
      vertex 21.9781 9.3614 5
      vertex 22.0285 9.44557 2
      vertex 22.0285 9.44557 5
    endloop
  endfacet
  facet normal 0.857951 -0.513731 0
    outer loop
      vertex 22.0285 9.44557 2
      vertex 21.9781 9.3614 5
      vertex 21.9781 9.3614 2
    endloop
  endfacet
endsolid OpenSCAD_Model
