solid OpenSCAD_Model
  facet normal 0.0491971 -0.998789 0
    outer loop
      vertex 33.1 -16.6 0
      vertex 33.4431 -16.5831 7.6
      vertex 33.1 -16.6 7.6
    endloop
  endfacet
  facet normal 0.0491971 -0.998789 0
    outer loop
      vertex 33.4431 -16.5831 7.6
      vertex 33.1 -16.6 0
      vertex 33.4431 -16.5831 0
    endloop
  endfacet
  facet normal 0.24281 -0.970074 0
    outer loop
      vertex 33.7828 -16.5327 0
      vertex 34.116 -16.4493 7.6
      vertex 33.7828 -16.5327 7.6
    endloop
  endfacet
  facet normal 0.24281 -0.970074 0
    outer loop
      vertex 34.116 -16.4493 7.6
      vertex 33.7828 -16.5327 0
      vertex 34.116 -16.4493 0
    endloop
  endfacet
  facet normal 0 -1 0
    outer loop
      vertex -33.1 -16.6 0
      vertex 33.1 -16.6 7.6
      vertex -33.1 -16.6 7.6
    endloop
  endfacet
  facet normal 0 -1 -0
    outer loop
      vertex 33.1 -16.6 7.6
      vertex -33.1 -16.6 0
      vertex 33.1 -16.6 0
    endloop
  endfacet
  facet normal -0.427661 0.903939 0
    outer loop
      vertex -34.4394 16.3336 0
      vertex -34.7499 16.1867 7.6
      vertex -34.4394 16.3336 7.6
    endloop
  endfacet
  facet normal -0.427661 0.903939 0
    outer loop
      vertex -34.7499 16.1867 7.6
      vertex -34.4394 16.3336 0
      vertex -34.7499 16.1867 0
    endloop
  endfacet
  facet normal 0.14676 -0.989172 0
    outer loop
      vertex 33.4431 -16.5831 0
      vertex 33.7828 -16.5327 7.6
      vertex 33.4431 -16.5831 7.6
    endloop
  endfacet
  facet normal 0.14676 -0.989172 0
    outer loop
      vertex 33.7828 -16.5327 7.6
      vertex 33.4431 -16.5831 0
      vertex 33.7828 -16.5327 0
    endloop
  endfacet
  facet normal -0.941557 0.336853 0
    outer loop
      vertex -36.4493 14.116 0
      vertex -36.3336 14.4394 7.6
      vertex -36.3336 14.4394 0
    endloop
  endfacet
  facet normal -0.941557 0.336853 0
    outer loop
      vertex -36.3336 14.4394 7.6
      vertex -36.4493 14.116 0
      vertex -36.4493 14.116 7.6
    endloop
  endfacet
  facet normal 0.0491971 0.998789 -0
    outer loop
      vertex 33.4431 16.5831 0
      vertex 33.1 16.6 7.6
      vertex 33.4431 16.5831 7.6
    endloop
  endfacet
  facet normal 0.0491971 0.998789 0
    outer loop
      vertex 33.1 16.6 7.6
      vertex 33.4431 16.5831 0
      vertex 33.1 16.6 0
    endloop
  endfacet
  facet normal -0.14676 -0.989172 0
    outer loop
      vertex -33.7828 -16.5327 0
      vertex -33.4431 -16.5831 7.6
      vertex -33.7828 -16.5327 7.6
    endloop
  endfacet
  facet normal -0.14676 -0.989172 -0
    outer loop
      vertex -33.4431 -16.5831 7.6
      vertex -33.7828 -16.5327 0
      vertex -33.4431 -16.5831 0
    endloop
  endfacet
  facet normal 0.595659 -0.803237 0
    outer loop
      vertex 35.0445 -16.0101 0
      vertex 35.3204 -15.8055 7.6
      vertex 35.0445 -16.0101 7.6
    endloop
  endfacet
  facet normal 0.595659 -0.803237 0
    outer loop
      vertex 35.3204 -15.8055 7.6
      vertex 35.0445 -16.0101 0
      vertex 35.3204 -15.8055 0
    endloop
  endfacet
  facet normal -0.903939 -0.427661 0
    outer loop
      vertex -36.1867 -14.7499 0
      vertex -36.3336 -14.4394 7.6
      vertex -36.3336 -14.4394 0
    endloop
  endfacet
  facet normal -0.903939 -0.427661 0
    outer loop
      vertex -36.3336 -14.4394 7.6
      vertex -36.1867 -14.7499 0
      vertex -36.1867 -14.7499 7.6
    endloop
  endfacet
  facet normal -0.0491971 -0.998789 0
    outer loop
      vertex -33.4431 -16.5831 0
      vertex -33.1 -16.6 7.6
      vertex -33.4431 -16.5831 7.6
    endloop
  endfacet
  facet normal -0.0491971 -0.998789 -0
    outer loop
      vertex -33.1 -16.6 7.6
      vertex -33.4431 -16.5831 0
      vertex -33.1 -16.6 0
    endloop
  endfacet
  facet normal -0.427661 -0.903939 0
    outer loop
      vertex -34.7499 -16.1867 0
      vertex -34.4394 -16.3336 7.6
      vertex -34.7499 -16.1867 7.6
    endloop
  endfacet
  facet normal -0.427661 -0.903939 -0
    outer loop
      vertex -34.4394 -16.3336 7.6
      vertex -34.7499 -16.1867 0
      vertex -34.4394 -16.3336 0
    endloop
  endfacet
  facet normal 0.803237 0.595659 0
    outer loop
      vertex 36.0101 15.0445 7.6
      vertex 35.8055 15.3204 0
      vertex 35.8055 15.3204 7.6
    endloop
  endfacet
  facet normal 0.803237 0.595659 0
    outer loop
      vertex 35.8055 15.3204 0
      vertex 36.0101 15.0445 7.6
      vertex 36.0101 15.0445 0
    endloop
  endfacet
  facet normal 0.14676 0.989172 -0
    outer loop
      vertex 33.7828 16.5327 0
      vertex 33.4431 16.5831 7.6
      vertex 33.7828 16.5327 7.6
    endloop
  endfacet
  facet normal 0.14676 0.989172 0
    outer loop
      vertex 33.4431 16.5831 7.6
      vertex 33.7828 16.5327 0
      vertex 33.4431 16.5831 0
    endloop
  endfacet
  facet normal -0.903939 0.427661 0
    outer loop
      vertex -36.3336 14.4394 0
      vertex -36.1867 14.7499 7.6
      vertex -36.1867 14.7499 0
    endloop
  endfacet
  facet normal -0.903939 0.427661 0
    outer loop
      vertex -36.1867 14.7499 7.6
      vertex -36.3336 14.4394 0
      vertex -36.3336 14.4394 7.6
    endloop
  endfacet
  facet normal 0 1 -0
    outer loop
      vertex 33.1 16.6 0
      vertex -33.1 16.6 7.6
      vertex 33.1 16.6 7.6
    endloop
  endfacet
  facet normal 0 1 0
    outer loop
      vertex -33.1 16.6 7.6
      vertex 33.1 16.6 0
      vertex -33.1 16.6 0
    endloop
  endfacet
  facet normal -0.0491971 0.998789 0
    outer loop
      vertex -33.1 16.6 0
      vertex -33.4431 16.5831 7.6
      vertex -33.1 16.6 7.6
    endloop
  endfacet
  facet normal -0.0491971 0.998789 0
    outer loop
      vertex -33.4431 16.5831 7.6
      vertex -33.1 16.6 0
      vertex -33.4431 16.5831 0
    endloop
  endfacet
  facet normal 0.998789 -0.0491971 0
    outer loop
      vertex 36.5831 -13.4431 7.6
      vertex 36.6 -13.1 0
      vertex 36.6 -13.1 7.6
    endloop
  endfacet
  facet normal 0.998789 -0.0491971 0
    outer loop
      vertex 36.6 -13.1 0
      vertex 36.5831 -13.4431 7.6
      vertex 36.5831 -13.4431 0
    endloop
  endfacet
  facet normal -0.514153 0.857698 0
    outer loop
      vertex -34.7499 16.1867 0
      vertex -35.0445 16.0101 7.6
      vertex -34.7499 16.1867 7.6
    endloop
  endfacet
  facet normal -0.514153 0.857698 0
    outer loop
      vertex -35.0445 16.0101 7.6
      vertex -34.7499 16.1867 0
      vertex -35.0445 16.0101 0
    endloop
  endfacet
  facet normal -1 0 0
    outer loop
      vertex -36.6 13.1 0
      vertex -36.6 6 6.1
      vertex -36.6 13.1 7.6
    endloop
  endfacet
  facet normal -1 0 0
    outer loop
      vertex -36.6 13.1 0
      vertex -36.6 -6 6.1
      vertex -36.6 6 6.1
    endloop
  endfacet
  facet normal -1 0 0
    outer loop
      vertex -36.6 -13.1 0
      vertex -36.6 -6 6.1
      vertex -36.6 13.1 0
    endloop
  endfacet
  facet normal -1 0 0
    outer loop
      vertex -36.6 -13.1 7.6
      vertex -36.6 -6 6.1
      vertex -36.6 -13.1 0
    endloop
  endfacet
  facet normal -1 0 0
    outer loop
      vertex -36.6 -6 6.1
      vertex -36.6 -13.1 7.6
      vertex -36.6 -6 7.6
    endloop
  endfacet
  facet normal -1 -0 0
    outer loop
      vertex -36.6 13.1 7.6
      vertex -36.6 6 6.1
      vertex -36.6 6 7.6
    endloop
  endfacet
  facet normal 1 0 0
    outer loop
      vertex 36.6 -7 7.6
      vertex 36.6 -13.1 7.6
      vertex 36.6 -7 7.1
    endloop
  endfacet
  facet normal 1 0 0
    outer loop
      vertex 36.6 7 7.1
      vertex 36.6 13.1 7.6
      vertex 36.6 7 7.6
    endloop
  endfacet
  facet normal 1 0 0
    outer loop
      vertex 36.6 13.1 7.6
      vertex 36.6 7 7.1
      vertex 36.6 13.1 0
    endloop
  endfacet
  facet normal 1 -0 0
    outer loop
      vertex 36.6 -7 7.1
      vertex 36.6 13.1 0
      vertex 36.6 7 7.1
    endloop
  endfacet
  facet normal 1 0 0
    outer loop
      vertex 36.6 -13.1 0
      vertex 36.6 -7 7.1
      vertex 36.6 -13.1 7.6
    endloop
  endfacet
  facet normal 1 0 0
    outer loop
      vertex 36.6 -7 7.1
      vertex 36.6 -13.1 0
      vertex 36.6 13.1 0
    endloop
  endfacet
  facet normal -0.857698 0.514153 0
    outer loop
      vertex -36.1867 14.7499 0
      vertex -36.0101 15.0445 7.6
      vertex -36.0101 15.0445 0
    endloop
  endfacet
  facet normal -0.857698 0.514153 0
    outer loop
      vertex -36.0101 15.0445 7.6
      vertex -36.1867 14.7499 0
      vertex -36.1867 14.7499 7.6
    endloop
  endfacet
  facet normal 0.671454 0.741046 -0
    outer loop
      vertex 35.5749 15.5749 0
      vertex 35.3204 15.8055 7.6
      vertex 35.5749 15.5749 7.6
    endloop
  endfacet
  facet normal 0.671454 0.741046 0
    outer loop
      vertex 35.3204 15.8055 7.6
      vertex 35.5749 15.5749 0
      vertex 35.3204 15.8055 0
    endloop
  endfacet
  facet normal -0.14676 0.989172 0
    outer loop
      vertex -33.4431 16.5831 0
      vertex -33.7828 16.5327 7.6
      vertex -33.4431 16.5831 7.6
    endloop
  endfacet
  facet normal -0.14676 0.989172 0
    outer loop
      vertex -33.7828 16.5327 7.6
      vertex -33.4431 16.5831 0
      vertex -33.7828 16.5327 0
    endloop
  endfacet
  facet normal 0.24281 0.970074 -0
    outer loop
      vertex 34.116 16.4493 0
      vertex 33.7828 16.5327 7.6
      vertex 34.116 16.4493 7.6
    endloop
  endfacet
  facet normal 0.24281 0.970074 0
    outer loop
      vertex 33.7828 16.5327 7.6
      vertex 34.116 16.4493 0
      vertex 33.7828 16.5327 0
    endloop
  endfacet
  facet normal -0.595659 -0.803237 0
    outer loop
      vertex -35.3204 -15.8055 0
      vertex -35.0445 -16.0101 7.6
      vertex -35.3204 -15.8055 7.6
    endloop
  endfacet
  facet normal -0.595659 -0.803237 -0
    outer loop
      vertex -35.0445 -16.0101 7.6
      vertex -35.3204 -15.8055 0
      vertex -35.0445 -16.0101 0
    endloop
  endfacet
  facet normal 0.998789 0.0491971 0
    outer loop
      vertex 36.6 13.1 7.6
      vertex 36.5831 13.4431 0
      vertex 36.5831 13.4431 7.6
    endloop
  endfacet
  facet normal 0.998789 0.0491971 0
    outer loop
      vertex 36.5831 13.4431 0
      vertex 36.6 13.1 7.6
      vertex 36.6 13.1 0
    endloop
  endfacet
  facet normal -0.970074 -0.24281 0
    outer loop
      vertex -36.4493 -14.116 0
      vertex -36.5327 -13.7828 7.6
      vertex -36.5327 -13.7828 0
    endloop
  endfacet
  facet normal -0.970074 -0.24281 0
    outer loop
      vertex -36.5327 -13.7828 7.6
      vertex -36.4493 -14.116 0
      vertex -36.4493 -14.116 7.6
    endloop
  endfacet
  facet normal -0.336853 -0.941557 0
    outer loop
      vertex -34.4394 -16.3336 0
      vertex -34.116 -16.4493 7.6
      vertex -34.4394 -16.3336 7.6
    endloop
  endfacet
  facet normal -0.336853 -0.941557 -0
    outer loop
      vertex -34.116 -16.4493 7.6
      vertex -34.4394 -16.3336 0
      vertex -34.116 -16.4493 0
    endloop
  endfacet
  facet normal -0.24281 0.970074 0
    outer loop
      vertex -33.7828 16.5327 0
      vertex -34.116 16.4493 7.6
      vertex -33.7828 16.5327 7.6
    endloop
  endfacet
  facet normal -0.24281 0.970074 0
    outer loop
      vertex -34.116 16.4493 7.6
      vertex -33.7828 16.5327 0
      vertex -34.116 16.4493 0
    endloop
  endfacet
  facet normal -0.24281 -0.970074 0
    outer loop
      vertex -34.116 -16.4493 0
      vertex -33.7828 -16.5327 7.6
      vertex -34.116 -16.4493 7.6
    endloop
  endfacet
  facet normal -0.24281 -0.970074 -0
    outer loop
      vertex -33.7828 -16.5327 7.6
      vertex -34.116 -16.4493 0
      vertex -33.7828 -16.5327 0
    endloop
  endfacet
  facet normal -0.998789 -0.0491971 0
    outer loop
      vertex -36.5831 -13.4431 0
      vertex -36.6 -13.1 7.6
      vertex -36.6 -13.1 0
    endloop
  endfacet
  facet normal -0.998789 -0.0491971 0
    outer loop
      vertex -36.6 -13.1 7.6
      vertex -36.5831 -13.4431 0
      vertex -36.5831 -13.4431 7.6
    endloop
  endfacet
  facet normal -0.989172 0.14676 0
    outer loop
      vertex -36.5831 13.4431 0
      vertex -36.5327 13.7828 7.6
      vertex -36.5327 13.7828 0
    endloop
  endfacet
  facet normal -0.989172 0.14676 0
    outer loop
      vertex -36.5327 13.7828 7.6
      vertex -36.5831 13.4431 0
      vertex -36.5831 13.4431 7.6
    endloop
  endfacet
  facet normal 0.857698 0.514153 0
    outer loop
      vertex 36.1867 14.7499 7.6
      vertex 36.0101 15.0445 0
      vertex 36.0101 15.0445 7.6
    endloop
  endfacet
  facet normal 0.857698 0.514153 0
    outer loop
      vertex 36.0101 15.0445 0
      vertex 36.1867 14.7499 7.6
      vertex 36.1867 14.7499 0
    endloop
  endfacet
  facet normal -0.671454 0.741046 0
    outer loop
      vertex -35.3204 15.8055 0
      vertex -35.5749 15.5749 7.6
      vertex -35.3204 15.8055 7.6
    endloop
  endfacet
  facet normal -0.671454 0.741046 0
    outer loop
      vertex -35.5749 15.5749 7.6
      vertex -35.3204 15.8055 0
      vertex -35.5749 15.5749 0
    endloop
  endfacet
  facet normal -0.671454 -0.741046 0
    outer loop
      vertex -35.5749 -15.5749 0
      vertex -35.3204 -15.8055 7.6
      vertex -35.5749 -15.5749 7.6
    endloop
  endfacet
  facet normal -0.671454 -0.741046 -0
    outer loop
      vertex -35.3204 -15.8055 7.6
      vertex -35.5749 -15.5749 0
      vertex -35.3204 -15.8055 0
    endloop
  endfacet
  facet normal 0.903939 -0.427661 0
    outer loop
      vertex 36.1867 -14.7499 7.6
      vertex 36.3336 -14.4394 0
      vertex 36.3336 -14.4394 7.6
    endloop
  endfacet
  facet normal 0.903939 -0.427661 0
    outer loop
      vertex 36.3336 -14.4394 0
      vertex 36.1867 -14.7499 7.6
      vertex 36.1867 -14.7499 0
    endloop
  endfacet
  facet normal 0.514153 0.857698 -0
    outer loop
      vertex 35.0445 16.0101 0
      vertex 34.7499 16.1867 7.6
      vertex 35.0445 16.0101 7.6
    endloop
  endfacet
  facet normal 0.514153 0.857698 0
    outer loop
      vertex 34.7499 16.1867 7.6
      vertex 35.0445 16.0101 0
      vertex 34.7499 16.1867 0
    endloop
  endfacet
  facet normal 0.514153 -0.857698 0
    outer loop
      vertex 34.7499 -16.1867 0
      vertex 35.0445 -16.0101 7.6
      vertex 34.7499 -16.1867 7.6
    endloop
  endfacet
  facet normal 0.514153 -0.857698 0
    outer loop
      vertex 35.0445 -16.0101 7.6
      vertex 34.7499 -16.1867 0
      vertex 35.0445 -16.0101 0
    endloop
  endfacet
  facet normal -0.803237 0.595659 0
    outer loop
      vertex -36.0101 15.0445 0
      vertex -35.8055 15.3204 7.6
      vertex -35.8055 15.3204 0
    endloop
  endfacet
  facet normal -0.803237 0.595659 0
    outer loop
      vertex -35.8055 15.3204 7.6
      vertex -36.0101 15.0445 0
      vertex -36.0101 15.0445 7.6
    endloop
  endfacet
  facet normal -0.741046 -0.671454 0
    outer loop
      vertex -35.5749 -15.5749 0
      vertex -35.8055 -15.3204 7.6
      vertex -35.8055 -15.3204 0
    endloop
  endfacet
  facet normal -0.741046 -0.671454 0
    outer loop
      vertex -35.8055 -15.3204 7.6
      vertex -35.5749 -15.5749 0
      vertex -35.5749 -15.5749 7.6
    endloop
  endfacet
  facet normal 0.741046 0.671454 0
    outer loop
      vertex 35.8055 15.3204 7.6
      vertex 35.5749 15.5749 0
      vertex 35.5749 15.5749 7.6
    endloop
  endfacet
  facet normal 0.741046 0.671454 0
    outer loop
      vertex 35.5749 15.5749 0
      vertex 35.8055 15.3204 7.6
      vertex 35.8055 15.3204 0
    endloop
  endfacet
  facet normal 0.857698 -0.514153 0
    outer loop
      vertex 36.0101 -15.0445 7.6
      vertex 36.1867 -14.7499 0
      vertex 36.1867 -14.7499 7.6
    endloop
  endfacet
  facet normal 0.857698 -0.514153 0
    outer loop
      vertex 36.1867 -14.7499 0
      vertex 36.0101 -15.0445 7.6
      vertex 36.0101 -15.0445 0
    endloop
  endfacet
  facet normal 0.903939 0.427661 0
    outer loop
      vertex 36.3336 14.4394 7.6
      vertex 36.1867 14.7499 0
      vertex 36.1867 14.7499 7.6
    endloop
  endfacet
  facet normal 0.903939 0.427661 0
    outer loop
      vertex 36.1867 14.7499 0
      vertex 36.3336 14.4394 7.6
      vertex 36.3336 14.4394 0
    endloop
  endfacet
  facet normal 0.427661 0.903939 -0
    outer loop
      vertex 34.7499 16.1867 0
      vertex 34.4394 16.3336 7.6
      vertex 34.7499 16.1867 7.6
    endloop
  endfacet
  facet normal 0.427661 0.903939 0
    outer loop
      vertex 34.4394 16.3336 7.6
      vertex 34.7499 16.1867 0
      vertex 34.4394 16.3336 0
    endloop
  endfacet
  facet normal 0.336853 -0.941557 0
    outer loop
      vertex 34.116 -16.4493 0
      vertex 34.4394 -16.3336 7.6
      vertex 34.116 -16.4493 7.6
    endloop
  endfacet
  facet normal 0.336853 -0.941557 0
    outer loop
      vertex 34.4394 -16.3336 7.6
      vertex 34.116 -16.4493 0
      vertex 34.4394 -16.3336 0
    endloop
  endfacet
  facet normal -0.857698 -0.514153 0
    outer loop
      vertex -36.0101 -15.0445 0
      vertex -36.1867 -14.7499 7.6
      vertex -36.1867 -14.7499 0
    endloop
  endfacet
  facet normal -0.857698 -0.514153 0
    outer loop
      vertex -36.1867 -14.7499 7.6
      vertex -36.0101 -15.0445 0
      vertex -36.0101 -15.0445 7.6
    endloop
  endfacet
  facet normal -0.989172 -0.14676 0
    outer loop
      vertex -36.5327 -13.7828 0
      vertex -36.5831 -13.4431 7.6
      vertex -36.5831 -13.4431 0
    endloop
  endfacet
  facet normal -0.989172 -0.14676 0
    outer loop
      vertex -36.5831 -13.4431 7.6
      vertex -36.5327 -13.7828 0
      vertex -36.5327 -13.7828 7.6
    endloop
  endfacet
  facet normal 0.803237 -0.595659 0
    outer loop
      vertex 35.8055 -15.3204 7.6
      vertex 36.0101 -15.0445 0
      vertex 36.0101 -15.0445 7.6
    endloop
  endfacet
  facet normal 0.803237 -0.595659 0
    outer loop
      vertex 36.0101 -15.0445 0
      vertex 35.8055 -15.3204 7.6
      vertex 35.8055 -15.3204 0
    endloop
  endfacet
  facet normal -0.741046 0.671454 0
    outer loop
      vertex -35.8055 15.3204 0
      vertex -35.5749 15.5749 7.6
      vertex -35.5749 15.5749 0
    endloop
  endfacet
  facet normal -0.741046 0.671454 0
    outer loop
      vertex -35.5749 15.5749 7.6
      vertex -35.8055 15.3204 0
      vertex -35.8055 15.3204 7.6
    endloop
  endfacet
  facet normal -0.998789 0.0491971 0
    outer loop
      vertex -36.6 13.1 0
      vertex -36.5831 13.4431 7.6
      vertex -36.5831 13.4431 0
    endloop
  endfacet
  facet normal -0.998789 0.0491971 0
    outer loop
      vertex -36.5831 13.4431 7.6
      vertex -36.6 13.1 0
      vertex -36.6 13.1 7.6
    endloop
  endfacet
  facet normal 0.989172 -0.14676 0
    outer loop
      vertex 36.5327 -13.7828 7.6
      vertex 36.5831 -13.4431 0
      vertex 36.5831 -13.4431 7.6
    endloop
  endfacet
  facet normal 0.989172 -0.14676 0
    outer loop
      vertex 36.5831 -13.4431 0
      vertex 36.5327 -13.7828 7.6
      vertex 36.5327 -13.7828 0
    endloop
  endfacet
  facet normal 0.989172 0.14676 0
    outer loop
      vertex 36.5831 13.4431 7.6
      vertex 36.5327 13.7828 0
      vertex 36.5327 13.7828 7.6
    endloop
  endfacet
  facet normal 0.989172 0.14676 0
    outer loop
      vertex 36.5327 13.7828 0
      vertex 36.5831 13.4431 7.6
      vertex 36.5831 13.4431 0
    endloop
  endfacet
  facet normal -0.941557 -0.336853 0
    outer loop
      vertex -36.3336 -14.4394 0
      vertex -36.4493 -14.116 7.6
      vertex -36.4493 -14.116 0
    endloop
  endfacet
  facet normal -0.941557 -0.336853 0
    outer loop
      vertex -36.4493 -14.116 7.6
      vertex -36.3336 -14.4394 0
      vertex -36.3336 -14.4394 7.6
    endloop
  endfacet
  facet normal -0.336853 0.941557 0
    outer loop
      vertex -34.116 16.4493 0
      vertex -34.4394 16.3336 7.6
      vertex -34.116 16.4493 7.6
    endloop
  endfacet
  facet normal -0.336853 0.941557 0
    outer loop
      vertex -34.4394 16.3336 7.6
      vertex -34.116 16.4493 0
      vertex -34.4394 16.3336 0
    endloop
  endfacet
  facet normal 0 0 1
    outer loop
      vertex -36.6 -13.1 7.6
      vertex -35.6 -13.1 7.6
      vertex -35.6 -6 7.6
    endloop
  endfacet
  facet normal 0 -0 1
    outer loop
      vertex -36.5831 -13.4431 7.6
      vertex -35.6 -13.1 7.6
      vertex -36.6 -13.1 7.6
    endloop
  endfacet
  facet normal 0 0 1
    outer loop
      vertex -35.6 -13.1 7.6
      vertex -36.0101 -15.0445 7.6
      vertex -35.8055 -15.3204 7.6
    endloop
  endfacet
  facet normal 0 0 1
    outer loop
      vertex -35.6 -13.1 7.6
      vertex -36.1867 -14.7499 7.6
      vertex -36.0101 -15.0445 7.6
    endloop
  endfacet
  facet normal 0 0 1
    outer loop
      vertex -35.6 -13.1 7.6
      vertex -36.3336 -14.4394 7.6
      vertex -36.1867 -14.7499 7.6
    endloop
  endfacet
  facet normal 0 0 1
    outer loop
      vertex -35.6 -13.1 7.6
      vertex -36.4493 -14.116 7.6
      vertex -36.3336 -14.4394 7.6
    endloop
  endfacet
  facet normal 0 0 1
    outer loop
      vertex -35.6 -13.1 7.6
      vertex -36.5327 -13.7828 7.6
      vertex -36.4493 -14.116 7.6
    endloop
  endfacet
  facet normal 0 0 1
    outer loop
      vertex -36.6 -13.1 7.6
      vertex -35.6 -6 7.6
      vertex -36.6 -6 7.6
    endloop
  endfacet
  facet normal 0 0 1
    outer loop
      vertex -35.6 -13.1 7.6
      vertex -36.5831 -13.4431 7.6
      vertex -36.5327 -13.7828 7.6
    endloop
  endfacet
  facet normal 0 0 1
    outer loop
      vertex 35.6 -13.1 7.6
      vertex 36.6 -13.1 7.6
      vertex 36.6 -7 7.6
    endloop
  endfacet
  facet normal 0 0 1
    outer loop
      vertex 36.6 -13.1 7.6
      vertex 35.6 -13.1 7.6
      vertex 36.5831 -13.4431 7.6
    endloop
  endfacet
  facet normal -0 0 1
    outer loop
      vertex 35.588 -13.345 7.6
      vertex 36.5831 -13.4431 7.6
      vertex 35.6 -13.1 7.6
    endloop
  endfacet
  facet normal 0 0 1
    outer loop
      vertex 36.5831 -13.4431 7.6
      vertex 35.588 -13.345 7.6
      vertex 36.5327 -13.7828 7.6
    endloop
  endfacet
  facet normal -0 0 1
    outer loop
      vertex 35.552 -13.5877 7.6
      vertex 36.5327 -13.7828 7.6
      vertex 35.588 -13.345 7.6
    endloop
  endfacet
  facet normal 0 0 1
    outer loop
      vertex 36.5327 -13.7828 7.6
      vertex 35.552 -13.5877 7.6
      vertex 36.4493 -14.116 7.6
    endloop
  endfacet
  facet normal -0 0 1
    outer loop
      vertex 35.4923 -13.8257 7.6
      vertex 36.4493 -14.116 7.6
      vertex 35.552 -13.5877 7.6
    endloop
  endfacet
  facet normal 0 0 1
    outer loop
      vertex 35.6 -13.1 7.6
      vertex 36.6 -7 7.6
      vertex 35.6 -7 7.6
    endloop
  endfacet
  facet normal 0 0 1
    outer loop
      vertex 36.4493 -14.116 7.6
      vertex 35.4923 -13.8257 7.6
      vertex 36.3336 -14.4394 7.6
    endloop
  endfacet
  facet normal -0 0 1
    outer loop
      vertex 35.4097 -14.0567 7.6
      vertex 36.3336 -14.4394 7.6
      vertex 35.4923 -13.8257 7.6
    endloop
  endfacet
  facet normal 0 0 1
    outer loop
      vertex 36.3336 -14.4394 7.6
      vertex 35.4097 -14.0567 7.6
      vertex 36.1867 -14.7499 7.6
    endloop
  endfacet
  facet normal -0 0 1
    outer loop
      vertex 35.3048 -14.2785 7.6
      vertex 36.1867 -14.7499 7.6
      vertex 35.4097 -14.0567 7.6
    endloop
  endfacet
  facet normal 0 0 1
    outer loop
      vertex 36.1867 -14.7499 7.6
      vertex 35.3048 -14.2785 7.6
      vertex 36.0101 -15.0445 7.6
    endloop
  endfacet
  facet normal -0 0 1
    outer loop
      vertex 35.1787 -14.4889 7.6
      vertex 36.0101 -15.0445 7.6
      vertex 35.3048 -14.2785 7.6
    endloop
  endfacet
  facet normal 0 0 1
    outer loop
      vertex 36.0101 -15.0445 7.6
      vertex 35.1787 -14.4889 7.6
      vertex 35.8055 -15.3204 7.6
    endloop
  endfacet
  facet normal -0 0 1
    outer loop
      vertex 35.0325 -14.686 7.6
      vertex 35.8055 -15.3204 7.6
      vertex 35.1787 -14.4889 7.6
    endloop
  endfacet
  facet normal 0 0 1
    outer loop
      vertex 35.8055 -15.3204 7.6
      vertex 35.0325 -14.686 7.6
      vertex 35.5749 -15.5749 7.6
    endloop
  endfacet
  facet normal -0 0 1
    outer loop
      vertex 34.8678 -14.8678 7.6
      vertex 35.5749 -15.5749 7.6
      vertex 35.0325 -14.686 7.6
    endloop
  endfacet
  facet normal 0 0 1
    outer loop
      vertex 35.5749 -15.5749 7.6
      vertex 34.8678 -14.8678 7.6
      vertex 35.3204 -15.8055 7.6
    endloop
  endfacet
  facet normal -0 0 1
    outer loop
      vertex 34.686 -15.0325 7.6
      vertex 35.3204 -15.8055 7.6
      vertex 34.8678 -14.8678 7.6
    endloop
  endfacet
  facet normal 0 0 1
    outer loop
      vertex 35.3204 -15.8055 7.6
      vertex 34.686 -15.0325 7.6
      vertex 35.0445 -16.0101 7.6
    endloop
  endfacet
  facet normal -0 0 1
    outer loop
      vertex 34.4889 -15.1787 7.6
      vertex 35.0445 -16.0101 7.6
      vertex 34.686 -15.0325 7.6
    endloop
  endfacet
  facet normal 0 0 1
    outer loop
      vertex 35.0445 -16.0101 7.6
      vertex 34.4889 -15.1787 7.6
      vertex 34.7499 -16.1867 7.6
    endloop
  endfacet
  facet normal -0 0 1
    outer loop
      vertex 34.2785 -15.3048 7.6
      vertex 34.7499 -16.1867 7.6
      vertex 34.4889 -15.1787 7.6
    endloop
  endfacet
  facet normal 0 0 1
    outer loop
      vertex 34.7499 -16.1867 7.6
      vertex 34.2785 -15.3048 7.6
      vertex 34.4394 -16.3336 7.6
    endloop
  endfacet
  facet normal -0 0 1
    outer loop
      vertex 34.0567 -15.4097 7.6
      vertex 34.4394 -16.3336 7.6
      vertex 34.2785 -15.3048 7.6
    endloop
  endfacet
  facet normal 0 0 1
    outer loop
      vertex 34.4394 -16.3336 7.6
      vertex 34.0567 -15.4097 7.6
      vertex 34.116 -16.4493 7.6
    endloop
  endfacet
  facet normal -0 0 1
    outer loop
      vertex 33.8257 -15.4923 7.6
      vertex 34.116 -16.4493 7.6
      vertex 34.0567 -15.4097 7.6
    endloop
  endfacet
  facet normal 0 0 1
    outer loop
      vertex 33.8257 -15.4923 7.6
      vertex 33.7828 -16.5327 7.6
      vertex 34.116 -16.4493 7.6
    endloop
  endfacet
  facet normal -0 0 1
    outer loop
      vertex 33.5877 -15.552 7.6
      vertex 33.7828 -16.5327 7.6
      vertex 33.8257 -15.4923 7.6
    endloop
  endfacet
  facet normal 0 0 1
    outer loop
      vertex 33.5877 -15.552 7.6
      vertex 33.4431 -16.5831 7.6
      vertex 33.7828 -16.5327 7.6
    endloop
  endfacet
  facet normal -0 0 1
    outer loop
      vertex 33.345 -15.588 7.6
      vertex 33.4431 -16.5831 7.6
      vertex 33.5877 -15.552 7.6
    endloop
  endfacet
  facet normal -0 0 1
    outer loop
      vertex 33.1 -15.6 7.6
      vertex 33.4431 -16.5831 7.6
      vertex 33.345 -15.588 7.6
    endloop
  endfacet
  facet normal 0 0 1
    outer loop
      vertex 33.1 -15.6 7.6
      vertex 33.1 -16.6 7.6
      vertex 33.4431 -16.5831 7.6
    endloop
  endfacet
  facet normal -0 0 1
    outer loop
      vertex -33.1 -15.6 7.6
      vertex 33.1 -16.6 7.6
      vertex 33.1 -15.6 7.6
    endloop
  endfacet
  facet normal 0 0 1
    outer loop
      vertex -33.1 -15.6 7.6
      vertex -33.1 -16.6 7.6
      vertex 33.1 -16.6 7.6
    endloop
  endfacet
  facet normal 0 0 1
    outer loop
      vertex -33.345 -15.588 7.6
      vertex -33.1 -16.6 7.6
      vertex -33.1 -15.6 7.6
    endloop
  endfacet
  facet normal 0 0 1
    outer loop
      vertex -33.345 -15.588 7.6
      vertex -33.4431 -16.5831 7.6
      vertex -33.1 -16.6 7.6
    endloop
  endfacet
  facet normal 0 0 1
    outer loop
      vertex -33.5877 -15.552 7.6
      vertex -33.4431 -16.5831 7.6
      vertex -33.345 -15.588 7.6
    endloop
  endfacet
  facet normal 0 0 1
    outer loop
      vertex -33.5877 -15.552 7.6
      vertex -33.7828 -16.5327 7.6
      vertex -33.4431 -16.5831 7.6
    endloop
  endfacet
  facet normal 0 0 1
    outer loop
      vertex -33.8257 -15.4923 7.6
      vertex -33.7828 -16.5327 7.6
      vertex -33.5877 -15.552 7.6
    endloop
  endfacet
  facet normal 0 0 1
    outer loop
      vertex -34.116 -16.4493 7.6
      vertex -33.8257 -15.4923 7.6
      vertex -34.0567 -15.4097 7.6
    endloop
  endfacet
  facet normal 0 0 1
    outer loop
      vertex -33.8257 -15.4923 7.6
      vertex -34.116 -16.4493 7.6
      vertex -33.7828 -16.5327 7.6
    endloop
  endfacet
  facet normal 0 0 1
    outer loop
      vertex -34.4394 -16.3336 7.6
      vertex -34.0567 -15.4097 7.6
      vertex -34.2785 -15.3048 7.6
    endloop
  endfacet
  facet normal 0 0 1
    outer loop
      vertex -34.0567 -15.4097 7.6
      vertex -34.4394 -16.3336 7.6
      vertex -34.116 -16.4493 7.6
    endloop
  endfacet
  facet normal 0 0 1
    outer loop
      vertex -34.7499 -16.1867 7.6
      vertex -34.2785 -15.3048 7.6
      vertex -34.4889 -15.1787 7.6
    endloop
  endfacet
  facet normal 0 0 1
    outer loop
      vertex -35.0445 -16.0101 7.6
      vertex -34.4889 -15.1787 7.6
      vertex -34.686 -15.0325 7.6
    endloop
  endfacet
  facet normal 0 0 1
    outer loop
      vertex -34.2785 -15.3048 7.6
      vertex -34.7499 -16.1867 7.6
      vertex -34.4394 -16.3336 7.6
    endloop
  endfacet
  facet normal 0 0 1
    outer loop
      vertex -35.3204 -15.8055 7.6
      vertex -34.686 -15.0325 7.6
      vertex -34.8678 -14.8678 7.6
    endloop
  endfacet
  facet normal 0 0 1
    outer loop
      vertex -35.5749 -15.5749 7.6
      vertex -34.8678 -14.8678 7.6
      vertex -35.0325 -14.686 7.6
    endloop
  endfacet
  facet normal 0 0 1
    outer loop
      vertex -34.4889 -15.1787 7.6
      vertex -35.0445 -16.0101 7.6
      vertex -34.7499 -16.1867 7.6
    endloop
  endfacet
  facet normal 0 0 1
    outer loop
      vertex -35.8055 -15.3204 7.6
      vertex -35.0325 -14.686 7.6
      vertex -35.1787 -14.4889 7.6
    endloop
  endfacet
  facet normal 0 0 1
    outer loop
      vertex -35.8055 -15.3204 7.6
      vertex -35.1787 -14.4889 7.6
      vertex -35.3048 -14.2785 7.6
    endloop
  endfacet
  facet normal 0 0 1
    outer loop
      vertex -34.686 -15.0325 7.6
      vertex -35.3204 -15.8055 7.6
      vertex -35.0445 -16.0101 7.6
    endloop
  endfacet
  facet normal 0 0 1
    outer loop
      vertex -35.8055 -15.3204 7.6
      vertex -35.3048 -14.2785 7.6
      vertex -35.4097 -14.0567 7.6
    endloop
  endfacet
  facet normal 0 0 1
    outer loop
      vertex -35.8055 -15.3204 7.6
      vertex -35.4097 -14.0567 7.6
      vertex -35.4923 -13.8257 7.6
    endloop
  endfacet
  facet normal 0 0 1
    outer loop
      vertex -35.8055 -15.3204 7.6
      vertex -35.4923 -13.8257 7.6
      vertex -35.552 -13.5877 7.6
    endloop
  endfacet
  facet normal 0 0 1
    outer loop
      vertex -34.8678 -14.8678 7.6
      vertex -35.5749 -15.5749 7.6
      vertex -35.3204 -15.8055 7.6
    endloop
  endfacet
  facet normal 0 0 1
    outer loop
      vertex -35.8055 -15.3204 7.6
      vertex -35.552 -13.5877 7.6
      vertex -35.588 -13.345 7.6
    endloop
  endfacet
  facet normal 0 0 1
    outer loop
      vertex -35.8055 -15.3204 7.6
      vertex -35.588 -13.345 7.6
      vertex -35.6 -13.1 7.6
    endloop
  endfacet
  facet normal 0 0 1
    outer loop
      vertex -35.0325 -14.686 7.6
      vertex -35.8055 -15.3204 7.6
      vertex -35.5749 -15.5749 7.6
    endloop
  endfacet
  facet normal 0 0 1
    outer loop
      vertex 36.5831 13.4431 7.6
      vertex 35.588 13.345 7.6
      vertex 35.6 13.1 7.6
    endloop
  endfacet
  facet normal 0 0 1
    outer loop
      vertex 35.0325 14.686 7.6
      vertex 35.8055 15.3204 7.6
      vertex 35.5749 15.5749 7.6
    endloop
  endfacet
  facet normal 0 0 1
    outer loop
      vertex 36.0101 15.0445 7.6
      vertex 35.552 13.5877 7.6
      vertex 35.588 13.345 7.6
    endloop
  endfacet
  facet normal 0 0 1
    outer loop
      vertex 36.0101 15.0445 7.6
      vertex 35.4923 13.8257 7.6
      vertex 35.552 13.5877 7.6
    endloop
  endfacet
  facet normal 0 0 1
    outer loop
      vertex 36.0101 15.0445 7.6
      vertex 35.4097 14.0567 7.6
      vertex 35.4923 13.8257 7.6
    endloop
  endfacet
  facet normal 0 0 1
    outer loop
      vertex 34.8678 14.8678 7.6
      vertex 35.5749 15.5749 7.6
      vertex 35.3204 15.8055 7.6
    endloop
  endfacet
  facet normal 0 0 1
    outer loop
      vertex 36.0101 15.0445 7.6
      vertex 35.3048 14.2785 7.6
      vertex 35.4097 14.0567 7.6
    endloop
  endfacet
  facet normal 0 0 1
    outer loop
      vertex 36.0101 15.0445 7.6
      vertex 35.1787 14.4889 7.6
      vertex 35.3048 14.2785 7.6
    endloop
  endfacet
  facet normal 0 0 1
    outer loop
      vertex 34.686 15.0325 7.6
      vertex 35.3204 15.8055 7.6
      vertex 35.0445 16.0101 7.6
    endloop
  endfacet
  facet normal 0 0 1
    outer loop
      vertex 35.8055 15.3204 7.6
      vertex 35.0325 14.686 7.6
      vertex 35.1787 14.4889 7.6
    endloop
  endfacet
  facet normal 0 0 1
    outer loop
      vertex 35.5749 15.5749 7.6
      vertex 34.8678 14.8678 7.6
      vertex 35.0325 14.686 7.6
    endloop
  endfacet
  facet normal 0 0 1
    outer loop
      vertex 34.4889 15.1787 7.6
      vertex 35.0445 16.0101 7.6
      vertex 34.7499 16.1867 7.6
    endloop
  endfacet
  facet normal 0 0 1
    outer loop
      vertex 35.3204 15.8055 7.6
      vertex 34.686 15.0325 7.6
      vertex 34.8678 14.8678 7.6
    endloop
  endfacet
  facet normal 0 0 1
    outer loop
      vertex 35.0445 16.0101 7.6
      vertex 34.4889 15.1787 7.6
      vertex 34.686 15.0325 7.6
    endloop
  endfacet
  facet normal 0 0 1
    outer loop
      vertex 34.2785 15.3048 7.6
      vertex 34.7499 16.1867 7.6
      vertex 34.4394 16.3336 7.6
    endloop
  endfacet
  facet normal 0 0 1
    outer loop
      vertex 34.7499 16.1867 7.6
      vertex 34.2785 15.3048 7.6
      vertex 34.4889 15.1787 7.6
    endloop
  endfacet
  facet normal 0 0 1
    outer loop
      vertex 34.0567 15.4097 7.6
      vertex 34.4394 16.3336 7.6
      vertex 34.116 16.4493 7.6
    endloop
  endfacet
  facet normal 0 0 1
    outer loop
      vertex 34.4394 16.3336 7.6
      vertex 34.0567 15.4097 7.6
      vertex 34.2785 15.3048 7.6
    endloop
  endfacet
  facet normal 0 0 1
    outer loop
      vertex 34.116 16.4493 7.6
      vertex 33.8257 15.4923 7.6
      vertex 34.0567 15.4097 7.6
    endloop
  endfacet
  facet normal 0 0 1
    outer loop
      vertex 33.7828 16.5327 7.6
      vertex 33.8257 15.4923 7.6
      vertex 34.116 16.4493 7.6
    endloop
  endfacet
  facet normal 0 0 1
    outer loop
      vertex 33.7828 16.5327 7.6
      vertex 33.5877 15.552 7.6
      vertex 33.8257 15.4923 7.6
    endloop
  endfacet
  facet normal 0 0 1
    outer loop
      vertex 33.4431 16.5831 7.6
      vertex 33.5877 15.552 7.6
      vertex 33.7828 16.5327 7.6
    endloop
  endfacet
  facet normal 0 0 1
    outer loop
      vertex 33.4431 16.5831 7.6
      vertex 33.345 15.588 7.6
      vertex 33.5877 15.552 7.6
    endloop
  endfacet
  facet normal 0 0 1
    outer loop
      vertex 33.1 16.6 7.6
      vertex 33.345 15.588 7.6
      vertex 33.4431 16.5831 7.6
    endloop
  endfacet
  facet normal 0 0 1
    outer loop
      vertex 33.1 16.6 7.6
      vertex 33.1 15.6 7.6
      vertex 33.345 15.588 7.6
    endloop
  endfacet
  facet normal -0 0 1
    outer loop
      vertex -33.1 16.6 7.6
      vertex 33.1 15.6 7.6
      vertex 33.1 16.6 7.6
    endloop
  endfacet
  facet normal 0 0 1
    outer loop
      vertex -33.1 16.6 7.6
      vertex -33.1 15.6 7.6
      vertex 33.1 15.6 7.6
    endloop
  endfacet
  facet normal 0 0 1
    outer loop
      vertex -33.1 16.6 7.6
      vertex -33.345 15.588 7.6
      vertex -33.1 15.6 7.6
    endloop
  endfacet
  facet normal -0 0 1
    outer loop
      vertex -33.4431 16.5831 7.6
      vertex -33.345 15.588 7.6
      vertex -33.1 16.6 7.6
    endloop
  endfacet
  facet normal 0 0 1
    outer loop
      vertex -33.4431 16.5831 7.6
      vertex -33.5877 15.552 7.6
      vertex -33.345 15.588 7.6
    endloop
  endfacet
  facet normal -0 0 1
    outer loop
      vertex -33.7828 16.5327 7.6
      vertex -33.5877 15.552 7.6
      vertex -33.4431 16.5831 7.6
    endloop
  endfacet
  facet normal 0 0 1
    outer loop
      vertex -33.7828 16.5327 7.6
      vertex -33.8257 15.4923 7.6
      vertex -33.5877 15.552 7.6
    endloop
  endfacet
  facet normal -0 0 1
    outer loop
      vertex -34.116 16.4493 7.6
      vertex -33.8257 15.4923 7.6
      vertex -33.7828 16.5327 7.6
    endloop
  endfacet
  facet normal 0 0 1
    outer loop
      vertex -33.8257 15.4923 7.6
      vertex -34.116 16.4493 7.6
      vertex -34.0567 15.4097 7.6
    endloop
  endfacet
  facet normal -0 0 1
    outer loop
      vertex -34.4394 16.3336 7.6
      vertex -34.0567 15.4097 7.6
      vertex -34.116 16.4493 7.6
    endloop
  endfacet
  facet normal 0 0 1
    outer loop
      vertex -34.0567 15.4097 7.6
      vertex -34.4394 16.3336 7.6
      vertex -34.2785 15.3048 7.6
    endloop
  endfacet
  facet normal -0 0 1
    outer loop
      vertex -34.7499 16.1867 7.6
      vertex -34.2785 15.3048 7.6
      vertex -34.4394 16.3336 7.6
    endloop
  endfacet
  facet normal 0 0 1
    outer loop
      vertex -34.2785 15.3048 7.6
      vertex -34.7499 16.1867 7.6
      vertex -34.4889 15.1787 7.6
    endloop
  endfacet
  facet normal -0 0 1
    outer loop
      vertex -35.0445 16.0101 7.6
      vertex -34.4889 15.1787 7.6
      vertex -34.7499 16.1867 7.6
    endloop
  endfacet
  facet normal 0 0 1
    outer loop
      vertex -34.4889 15.1787 7.6
      vertex -35.0445 16.0101 7.6
      vertex -34.686 15.0325 7.6
    endloop
  endfacet
  facet normal -0 0 1
    outer loop
      vertex -35.3204 15.8055 7.6
      vertex -34.686 15.0325 7.6
      vertex -35.0445 16.0101 7.6
    endloop
  endfacet
  facet normal 0 0 1
    outer loop
      vertex -34.686 15.0325 7.6
      vertex -35.3204 15.8055 7.6
      vertex -34.8678 14.8678 7.6
    endloop
  endfacet
  facet normal -0 0 1
    outer loop
      vertex -35.5749 15.5749 7.6
      vertex -34.8678 14.8678 7.6
      vertex -35.3204 15.8055 7.6
    endloop
  endfacet
  facet normal 0 0 1
    outer loop
      vertex -34.8678 14.8678 7.6
      vertex -35.5749 15.5749 7.6
      vertex -35.0325 14.686 7.6
    endloop
  endfacet
  facet normal -0 0 1
    outer loop
      vertex -35.8055 15.3204 7.6
      vertex -35.0325 14.686 7.6
      vertex -35.5749 15.5749 7.6
    endloop
  endfacet
  facet normal 0 0 1
    outer loop
      vertex -35.0325 14.686 7.6
      vertex -35.8055 15.3204 7.6
      vertex -35.1787 14.4889 7.6
    endloop
  endfacet
  facet normal -0 0 1
    outer loop
      vertex -36.0101 15.0445 7.6
      vertex -35.1787 14.4889 7.6
      vertex -35.8055 15.3204 7.6
    endloop
  endfacet
  facet normal 0 0 1
    outer loop
      vertex -35.1787 14.4889 7.6
      vertex -36.0101 15.0445 7.6
      vertex -35.3048 14.2785 7.6
    endloop
  endfacet
  facet normal -0 0 1
    outer loop
      vertex -36.1867 14.7499 7.6
      vertex -35.3048 14.2785 7.6
      vertex -36.0101 15.0445 7.6
    endloop
  endfacet
  facet normal 0 0 1
    outer loop
      vertex -35.3048 14.2785 7.6
      vertex -36.1867 14.7499 7.6
      vertex -35.4097 14.0567 7.6
    endloop
  endfacet
  facet normal -0 0 1
    outer loop
      vertex -36.3336 14.4394 7.6
      vertex -35.4097 14.0567 7.6
      vertex -36.1867 14.7499 7.6
    endloop
  endfacet
  facet normal 0 0 1
    outer loop
      vertex -35.4097 14.0567 7.6
      vertex -36.3336 14.4394 7.6
      vertex -35.4923 13.8257 7.6
    endloop
  endfacet
  facet normal -0 0 1
    outer loop
      vertex -36.4493 14.116 7.6
      vertex -35.4923 13.8257 7.6
      vertex -36.3336 14.4394 7.6
    endloop
  endfacet
  facet normal 0 0 1
    outer loop
      vertex -35.4923 13.8257 7.6
      vertex -36.4493 14.116 7.6
      vertex -35.552 13.5877 7.6
    endloop
  endfacet
  facet normal -0 0 1
    outer loop
      vertex -36.5327 13.7828 7.6
      vertex -35.552 13.5877 7.6
      vertex -36.4493 14.116 7.6
    endloop
  endfacet
  facet normal 0 0 1
    outer loop
      vertex -35.552 13.5877 7.6
      vertex -36.5327 13.7828 7.6
      vertex -35.588 13.345 7.6
    endloop
  endfacet
  facet normal -0 0 1
    outer loop
      vertex -36.5831 13.4431 7.6
      vertex -35.588 13.345 7.6
      vertex -36.5327 13.7828 7.6
    endloop
  endfacet
  facet normal 0 0 1
    outer loop
      vertex -35.588 13.345 7.6
      vertex -36.5831 13.4431 7.6
      vertex -35.6 13.1 7.6
    endloop
  endfacet
  facet normal 0 0 1
    outer loop
      vertex -35.6 13.1 7.6
      vertex -36.5831 13.4431 7.6
      vertex -36.6 13.1 7.6
    endloop
  endfacet
  facet normal 0 0 1
    outer loop
      vertex -35.6 13.1 7.6
      vertex -36.6 13.1 7.6
      vertex -35.6 6 7.6
    endloop
  endfacet
  facet normal 0 0 1
    outer loop
      vertex -35.6 6 7.6
      vertex -36.6 13.1 7.6
      vertex -36.6 6 7.6
    endloop
  endfacet
  facet normal 0 0 1
    outer loop
      vertex 35.6 13.1 7.6
      vertex 36.6 13.1 7.6
      vertex 36.5831 13.4431 7.6
    endloop
  endfacet
  facet normal 0 0 1
    outer loop
      vertex 35.588 13.345 7.6
      vertex 36.5831 13.4431 7.6
      vertex 36.5327 13.7828 7.6
    endloop
  endfacet
  facet normal 0 0 1
    outer loop
      vertex 35.588 13.345 7.6
      vertex 36.5327 13.7828 7.6
      vertex 36.4493 14.116 7.6
    endloop
  endfacet
  facet normal 0 0 1
    outer loop
      vertex 35.588 13.345 7.6
      vertex 36.4493 14.116 7.6
      vertex 36.3336 14.4394 7.6
    endloop
  endfacet
  facet normal 0 0 1
    outer loop
      vertex 35.588 13.345 7.6
      vertex 36.3336 14.4394 7.6
      vertex 36.1867 14.7499 7.6
    endloop
  endfacet
  facet normal 0 0 1
    outer loop
      vertex 35.588 13.345 7.6
      vertex 36.1867 14.7499 7.6
      vertex 36.0101 15.0445 7.6
    endloop
  endfacet
  facet normal 0 0 1
    outer loop
      vertex 35.1787 14.4889 7.6
      vertex 36.0101 15.0445 7.6
      vertex 35.8055 15.3204 7.6
    endloop
  endfacet
  facet normal 0 0 1
    outer loop
      vertex 36.6 13.1 7.6
      vertex 35.6 13.1 7.6
      vertex 36.6 7 7.6
    endloop
  endfacet
  facet normal 0 0 1
    outer loop
      vertex 36.6 7 7.6
      vertex 35.6 13.1 7.6
      vertex 35.6 7 7.6
    endloop
  endfacet
  facet normal -0.595659 0.803237 0
    outer loop
      vertex -35.0445 16.0101 0
      vertex -35.3204 15.8055 7.6
      vertex -35.0445 16.0101 7.6
    endloop
  endfacet
  facet normal -0.595659 0.803237 0
    outer loop
      vertex -35.3204 15.8055 7.6
      vertex -35.0445 16.0101 0
      vertex -35.3204 15.8055 0
    endloop
  endfacet
  facet normal -0.514153 -0.857698 0
    outer loop
      vertex -35.0445 -16.0101 0
      vertex -34.7499 -16.1867 7.6
      vertex -35.0445 -16.0101 7.6
    endloop
  endfacet
  facet normal -0.514153 -0.857698 -0
    outer loop
      vertex -34.7499 -16.1867 7.6
      vertex -35.0445 -16.0101 0
      vertex -34.7499 -16.1867 0
    endloop
  endfacet
  facet normal -0.970074 0.24281 0
    outer loop
      vertex -36.5327 13.7828 0
      vertex -36.4493 14.116 7.6
      vertex -36.4493 14.116 0
    endloop
  endfacet
  facet normal -0.970074 0.24281 0
    outer loop
      vertex -36.4493 14.116 7.6
      vertex -36.5327 13.7828 0
      vertex -36.5327 13.7828 7.6
    endloop
  endfacet
  facet normal -0.803237 -0.595659 0
    outer loop
      vertex -35.8055 -15.3204 0
      vertex -36.0101 -15.0445 7.6
      vertex -36.0101 -15.0445 0
    endloop
  endfacet
  facet normal -0.803237 -0.595659 0
    outer loop
      vertex -36.0101 -15.0445 7.6
      vertex -35.8055 -15.3204 0
      vertex -35.8055 -15.3204 7.6
    endloop
  endfacet
  facet normal 0.970074 -0.24281 0
    outer loop
      vertex 36.4493 -14.116 7.6
      vertex 36.5327 -13.7828 0
      vertex 36.5327 -13.7828 7.6
    endloop
  endfacet
  facet normal 0.970074 -0.24281 0
    outer loop
      vertex 36.5327 -13.7828 0
      vertex 36.4493 -14.116 7.6
      vertex 36.4493 -14.116 0
    endloop
  endfacet
  facet normal 0.595659 0.803237 -0
    outer loop
      vertex 35.3204 15.8055 0
      vertex 35.0445 16.0101 7.6
      vertex 35.3204 15.8055 7.6
    endloop
  endfacet
  facet normal 0.595659 0.803237 0
    outer loop
      vertex 35.0445 16.0101 7.6
      vertex 35.3204 15.8055 0
      vertex 35.0445 16.0101 0
    endloop
  endfacet
  facet normal 0.671454 -0.741046 0
    outer loop
      vertex 35.3204 -15.8055 0
      vertex 35.5749 -15.5749 7.6
      vertex 35.3204 -15.8055 7.6
    endloop
  endfacet
  facet normal 0.671454 -0.741046 0
    outer loop
      vertex 35.5749 -15.5749 7.6
      vertex 35.3204 -15.8055 0
      vertex 35.5749 -15.5749 0
    endloop
  endfacet
  facet normal 0.741046 -0.671454 0
    outer loop
      vertex 35.5749 -15.5749 7.6
      vertex 35.8055 -15.3204 0
      vertex 35.8055 -15.3204 7.6
    endloop
  endfacet
  facet normal 0.741046 -0.671454 0
    outer loop
      vertex 35.8055 -15.3204 0
      vertex 35.5749 -15.5749 7.6
      vertex 35.5749 -15.5749 0
    endloop
  endfacet
  facet normal 0.336853 0.941557 -0
    outer loop
      vertex 34.4394 16.3336 0
      vertex 34.116 16.4493 7.6
      vertex 34.4394 16.3336 7.6
    endloop
  endfacet
  facet normal 0.336853 0.941557 0
    outer loop
      vertex 34.116 16.4493 7.6
      vertex 34.4394 16.3336 0
      vertex 34.116 16.4493 0
    endloop
  endfacet
  facet normal 0.427661 -0.903939 0
    outer loop
      vertex 34.4394 -16.3336 0
      vertex 34.7499 -16.1867 7.6
      vertex 34.4394 -16.3336 7.6
    endloop
  endfacet
  facet normal 0.427661 -0.903939 0
    outer loop
      vertex 34.7499 -16.1867 7.6
      vertex 34.4394 -16.3336 0
      vertex 34.7499 -16.1867 0
    endloop
  endfacet
  facet normal 0.970074 0.24281 0
    outer loop
      vertex 36.5327 13.7828 7.6
      vertex 36.4493 14.116 0
      vertex 36.4493 14.116 7.6
    endloop
  endfacet
  facet normal 0.970074 0.24281 0
    outer loop
      vertex 36.4493 14.116 0
      vertex 36.5327 13.7828 7.6
      vertex 36.5327 13.7828 0
    endloop
  endfacet
  facet normal 0.941557 0.336853 0
    outer loop
      vertex 36.4493 14.116 7.6
      vertex 36.3336 14.4394 0
      vertex 36.3336 14.4394 7.6
    endloop
  endfacet
  facet normal 0.941557 0.336853 0
    outer loop
      vertex 36.3336 14.4394 0
      vertex 36.4493 14.116 7.6
      vertex 36.4493 14.116 0
    endloop
  endfacet
  facet normal 0.941557 -0.336853 0
    outer loop
      vertex 36.3336 -14.4394 7.6
      vertex 36.4493 -14.116 0
      vertex 36.4493 -14.116 7.6
    endloop
  endfacet
  facet normal 0.941557 -0.336853 0
    outer loop
      vertex 36.4493 -14.116 0
      vertex 36.3336 -14.4394 7.6
      vertex 36.3336 -14.4394 0
    endloop
  endfacet
  facet normal 0 0 -1
    outer loop
      vertex 33.1 -16.6 0
      vertex 36.6 -13.1 0
      vertex 36.5831 -13.4431 0
    endloop
  endfacet
  facet normal 0 0 -1
    outer loop
      vertex 36.6 -13.1 0
      vertex 21.1 -10.3 0
      vertex 36.6 13.1 0
    endloop
  endfacet
  facet normal 0 0 -1
    outer loop
      vertex 33.1 -16.6 0
      vertex 36.5831 -13.4431 0
      vertex 36.5327 -13.7828 0
    endloop
  endfacet
  facet normal 0 0 -1
    outer loop
      vertex 21.1 10.3 0
      vertex 36.6 13.1 0
      vertex 21.1 -10.3 0
    endloop
  endfacet
  facet normal 0 0 -1
    outer loop
      vertex 33.1 -16.6 0
      vertex 36.5327 -13.7828 0
      vertex 36.4493 -14.116 0
    endloop
  endfacet
  facet normal 0 -0 -1
    outer loop
      vertex 33.1 16.6 0
      vertex 36.6 13.1 0
      vertex 21.1 10.3 0
    endloop
  endfacet
  facet normal 0 0 -1
    outer loop
      vertex 33.1 -16.6 0
      vertex 36.4493 -14.116 0
      vertex 36.3336 -14.4394 0
    endloop
  endfacet
  facet normal 0 0 -1
    outer loop
      vertex 36.6 13.1 0
      vertex 33.1 16.6 0
      vertex 36.5831 13.4431 0
    endloop
  endfacet
  facet normal 0 0 -1
    outer loop
      vertex 33.1 -16.6 0
      vertex 36.3336 -14.4394 0
      vertex 36.1867 -14.7499 0
    endloop
  endfacet
  facet normal 0 0 -1
    outer loop
      vertex 36.5831 13.4431 0
      vertex 33.1 16.6 0
      vertex 36.5327 13.7828 0
    endloop
  endfacet
  facet normal 0 0 -1
    outer loop
      vertex 33.1 -16.6 0
      vertex 36.1867 -14.7499 0
      vertex 36.0101 -15.0445 0
    endloop
  endfacet
  facet normal 0 0 -1
    outer loop
      vertex 36.5327 13.7828 0
      vertex 33.1 16.6 0
      vertex 36.4493 14.116 0
    endloop
  endfacet
  facet normal 0 0 -1
    outer loop
      vertex 33.1 -16.6 0
      vertex 36.0101 -15.0445 0
      vertex 35.8055 -15.3204 0
    endloop
  endfacet
  facet normal 0 0 -1
    outer loop
      vertex 36.4493 14.116 0
      vertex 33.1 16.6 0
      vertex 36.3336 14.4394 0
    endloop
  endfacet
  facet normal 0 0 -1
    outer loop
      vertex 33.1 -16.6 0
      vertex 35.8055 -15.3204 0
      vertex 35.5749 -15.5749 0
    endloop
  endfacet
  facet normal 0 0 -1
    outer loop
      vertex 36.3336 14.4394 0
      vertex 33.1 16.6 0
      vertex 36.1867 14.7499 0
    endloop
  endfacet
  facet normal 0 0 -1
    outer loop
      vertex 33.1 -16.6 0
      vertex 35.5749 -15.5749 0
      vertex 35.3204 -15.8055 0
    endloop
  endfacet
  facet normal 0 0 -1
    outer loop
      vertex 36.1867 14.7499 0
      vertex 33.1 16.6 0
      vertex 36.0101 15.0445 0
    endloop
  endfacet
  facet normal 0 0 -1
    outer loop
      vertex 33.1 -16.6 0
      vertex 35.3204 -15.8055 0
      vertex 35.0445 -16.0101 0
    endloop
  endfacet
  facet normal 0 0 -1
    outer loop
      vertex 36.0101 15.0445 0
      vertex 33.1 16.6 0
      vertex 35.8055 15.3204 0
    endloop
  endfacet
  facet normal 0 0 -1
    outer loop
      vertex 33.1 -16.6 0
      vertex 35.0445 -16.0101 0
      vertex 34.7499 -16.1867 0
    endloop
  endfacet
  facet normal 0 0 -1
    outer loop
      vertex 35.8055 15.3204 0
      vertex 33.1 16.6 0
      vertex 35.5749 15.5749 0
    endloop
  endfacet
  facet normal 0 0 -1
    outer loop
      vertex 33.1 -16.6 0
      vertex 34.7499 -16.1867 0
      vertex 34.4394 -16.3336 0
    endloop
  endfacet
  facet normal 0 0 -1
    outer loop
      vertex 35.5749 15.5749 0
      vertex 33.1 16.6 0
      vertex 35.3204 15.8055 0
    endloop
  endfacet
  facet normal 0 0 -1
    outer loop
      vertex 33.1 -16.6 0
      vertex 34.4394 -16.3336 0
      vertex 34.116 -16.4493 0
    endloop
  endfacet
  facet normal 0 0 -1
    outer loop
      vertex 35.3204 15.8055 0
      vertex 33.1 16.6 0
      vertex 35.0445 16.0101 0
    endloop
  endfacet
  facet normal 0 0 -1
    outer loop
      vertex 33.1 -16.6 0
      vertex 34.116 -16.4493 0
      vertex 33.7828 -16.5327 0
    endloop
  endfacet
  facet normal 0 0 -1
    outer loop
      vertex 35.0445 16.0101 0
      vertex 33.1 16.6 0
      vertex 34.7499 16.1867 0
    endloop
  endfacet
  facet normal 0 0 -1
    outer loop
      vertex 33.1 -16.6 0
      vertex 33.7828 -16.5327 0
      vertex 33.4431 -16.5831 0
    endloop
  endfacet
  facet normal 0 0 -1
    outer loop
      vertex 34.7499 16.1867 0
      vertex 33.1 16.6 0
      vertex 34.4394 16.3336 0
    endloop
  endfacet
  facet normal -0 0 -1
    outer loop
      vertex 36.6 -13.1 0
      vertex 33.1 -16.6 0
      vertex 21.1 -10.3 0
    endloop
  endfacet
  facet normal 0 0 -1
    outer loop
      vertex 34.4394 16.3336 0
      vertex 33.1 16.6 0
      vertex 34.116 16.4493 0
    endloop
  endfacet
  facet normal 0 0 -1
    outer loop
      vertex 34.116 16.4493 0
      vertex 33.1 16.6 0
      vertex 33.7828 16.5327 0
    endloop
  endfacet
  facet normal 0 0 -1
    outer loop
      vertex 33.1 -16.6 0
      vertex 21.0961 -10.3784 0
      vertex 21.1 -10.3 0
    endloop
  endfacet
  facet normal 0 0 -1
    outer loop
      vertex 33.1 -16.6 0
      vertex 21.0846 -10.4561 0
      vertex 21.0961 -10.3784 0
    endloop
  endfacet
  facet normal 0 0 -1
    outer loop
      vertex 33.1 -16.6 0
      vertex 21.0655 -10.5322 0
      vertex 21.0846 -10.4561 0
    endloop
  endfacet
  facet normal 0 0 -1
    outer loop
      vertex 33.1 -16.6 0
      vertex 21.0391 -10.6061 0
      vertex 21.0655 -10.5322 0
    endloop
  endfacet
  facet normal 0 0 -1
    outer loop
      vertex 33.1 -16.6 0
      vertex 21.0055 -10.6771 0
      vertex 21.0391 -10.6061 0
    endloop
  endfacet
  facet normal 0 0 -1
    outer loop
      vertex 33.1 -16.6 0
      vertex 20.9652 -10.7444 0
      vertex 21.0055 -10.6771 0
    endloop
  endfacet
  facet normal 0 0 -1
    outer loop
      vertex 33.1 -16.6 0
      vertex 20.9184 -10.8075 0
      vertex 20.9652 -10.7444 0
    endloop
  endfacet
  facet normal 0 0 -1
    outer loop
      vertex 33.1 -16.6 0
      vertex 20.8657 -10.8657 0
      vertex 20.9184 -10.8075 0
    endloop
  endfacet
  facet normal 0 0 -1
    outer loop
      vertex 33.1 -16.6 0
      vertex 20.8075 -10.9184 0
      vertex 20.8657 -10.8657 0
    endloop
  endfacet
  facet normal 0 0 -1
    outer loop
      vertex 33.1 -16.6 0
      vertex 20.7444 -10.9652 0
      vertex 20.8075 -10.9184 0
    endloop
  endfacet
  facet normal 0 0 -1
    outer loop
      vertex 33.1 -16.6 0
      vertex 20.6771 -11.0055 0
      vertex 20.7444 -10.9652 0
    endloop
  endfacet
  facet normal 0 0 -1
    outer loop
      vertex 33.1 -16.6 0
      vertex 20.6061 -11.0391 0
      vertex 20.6771 -11.0055 0
    endloop
  endfacet
  facet normal 0 0 -1
    outer loop
      vertex 33.1 -16.6 0
      vertex 20.5322 -11.0655 0
      vertex 20.6061 -11.0391 0
    endloop
  endfacet
  facet normal 0 0 -1
    outer loop
      vertex 33.1 -16.6 0
      vertex 20.4561 -11.0846 0
      vertex 20.5322 -11.0655 0
    endloop
  endfacet
  facet normal 0 0 -1
    outer loop
      vertex 33.1 -16.6 0
      vertex 20.3784 -11.0961 0
      vertex 20.4561 -11.0846 0
    endloop
  endfacet
  facet normal 0 0 -1
    outer loop
      vertex 33.1 -16.6 0
      vertex 20.3 -11.1 0
      vertex 20.3784 -11.0961 0
    endloop
  endfacet
  facet normal 0 0 -1
    outer loop
      vertex 33.1 -16.6 0
      vertex 19.7 -11.1 0
      vertex 20.3 -11.1 0
    endloop
  endfacet
  facet normal 0 0 -1
    outer loop
      vertex 33.1 -16.6 0
      vertex 19.6216 -11.0961 0
      vertex 19.7 -11.1 0
    endloop
  endfacet
  facet normal 0 0 -1
    outer loop
      vertex 12.3784 -11.0961 0
      vertex 19.6216 -11.0961 0
      vertex 33.1 -16.6 0
    endloop
  endfacet
  facet normal 0 0 -1
    outer loop
      vertex 19.6216 -11.0961 0
      vertex 12.3784 -11.0961 0
      vertex 19.5439 -11.0846 0
    endloop
  endfacet
  facet normal 0 -0 -1
    outer loop
      vertex 12.4561 -11.0846 0
      vertex 19.5439 -11.0846 0
      vertex 12.3784 -11.0961 0
    endloop
  endfacet
  facet normal 0 0 -1
    outer loop
      vertex 18.9 -10.3 0
      vertex 13.1 -10.3 0
      vertex 18.9 10.3 0
    endloop
  endfacet
  facet normal 0 0 -1
    outer loop
      vertex 18.9039 -10.3784 0
      vertex 13.1 -10.3 0
      vertex 18.9 -10.3 0
    endloop
  endfacet
  facet normal 0 0 -1
    outer loop
      vertex 13.0961 -10.3784 0
      vertex 18.9039 -10.3784 0
      vertex 18.9154 -10.4561 0
    endloop
  endfacet
  facet normal 0 0 -1
    outer loop
      vertex 13.0846 -10.4561 0
      vertex 18.9154 -10.4561 0
      vertex 18.9345 -10.5322 0
    endloop
  endfacet
  facet normal 0 0 -1
    outer loop
      vertex 13.0655 -10.5322 0
      vertex 18.9345 -10.5322 0
      vertex 18.9609 -10.6061 0
    endloop
  endfacet
  facet normal 0 0 -1
    outer loop
      vertex 13.0391 -10.6061 0
      vertex 18.9609 -10.6061 0
      vertex 18.9945 -10.6771 0
    endloop
  endfacet
  facet normal 0 0 -1
    outer loop
      vertex 13.0055 -10.6771 0
      vertex 18.9945 -10.6771 0
      vertex 19.0348 -10.7444 0
    endloop
  endfacet
  facet normal 0 0 -1
    outer loop
      vertex 12.9652 -10.7444 0
      vertex 19.0348 -10.7444 0
      vertex 19.0816 -10.8075 0
    endloop
  endfacet
  facet normal 0 0 -1
    outer loop
      vertex 12.9184 -10.8075 0
      vertex 19.0816 -10.8075 0
      vertex 19.1343 -10.8657 0
    endloop
  endfacet
  facet normal 0 0 -1
    outer loop
      vertex 12.8657 -10.8657 0
      vertex 19.1343 -10.8657 0
      vertex 19.1925 -10.9184 0
    endloop
  endfacet
  facet normal 0 0 -1
    outer loop
      vertex 12.8075 -10.9184 0
      vertex 19.1925 -10.9184 0
      vertex 19.2556 -10.9652 0
    endloop
  endfacet
  facet normal 0 0 -1
    outer loop
      vertex 12.7444 -10.9652 0
      vertex 19.2556 -10.9652 0
      vertex 19.3229 -11.0055 0
    endloop
  endfacet
  facet normal 0 0 -1
    outer loop
      vertex 12.6771 -11.0055 0
      vertex 19.3229 -11.0055 0
      vertex 19.3939 -11.0391 0
    endloop
  endfacet
  facet normal 0 0 -1
    outer loop
      vertex 19.5439 -11.0846 0
      vertex 12.4561 -11.0846 0
      vertex 19.4678 -11.0655 0
    endloop
  endfacet
  facet normal 0 0 -1
    outer loop
      vertex 18.9039 -10.3784 0
      vertex 13.0961 -10.3784 0
      vertex 13.1 -10.3 0
    endloop
  endfacet
  facet normal 0 0 -1
    outer loop
      vertex 18.9154 -10.4561 0
      vertex 13.0846 -10.4561 0
      vertex 13.0961 -10.3784 0
    endloop
  endfacet
  facet normal 0 0 -1
    outer loop
      vertex 18.9345 -10.5322 0
      vertex 13.0655 -10.5322 0
      vertex 13.0846 -10.4561 0
    endloop
  endfacet
  facet normal 0 0 -1
    outer loop
      vertex 18.9609 -10.6061 0
      vertex 13.0391 -10.6061 0
      vertex 13.0655 -10.5322 0
    endloop
  endfacet
  facet normal 0 0 -1
    outer loop
      vertex 18.9945 -10.6771 0
      vertex 13.0055 -10.6771 0
      vertex 13.0391 -10.6061 0
    endloop
  endfacet
  facet normal 0 0 -1
    outer loop
      vertex 19.0348 -10.7444 0
      vertex 12.9652 -10.7444 0
      vertex 13.0055 -10.6771 0
    endloop
  endfacet
  facet normal 0 0 -1
    outer loop
      vertex 19.0816 -10.8075 0
      vertex 12.9184 -10.8075 0
      vertex 12.9652 -10.7444 0
    endloop
  endfacet
  facet normal 0 0 -1
    outer loop
      vertex 19.1343 -10.8657 0
      vertex 12.8657 -10.8657 0
      vertex 12.9184 -10.8075 0
    endloop
  endfacet
  facet normal 0 0 -1
    outer loop
      vertex 19.1925 -10.9184 0
      vertex 12.8075 -10.9184 0
      vertex 12.8657 -10.8657 0
    endloop
  endfacet
  facet normal 0 0 -1
    outer loop
      vertex 19.2556 -10.9652 0
      vertex 12.7444 -10.9652 0
      vertex 12.8075 -10.9184 0
    endloop
  endfacet
  facet normal 0 0 -1
    outer loop
      vertex 19.3229 -11.0055 0
      vertex 12.6771 -11.0055 0
      vertex 12.7444 -10.9652 0
    endloop
  endfacet
  facet normal 0 0 -1
    outer loop
      vertex 19.3939 -11.0391 0
      vertex 12.6061 -11.0391 0
      vertex 12.6771 -11.0055 0
    endloop
  endfacet
  facet normal -0 0 -1
    outer loop
      vertex 19.3939 -11.0391 0
      vertex 12.5322 -11.0655 0
      vertex 12.6061 -11.0391 0
    endloop
  endfacet
  facet normal 0 0 -1
    outer loop
      vertex 19.4678 -11.0655 0
      vertex 12.5322 -11.0655 0
      vertex 19.3939 -11.0391 0
    endloop
  endfacet
  facet normal 0 -0 -1
    outer loop
      vertex 12.5322 -11.0655 0
      vertex 19.4678 -11.0655 0
      vertex 12.4561 -11.0846 0
    endloop
  endfacet
  facet normal 0 0 -1
    outer loop
      vertex 33.1 -16.6 0
      vertex 12.3 -11.1 0
      vertex 12.3784 -11.0961 0
    endloop
  endfacet
  facet normal 0 0 -1
    outer loop
      vertex 33.1 -16.6 0
      vertex 11.7 -11.1 0
      vertex 12.3 -11.1 0
    endloop
  endfacet
  facet normal 0 0 -1
    outer loop
      vertex 33.1 -16.6 0
      vertex 11.6216 -11.0961 0
      vertex 11.7 -11.1 0
    endloop
  endfacet
  facet normal 0 0 -1
    outer loop
      vertex 4.3784 -11.0961 0
      vertex 11.6216 -11.0961 0
      vertex 33.1 -16.6 0
    endloop
  endfacet
  facet normal 0 0 -1
    outer loop
      vertex 11.6216 -11.0961 0
      vertex 4.3784 -11.0961 0
      vertex 11.5439 -11.0846 0
    endloop
  endfacet
  facet normal 0 0 -1
    outer loop
      vertex 10.9 -10.3 0
      vertex 5.09999 -10.3 0
      vertex 10.9 10.3 0
    endloop
  endfacet
  facet normal 0 0 -1
    outer loop
      vertex 10.9039 -10.3784 0
      vertex 5.09999 -10.3 0
      vertex 10.9 -10.3 0
    endloop
  endfacet
  facet normal 0 0 -1
    outer loop
      vertex 5.09613 -10.3784 0
      vertex 10.9039 -10.3784 0
      vertex 10.9154 -10.4561 0
    endloop
  endfacet
  facet normal 0 0 -1
    outer loop
      vertex 5.08461 -10.4561 0
      vertex 10.9154 -10.4561 0
      vertex 10.9345 -10.5322 0
    endloop
  endfacet
  facet normal 0 0 -1
    outer loop
      vertex 5.06554 -10.5322 0
      vertex 10.9345 -10.5322 0
      vertex 10.9609 -10.6061 0
    endloop
  endfacet
  facet normal 0 0 -1
    outer loop
      vertex 5.03909 -10.6061 0
      vertex 10.9609 -10.6061 0
      vertex 10.9945 -10.6771 0
    endloop
  endfacet
  facet normal 0 0 -1
    outer loop
      vertex 5.00552 -10.6771 0
      vertex 10.9945 -10.6771 0
      vertex 11.0348 -10.7444 0
    endloop
  endfacet
  facet normal 0 0 -1
    outer loop
      vertex 4.96516 -10.7444 0
      vertex 11.0348 -10.7444 0
      vertex 11.0816 -10.8075 0
    endloop
  endfacet
  facet normal 0 0 -1
    outer loop
      vertex 4.9184 -10.8075 0
      vertex 11.0816 -10.8075 0
      vertex 11.1343 -10.8657 0
    endloop
  endfacet
  facet normal 0 0 -1
    outer loop
      vertex 4.86568 -10.8657 0
      vertex 11.1343 -10.8657 0
      vertex 11.1925 -10.9184 0
    endloop
  endfacet
  facet normal 0 0 -1
    outer loop
      vertex 4.8075 -10.9184 0
      vertex 11.1925 -10.9184 0
      vertex 11.2556 -10.9652 0
    endloop
  endfacet
  facet normal 0 0 -1
    outer loop
      vertex 4.74445 -10.9652 0
      vertex 11.2556 -10.9652 0
      vertex 11.3229 -11.0055 0
    endloop
  endfacet
  facet normal 0 0 -1
    outer loop
      vertex 4.67711 -11.0055 0
      vertex 11.3229 -11.0055 0
      vertex 11.3939 -11.0391 0
    endloop
  endfacet
  facet normal 0 0 -1
    outer loop
      vertex 4.60614 -11.0391 0
      vertex 11.3939 -11.0391 0
      vertex 11.4678 -11.0655 0
    endloop
  endfacet
  facet normal 0 -0 -1
    outer loop
      vertex 4.45605 -11.0846 0
      vertex 11.5439 -11.0846 0
      vertex 4.3784 -11.0961 0
    endloop
  endfacet
  facet normal 0 0 -1
    outer loop
      vertex 10.9039 -10.3784 0
      vertex 5.09613 -10.3784 0
      vertex 5.09999 -10.3 0
    endloop
  endfacet
  facet normal 0 0 -1
    outer loop
      vertex 10.9154 -10.4561 0
      vertex 5.08461 -10.4561 0
      vertex 5.09613 -10.3784 0
    endloop
  endfacet
  facet normal 0 0 -1
    outer loop
      vertex 10.9345 -10.5322 0
      vertex 5.06554 -10.5322 0
      vertex 5.08461 -10.4561 0
    endloop
  endfacet
  facet normal 0 0 -1
    outer loop
      vertex 10.9609 -10.6061 0
      vertex 5.03909 -10.6061 0
      vertex 5.06554 -10.5322 0
    endloop
  endfacet
  facet normal 0 0 -1
    outer loop
      vertex 10.9945 -10.6771 0
      vertex 5.00552 -10.6771 0
      vertex 5.03909 -10.6061 0
    endloop
  endfacet
  facet normal 0 0 -1
    outer loop
      vertex 11.0348 -10.7444 0
      vertex 4.96516 -10.7444 0
      vertex 5.00552 -10.6771 0
    endloop
  endfacet
  facet normal 0 0 -1
    outer loop
      vertex 11.0816 -10.8075 0
      vertex 4.9184 -10.8075 0
      vertex 4.96516 -10.7444 0
    endloop
  endfacet
  facet normal 0 0 -1
    outer loop
      vertex 11.1343 -10.8657 0
      vertex 4.86568 -10.8657 0
      vertex 4.9184 -10.8075 0
    endloop
  endfacet
  facet normal 0 0 -1
    outer loop
      vertex 11.1925 -10.9184 0
      vertex 4.8075 -10.9184 0
      vertex 4.86568 -10.8657 0
    endloop
  endfacet
  facet normal 0 0 -1
    outer loop
      vertex 11.2556 -10.9652 0
      vertex 4.74445 -10.9652 0
      vertex 4.8075 -10.9184 0
    endloop
  endfacet
  facet normal 0 0 -1
    outer loop
      vertex 11.3229 -11.0055 0
      vertex 4.67711 -11.0055 0
      vertex 4.74445 -10.9652 0
    endloop
  endfacet
  facet normal 0 0 -1
    outer loop
      vertex 11.3939 -11.0391 0
      vertex 4.60614 -11.0391 0
      vertex 4.67711 -11.0055 0
    endloop
  endfacet
  facet normal 0 0 -1
    outer loop
      vertex 11.4678 -11.0655 0
      vertex 4.53221 -11.0655 0
      vertex 4.60614 -11.0391 0
    endloop
  endfacet
  facet normal -0 0 -1
    outer loop
      vertex 11.4678 -11.0655 0
      vertex 4.45605 -11.0846 0
      vertex 4.53221 -11.0655 0
    endloop
  endfacet
  facet normal 0 0 -1
    outer loop
      vertex 11.5439 -11.0846 0
      vertex 4.45605 -11.0846 0
      vertex 11.4678 -11.0655 0
    endloop
  endfacet
  facet normal 0 0 -1
    outer loop
      vertex 33.1 -16.6 0
      vertex 4.29999 -11.1 0
      vertex 4.3784 -11.0961 0
    endloop
  endfacet
  facet normal 0 0 -1
    outer loop
      vertex 33.1 -16.6 0
      vertex 3.70001 -11.1 0
      vertex 4.29999 -11.1 0
    endloop
  endfacet
  facet normal 0 0 -1
    outer loop
      vertex -3.70001 -11.1 0
      vertex 3.70001 -11.1 0
      vertex 33.1 -16.6 0
    endloop
  endfacet
  facet normal 0 0 -1
    outer loop
      vertex 3.70001 -11.1 0
      vertex -3.70001 -11.1 0
      vertex 3.6216 -11.0961 0
    endloop
  endfacet
  facet normal 0 0 -1
    outer loop
      vertex 2.90001 -10.3 0
      vertex -2.90001 -10.3 0
      vertex 2.90001 10.3 0
    endloop
  endfacet
  facet normal 0 0 -1
    outer loop
      vertex 2.90387 -10.3784 0
      vertex -2.90001 -10.3 0
      vertex 2.90001 -10.3 0
    endloop
  endfacet
  facet normal 0 0 -1
    outer loop
      vertex -2.90387 -10.3784 0
      vertex 2.90387 -10.3784 0
      vertex 2.91539 -10.4561 0
    endloop
  endfacet
  facet normal 0 0 -1
    outer loop
      vertex -2.91539 -10.4561 0
      vertex 2.91539 -10.4561 0
      vertex 2.93446 -10.5322 0
    endloop
  endfacet
  facet normal 0 0 -1
    outer loop
      vertex -2.93446 -10.5322 0
      vertex 2.93446 -10.5322 0
      vertex 2.96091 -10.6061 0
    endloop
  endfacet
  facet normal 0 0 -1
    outer loop
      vertex -2.96091 -10.6061 0
      vertex 2.96091 -10.6061 0
      vertex 2.99448 -10.6771 0
    endloop
  endfacet
  facet normal 0 0 -1
    outer loop
      vertex -2.99448 -10.6771 0
      vertex 2.99448 -10.6771 0
      vertex 3.03484 -10.7444 0
    endloop
  endfacet
  facet normal 0 0 -1
    outer loop
      vertex -3.03484 -10.7444 0
      vertex 3.03484 -10.7444 0
      vertex 3.0816 -10.8075 0
    endloop
  endfacet
  facet normal 0 0 -1
    outer loop
      vertex -3.0816 -10.8075 0
      vertex 3.0816 -10.8075 0
      vertex 3.13432 -10.8657 0
    endloop
  endfacet
  facet normal 0 0 -1
    outer loop
      vertex -3.13432 -10.8657 0
      vertex 3.13432 -10.8657 0
      vertex 3.1925 -10.9184 0
    endloop
  endfacet
  facet normal 0 0 -1
    outer loop
      vertex -3.1925 -10.9184 0
      vertex 3.1925 -10.9184 0
      vertex 3.25555 -10.9652 0
    endloop
  endfacet
  facet normal 0 0 -1
    outer loop
      vertex -3.25555 -10.9652 0
      vertex 3.25555 -10.9652 0
      vertex 3.32289 -11.0055 0
    endloop
  endfacet
  facet normal 0 0 -1
    outer loop
      vertex -3.32289 -11.0055 0
      vertex 3.32289 -11.0055 0
      vertex 3.39386 -11.0391 0
    endloop
  endfacet
  facet normal 0 0 -1
    outer loop
      vertex -3.39386 -11.0391 0
      vertex 3.39386 -11.0391 0
      vertex 3.46779 -11.0655 0
    endloop
  endfacet
  facet normal 0 0 -1
    outer loop
      vertex -3.46779 -11.0655 0
      vertex 3.46779 -11.0655 0
      vertex 3.54395 -11.0846 0
    endloop
  endfacet
  facet normal 0 -0 -1
    outer loop
      vertex -3.6216 -11.0961 0
      vertex 3.6216 -11.0961 0
      vertex -3.70001 -11.1 0
    endloop
  endfacet
  facet normal 0 0 -1
    outer loop
      vertex 2.90387 -10.3784 0
      vertex -2.90387 -10.3784 0
      vertex -2.90001 -10.3 0
    endloop
  endfacet
  facet normal 0 0 -1
    outer loop
      vertex 2.91539 -10.4561 0
      vertex -2.91539 -10.4561 0
      vertex -2.90387 -10.3784 0
    endloop
  endfacet
  facet normal 0 0 -1
    outer loop
      vertex 2.93446 -10.5322 0
      vertex -2.93446 -10.5322 0
      vertex -2.91539 -10.4561 0
    endloop
  endfacet
  facet normal 0 0 -1
    outer loop
      vertex 2.96091 -10.6061 0
      vertex -2.96091 -10.6061 0
      vertex -2.93446 -10.5322 0
    endloop
  endfacet
  facet normal 0 0 -1
    outer loop
      vertex 2.99448 -10.6771 0
      vertex -2.99448 -10.6771 0
      vertex -2.96091 -10.6061 0
    endloop
  endfacet
  facet normal 0 0 -1
    outer loop
      vertex 3.03484 -10.7444 0
      vertex -3.03484 -10.7444 0
      vertex -2.99448 -10.6771 0
    endloop
  endfacet
  facet normal 0 0 -1
    outer loop
      vertex 3.0816 -10.8075 0
      vertex -3.0816 -10.8075 0
      vertex -3.03484 -10.7444 0
    endloop
  endfacet
  facet normal 0 0 -1
    outer loop
      vertex 3.13432 -10.8657 0
      vertex -3.13432 -10.8657 0
      vertex -3.0816 -10.8075 0
    endloop
  endfacet
  facet normal 0 0 -1
    outer loop
      vertex 3.1925 -10.9184 0
      vertex -3.1925 -10.9184 0
      vertex -3.13432 -10.8657 0
    endloop
  endfacet
  facet normal 0 0 -1
    outer loop
      vertex 3.25555 -10.9652 0
      vertex -3.25555 -10.9652 0
      vertex -3.1925 -10.9184 0
    endloop
  endfacet
  facet normal 0 0 -1
    outer loop
      vertex 3.32289 -11.0055 0
      vertex -3.32289 -11.0055 0
      vertex -3.25555 -10.9652 0
    endloop
  endfacet
  facet normal 0 0 -1
    outer loop
      vertex 3.39386 -11.0391 0
      vertex -3.39386 -11.0391 0
      vertex -3.32289 -11.0055 0
    endloop
  endfacet
  facet normal 0 0 -1
    outer loop
      vertex 3.46779 -11.0655 0
      vertex -3.46779 -11.0655 0
      vertex -3.39386 -11.0391 0
    endloop
  endfacet
  facet normal 0 0 -1
    outer loop
      vertex 3.54395 -11.0846 0
      vertex -3.54395 -11.0846 0
      vertex -3.46779 -11.0655 0
    endloop
  endfacet
  facet normal -0 0 -1
    outer loop
      vertex 3.54395 -11.0846 0
      vertex -3.6216 -11.0961 0
      vertex -3.54395 -11.0846 0
    endloop
  endfacet
  facet normal 0 0 -1
    outer loop
      vertex 3.6216 -11.0961 0
      vertex -3.6216 -11.0961 0
      vertex 3.54395 -11.0846 0
    endloop
  endfacet
  facet normal 0 0 -1
    outer loop
      vertex -33.1 -16.6 0
      vertex -3.70001 -11.1 0
      vertex 33.1 -16.6 0
    endloop
  endfacet
  facet normal -0 0 -1
    outer loop
      vertex -3.70001 -11.1 0
      vertex -33.1 -16.6 0
      vertex -4.29999 -11.1 0
    endloop
  endfacet
  facet normal 0 0 -1
    outer loop
      vertex -5.09999 -10.3 0
      vertex -10.9 -10.3 0
      vertex -5.09999 10.3 0
    endloop
  endfacet
  facet normal 0 0 -1
    outer loop
      vertex -5.09613 -10.3784 0
      vertex -10.9 -10.3 0
      vertex -5.09999 -10.3 0
    endloop
  endfacet
  facet normal 0 0 -1
    outer loop
      vertex -10.9039 -10.3784 0
      vertex -5.09613 -10.3784 0
      vertex -5.08461 -10.4561 0
    endloop
  endfacet
  facet normal 0 0 -1
    outer loop
      vertex -10.9154 -10.4561 0
      vertex -5.08461 -10.4561 0
      vertex -5.06554 -10.5322 0
    endloop
  endfacet
  facet normal 0 0 -1
    outer loop
      vertex -10.9345 -10.5322 0
      vertex -5.06554 -10.5322 0
      vertex -5.03909 -10.6061 0
    endloop
  endfacet
  facet normal 0 0 -1
    outer loop
      vertex -10.9609 -10.6061 0
      vertex -5.03909 -10.6061 0
      vertex -5.00552 -10.6771 0
    endloop
  endfacet
  facet normal 0 0 -1
    outer loop
      vertex -10.9945 -10.6771 0
      vertex -5.00552 -10.6771 0
      vertex -4.96516 -10.7444 0
    endloop
  endfacet
  facet normal 0 0 -1
    outer loop
      vertex -11.0348 -10.7444 0
      vertex -4.96516 -10.7444 0
      vertex -4.9184 -10.8075 0
    endloop
  endfacet
  facet normal 0 0 -1
    outer loop
      vertex -11.0816 -10.8075 0
      vertex -4.9184 -10.8075 0
      vertex -4.86568 -10.8657 0
    endloop
  endfacet
  facet normal 0 0 -1
    outer loop
      vertex -11.1343 -10.8657 0
      vertex -4.86568 -10.8657 0
      vertex -4.8075 -10.9184 0
    endloop
  endfacet
  facet normal 0 0 -1
    outer loop
      vertex -11.1925 -10.9184 0
      vertex -4.8075 -10.9184 0
      vertex -4.74445 -10.9652 0
    endloop
  endfacet
  facet normal 0 0 -1
    outer loop
      vertex -11.2556 -10.9652 0
      vertex -4.74445 -10.9652 0
      vertex -4.67711 -11.0055 0
    endloop
  endfacet
  facet normal 0 0 -1
    outer loop
      vertex -11.3229 -11.0055 0
      vertex -4.67711 -11.0055 0
      vertex -4.60614 -11.0391 0
    endloop
  endfacet
  facet normal 0 0 -1
    outer loop
      vertex -11.3939 -11.0391 0
      vertex -4.60614 -11.0391 0
      vertex -4.53221 -11.0655 0
    endloop
  endfacet
  facet normal 0 0 -1
    outer loop
      vertex -11.4678 -11.0655 0
      vertex -4.53221 -11.0655 0
      vertex -4.45605 -11.0846 0
    endloop
  endfacet
  facet normal 0 0 -1
    outer loop
      vertex -11.5439 -11.0846 0
      vertex -4.45605 -11.0846 0
      vertex -4.3784 -11.0961 0
    endloop
  endfacet
  facet normal -0 0 -1
    outer loop
      vertex -4.29999 -11.1 0
      vertex -33.1 -16.6 0
      vertex -4.3784 -11.0961 0
    endloop
  endfacet
  facet normal 0 0 -1
    outer loop
      vertex -5.09613 -10.3784 0
      vertex -10.9039 -10.3784 0
      vertex -10.9 -10.3 0
    endloop
  endfacet
  facet normal 0 0 -1
    outer loop
      vertex -5.08461 -10.4561 0
      vertex -10.9154 -10.4561 0
      vertex -10.9039 -10.3784 0
    endloop
  endfacet
  facet normal 0 0 -1
    outer loop
      vertex -5.06554 -10.5322 0
      vertex -10.9345 -10.5322 0
      vertex -10.9154 -10.4561 0
    endloop
  endfacet
  facet normal 0 0 -1
    outer loop
      vertex -5.03909 -10.6061 0
      vertex -10.9609 -10.6061 0
      vertex -10.9345 -10.5322 0
    endloop
  endfacet
  facet normal 0 0 -1
    outer loop
      vertex -5.00552 -10.6771 0
      vertex -10.9945 -10.6771 0
      vertex -10.9609 -10.6061 0
    endloop
  endfacet
  facet normal 0 0 -1
    outer loop
      vertex -4.96516 -10.7444 0
      vertex -11.0348 -10.7444 0
      vertex -10.9945 -10.6771 0
    endloop
  endfacet
  facet normal 0 0 -1
    outer loop
      vertex -4.9184 -10.8075 0
      vertex -11.0816 -10.8075 0
      vertex -11.0348 -10.7444 0
    endloop
  endfacet
  facet normal 0 0 -1
    outer loop
      vertex -4.86568 -10.8657 0
      vertex -11.1343 -10.8657 0
      vertex -11.0816 -10.8075 0
    endloop
  endfacet
  facet normal 0 0 -1
    outer loop
      vertex -4.8075 -10.9184 0
      vertex -11.1925 -10.9184 0
      vertex -11.1343 -10.8657 0
    endloop
  endfacet
  facet normal 0 0 -1
    outer loop
      vertex -4.74445 -10.9652 0
      vertex -11.2556 -10.9652 0
      vertex -11.1925 -10.9184 0
    endloop
  endfacet
  facet normal 0 0 -1
    outer loop
      vertex -4.67711 -11.0055 0
      vertex -11.3229 -11.0055 0
      vertex -11.2556 -10.9652 0
    endloop
  endfacet
  facet normal 0 0 -1
    outer loop
      vertex -4.60614 -11.0391 0
      vertex -11.3939 -11.0391 0
      vertex -11.3229 -11.0055 0
    endloop
  endfacet
  facet normal 0 0 -1
    outer loop
      vertex -4.53221 -11.0655 0
      vertex -11.4678 -11.0655 0
      vertex -11.3939 -11.0391 0
    endloop
  endfacet
  facet normal 0 0 -1
    outer loop
      vertex -4.45605 -11.0846 0
      vertex -11.5439 -11.0846 0
      vertex -11.4678 -11.0655 0
    endloop
  endfacet
  facet normal 0 0 -1
    outer loop
      vertex -4.3784 -11.0961 0
      vertex -11.6216 -11.0961 0
      vertex -11.5439 -11.0846 0
    endloop
  endfacet
  facet normal -0 0 -1
    outer loop
      vertex -4.3784 -11.0961 0
      vertex -33.1 -16.6 0
      vertex -11.6216 -11.0961 0
    endloop
  endfacet
  facet normal 0 0 -1
    outer loop
      vertex -11.6216 -11.0961 0
      vertex -33.1 -16.6 0
      vertex -11.7 -11.1 0
    endloop
  endfacet
  facet normal -0 0 -1
    outer loop
      vertex -11.7 -11.1 0
      vertex -33.1 -16.6 0
      vertex -12.3 -11.1 0
    endloop
  endfacet
  facet normal 0 0 -1
    outer loop
      vertex -13.1 -10.3 0
      vertex -18.9 -10.3 0
      vertex -13.1 10.3 0
    endloop
  endfacet
  facet normal 0 0 -1
    outer loop
      vertex -13.0961 -10.3784 0
      vertex -18.9 -10.3 0
      vertex -13.1 -10.3 0
    endloop
  endfacet
  facet normal 0 0 -1
    outer loop
      vertex -18.9039 -10.3784 0
      vertex -13.0961 -10.3784 0
      vertex -13.0846 -10.4561 0
    endloop
  endfacet
  facet normal 0 0 -1
    outer loop
      vertex -18.9154 -10.4561 0
      vertex -13.0846 -10.4561 0
      vertex -13.0655 -10.5322 0
    endloop
  endfacet
  facet normal 0 0 -1
    outer loop
      vertex -18.9345 -10.5322 0
      vertex -13.0655 -10.5322 0
      vertex -13.0391 -10.6061 0
    endloop
  endfacet
  facet normal 0 0 -1
    outer loop
      vertex -18.9609 -10.6061 0
      vertex -13.0391 -10.6061 0
      vertex -13.0055 -10.6771 0
    endloop
  endfacet
  facet normal 0 0 -1
    outer loop
      vertex -18.9945 -10.6771 0
      vertex -13.0055 -10.6771 0
      vertex -12.9652 -10.7444 0
    endloop
  endfacet
  facet normal 0 0 -1
    outer loop
      vertex -19.0348 -10.7444 0
      vertex -12.9652 -10.7444 0
      vertex -12.9184 -10.8075 0
    endloop
  endfacet
  facet normal 0 0 -1
    outer loop
      vertex -19.0816 -10.8075 0
      vertex -12.9184 -10.8075 0
      vertex -12.8657 -10.8657 0
    endloop
  endfacet
  facet normal 0 0 -1
    outer loop
      vertex -19.1343 -10.8657 0
      vertex -12.8657 -10.8657 0
      vertex -12.8075 -10.9184 0
    endloop
  endfacet
  facet normal 0 0 -1
    outer loop
      vertex -19.1925 -10.9184 0
      vertex -12.8075 -10.9184 0
      vertex -12.7444 -10.9652 0
    endloop
  endfacet
  facet normal 0 0 -1
    outer loop
      vertex -19.2556 -10.9652 0
      vertex -12.7444 -10.9652 0
      vertex -12.6771 -11.0055 0
    endloop
  endfacet
  facet normal 0 0 -1
    outer loop
      vertex -19.3229 -11.0055 0
      vertex -12.6771 -11.0055 0
      vertex -12.6061 -11.0391 0
    endloop
  endfacet
  facet normal 0 0 -1
    outer loop
      vertex -19.3939 -11.0391 0
      vertex -12.6061 -11.0391 0
      vertex -12.5322 -11.0655 0
    endloop
  endfacet
  facet normal 0 0 -1
    outer loop
      vertex -19.4678 -11.0655 0
      vertex -12.5322 -11.0655 0
      vertex -12.4561 -11.0846 0
    endloop
  endfacet
  facet normal 0 0 -1
    outer loop
      vertex -19.5439 -11.0846 0
      vertex -12.4561 -11.0846 0
      vertex -12.3784 -11.0961 0
    endloop
  endfacet
  facet normal 0 0 -1
    outer loop
      vertex -13.0961 -10.3784 0
      vertex -18.9039 -10.3784 0
      vertex -18.9 -10.3 0
    endloop
  endfacet
  facet normal -0 0 -1
    outer loop
      vertex -12.3 -11.1 0
      vertex -33.1 -16.6 0
      vertex -12.3784 -11.0961 0
    endloop
  endfacet
  facet normal 0 0 -1
    outer loop
      vertex -13.0846 -10.4561 0
      vertex -18.9154 -10.4561 0
      vertex -18.9039 -10.3784 0
    endloop
  endfacet
  facet normal 0 0 -1
    outer loop
      vertex -13.0655 -10.5322 0
      vertex -18.9345 -10.5322 0
      vertex -18.9154 -10.4561 0
    endloop
  endfacet
  facet normal 0 0 -1
    outer loop
      vertex -13.0391 -10.6061 0
      vertex -18.9609 -10.6061 0
      vertex -18.9345 -10.5322 0
    endloop
  endfacet
  facet normal 0 0 -1
    outer loop
      vertex -13.0055 -10.6771 0
      vertex -18.9945 -10.6771 0
      vertex -18.9609 -10.6061 0
    endloop
  endfacet
  facet normal 0 0 -1
    outer loop
      vertex -12.9652 -10.7444 0
      vertex -19.0348 -10.7444 0
      vertex -18.9945 -10.6771 0
    endloop
  endfacet
  facet normal 0 0 -1
    outer loop
      vertex -12.9184 -10.8075 0
      vertex -19.0816 -10.8075 0
      vertex -19.0348 -10.7444 0
    endloop
  endfacet
  facet normal 0 0 -1
    outer loop
      vertex -12.8657 -10.8657 0
      vertex -19.1343 -10.8657 0
      vertex -19.0816 -10.8075 0
    endloop
  endfacet
  facet normal 0 0 -1
    outer loop
      vertex -12.8075 -10.9184 0
      vertex -19.1925 -10.9184 0
      vertex -19.1343 -10.8657 0
    endloop
  endfacet
  facet normal 0 0 -1
    outer loop
      vertex -12.7444 -10.9652 0
      vertex -19.2556 -10.9652 0
      vertex -19.1925 -10.9184 0
    endloop
  endfacet
  facet normal 0 0 -1
    outer loop
      vertex -12.6771 -11.0055 0
      vertex -19.3229 -11.0055 0
      vertex -19.2556 -10.9652 0
    endloop
  endfacet
  facet normal 0 0 -1
    outer loop
      vertex -12.6061 -11.0391 0
      vertex -19.3939 -11.0391 0
      vertex -19.3229 -11.0055 0
    endloop
  endfacet
  facet normal 0 0 -1
    outer loop
      vertex -12.5322 -11.0655 0
      vertex -19.4678 -11.0655 0
      vertex -19.3939 -11.0391 0
    endloop
  endfacet
  facet normal 0 -0 -1
    outer loop
      vertex -19.6216 -11.0961 0
      vertex -12.3784 -11.0961 0
      vertex -33.1 -16.6 0
    endloop
  endfacet
  facet normal 0 0 -1
    outer loop
      vertex -12.4561 -11.0846 0
      vertex -19.5439 -11.0846 0
      vertex -19.4678 -11.0655 0
    endloop
  endfacet
  facet normal 0 0 -1
    outer loop
      vertex -12.3784 -11.0961 0
      vertex -19.6216 -11.0961 0
      vertex -19.5439 -11.0846 0
    endloop
  endfacet
  facet normal 0 0 -1
    outer loop
      vertex -19.6216 -11.0961 0
      vertex -33.1 -16.6 0
      vertex -19.7 -11.1 0
    endloop
  endfacet
  facet normal -0 0 -1
    outer loop
      vertex -19.7 -11.1 0
      vertex -33.1 -16.6 0
      vertex -20.3 -11.1 0
    endloop
  endfacet
  facet normal 0 0 -1
    outer loop
      vertex -36.6 -13.1 0
      vertex -21.1 -10.3 0
      vertex -33.1 -16.6 0
    endloop
  endfacet
  facet normal -0 0 -1
    outer loop
      vertex -21.0961 -10.3784 0
      vertex -33.1 -16.6 0
      vertex -21.1 -10.3 0
    endloop
  endfacet
  facet normal -0 0 -1
    outer loop
      vertex -21.0846 -10.4561 0
      vertex -33.1 -16.6 0
      vertex -21.0961 -10.3784 0
    endloop
  endfacet
  facet normal -0 0 -1
    outer loop
      vertex -21.0655 -10.5322 0
      vertex -33.1 -16.6 0
      vertex -21.0846 -10.4561 0
    endloop
  endfacet
  facet normal -0 0 -1
    outer loop
      vertex -21.0391 -10.6061 0
      vertex -33.1 -16.6 0
      vertex -21.0655 -10.5322 0
    endloop
  endfacet
  facet normal -0 0 -1
    outer loop
      vertex -21.0055 -10.6771 0
      vertex -33.1 -16.6 0
      vertex -21.0391 -10.6061 0
    endloop
  endfacet
  facet normal -0 0 -1
    outer loop
      vertex -20.9652 -10.7444 0
      vertex -33.1 -16.6 0
      vertex -21.0055 -10.6771 0
    endloop
  endfacet
  facet normal -0 0 -1
    outer loop
      vertex -20.9184 -10.8075 0
      vertex -33.1 -16.6 0
      vertex -20.9652 -10.7444 0
    endloop
  endfacet
  facet normal -0 0 -1
    outer loop
      vertex -20.8657 -10.8657 0
      vertex -33.1 -16.6 0
      vertex -20.9184 -10.8075 0
    endloop
  endfacet
  facet normal -0 0 -1
    outer loop
      vertex -20.8075 -10.9184 0
      vertex -33.1 -16.6 0
      vertex -20.8657 -10.8657 0
    endloop
  endfacet
  facet normal -0 0 -1
    outer loop
      vertex -20.7444 -10.9652 0
      vertex -33.1 -16.6 0
      vertex -20.8075 -10.9184 0
    endloop
  endfacet
  facet normal -0 0 -1
    outer loop
      vertex -20.6771 -11.0055 0
      vertex -33.1 -16.6 0
      vertex -20.7444 -10.9652 0
    endloop
  endfacet
  facet normal -0 0 -1
    outer loop
      vertex -20.6061 -11.0391 0
      vertex -33.1 -16.6 0
      vertex -20.6771 -11.0055 0
    endloop
  endfacet
  facet normal -0 0 -1
    outer loop
      vertex -20.5322 -11.0655 0
      vertex -33.1 -16.6 0
      vertex -20.6061 -11.0391 0
    endloop
  endfacet
  facet normal -0 0 -1
    outer loop
      vertex -20.4561 -11.0846 0
      vertex -33.1 -16.6 0
      vertex -20.5322 -11.0655 0
    endloop
  endfacet
  facet normal -0 0 -1
    outer loop
      vertex -20.3784 -11.0961 0
      vertex -33.1 -16.6 0
      vertex -20.4561 -11.0846 0
    endloop
  endfacet
  facet normal -0 0 -1
    outer loop
      vertex -20.3 -11.1 0
      vertex -33.1 -16.6 0
      vertex -20.3784 -11.0961 0
    endloop
  endfacet
  facet normal 0 0 -1
    outer loop
      vertex 33.7828 16.5327 0
      vertex 33.1 16.6 0
      vertex 33.4431 16.5831 0
    endloop
  endfacet
  facet normal 0 0 -1
    outer loop
      vertex 21.0961 10.3784 0
      vertex 33.1 16.6 0
      vertex 21.1 10.3 0
    endloop
  endfacet
  facet normal 0 0 -1
    outer loop
      vertex 21.0846 10.4561 0
      vertex 33.1 16.6 0
      vertex 21.0961 10.3784 0
    endloop
  endfacet
  facet normal 0 0 -1
    outer loop
      vertex 21.0655 10.5322 0
      vertex 33.1 16.6 0
      vertex 21.0846 10.4561 0
    endloop
  endfacet
  facet normal 0 0 -1
    outer loop
      vertex 21.0391 10.6061 0
      vertex 33.1 16.6 0
      vertex 21.0655 10.5322 0
    endloop
  endfacet
  facet normal 0 0 -1
    outer loop
      vertex 21.0055 10.6771 0
      vertex 33.1 16.6 0
      vertex 21.0391 10.6061 0
    endloop
  endfacet
  facet normal 0 0 -1
    outer loop
      vertex 20.9652 10.7444 0
      vertex 33.1 16.6 0
      vertex 21.0055 10.6771 0
    endloop
  endfacet
  facet normal 0 0 -1
    outer loop
      vertex 20.9184 10.8075 0
      vertex 33.1 16.6 0
      vertex 20.9652 10.7444 0
    endloop
  endfacet
  facet normal 0 0 -1
    outer loop
      vertex 20.8657 10.8657 0
      vertex 33.1 16.6 0
      vertex 20.9184 10.8075 0
    endloop
  endfacet
  facet normal 0 0 -1
    outer loop
      vertex 20.8075 10.9184 0
      vertex 33.1 16.6 0
      vertex 20.8657 10.8657 0
    endloop
  endfacet
  facet normal 0 0 -1
    outer loop
      vertex 20.7444 10.9652 0
      vertex 33.1 16.6 0
      vertex 20.8075 10.9184 0
    endloop
  endfacet
  facet normal 0 0 -1
    outer loop
      vertex 20.6771 11.0055 0
      vertex 33.1 16.6 0
      vertex 20.7444 10.9652 0
    endloop
  endfacet
  facet normal 0 0 -1
    outer loop
      vertex 20.6061 11.0391 0
      vertex 33.1 16.6 0
      vertex 20.6771 11.0055 0
    endloop
  endfacet
  facet normal 0 0 -1
    outer loop
      vertex 20.5322 11.0655 0
      vertex 33.1 16.6 0
      vertex 20.6061 11.0391 0
    endloop
  endfacet
  facet normal 0 0 -1
    outer loop
      vertex 20.4561 11.0846 0
      vertex 33.1 16.6 0
      vertex 20.5322 11.0655 0
    endloop
  endfacet
  facet normal 0 0 -1
    outer loop
      vertex 20.3784 11.0961 0
      vertex 33.1 16.6 0
      vertex 20.4561 11.0846 0
    endloop
  endfacet
  facet normal 0 0 -1
    outer loop
      vertex 20.3 11.1 0
      vertex 33.1 16.6 0
      vertex 20.3784 11.0961 0
    endloop
  endfacet
  facet normal 0 0 -1
    outer loop
      vertex 19.7 11.1 0
      vertex 33.1 16.6 0
      vertex 20.3 11.1 0
    endloop
  endfacet
  facet normal 0 0 -1
    outer loop
      vertex 19.6216 11.0961 0
      vertex 33.1 16.6 0
      vertex 19.7 11.1 0
    endloop
  endfacet
  facet normal 0 0 -1
    outer loop
      vertex 12.3784 11.0961 0
      vertex 19.6216 11.0961 0
      vertex 19.5439 11.0846 0
    endloop
  endfacet
  facet normal 0 0 -1
    outer loop
      vertex 12.4561 11.0846 0
      vertex 19.5439 11.0846 0
      vertex 19.4678 11.0655 0
    endloop
  endfacet
  facet normal 0 0 -1
    outer loop
      vertex 12.5322 11.0655 0
      vertex 19.4678 11.0655 0
      vertex 19.3939 11.0391 0
    endloop
  endfacet
  facet normal 0 0 -1
    outer loop
      vertex 13.1 10.3 0
      vertex 18.9 10.3 0
      vertex 13.1 -10.3 0
    endloop
  endfacet
  facet normal 0 0 -1
    outer loop
      vertex 18.9 10.3 0
      vertex 13.1 10.3 0
      vertex 18.9039 10.3784 0
    endloop
  endfacet
  facet normal 0 0 -1
    outer loop
      vertex 13.0961 10.3784 0
      vertex 18.9039 10.3784 0
      vertex 13.1 10.3 0
    endloop
  endfacet
  facet normal 0 0 -1
    outer loop
      vertex 18.9039 10.3784 0
      vertex 13.0961 10.3784 0
      vertex 18.9154 10.4561 0
    endloop
  endfacet
  facet normal 0 0 -1
    outer loop
      vertex 13.0846 10.4561 0
      vertex 18.9154 10.4561 0
      vertex 13.0961 10.3784 0
    endloop
  endfacet
  facet normal 0 0 -1
    outer loop
      vertex 18.9154 10.4561 0
      vertex 13.0846 10.4561 0
      vertex 18.9345 10.5322 0
    endloop
  endfacet
  facet normal 0 0 -1
    outer loop
      vertex 13.0655 10.5322 0
      vertex 18.9345 10.5322 0
      vertex 13.0846 10.4561 0
    endloop
  endfacet
  facet normal 0 0 -1
    outer loop
      vertex 18.9345 10.5322 0
      vertex 13.0655 10.5322 0
      vertex 18.9609 10.6061 0
    endloop
  endfacet
  facet normal 0 0 -1
    outer loop
      vertex 13.0391 10.6061 0
      vertex 18.9609 10.6061 0
      vertex 13.0655 10.5322 0
    endloop
  endfacet
  facet normal 0 0 -1
    outer loop
      vertex 18.9609 10.6061 0
      vertex 13.0391 10.6061 0
      vertex 18.9945 10.6771 0
    endloop
  endfacet
  facet normal 0 0 -1
    outer loop
      vertex 13.0055 10.6771 0
      vertex 18.9945 10.6771 0
      vertex 13.0391 10.6061 0
    endloop
  endfacet
  facet normal 0 0 -1
    outer loop
      vertex 18.9945 10.6771 0
      vertex 13.0055 10.6771 0
      vertex 19.0348 10.7444 0
    endloop
  endfacet
  facet normal 0 0 -1
    outer loop
      vertex 12.9652 10.7444 0
      vertex 19.0348 10.7444 0
      vertex 13.0055 10.6771 0
    endloop
  endfacet
  facet normal 0 0 -1
    outer loop
      vertex 19.0348 10.7444 0
      vertex 12.9652 10.7444 0
      vertex 19.0816 10.8075 0
    endloop
  endfacet
  facet normal 0 0 -1
    outer loop
      vertex 12.9184 10.8075 0
      vertex 19.0816 10.8075 0
      vertex 12.9652 10.7444 0
    endloop
  endfacet
  facet normal 0 0 -1
    outer loop
      vertex 19.0816 10.8075 0
      vertex 12.9184 10.8075 0
      vertex 19.1343 10.8657 0
    endloop
  endfacet
  facet normal 0 0 -1
    outer loop
      vertex 12.8657 10.8657 0
      vertex 19.1343 10.8657 0
      vertex 12.9184 10.8075 0
    endloop
  endfacet
  facet normal 0 0 -1
    outer loop
      vertex 19.1343 10.8657 0
      vertex 12.8657 10.8657 0
      vertex 19.1925 10.9184 0
    endloop
  endfacet
  facet normal 0 0 -1
    outer loop
      vertex 12.8075 10.9184 0
      vertex 19.1925 10.9184 0
      vertex 12.8657 10.8657 0
    endloop
  endfacet
  facet normal 0 0 -1
    outer loop
      vertex 19.1925 10.9184 0
      vertex 12.8075 10.9184 0
      vertex 19.2556 10.9652 0
    endloop
  endfacet
  facet normal 0 0 -1
    outer loop
      vertex 12.7444 10.9652 0
      vertex 19.2556 10.9652 0
      vertex 12.8075 10.9184 0
    endloop
  endfacet
  facet normal 0 0 -1
    outer loop
      vertex 19.2556 10.9652 0
      vertex 12.7444 10.9652 0
      vertex 19.3229 11.0055 0
    endloop
  endfacet
  facet normal 0 0 -1
    outer loop
      vertex 12.6771 11.0055 0
      vertex 19.3229 11.0055 0
      vertex 12.7444 10.9652 0
    endloop
  endfacet
  facet normal 0 0 -1
    outer loop
      vertex 19.3229 11.0055 0
      vertex 12.6771 11.0055 0
      vertex 19.3939 11.0391 0
    endloop
  endfacet
  facet normal 0 0 -1
    outer loop
      vertex 12.6061 11.0391 0
      vertex 19.3939 11.0391 0
      vertex 12.6771 11.0055 0
    endloop
  endfacet
  facet normal 0 0 -1
    outer loop
      vertex 12.5322 11.0655 0
      vertex 19.3939 11.0391 0
      vertex 12.6061 11.0391 0
    endloop
  endfacet
  facet normal 0 0 -1
    outer loop
      vertex 19.4678 11.0655 0
      vertex 12.5322 11.0655 0
      vertex 12.4561 11.0846 0
    endloop
  endfacet
  facet normal 0 0 -1
    outer loop
      vertex 19.5439 11.0846 0
      vertex 12.4561 11.0846 0
      vertex 12.3784 11.0961 0
    endloop
  endfacet
  facet normal 0 0 -1
    outer loop
      vertex 19.6216 11.0961 0
      vertex 12.3784 11.0961 0
      vertex 33.1 16.6 0
    endloop
  endfacet
  facet normal 0 0 -1
    outer loop
      vertex 12.3 11.1 0
      vertex 33.1 16.6 0
      vertex 12.3784 11.0961 0
    endloop
  endfacet
  facet normal 0 0 -1
    outer loop
      vertex 11.7 11.1 0
      vertex 33.1 16.6 0
      vertex 12.3 11.1 0
    endloop
  endfacet
  facet normal 0 0 -1
    outer loop
      vertex 11.6216 11.0961 0
      vertex 33.1 16.6 0
      vertex 11.7 11.1 0
    endloop
  endfacet
  facet normal 0 0 -1
    outer loop
      vertex 4.3784 11.0961 0
      vertex 11.6216 11.0961 0
      vertex 11.5439 11.0846 0
    endloop
  endfacet
  facet normal 0 0 -1
    outer loop
      vertex 4.45605 11.0846 0
      vertex 11.5439 11.0846 0
      vertex 11.4678 11.0655 0
    endloop
  endfacet
  facet normal 0 0 -1
    outer loop
      vertex 5.09999 10.3 0
      vertex 10.9 10.3 0
      vertex 5.09999 -10.3 0
    endloop
  endfacet
  facet normal 0 0 -1
    outer loop
      vertex 10.9 10.3 0
      vertex 5.09999 10.3 0
      vertex 10.9039 10.3784 0
    endloop
  endfacet
  facet normal 0 0 -1
    outer loop
      vertex 5.09613 10.3784 0
      vertex 10.9039 10.3784 0
      vertex 5.09999 10.3 0
    endloop
  endfacet
  facet normal 0 0 -1
    outer loop
      vertex 10.9039 10.3784 0
      vertex 5.09613 10.3784 0
      vertex 10.9154 10.4561 0
    endloop
  endfacet
  facet normal 0 0 -1
    outer loop
      vertex 5.08461 10.4561 0
      vertex 10.9154 10.4561 0
      vertex 5.09613 10.3784 0
    endloop
  endfacet
  facet normal 0 0 -1
    outer loop
      vertex 10.9154 10.4561 0
      vertex 5.08461 10.4561 0
      vertex 10.9345 10.5322 0
    endloop
  endfacet
  facet normal 0 0 -1
    outer loop
      vertex 5.06554 10.5322 0
      vertex 10.9345 10.5322 0
      vertex 5.08461 10.4561 0
    endloop
  endfacet
  facet normal 0 0 -1
    outer loop
      vertex 10.9345 10.5322 0
      vertex 5.06554 10.5322 0
      vertex 10.9609 10.6061 0
    endloop
  endfacet
  facet normal 0 0 -1
    outer loop
      vertex 5.03909 10.6061 0
      vertex 10.9609 10.6061 0
      vertex 5.06554 10.5322 0
    endloop
  endfacet
  facet normal 0 0 -1
    outer loop
      vertex 10.9609 10.6061 0
      vertex 5.03909 10.6061 0
      vertex 10.9945 10.6771 0
    endloop
  endfacet
  facet normal 0 0 -1
    outer loop
      vertex 5.00552 10.6771 0
      vertex 10.9945 10.6771 0
      vertex 5.03909 10.6061 0
    endloop
  endfacet
  facet normal 0 0 -1
    outer loop
      vertex 10.9945 10.6771 0
      vertex 5.00552 10.6771 0
      vertex 11.0348 10.7444 0
    endloop
  endfacet
  facet normal 0 0 -1
    outer loop
      vertex 4.96516 10.7444 0
      vertex 11.0348 10.7444 0
      vertex 5.00552 10.6771 0
    endloop
  endfacet
  facet normal 0 0 -1
    outer loop
      vertex 11.0348 10.7444 0
      vertex 4.96516 10.7444 0
      vertex 11.0816 10.8075 0
    endloop
  endfacet
  facet normal 0 0 -1
    outer loop
      vertex 4.9184 10.8075 0
      vertex 11.0816 10.8075 0
      vertex 4.96516 10.7444 0
    endloop
  endfacet
  facet normal 0 0 -1
    outer loop
      vertex 11.0816 10.8075 0
      vertex 4.9184 10.8075 0
      vertex 11.1343 10.8657 0
    endloop
  endfacet
  facet normal 0 0 -1
    outer loop
      vertex 4.86568 10.8657 0
      vertex 11.1343 10.8657 0
      vertex 4.9184 10.8075 0
    endloop
  endfacet
  facet normal 0 0 -1
    outer loop
      vertex 11.1343 10.8657 0
      vertex 4.86568 10.8657 0
      vertex 11.1925 10.9184 0
    endloop
  endfacet
  facet normal 0 0 -1
    outer loop
      vertex 4.8075 10.9184 0
      vertex 11.1925 10.9184 0
      vertex 4.86568 10.8657 0
    endloop
  endfacet
  facet normal 0 0 -1
    outer loop
      vertex 11.1925 10.9184 0
      vertex 4.8075 10.9184 0
      vertex 11.2556 10.9652 0
    endloop
  endfacet
  facet normal 0 0 -1
    outer loop
      vertex 4.74445 10.9652 0
      vertex 11.2556 10.9652 0
      vertex 4.8075 10.9184 0
    endloop
  endfacet
  facet normal 0 0 -1
    outer loop
      vertex 11.2556 10.9652 0
      vertex 4.74445 10.9652 0
      vertex 11.3229 11.0055 0
    endloop
  endfacet
  facet normal 0 0 -1
    outer loop
      vertex 4.67711 11.0055 0
      vertex 11.3229 11.0055 0
      vertex 4.74445 10.9652 0
    endloop
  endfacet
  facet normal 0 0 -1
    outer loop
      vertex 11.3229 11.0055 0
      vertex 4.67711 11.0055 0
      vertex 11.3939 11.0391 0
    endloop
  endfacet
  facet normal 0 0 -1
    outer loop
      vertex 4.60614 11.0391 0
      vertex 11.3939 11.0391 0
      vertex 4.67711 11.0055 0
    endloop
  endfacet
  facet normal 0 0 -1
    outer loop
      vertex 11.3939 11.0391 0
      vertex 4.60614 11.0391 0
      vertex 11.4678 11.0655 0
    endloop
  endfacet
  facet normal 0 0 -1
    outer loop
      vertex 4.53221 11.0655 0
      vertex 11.4678 11.0655 0
      vertex 4.60614 11.0391 0
    endloop
  endfacet
  facet normal 0 0 -1
    outer loop
      vertex 4.45605 11.0846 0
      vertex 11.4678 11.0655 0
      vertex 4.53221 11.0655 0
    endloop
  endfacet
  facet normal 0 0 -1
    outer loop
      vertex 11.5439 11.0846 0
      vertex 4.45605 11.0846 0
      vertex 4.3784 11.0961 0
    endloop
  endfacet
  facet normal 0 0 -1
    outer loop
      vertex 11.6216 11.0961 0
      vertex 4.3784 11.0961 0
      vertex 33.1 16.6 0
    endloop
  endfacet
  facet normal 0 0 -1
    outer loop
      vertex 4.29999 11.1 0
      vertex 33.1 16.6 0
      vertex 4.3784 11.0961 0
    endloop
  endfacet
  facet normal 0 0 -1
    outer loop
      vertex 3.70001 11.1 0
      vertex 33.1 16.6 0
      vertex 4.29999 11.1 0
    endloop
  endfacet
  facet normal 0 0 -1
    outer loop
      vertex -3.70001 11.1 0
      vertex 3.70001 11.1 0
      vertex 3.6216 11.0961 0
    endloop
  endfacet
  facet normal 0 0 -1
    outer loop
      vertex -3.6216 11.0961 0
      vertex 3.6216 11.0961 0
      vertex 3.54395 11.0846 0
    endloop
  endfacet
  facet normal 0 0 -1
    outer loop
      vertex -2.90001 10.3 0
      vertex 2.90001 10.3 0
      vertex -2.90001 -10.3 0
    endloop
  endfacet
  facet normal 0 0 -1
    outer loop
      vertex 2.90001 10.3 0
      vertex -2.90001 10.3 0
      vertex 2.90387 10.3784 0
    endloop
  endfacet
  facet normal 0 0 -1
    outer loop
      vertex -2.90387 10.3784 0
      vertex 2.90387 10.3784 0
      vertex -2.90001 10.3 0
    endloop
  endfacet
  facet normal 0 0 -1
    outer loop
      vertex 2.90387 10.3784 0
      vertex -2.90387 10.3784 0
      vertex 2.91539 10.4561 0
    endloop
  endfacet
  facet normal 0 0 -1
    outer loop
      vertex -2.91539 10.4561 0
      vertex 2.91539 10.4561 0
      vertex -2.90387 10.3784 0
    endloop
  endfacet
  facet normal 0 0 -1
    outer loop
      vertex 2.91539 10.4561 0
      vertex -2.91539 10.4561 0
      vertex 2.93446 10.5322 0
    endloop
  endfacet
  facet normal 0 0 -1
    outer loop
      vertex -2.93446 10.5322 0
      vertex 2.93446 10.5322 0
      vertex -2.91539 10.4561 0
    endloop
  endfacet
  facet normal 0 0 -1
    outer loop
      vertex 2.93446 10.5322 0
      vertex -2.93446 10.5322 0
      vertex 2.96091 10.6061 0
    endloop
  endfacet
  facet normal 0 0 -1
    outer loop
      vertex -2.96091 10.6061 0
      vertex 2.96091 10.6061 0
      vertex -2.93446 10.5322 0
    endloop
  endfacet
  facet normal 0 0 -1
    outer loop
      vertex 2.96091 10.6061 0
      vertex -2.96091 10.6061 0
      vertex 2.99448 10.6771 0
    endloop
  endfacet
  facet normal 0 0 -1
    outer loop
      vertex -2.99448 10.6771 0
      vertex 2.99448 10.6771 0
      vertex -2.96091 10.6061 0
    endloop
  endfacet
  facet normal 0 0 -1
    outer loop
      vertex 2.99448 10.6771 0
      vertex -2.99448 10.6771 0
      vertex 3.03484 10.7444 0
    endloop
  endfacet
  facet normal 0 0 -1
    outer loop
      vertex -3.03484 10.7444 0
      vertex 3.03484 10.7444 0
      vertex -2.99448 10.6771 0
    endloop
  endfacet
  facet normal 0 0 -1
    outer loop
      vertex 3.03484 10.7444 0
      vertex -3.03484 10.7444 0
      vertex 3.0816 10.8075 0
    endloop
  endfacet
  facet normal 0 0 -1
    outer loop
      vertex -3.0816 10.8075 0
      vertex 3.0816 10.8075 0
      vertex -3.03484 10.7444 0
    endloop
  endfacet
  facet normal 0 0 -1
    outer loop
      vertex 3.0816 10.8075 0
      vertex -3.0816 10.8075 0
      vertex 3.13432 10.8657 0
    endloop
  endfacet
  facet normal 0 0 -1
    outer loop
      vertex -3.13432 10.8657 0
      vertex 3.13432 10.8657 0
      vertex -3.0816 10.8075 0
    endloop
  endfacet
  facet normal 0 0 -1
    outer loop
      vertex 3.13432 10.8657 0
      vertex -3.13432 10.8657 0
      vertex 3.1925 10.9184 0
    endloop
  endfacet
  facet normal 0 0 -1
    outer loop
      vertex -3.1925 10.9184 0
      vertex 3.1925 10.9184 0
      vertex -3.13432 10.8657 0
    endloop
  endfacet
  facet normal 0 0 -1
    outer loop
      vertex 3.1925 10.9184 0
      vertex -3.1925 10.9184 0
      vertex 3.25555 10.9652 0
    endloop
  endfacet
  facet normal 0 0 -1
    outer loop
      vertex -3.25555 10.9652 0
      vertex 3.25555 10.9652 0
      vertex -3.1925 10.9184 0
    endloop
  endfacet
  facet normal 0 0 -1
    outer loop
      vertex 3.25555 10.9652 0
      vertex -3.25555 10.9652 0
      vertex 3.32289 11.0055 0
    endloop
  endfacet
  facet normal 0 0 -1
    outer loop
      vertex -3.32289 11.0055 0
      vertex 3.32289 11.0055 0
      vertex -3.25555 10.9652 0
    endloop
  endfacet
  facet normal 0 0 -1
    outer loop
      vertex 3.32289 11.0055 0
      vertex -3.32289 11.0055 0
      vertex 3.39386 11.0391 0
    endloop
  endfacet
  facet normal 0 0 -1
    outer loop
      vertex -3.39386 11.0391 0
      vertex 3.39386 11.0391 0
      vertex -3.32289 11.0055 0
    endloop
  endfacet
  facet normal 0 0 -1
    outer loop
      vertex 3.39386 11.0391 0
      vertex -3.39386 11.0391 0
      vertex 3.46779 11.0655 0
    endloop
  endfacet
  facet normal 0 0 -1
    outer loop
      vertex -3.46779 11.0655 0
      vertex 3.46779 11.0655 0
      vertex -3.39386 11.0391 0
    endloop
  endfacet
  facet normal 0 0 -1
    outer loop
      vertex 3.46779 11.0655 0
      vertex -3.46779 11.0655 0
      vertex 3.54395 11.0846 0
    endloop
  endfacet
  facet normal 0 0 -1
    outer loop
      vertex -3.54395 11.0846 0
      vertex 3.54395 11.0846 0
      vertex -3.46779 11.0655 0
    endloop
  endfacet
  facet normal 0 0 -1
    outer loop
      vertex -3.6216 11.0961 0
      vertex 3.54395 11.0846 0
      vertex -3.54395 11.0846 0
    endloop
  endfacet
  facet normal 0 0 -1
    outer loop
      vertex 3.6216 11.0961 0
      vertex -3.6216 11.0961 0
      vertex -3.70001 11.1 0
    endloop
  endfacet
  facet normal 0 0 -1
    outer loop
      vertex 3.70001 11.1 0
      vertex -3.70001 11.1 0
      vertex 33.1 16.6 0
    endloop
  endfacet
  facet normal 0 0 -1
    outer loop
      vertex -33.1 16.6 0
      vertex -3.70001 11.1 0
      vertex -4.29999 11.1 0
    endloop
  endfacet
  facet normal 0 0 -1
    outer loop
      vertex -33.1 16.6 0
      vertex -4.29999 11.1 0
      vertex -4.3784 11.0961 0
    endloop
  endfacet
  facet normal 0 0 -1
    outer loop
      vertex -10.9 10.3 0
      vertex -5.09999 10.3 0
      vertex -10.9 -10.3 0
    endloop
  endfacet
  facet normal 0 0 -1
    outer loop
      vertex -5.09999 10.3 0
      vertex -10.9 10.3 0
      vertex -5.09613 10.3784 0
    endloop
  endfacet
  facet normal 0 0 -1
    outer loop
      vertex -10.9039 10.3784 0
      vertex -5.09613 10.3784 0
      vertex -10.9 10.3 0
    endloop
  endfacet
  facet normal 0 0 -1
    outer loop
      vertex -5.09613 10.3784 0
      vertex -10.9039 10.3784 0
      vertex -5.08461 10.4561 0
    endloop
  endfacet
  facet normal 0 0 -1
    outer loop
      vertex -10.9154 10.4561 0
      vertex -5.08461 10.4561 0
      vertex -10.9039 10.3784 0
    endloop
  endfacet
  facet normal 0 0 -1
    outer loop
      vertex -5.08461 10.4561 0
      vertex -10.9154 10.4561 0
      vertex -5.06554 10.5322 0
    endloop
  endfacet
  facet normal 0 0 -1
    outer loop
      vertex -10.9345 10.5322 0
      vertex -5.06554 10.5322 0
      vertex -10.9154 10.4561 0
    endloop
  endfacet
  facet normal 0 0 -1
    outer loop
      vertex -5.06554 10.5322 0
      vertex -10.9345 10.5322 0
      vertex -5.03909 10.6061 0
    endloop
  endfacet
  facet normal 0 0 -1
    outer loop
      vertex -10.9609 10.6061 0
      vertex -5.03909 10.6061 0
      vertex -10.9345 10.5322 0
    endloop
  endfacet
  facet normal 0 0 -1
    outer loop
      vertex -5.03909 10.6061 0
      vertex -10.9609 10.6061 0
      vertex -5.00552 10.6771 0
    endloop
  endfacet
  facet normal 0 0 -1
    outer loop
      vertex -10.9945 10.6771 0
      vertex -5.00552 10.6771 0
      vertex -10.9609 10.6061 0
    endloop
  endfacet
  facet normal 0 0 -1
    outer loop
      vertex -5.00552 10.6771 0
      vertex -10.9945 10.6771 0
      vertex -4.96516 10.7444 0
    endloop
  endfacet
  facet normal 0 0 -1
    outer loop
      vertex -11.0348 10.7444 0
      vertex -4.96516 10.7444 0
      vertex -10.9945 10.6771 0
    endloop
  endfacet
  facet normal 0 0 -1
    outer loop
      vertex -4.96516 10.7444 0
      vertex -11.0348 10.7444 0
      vertex -4.9184 10.8075 0
    endloop
  endfacet
  facet normal 0 0 -1
    outer loop
      vertex -11.0816 10.8075 0
      vertex -4.9184 10.8075 0
      vertex -11.0348 10.7444 0
    endloop
  endfacet
  facet normal 0 0 -1
    outer loop
      vertex -4.9184 10.8075 0
      vertex -11.0816 10.8075 0
      vertex -4.86568 10.8657 0
    endloop
  endfacet
  facet normal 0 0 -1
    outer loop
      vertex -11.1343 10.8657 0
      vertex -4.86568 10.8657 0
      vertex -11.0816 10.8075 0
    endloop
  endfacet
  facet normal 0 0 -1
    outer loop
      vertex -4.86568 10.8657 0
      vertex -11.1343 10.8657 0
      vertex -4.8075 10.9184 0
    endloop
  endfacet
  facet normal 0 0 -1
    outer loop
      vertex -11.1925 10.9184 0
      vertex -4.8075 10.9184 0
      vertex -11.1343 10.8657 0
    endloop
  endfacet
  facet normal 0 0 -1
    outer loop
      vertex -4.8075 10.9184 0
      vertex -11.1925 10.9184 0
      vertex -4.74445 10.9652 0
    endloop
  endfacet
  facet normal 0 0 -1
    outer loop
      vertex -11.2556 10.9652 0
      vertex -4.74445 10.9652 0
      vertex -11.1925 10.9184 0
    endloop
  endfacet
  facet normal 0 0 -1
    outer loop
      vertex -4.74445 10.9652 0
      vertex -11.2556 10.9652 0
      vertex -4.67711 11.0055 0
    endloop
  endfacet
  facet normal 0 0 -1
    outer loop
      vertex -11.3229 11.0055 0
      vertex -4.67711 11.0055 0
      vertex -11.2556 10.9652 0
    endloop
  endfacet
  facet normal 0 0 -1
    outer loop
      vertex -4.67711 11.0055 0
      vertex -11.3229 11.0055 0
      vertex -4.60614 11.0391 0
    endloop
  endfacet
  facet normal 0 0 -1
    outer loop
      vertex -11.3939 11.0391 0
      vertex -4.60614 11.0391 0
      vertex -11.3229 11.0055 0
    endloop
  endfacet
  facet normal 0 0 -1
    outer loop
      vertex -4.60614 11.0391 0
      vertex -11.3939 11.0391 0
      vertex -4.53221 11.0655 0
    endloop
  endfacet
  facet normal 0 0 -1
    outer loop
      vertex -11.4678 11.0655 0
      vertex -4.53221 11.0655 0
      vertex -11.3939 11.0391 0
    endloop
  endfacet
  facet normal 0 0 -1
    outer loop
      vertex -4.53221 11.0655 0
      vertex -11.4678 11.0655 0
      vertex -4.45605 11.0846 0
    endloop
  endfacet
  facet normal 0 0 -1
    outer loop
      vertex -11.5439 11.0846 0
      vertex -4.45605 11.0846 0
      vertex -11.4678 11.0655 0
    endloop
  endfacet
  facet normal 0 0 -1
    outer loop
      vertex -4.45605 11.0846 0
      vertex -11.5439 11.0846 0
      vertex -4.3784 11.0961 0
    endloop
  endfacet
  facet normal 0 0 -1
    outer loop
      vertex -11.6216 11.0961 0
      vertex -4.3784 11.0961 0
      vertex -11.5439 11.0846 0
    endloop
  endfacet
  facet normal 0 0 -1
    outer loop
      vertex -33.1 16.6 0
      vertex -4.3784 11.0961 0
      vertex -11.6216 11.0961 0
    endloop
  endfacet
  facet normal 0 0 -1
    outer loop
      vertex -33.1 16.6 0
      vertex -11.6216 11.0961 0
      vertex -11.7 11.1 0
    endloop
  endfacet
  facet normal 0 0 -1
    outer loop
      vertex -33.1 16.6 0
      vertex -11.7 11.1 0
      vertex -12.3 11.1 0
    endloop
  endfacet
  facet normal 0 0 -1
    outer loop
      vertex -33.1 16.6 0
      vertex -12.3 11.1 0
      vertex -12.3784 11.0961 0
    endloop
  endfacet
  facet normal 0 0 -1
    outer loop
      vertex -18.9 10.3 0
      vertex -13.1 10.3 0
      vertex -18.9 -10.3 0
    endloop
  endfacet
  facet normal 0 0 -1
    outer loop
      vertex -13.1 10.3 0
      vertex -18.9 10.3 0
      vertex -13.0961 10.3784 0
    endloop
  endfacet
  facet normal 0 0 -1
    outer loop
      vertex -18.9039 10.3784 0
      vertex -13.0961 10.3784 0
      vertex -18.9 10.3 0
    endloop
  endfacet
  facet normal 0 0 -1
    outer loop
      vertex -13.0961 10.3784 0
      vertex -18.9039 10.3784 0
      vertex -13.0846 10.4561 0
    endloop
  endfacet
  facet normal 0 0 -1
    outer loop
      vertex -18.9154 10.4561 0
      vertex -13.0846 10.4561 0
      vertex -18.9039 10.3784 0
    endloop
  endfacet
  facet normal 0 0 -1
    outer loop
      vertex -13.0846 10.4561 0
      vertex -18.9154 10.4561 0
      vertex -13.0655 10.5322 0
    endloop
  endfacet
  facet normal 0 0 -1
    outer loop
      vertex -18.9345 10.5322 0
      vertex -13.0655 10.5322 0
      vertex -18.9154 10.4561 0
    endloop
  endfacet
  facet normal 0 0 -1
    outer loop
      vertex -13.0655 10.5322 0
      vertex -18.9345 10.5322 0
      vertex -13.0391 10.6061 0
    endloop
  endfacet
  facet normal 0 0 -1
    outer loop
      vertex -18.9609 10.6061 0
      vertex -13.0391 10.6061 0
      vertex -18.9345 10.5322 0
    endloop
  endfacet
  facet normal 0 0 -1
    outer loop
      vertex -13.0391 10.6061 0
      vertex -18.9609 10.6061 0
      vertex -13.0055 10.6771 0
    endloop
  endfacet
  facet normal 0 0 -1
    outer loop
      vertex -18.9945 10.6771 0
      vertex -13.0055 10.6771 0
      vertex -18.9609 10.6061 0
    endloop
  endfacet
  facet normal 0 0 -1
    outer loop
      vertex -13.0055 10.6771 0
      vertex -18.9945 10.6771 0
      vertex -12.9652 10.7444 0
    endloop
  endfacet
  facet normal 0 0 -1
    outer loop
      vertex -19.0348 10.7444 0
      vertex -12.9652 10.7444 0
      vertex -18.9945 10.6771 0
    endloop
  endfacet
  facet normal 0 0 -1
    outer loop
      vertex -12.9652 10.7444 0
      vertex -19.0348 10.7444 0
      vertex -12.9184 10.8075 0
    endloop
  endfacet
  facet normal 0 0 -1
    outer loop
      vertex -19.0816 10.8075 0
      vertex -12.9184 10.8075 0
      vertex -19.0348 10.7444 0
    endloop
  endfacet
  facet normal 0 0 -1
    outer loop
      vertex -12.9184 10.8075 0
      vertex -19.0816 10.8075 0
      vertex -12.8657 10.8657 0
    endloop
  endfacet
  facet normal 0 0 -1
    outer loop
      vertex -19.1343 10.8657 0
      vertex -12.8657 10.8657 0
      vertex -19.0816 10.8075 0
    endloop
  endfacet
  facet normal 0 0 -1
    outer loop
      vertex -12.8657 10.8657 0
      vertex -19.1343 10.8657 0
      vertex -12.8075 10.9184 0
    endloop
  endfacet
  facet normal 0 0 -1
    outer loop
      vertex -19.1925 10.9184 0
      vertex -12.8075 10.9184 0
      vertex -19.1343 10.8657 0
    endloop
  endfacet
  facet normal 0 0 -1
    outer loop
      vertex -12.8075 10.9184 0
      vertex -19.1925 10.9184 0
      vertex -12.7444 10.9652 0
    endloop
  endfacet
  facet normal 0 0 -1
    outer loop
      vertex -19.2556 10.9652 0
      vertex -12.7444 10.9652 0
      vertex -19.1925 10.9184 0
    endloop
  endfacet
  facet normal 0 0 -1
    outer loop
      vertex -12.7444 10.9652 0
      vertex -19.2556 10.9652 0
      vertex -12.6771 11.0055 0
    endloop
  endfacet
  facet normal 0 0 -1
    outer loop
      vertex -19.3229 11.0055 0
      vertex -12.6771 11.0055 0
      vertex -19.2556 10.9652 0
    endloop
  endfacet
  facet normal 0 0 -1
    outer loop
      vertex -12.6771 11.0055 0
      vertex -19.3229 11.0055 0
      vertex -12.6061 11.0391 0
    endloop
  endfacet
  facet normal 0 0 -1
    outer loop
      vertex -19.3939 11.0391 0
      vertex -12.6061 11.0391 0
      vertex -19.3229 11.0055 0
    endloop
  endfacet
  facet normal 0 0 -1
    outer loop
      vertex -12.6061 11.0391 0
      vertex -19.3939 11.0391 0
      vertex -12.5322 11.0655 0
    endloop
  endfacet
  facet normal 0 0 -1
    outer loop
      vertex -19.4678 11.0655 0
      vertex -12.5322 11.0655 0
      vertex -19.3939 11.0391 0
    endloop
  endfacet
  facet normal 0 0 -1
    outer loop
      vertex -12.5322 11.0655 0
      vertex -19.4678 11.0655 0
      vertex -12.4561 11.0846 0
    endloop
  endfacet
  facet normal 0 0 -1
    outer loop
      vertex -19.5439 11.0846 0
      vertex -12.4561 11.0846 0
      vertex -19.4678 11.0655 0
    endloop
  endfacet
  facet normal 0 0 -1
    outer loop
      vertex -12.4561 11.0846 0
      vertex -19.5439 11.0846 0
      vertex -12.3784 11.0961 0
    endloop
  endfacet
  facet normal 0 0 -1
    outer loop
      vertex -19.6216 11.0961 0
      vertex -12.3784 11.0961 0
      vertex -19.5439 11.0846 0
    endloop
  endfacet
  facet normal 0 0 -1
    outer loop
      vertex -12.3784 11.0961 0
      vertex -19.6216 11.0961 0
      vertex -33.1 16.6 0
    endloop
  endfacet
  facet normal 0 0 -1
    outer loop
      vertex -33.1 16.6 0
      vertex -19.6216 11.0961 0
      vertex -19.7 11.1 0
    endloop
  endfacet
  facet normal 0 0 -1
    outer loop
      vertex -33.1 16.6 0
      vertex -19.7 11.1 0
      vertex -20.3 11.1 0
    endloop
  endfacet
  facet normal 0 0 -1
    outer loop
      vertex -33.1 16.6 0
      vertex -20.3 11.1 0
      vertex -20.3784 11.0961 0
    endloop
  endfacet
  facet normal -0 0 -1
    outer loop
      vertex -21.1 -10.3 0
      vertex -36.6 -13.1 0
      vertex -21.1 10.3 0
    endloop
  endfacet
  facet normal 0 0 -1
    outer loop
      vertex -36.6 13.1 0
      vertex -21.1 10.3 0
      vertex -36.6 -13.1 0
    endloop
  endfacet
  facet normal 0 -0 -1
    outer loop
      vertex -33.1 16.6 0
      vertex -21.1 10.3 0
      vertex -36.6 13.1 0
    endloop
  endfacet
  facet normal 0 0 -1
    outer loop
      vertex -21.1 10.3 0
      vertex -33.1 16.6 0
      vertex -21.0961 10.3784 0
    endloop
  endfacet
  facet normal 0 0 -1
    outer loop
      vertex -3.70001 11.1 0
      vertex -33.1 16.6 0
      vertex 33.1 16.6 0
    endloop
  endfacet
  facet normal 0 0 -1
    outer loop
      vertex -20.4561 11.0846 0
      vertex -33.1 16.6 0
      vertex -20.3784 11.0961 0
    endloop
  endfacet
  facet normal 0 0 -1
    outer loop
      vertex -20.5322 11.0655 0
      vertex -33.1 16.6 0
      vertex -20.4561 11.0846 0
    endloop
  endfacet
  facet normal 0 0 -1
    outer loop
      vertex -20.6061 11.0391 0
      vertex -33.1 16.6 0
      vertex -20.5322 11.0655 0
    endloop
  endfacet
  facet normal 0 0 -1
    outer loop
      vertex -20.6771 11.0055 0
      vertex -33.1 16.6 0
      vertex -20.6061 11.0391 0
    endloop
  endfacet
  facet normal 0 0 -1
    outer loop
      vertex -20.7444 10.9652 0
      vertex -33.1 16.6 0
      vertex -20.6771 11.0055 0
    endloop
  endfacet
  facet normal 0 0 -1
    outer loop
      vertex -20.8075 10.9184 0
      vertex -33.1 16.6 0
      vertex -20.7444 10.9652 0
    endloop
  endfacet
  facet normal 0 0 -1
    outer loop
      vertex -20.8657 10.8657 0
      vertex -33.1 16.6 0
      vertex -20.8075 10.9184 0
    endloop
  endfacet
  facet normal 0 0 -1
    outer loop
      vertex -20.9184 10.8075 0
      vertex -33.1 16.6 0
      vertex -20.8657 10.8657 0
    endloop
  endfacet
  facet normal 0 0 -1
    outer loop
      vertex -20.9652 10.7444 0
      vertex -33.1 16.6 0
      vertex -20.9184 10.8075 0
    endloop
  endfacet
  facet normal 0 0 -1
    outer loop
      vertex -21.0055 10.6771 0
      vertex -33.1 16.6 0
      vertex -20.9652 10.7444 0
    endloop
  endfacet
  facet normal 0 0 -1
    outer loop
      vertex -21.0391 10.6061 0
      vertex -33.1 16.6 0
      vertex -21.0055 10.6771 0
    endloop
  endfacet
  facet normal 0 0 -1
    outer loop
      vertex -21.0961 10.3784 0
      vertex -33.1 16.6 0
      vertex -21.0846 10.4561 0
    endloop
  endfacet
  facet normal 0 0 -1
    outer loop
      vertex -36.6 -13.1 0
      vertex -33.1 -16.6 0
      vertex -33.4431 -16.5831 0
    endloop
  endfacet
  facet normal 0 0 -1
    outer loop
      vertex -21.0846 10.4561 0
      vertex -33.1 16.6 0
      vertex -21.0655 10.5322 0
    endloop
  endfacet
  facet normal 0 0 -1
    outer loop
      vertex -36.6 -13.1 0
      vertex -33.4431 -16.5831 0
      vertex -33.7828 -16.5327 0
    endloop
  endfacet
  facet normal 0 0 -1
    outer loop
      vertex -21.0655 10.5322 0
      vertex -33.1 16.6 0
      vertex -21.0391 10.6061 0
    endloop
  endfacet
  facet normal 0 0 -1
    outer loop
      vertex -36.6 -13.1 0
      vertex -33.7828 -16.5327 0
      vertex -34.116 -16.4493 0
    endloop
  endfacet
  facet normal 0 0 -1
    outer loop
      vertex -33.1 16.6 0
      vertex -36.6 13.1 0
      vertex -33.4431 16.5831 0
    endloop
  endfacet
  facet normal 0 0 -1
    outer loop
      vertex -36.6 -13.1 0
      vertex -34.116 -16.4493 0
      vertex -34.4394 -16.3336 0
    endloop
  endfacet
  facet normal 0 0 -1
    outer loop
      vertex -33.4431 16.5831 0
      vertex -36.6 13.1 0
      vertex -33.7828 16.5327 0
    endloop
  endfacet
  facet normal 0 0 -1
    outer loop
      vertex -36.6 -13.1 0
      vertex -34.4394 -16.3336 0
      vertex -34.7499 -16.1867 0
    endloop
  endfacet
  facet normal 0 0 -1
    outer loop
      vertex -33.7828 16.5327 0
      vertex -36.6 13.1 0
      vertex -34.116 16.4493 0
    endloop
  endfacet
  facet normal 0 0 -1
    outer loop
      vertex -36.6 -13.1 0
      vertex -34.7499 -16.1867 0
      vertex -35.0445 -16.0101 0
    endloop
  endfacet
  facet normal 0 0 -1
    outer loop
      vertex -34.116 16.4493 0
      vertex -36.6 13.1 0
      vertex -34.4394 16.3336 0
    endloop
  endfacet
  facet normal 0 0 -1
    outer loop
      vertex -36.6 -13.1 0
      vertex -35.0445 -16.0101 0
      vertex -35.3204 -15.8055 0
    endloop
  endfacet
  facet normal 0 0 -1
    outer loop
      vertex -34.4394 16.3336 0
      vertex -36.6 13.1 0
      vertex -34.7499 16.1867 0
    endloop
  endfacet
  facet normal 0 0 -1
    outer loop
      vertex -36.6 -13.1 0
      vertex -35.3204 -15.8055 0
      vertex -35.5749 -15.5749 0
    endloop
  endfacet
  facet normal 0 0 -1
    outer loop
      vertex -34.7499 16.1867 0
      vertex -36.6 13.1 0
      vertex -35.0445 16.0101 0
    endloop
  endfacet
  facet normal 0 0 -1
    outer loop
      vertex -36.6 -13.1 0
      vertex -35.5749 -15.5749 0
      vertex -35.8055 -15.3204 0
    endloop
  endfacet
  facet normal 0 0 -1
    outer loop
      vertex -35.0445 16.0101 0
      vertex -36.6 13.1 0
      vertex -35.3204 15.8055 0
    endloop
  endfacet
  facet normal 0 0 -1
    outer loop
      vertex -36.6 -13.1 0
      vertex -35.8055 -15.3204 0
      vertex -36.0101 -15.0445 0
    endloop
  endfacet
  facet normal 0 0 -1
    outer loop
      vertex -35.3204 15.8055 0
      vertex -36.6 13.1 0
      vertex -35.5749 15.5749 0
    endloop
  endfacet
  facet normal 0 0 -1
    outer loop
      vertex -36.6 -13.1 0
      vertex -36.0101 -15.0445 0
      vertex -36.1867 -14.7499 0
    endloop
  endfacet
  facet normal 0 0 -1
    outer loop
      vertex -35.5749 15.5749 0
      vertex -36.6 13.1 0
      vertex -35.8055 15.3204 0
    endloop
  endfacet
  facet normal 0 0 -1
    outer loop
      vertex -36.6 -13.1 0
      vertex -36.1867 -14.7499 0
      vertex -36.3336 -14.4394 0
    endloop
  endfacet
  facet normal 0 0 -1
    outer loop
      vertex -35.8055 15.3204 0
      vertex -36.6 13.1 0
      vertex -36.0101 15.0445 0
    endloop
  endfacet
  facet normal 0 0 -1
    outer loop
      vertex -36.6 -13.1 0
      vertex -36.3336 -14.4394 0
      vertex -36.4493 -14.116 0
    endloop
  endfacet
  facet normal 0 0 -1
    outer loop
      vertex -36.0101 15.0445 0
      vertex -36.6 13.1 0
      vertex -36.1867 14.7499 0
    endloop
  endfacet
  facet normal 0 0 -1
    outer loop
      vertex -36.6 -13.1 0
      vertex -36.4493 -14.116 0
      vertex -36.5327 -13.7828 0
    endloop
  endfacet
  facet normal 0 0 -1
    outer loop
      vertex -36.1867 14.7499 0
      vertex -36.6 13.1 0
      vertex -36.3336 14.4394 0
    endloop
  endfacet
  facet normal 0 0 -1
    outer loop
      vertex -36.6 -13.1 0
      vertex -36.5327 -13.7828 0
      vertex -36.5831 -13.4431 0
    endloop
  endfacet
  facet normal 0 0 -1
    outer loop
      vertex -36.3336 14.4394 0
      vertex -36.6 13.1 0
      vertex -36.4493 14.116 0
    endloop
  endfacet
  facet normal 0 0 -1
    outer loop
      vertex -36.4493 14.116 0
      vertex -36.6 13.1 0
      vertex -36.5327 13.7828 0
    endloop
  endfacet
  facet normal 0 0 -1
    outer loop
      vertex -36.5327 13.7828 0
      vertex -36.6 13.1 0
      vertex -36.5831 13.4431 0
    endloop
  endfacet
  facet normal 0.243303 -0.96995 0
    outer loop
      vertex 33.5877 -15.552 7.6
      vertex 33.8257 -15.4923 9
      vertex 33.5877 -15.552 9
    endloop
  endfacet
  facet normal 0.243303 -0.96995 0
    outer loop
      vertex 33.8257 -15.4923 9
      vertex 33.5877 -15.552 7.6
      vertex 33.8257 -15.4923 7.6
    endloop
  endfacet
  facet normal 0 -1 0
    outer loop
      vertex -33.1 -15.6 7.6
      vertex 33.1 -15.6 9
      vertex -33.1 -15.6 9
    endloop
  endfacet
  facet normal 0 -1 -0
    outer loop
      vertex 33.1 -15.6 9
      vertex -33.1 -15.6 7.6
      vertex 33.1 -15.6 7.6
    endloop
  endfacet
  facet normal 0.146726 -0.989177 0
    outer loop
      vertex 33.345 -15.588 7.6
      vertex 33.5877 -15.552 9
      vertex 33.345 -15.588 9
    endloop
  endfacet
  facet normal 0.146726 -0.989177 0
    outer loop
      vertex 33.5877 -15.552 9
      vertex 33.345 -15.588 7.6
      vertex 33.5877 -15.552 7.6
    endloop
  endfacet
  facet normal 0.998803 0.0489209 0
    outer loop
      vertex 35.6 13.1 9
      vertex 35.588 13.345 7.6
      vertex 35.588 13.345 9
    endloop
  endfacet
  facet normal 0.998803 0.0489209 0
    outer loop
      vertex 35.588 13.345 7.6
      vertex 35.6 13.1 9
      vertex 35.6 13.1 7.6
    endloop
  endfacet
  facet normal -0.243303 0.96995 0
    outer loop
      vertex -33.5877 15.552 7.6
      vertex -33.8257 15.4923 9
      vertex -33.5877 15.552 9
    endloop
  endfacet
  facet normal -0.243303 0.96995 0
    outer loop
      vertex -33.8257 15.4923 9
      vertex -33.5877 15.552 7.6
      vertex -33.8257 15.4923 7.6
    endloop
  endfacet
  facet normal 0.0489209 -0.998803 0
    outer loop
      vertex 33.1 -15.6 7.6
      vertex 33.345 -15.588 9
      vertex 33.1 -15.6 9
    endloop
  endfacet
  facet normal 0.0489209 -0.998803 0
    outer loop
      vertex 33.345 -15.588 9
      vertex 33.1 -15.6 7.6
      vertex 33.345 -15.588 7.6
    endloop
  endfacet
  facet normal 0.595754 0.803167 -0
    outer loop
      vertex 34.686 15.0325 7.6
      vertex 34.4889 15.1787 9
      vertex 34.686 15.0325 9
    endloop
  endfacet
  facet normal 0.595754 0.803167 0
    outer loop
      vertex 34.4889 15.1787 9
      vertex 34.686 15.0325 7.6
      vertex 34.4889 15.1787 7.6
    endloop
  endfacet
  facet normal -0.243303 -0.96995 0
    outer loop
      vertex -33.8257 -15.4923 7.6
      vertex -33.5877 -15.552 9
      vertex -33.8257 -15.4923 9
    endloop
  endfacet
  facet normal -0.243303 -0.96995 -0
    outer loop
      vertex -33.5877 -15.552 9
      vertex -33.8257 -15.4923 7.6
      vertex -33.5877 -15.552 7.6
    endloop
  endfacet
  facet normal 0.243303 0.96995 -0
    outer loop
      vertex 33.8257 15.4923 7.6
      vertex 33.5877 15.552 9
      vertex 33.8257 15.4923 9
    endloop
  endfacet
  facet normal 0.243303 0.96995 0
    outer loop
      vertex 33.5877 15.552 9
      vertex 33.8257 15.4923 7.6
      vertex 33.5877 15.552 7.6
    endloop
  endfacet
  facet normal 0.96995 0.243303 0
    outer loop
      vertex 35.552 13.5877 9
      vertex 35.4923 13.8257 7.6
      vertex 35.4923 13.8257 9
    endloop
  endfacet
  facet normal 0.96995 0.243303 0
    outer loop
      vertex 35.4923 13.8257 7.6
      vertex 35.552 13.5877 9
      vertex 35.552 13.5877 7.6
    endloop
  endfacet
  facet normal -1 0 0
    outer loop
      vertex -35.6 -13.1 7.6
      vertex -35.6 -6 9
      vertex -35.6 -6 7.6
    endloop
  endfacet
  facet normal -1 -0 0
    outer loop
      vertex -35.6 -6 9
      vertex -35.6 -13.1 7.6
      vertex -35.6 -13.1 9
    endloop
  endfacet
  facet normal -1 0 0
    outer loop
      vertex -35.6 6 7.6
      vertex -35.6 13.1 9
      vertex -35.6 13.1 7.6
    endloop
  endfacet
  facet normal -1 -0 0
    outer loop
      vertex -35.6 13.1 9
      vertex -35.6 6 7.6
      vertex -35.6 6 9
    endloop
  endfacet
  facet normal -0.989177 0.146726 0
    outer loop
      vertex -35.588 13.345 7.6
      vertex -35.552 13.5877 9
      vertex -35.552 13.5877 7.6
    endloop
  endfacet
  facet normal -0.989177 0.146726 0
    outer loop
      vertex -35.552 13.5877 9
      vertex -35.588 13.345 7.6
      vertex -35.588 13.345 9
    endloop
  endfacet
  facet normal 0.336698 0.941613 -0
    outer loop
      vertex 34.0567 15.4097 7.6
      vertex 33.8257 15.4923 9
      vertex 34.0567 15.4097 9
    endloop
  endfacet
  facet normal 0.336698 0.941613 0
    outer loop
      vertex 33.8257 15.4923 9
      vertex 34.0567 15.4097 7.6
      vertex 33.8257 15.4923 7.6
    endloop
  endfacet
  facet normal -0.857745 -0.514076 0
    outer loop
      vertex -35.1787 -14.4889 7.6
      vertex -35.3048 -14.2785 9
      vertex -35.3048 -14.2785 7.6
    endloop
  endfacet
  facet normal -0.857745 -0.514076 0
    outer loop
      vertex -35.3048 -14.2785 9
      vertex -35.1787 -14.4889 7.6
      vertex -35.1787 -14.4889 9
    endloop
  endfacet
  facet normal 0.146726 0.989177 -0
    outer loop
      vertex 33.5877 15.552 7.6
      vertex 33.345 15.588 9
      vertex 33.5877 15.552 9
    endloop
  endfacet
  facet normal 0.146726 0.989177 0
    outer loop
      vertex 33.345 15.588 9
      vertex 33.5877 15.552 7.6
      vertex 33.345 15.588 7.6
    endloop
  endfacet
  facet normal 0.336698 -0.941613 0
    outer loop
      vertex 33.8257 -15.4923 7.6
      vertex 34.0567 -15.4097 9
      vertex 33.8257 -15.4923 9
    endloop
  endfacet
  facet normal 0.336698 -0.941613 0
    outer loop
      vertex 34.0567 -15.4097 9
      vertex 33.8257 -15.4923 7.6
      vertex 34.0567 -15.4097 7.6
    endloop
  endfacet
  facet normal 0.941613 0.336698 0
    outer loop
      vertex 35.4923 13.8257 9
      vertex 35.4097 14.0567 7.6
      vertex 35.4097 14.0567 9
    endloop
  endfacet
  facet normal 0.941613 0.336698 0
    outer loop
      vertex 35.4097 14.0567 7.6
      vertex 35.4923 13.8257 9
      vertex 35.4923 13.8257 7.6
    endloop
  endfacet
  facet normal 0.741101 0.671394 0
    outer loop
      vertex 35.0325 14.686 9
      vertex 34.8678 14.8678 7.6
      vertex 34.8678 14.8678 9
    endloop
  endfacet
  facet normal 0.741101 0.671394 0
    outer loop
      vertex 34.8678 14.8678 7.6
      vertex 35.0325 14.686 9
      vertex 35.0325 14.686 7.6
    endloop
  endfacet
  facet normal -0.336698 -0.941613 0
    outer loop
      vertex -34.0567 -15.4097 7.6
      vertex -33.8257 -15.4923 9
      vertex -34.0567 -15.4097 9
    endloop
  endfacet
  facet normal -0.336698 -0.941613 -0
    outer loop
      vertex -33.8257 -15.4923 9
      vertex -34.0567 -15.4097 7.6
      vertex -33.8257 -15.4923 7.6
    endloop
  endfacet
  facet normal -0.595754 0.803167 0
    outer loop
      vertex -34.4889 15.1787 7.6
      vertex -34.686 15.0325 9
      vertex -34.4889 15.1787 9
    endloop
  endfacet
  facet normal -0.595754 0.803167 0
    outer loop
      vertex -34.686 15.0325 9
      vertex -34.4889 15.1787 7.6
      vertex -34.686 15.0325 7.6
    endloop
  endfacet
  facet normal -0.336698 0.941613 0
    outer loop
      vertex -33.8257 15.4923 7.6
      vertex -34.0567 15.4097 9
      vertex -33.8257 15.4923 9
    endloop
  endfacet
  facet normal -0.336698 0.941613 0
    outer loop
      vertex -34.0567 15.4097 9
      vertex -33.8257 15.4923 7.6
      vertex -34.0567 15.4097 7.6
    endloop
  endfacet
  facet normal 0 1 -0
    outer loop
      vertex 33.1 15.6 7.6
      vertex -33.1 15.6 9
      vertex 33.1 15.6 9
    endloop
  endfacet
  facet normal 0 1 0
    outer loop
      vertex -33.1 15.6 9
      vertex 33.1 15.6 7.6
      vertex -33.1 15.6 7.6
    endloop
  endfacet
  facet normal 0.96995 -0.243303 0
    outer loop
      vertex 35.4923 -13.8257 9
      vertex 35.552 -13.5877 7.6
      vertex 35.552 -13.5877 9
    endloop
  endfacet
  facet normal 0.96995 -0.243303 0
    outer loop
      vertex 35.552 -13.5877 7.6
      vertex 35.4923 -13.8257 9
      vertex 35.4923 -13.8257 7.6
    endloop
  endfacet
  facet normal 1 -0 0
    outer loop
      vertex 35.6 7 9
      vertex 35.6 13.1 7.6
      vertex 35.6 13.1 9
    endloop
  endfacet
  facet normal 1 0 0
    outer loop
      vertex 35.6 13.1 7.6
      vertex 35.6 7 9
      vertex 35.6 7 7.6
    endloop
  endfacet
  facet normal 1 -0 0
    outer loop
      vertex 35.6 -13.1 9
      vertex 35.6 -7 7.6
      vertex 35.6 -7 9
    endloop
  endfacet
  facet normal 1 0 0
    outer loop
      vertex 35.6 -7 7.6
      vertex 35.6 -13.1 9
      vertex 35.6 -13.1 7.6
    endloop
  endfacet
  facet normal -0.0489209 0.998803 0
    outer loop
      vertex -33.1 15.6 7.6
      vertex -33.345 15.588 9
      vertex -33.1 15.6 9
    endloop
  endfacet
  facet normal -0.0489209 0.998803 0
    outer loop
      vertex -33.345 15.588 9
      vertex -33.1 15.6 7.6
      vertex -33.345 15.588 7.6
    endloop
  endfacet
  facet normal -0.998803 -0.0489209 0
    outer loop
      vertex -35.588 -13.345 7.6
      vertex -35.6 -13.1 9
      vertex -35.6 -13.1 7.6
    endloop
  endfacet
  facet normal -0.998803 -0.0489209 0
    outer loop
      vertex -35.6 -13.1 9
      vertex -35.588 -13.345 7.6
      vertex -35.588 -13.345 9
    endloop
  endfacet
  facet normal -0.514076 -0.857745 0
    outer loop
      vertex -34.4889 -15.1787 7.6
      vertex -34.2785 -15.3048 9
      vertex -34.4889 -15.1787 9
    endloop
  endfacet
  facet normal -0.514076 -0.857745 -0
    outer loop
      vertex -34.2785 -15.3048 9
      vertex -34.4889 -15.1787 7.6
      vertex -34.2785 -15.3048 7.6
    endloop
  endfacet
  facet normal -0.941613 0.336698 0
    outer loop
      vertex -35.4923 13.8257 7.6
      vertex -35.4097 14.0567 9
      vertex -35.4097 14.0567 7.6
    endloop
  endfacet
  facet normal -0.941613 0.336698 0
    outer loop
      vertex -35.4097 14.0567 9
      vertex -35.4923 13.8257 7.6
      vertex -35.4923 13.8257 9
    endloop
  endfacet
  facet normal -0.741101 -0.671394 0
    outer loop
      vertex -34.8678 -14.8678 7.6
      vertex -35.0325 -14.686 9
      vertex -35.0325 -14.686 7.6
    endloop
  endfacet
  facet normal -0.741101 -0.671394 0
    outer loop
      vertex -35.0325 -14.686 9
      vertex -34.8678 -14.8678 7.6
      vertex -34.8678 -14.8678 9
    endloop
  endfacet
  facet normal -0.427543 0.903995 0
    outer loop
      vertex -34.0567 15.4097 7.6
      vertex -34.2785 15.3048 9
      vertex -34.0567 15.4097 9
    endloop
  endfacet
  facet normal -0.427543 0.903995 0
    outer loop
      vertex -34.2785 15.3048 9
      vertex -34.0567 15.4097 7.6
      vertex -34.2785 15.3048 7.6
    endloop
  endfacet
  facet normal -0.741101 0.671394 0
    outer loop
      vertex -35.0325 14.686 7.6
      vertex -34.8678 14.8678 9
      vertex -34.8678 14.8678 7.6
    endloop
  endfacet
  facet normal -0.741101 0.671394 0
    outer loop
      vertex -34.8678 14.8678 9
      vertex -35.0325 14.686 7.6
      vertex -35.0325 14.686 9
    endloop
  endfacet
  facet normal -0.146726 0.989177 0
    outer loop
      vertex -33.345 15.588 7.6
      vertex -33.5877 15.552 9
      vertex -33.345 15.588 9
    endloop
  endfacet
  facet normal -0.146726 0.989177 0
    outer loop
      vertex -33.5877 15.552 9
      vertex -33.345 15.588 7.6
      vertex -33.5877 15.552 7.6
    endloop
  endfacet
  facet normal -0.146726 -0.989177 0
    outer loop
      vertex -33.5877 -15.552 7.6
      vertex -33.345 -15.588 9
      vertex -33.5877 -15.552 9
    endloop
  endfacet
  facet normal -0.146726 -0.989177 -0
    outer loop
      vertex -33.345 -15.588 9
      vertex -33.5877 -15.552 7.6
      vertex -33.345 -15.588 7.6
    endloop
  endfacet
  facet normal -0.0489209 -0.998803 0
    outer loop
      vertex -33.345 -15.588 7.6
      vertex -33.1 -15.6 9
      vertex -33.345 -15.588 9
    endloop
  endfacet
  facet normal -0.0489209 -0.998803 -0
    outer loop
      vertex -33.1 -15.6 9
      vertex -33.345 -15.588 7.6
      vertex -33.1 -15.6 7.6
    endloop
  endfacet
  facet normal 0.671394 0.741101 -0
    outer loop
      vertex 34.8678 14.8678 7.6
      vertex 34.686 15.0325 9
      vertex 34.8678 14.8678 9
    endloop
  endfacet
  facet normal 0.671394 0.741101 0
    outer loop
      vertex 34.686 15.0325 9
      vertex 34.8678 14.8678 7.6
      vertex 34.686 15.0325 7.6
    endloop
  endfacet
  facet normal -0.989177 -0.146726 0
    outer loop
      vertex -35.552 -13.5877 7.6
      vertex -35.588 -13.345 9
      vertex -35.588 -13.345 7.6
    endloop
  endfacet
  facet normal -0.989177 -0.146726 0
    outer loop
      vertex -35.588 -13.345 9
      vertex -35.552 -13.5877 7.6
      vertex -35.552 -13.5877 9
    endloop
  endfacet
  facet normal -0.903995 0.427543 0
    outer loop
      vertex -35.4097 14.0567 7.6
      vertex -35.3048 14.2785 9
      vertex -35.3048 14.2785 7.6
    endloop
  endfacet
  facet normal -0.903995 0.427543 0
    outer loop
      vertex -35.3048 14.2785 9
      vertex -35.4097 14.0567 7.6
      vertex -35.4097 14.0567 9
    endloop
  endfacet
  facet normal -0.803167 0.595754 0
    outer loop
      vertex -35.1787 14.4889 7.6
      vertex -35.0325 14.686 9
      vertex -35.0325 14.686 7.6
    endloop
  endfacet
  facet normal -0.803167 0.595754 0
    outer loop
      vertex -35.0325 14.686 9
      vertex -35.1787 14.4889 7.6
      vertex -35.1787 14.4889 9
    endloop
  endfacet
  facet normal 0.803167 0.595754 0
    outer loop
      vertex 35.1787 14.4889 9
      vertex 35.0325 14.686 7.6
      vertex 35.0325 14.686 9
    endloop
  endfacet
  facet normal 0.803167 0.595754 0
    outer loop
      vertex 35.0325 14.686 7.6
      vertex 35.1787 14.4889 9
      vertex 35.1787 14.4889 7.6
    endloop
  endfacet
  facet normal 0.0489209 0.998803 -0
    outer loop
      vertex 33.345 15.588 7.6
      vertex 33.1 15.6 9
      vertex 33.345 15.588 9
    endloop
  endfacet
  facet normal 0.0489209 0.998803 0
    outer loop
      vertex 33.1 15.6 9
      vertex 33.345 15.588 7.6
      vertex 33.1 15.6 7.6
    endloop
  endfacet
  facet normal 0.514076 0.857745 -0
    outer loop
      vertex 34.4889 15.1787 7.6
      vertex 34.2785 15.3048 9
      vertex 34.4889 15.1787 9
    endloop
  endfacet
  facet normal 0.514076 0.857745 0
    outer loop
      vertex 34.2785 15.3048 9
      vertex 34.4889 15.1787 7.6
      vertex 34.2785 15.3048 7.6
    endloop
  endfacet
  facet normal -0.998803 0.0489209 0
    outer loop
      vertex -35.6 13.1 7.6
      vertex -35.588 13.345 9
      vertex -35.588 13.345 7.6
    endloop
  endfacet
  facet normal -0.998803 0.0489209 0
    outer loop
      vertex -35.588 13.345 9
      vertex -35.6 13.1 7.6
      vertex -35.6 13.1 9
    endloop
  endfacet
  facet normal 0.998803 -0.0489209 0
    outer loop
      vertex 35.588 -13.345 9
      vertex 35.6 -13.1 7.6
      vertex 35.6 -13.1 9
    endloop
  endfacet
  facet normal 0.998803 -0.0489209 0
    outer loop
      vertex 35.6 -13.1 7.6
      vertex 35.588 -13.345 9
      vertex 35.588 -13.345 7.6
    endloop
  endfacet
  facet normal -0.96995 0.243303 0
    outer loop
      vertex -35.552 13.5877 7.6
      vertex -35.4923 13.8257 9
      vertex -35.4923 13.8257 7.6
    endloop
  endfacet
  facet normal -0.96995 0.243303 0
    outer loop
      vertex -35.4923 13.8257 9
      vertex -35.552 13.5877 7.6
      vertex -35.552 13.5877 9
    endloop
  endfacet
  facet normal -0.427543 -0.903995 0
    outer loop
      vertex -34.2785 -15.3048 7.6
      vertex -34.0567 -15.4097 9
      vertex -34.2785 -15.3048 9
    endloop
  endfacet
  facet normal -0.427543 -0.903995 -0
    outer loop
      vertex -34.0567 -15.4097 9
      vertex -34.2785 -15.3048 7.6
      vertex -34.0567 -15.4097 7.6
    endloop
  endfacet
  facet normal 0.514076 -0.857745 0
    outer loop
      vertex 34.2785 -15.3048 7.6
      vertex 34.4889 -15.1787 9
      vertex 34.2785 -15.3048 9
    endloop
  endfacet
  facet normal 0.514076 -0.857745 0
    outer loop
      vertex 34.4889 -15.1787 9
      vertex 34.2785 -15.3048 7.6
      vertex 34.4889 -15.1787 7.6
    endloop
  endfacet
  facet normal -0.514076 0.857745 0
    outer loop
      vertex -34.2785 15.3048 7.6
      vertex -34.4889 15.1787 9
      vertex -34.2785 15.3048 9
    endloop
  endfacet
  facet normal -0.514076 0.857745 0
    outer loop
      vertex -34.4889 15.1787 9
      vertex -34.2785 15.3048 7.6
      vertex -34.4889 15.1787 7.6
    endloop
  endfacet
  facet normal -0.595754 -0.803167 0
    outer loop
      vertex -34.686 -15.0325 7.6
      vertex -34.4889 -15.1787 9
      vertex -34.686 -15.0325 9
    endloop
  endfacet
  facet normal -0.595754 -0.803167 -0
    outer loop
      vertex -34.4889 -15.1787 9
      vertex -34.686 -15.0325 7.6
      vertex -34.4889 -15.1787 7.6
    endloop
  endfacet
  facet normal 0.903995 0.427543 0
    outer loop
      vertex 35.4097 14.0567 9
      vertex 35.3048 14.2785 7.6
      vertex 35.3048 14.2785 9
    endloop
  endfacet
  facet normal 0.903995 0.427543 0
    outer loop
      vertex 35.3048 14.2785 7.6
      vertex 35.4097 14.0567 9
      vertex 35.4097 14.0567 7.6
    endloop
  endfacet
  facet normal 0.671394 -0.741101 0
    outer loop
      vertex 34.686 -15.0325 7.6
      vertex 34.8678 -14.8678 9
      vertex 34.686 -15.0325 9
    endloop
  endfacet
  facet normal 0.671394 -0.741101 0
    outer loop
      vertex 34.8678 -14.8678 9
      vertex 34.686 -15.0325 7.6
      vertex 34.8678 -14.8678 7.6
    endloop
  endfacet
  facet normal -0.941613 -0.336698 0
    outer loop
      vertex -35.4097 -14.0567 7.6
      vertex -35.4923 -13.8257 9
      vertex -35.4923 -13.8257 7.6
    endloop
  endfacet
  facet normal -0.941613 -0.336698 0
    outer loop
      vertex -35.4923 -13.8257 9
      vertex -35.4097 -14.0567 7.6
      vertex -35.4097 -14.0567 9
    endloop
  endfacet
  facet normal -0.803167 -0.595754 0
    outer loop
      vertex -35.0325 -14.686 7.6
      vertex -35.1787 -14.4889 9
      vertex -35.1787 -14.4889 7.6
    endloop
  endfacet
  facet normal -0.803167 -0.595754 0
    outer loop
      vertex -35.1787 -14.4889 9
      vertex -35.0325 -14.686 7.6
      vertex -35.0325 -14.686 9
    endloop
  endfacet
  facet normal 0 0 1
    outer loop
      vertex 34.6 13.1 9
      vertex 35.6 13.1 9
      vertex 35.588 13.345 9
    endloop
  endfacet
  facet normal 0 0 1
    outer loop
      vertex 34.5928 13.247 9
      vertex 35.588 13.345 9
      vertex 35.552 13.5877 9
    endloop
  endfacet
  facet normal 0 0 1
    outer loop
      vertex 34.5712 13.3926 9
      vertex 35.552 13.5877 9
      vertex 35.4923 13.8257 9
    endloop
  endfacet
  facet normal 0 0 1
    outer loop
      vertex 34.5354 13.5354 9
      vertex 35.4923 13.8257 9
      vertex 35.4097 14.0567 9
    endloop
  endfacet
  facet normal 0 0 1
    outer loop
      vertex 34.4858 13.674 9
      vertex 35.4097 14.0567 9
      vertex 35.3048 14.2785 9
    endloop
  endfacet
  facet normal 0 0 1
    outer loop
      vertex 34.4229 13.8071 9
      vertex 35.3048 14.2785 9
      vertex 35.1787 14.4889 9
    endloop
  endfacet
  facet normal 0 0 1
    outer loop
      vertex 34.3472 13.9333 9
      vertex 35.1787 14.4889 9
      vertex 35.0325 14.686 9
    endloop
  endfacet
  facet normal 0 0 1
    outer loop
      vertex 34.2595 14.0516 9
      vertex 35.0325 14.686 9
      vertex 34.8678 14.8678 9
    endloop
  endfacet
  facet normal 0 0 1
    outer loop
      vertex 34.1606 14.1606 9
      vertex 34.8678 14.8678 9
      vertex 34.686 15.0325 9
    endloop
  endfacet
  facet normal 0 0 1
    outer loop
      vertex 35.6 13.1 9
      vertex 34.6 13.1 9
      vertex 35.6 7 9
    endloop
  endfacet
  facet normal 0 0 -0
    outer loop
      vertex 34.6 7 9
      vertex 34.6 13.1 9
      vertex 34.6 -7 9
    endloop
  endfacet
  facet normal 0 0 1
    outer loop
      vertex 35.6 7 9
      vertex 34.6 13.1 9
      vertex 34.6 7 9
    endloop
  endfacet
  facet normal 0 0 1
    outer loop
      vertex 35.588 13.345 9
      vertex 34.5928 13.247 9
      vertex 34.6 13.1 9
    endloop
  endfacet
  facet normal 0 0 1
    outer loop
      vertex 35.552 13.5877 9
      vertex 34.5712 13.3926 9
      vertex 34.5928 13.247 9
    endloop
  endfacet
  facet normal 0 0 1
    outer loop
      vertex 35.4923 13.8257 9
      vertex 34.5354 13.5354 9
      vertex 34.5712 13.3926 9
    endloop
  endfacet
  facet normal 0 0 1
    outer loop
      vertex 34.0516 14.2595 9
      vertex 34.686 15.0325 9
      vertex 34.4889 15.1787 9
    endloop
  endfacet
  facet normal 0 0 1
    outer loop
      vertex 35.4097 14.0567 9
      vertex 34.4858 13.674 9
      vertex 34.5354 13.5354 9
    endloop
  endfacet
  facet normal 0 0 1
    outer loop
      vertex 35.3048 14.2785 9
      vertex 34.4229 13.8071 9
      vertex 34.4858 13.674 9
    endloop
  endfacet
  facet normal 0 0 1
    outer loop
      vertex 35.1787 14.4889 9
      vertex 34.3472 13.9333 9
      vertex 34.4229 13.8071 9
    endloop
  endfacet
  facet normal 0 0 1
    outer loop
      vertex 33.9333 14.3472 9
      vertex 34.4889 15.1787 9
      vertex 34.2785 15.3048 9
    endloop
  endfacet
  facet normal 0 0 1
    outer loop
      vertex 35.0325 14.686 9
      vertex 34.2595 14.0516 9
      vertex 34.3472 13.9333 9
    endloop
  endfacet
  facet normal 0 0 1
    outer loop
      vertex 34.8678 14.8678 9
      vertex 34.1606 14.1606 9
      vertex 34.2595 14.0516 9
    endloop
  endfacet
  facet normal 0 0 1
    outer loop
      vertex 33.8071 14.4229 9
      vertex 34.2785 15.3048 9
      vertex 34.0567 15.4097 9
    endloop
  endfacet
  facet normal 0 0 1
    outer loop
      vertex 34.686 15.0325 9
      vertex 34.0516 14.2595 9
      vertex 34.1606 14.1606 9
    endloop
  endfacet
  facet normal 0 0 1
    outer loop
      vertex 34.4889 15.1787 9
      vertex 33.9333 14.3472 9
      vertex 34.0516 14.2595 9
    endloop
  endfacet
  facet normal 0 0 1
    outer loop
      vertex 33.674 14.4858 9
      vertex 34.0567 15.4097 9
      vertex 33.8257 15.4923 9
    endloop
  endfacet
  facet normal 0 0 1
    outer loop
      vertex 34.2785 15.3048 9
      vertex 33.8071 14.4229 9
      vertex 33.9333 14.3472 9
    endloop
  endfacet
  facet normal 0 0 1
    outer loop
      vertex 34.0567 15.4097 9
      vertex 33.674 14.4858 9
      vertex 33.8071 14.4229 9
    endloop
  endfacet
  facet normal 0 0 1
    outer loop
      vertex 33.5354 14.5354 9
      vertex 33.8257 15.4923 9
      vertex 33.5877 15.552 9
    endloop
  endfacet
  facet normal 0 0 1
    outer loop
      vertex 33.8257 15.4923 9
      vertex 33.5354 14.5354 9
      vertex 33.674 14.4858 9
    endloop
  endfacet
  facet normal 0 0 1
    outer loop
      vertex 33.5877 15.552 9
      vertex 33.3926 14.5712 9
      vertex 33.5354 14.5354 9
    endloop
  endfacet
  facet normal 0 0 1
    outer loop
      vertex 33.345 15.588 9
      vertex 33.3926 14.5712 9
      vertex 33.5877 15.552 9
    endloop
  endfacet
  facet normal 0 0 1
    outer loop
      vertex 33.345 15.588 9
      vertex 33.247 14.5928 9
      vertex 33.3926 14.5712 9
    endloop
  endfacet
  facet normal 0 0 1
    outer loop
      vertex 33.1 15.6 9
      vertex 33.247 14.5928 9
      vertex 33.345 15.588 9
    endloop
  endfacet
  facet normal 0 0 1
    outer loop
      vertex 33.1 15.6 9
      vertex 33.1 14.6 9
      vertex 33.247 14.5928 9
    endloop
  endfacet
  facet normal -0 0 1
    outer loop
      vertex -33.1 15.6 9
      vertex 33.1 14.6 9
      vertex 33.1 15.6 9
    endloop
  endfacet
  facet normal 0 0 1
    outer loop
      vertex -33.1 15.6 9
      vertex -33.1 14.6 9
      vertex 33.1 14.6 9
    endloop
  endfacet
  facet normal 0 0 1
    outer loop
      vertex -33.1 15.6 9
      vertex -33.247 14.5928 9
      vertex -33.1 14.6 9
    endloop
  endfacet
  facet normal -0 0 1
    outer loop
      vertex -33.345 15.588 9
      vertex -33.247 14.5928 9
      vertex -33.1 15.6 9
    endloop
  endfacet
  facet normal 0 0 1
    outer loop
      vertex -33.345 15.588 9
      vertex -33.3926 14.5712 9
      vertex -33.247 14.5928 9
    endloop
  endfacet
  facet normal -0 0 1
    outer loop
      vertex -33.5877 15.552 9
      vertex -33.3926 14.5712 9
      vertex -33.345 15.588 9
    endloop
  endfacet
  facet normal 0 0 1
    outer loop
      vertex -33.3926 14.5712 9
      vertex -33.5877 15.552 9
      vertex -33.5354 14.5354 9
    endloop
  endfacet
  facet normal -0 0 1
    outer loop
      vertex -33.8257 15.4923 9
      vertex -33.5354 14.5354 9
      vertex -33.5877 15.552 9
    endloop
  endfacet
  facet normal 0 0 1
    outer loop
      vertex -33.5354 14.5354 9
      vertex -33.8257 15.4923 9
      vertex -33.674 14.4858 9
    endloop
  endfacet
  facet normal -0 0 1
    outer loop
      vertex -34.0567 15.4097 9
      vertex -33.674 14.4858 9
      vertex -33.8257 15.4923 9
    endloop
  endfacet
  facet normal 0 0 1
    outer loop
      vertex -33.674 14.4858 9
      vertex -34.0567 15.4097 9
      vertex -33.8071 14.4229 9
    endloop
  endfacet
  facet normal -0 0 1
    outer loop
      vertex -34.2785 15.3048 9
      vertex -33.8071 14.4229 9
      vertex -34.0567 15.4097 9
    endloop
  endfacet
  facet normal 0 0 1
    outer loop
      vertex -33.8071 14.4229 9
      vertex -34.2785 15.3048 9
      vertex -33.9333 14.3472 9
    endloop
  endfacet
  facet normal -0 0 1
    outer loop
      vertex -34.4889 15.1787 9
      vertex -33.9333 14.3472 9
      vertex -34.2785 15.3048 9
    endloop
  endfacet
  facet normal 0 0 1
    outer loop
      vertex -33.9333 14.3472 9
      vertex -34.4889 15.1787 9
      vertex -34.0516 14.2595 9
    endloop
  endfacet
  facet normal -0 0 1
    outer loop
      vertex -34.686 15.0325 9
      vertex -34.0516 14.2595 9
      vertex -34.4889 15.1787 9
    endloop
  endfacet
  facet normal 0 0 1
    outer loop
      vertex -34.0516 14.2595 9
      vertex -34.686 15.0325 9
      vertex -34.1606 14.1606 9
    endloop
  endfacet
  facet normal -0 0 1
    outer loop
      vertex -34.8678 14.8678 9
      vertex -34.1606 14.1606 9
      vertex -34.686 15.0325 9
    endloop
  endfacet
  facet normal 0 0 1
    outer loop
      vertex -34.1606 14.1606 9
      vertex -34.8678 14.8678 9
      vertex -34.2595 14.0516 9
    endloop
  endfacet
  facet normal -0 0 1
    outer loop
      vertex -35.0325 14.686 9
      vertex -34.2595 14.0516 9
      vertex -34.8678 14.8678 9
    endloop
  endfacet
  facet normal 0 0 1
    outer loop
      vertex -34.2595 14.0516 9
      vertex -35.0325 14.686 9
      vertex -34.3472 13.9333 9
    endloop
  endfacet
  facet normal -0 0 1
    outer loop
      vertex -35.1787 14.4889 9
      vertex -34.3472 13.9333 9
      vertex -35.0325 14.686 9
    endloop
  endfacet
  facet normal 0 0 1
    outer loop
      vertex -34.3472 13.9333 9
      vertex -35.1787 14.4889 9
      vertex -34.4229 13.8071 9
    endloop
  endfacet
  facet normal 0 0 0
    outer loop
      vertex -34.6 13.1 9
      vertex -34.6 6 9
      vertex -34.6 -13.1 9
    endloop
  endfacet
  facet normal -0 0 1
    outer loop
      vertex -35.3048 14.2785 9
      vertex -34.4229 13.8071 9
      vertex -35.1787 14.4889 9
    endloop
  endfacet
  facet normal 0 0 1
    outer loop
      vertex -34.4229 13.8071 9
      vertex -35.3048 14.2785 9
      vertex -34.4858 13.674 9
    endloop
  endfacet
  facet normal -0 0 1
    outer loop
      vertex -35.4097 14.0567 9
      vertex -34.4858 13.674 9
      vertex -35.3048 14.2785 9
    endloop
  endfacet
  facet normal 0 0 1
    outer loop
      vertex -34.4858 13.674 9
      vertex -35.4097 14.0567 9
      vertex -34.5354 13.5354 9
    endloop
  endfacet
  facet normal -0 0 1
    outer loop
      vertex -35.4923 13.8257 9
      vertex -34.5354 13.5354 9
      vertex -35.4097 14.0567 9
    endloop
  endfacet
  facet normal 0 0 1
    outer loop
      vertex -34.5354 13.5354 9
      vertex -35.4923 13.8257 9
      vertex -34.5712 13.3926 9
    endloop
  endfacet
  facet normal -0 0 1
    outer loop
      vertex -35.552 13.5877 9
      vertex -34.5712 13.3926 9
      vertex -35.4923 13.8257 9
    endloop
  endfacet
  facet normal 0 0 1
    outer loop
      vertex -34.5712 13.3926 9
      vertex -35.552 13.5877 9
      vertex -34.5928 13.247 9
    endloop
  endfacet
  facet normal -0 0 1
    outer loop
      vertex -35.588 13.345 9
      vertex -34.5928 13.247 9
      vertex -35.552 13.5877 9
    endloop
  endfacet
  facet normal 0 0 1
    outer loop
      vertex -34.5928 13.247 9
      vertex -35.588 13.345 9
      vertex -34.6 13.1 9
    endloop
  endfacet
  facet normal 0 0 1
    outer loop
      vertex -34.6 13.1 9
      vertex -35.588 13.345 9
      vertex -35.6 13.1 9
    endloop
  endfacet
  facet normal 0 0 1
    outer loop
      vertex -34.6 13.1 9
      vertex -35.6 13.1 9
      vertex -34.6 6 9
    endloop
  endfacet
  facet normal 0 0 1
    outer loop
      vertex -34.6 6 9
      vertex -35.6 13.1 9
      vertex -35.6 6 9
    endloop
  endfacet
  facet normal 0 0 1
    outer loop
      vertex 34.6 -13.1 9
      vertex 35.6 -13.1 9
      vertex 35.6 -7 9
    endloop
  endfacet
  facet normal 0 0 1
    outer loop
      vertex 35.6 -13.1 9
      vertex 34.6 -13.1 9
      vertex 35.588 -13.345 9
    endloop
  endfacet
  facet normal -0 0 1
    outer loop
      vertex 34.5928 -13.247 9
      vertex 35.588 -13.345 9
      vertex 34.6 -13.1 9
    endloop
  endfacet
  facet normal 0 0 1
    outer loop
      vertex 35.588 -13.345 9
      vertex 34.5928 -13.247 9
      vertex 35.552 -13.5877 9
    endloop
  endfacet
  facet normal -0 0 1
    outer loop
      vertex 34.5712 -13.3926 9
      vertex 35.552 -13.5877 9
      vertex 34.5928 -13.247 9
    endloop
  endfacet
  facet normal 0 0 1
    outer loop
      vertex 35.552 -13.5877 9
      vertex 34.5712 -13.3926 9
      vertex 35.4923 -13.8257 9
    endloop
  endfacet
  facet normal -0 0 1
    outer loop
      vertex 34.5354 -13.5354 9
      vertex 35.4923 -13.8257 9
      vertex 34.5712 -13.3926 9
    endloop
  endfacet
  facet normal 0 0 1
    outer loop
      vertex 35.4923 -13.8257 9
      vertex 34.5354 -13.5354 9
      vertex 35.4097 -14.0567 9
    endloop
  endfacet
  facet normal -0 0 1
    outer loop
      vertex 34.4858 -13.674 9
      vertex 35.4097 -14.0567 9
      vertex 34.5354 -13.5354 9
    endloop
  endfacet
  facet normal 0 0 1
    outer loop
      vertex 34.6 -13.1 9
      vertex 35.6 -7 9
      vertex 34.6 -7 9
    endloop
  endfacet
  facet normal 0 0 0
    outer loop
      vertex 34.6 -13.1 9
      vertex 34.6 -7 9
      vertex 34.6 13.1 9
    endloop
  endfacet
  facet normal 0 0 1
    outer loop
      vertex 35.4097 -14.0567 9
      vertex 34.4858 -13.674 9
      vertex 35.3048 -14.2785 9
    endloop
  endfacet
  facet normal -0 0 1
    outer loop
      vertex 34.4229 -13.8071 9
      vertex 35.3048 -14.2785 9
      vertex 34.4858 -13.674 9
    endloop
  endfacet
  facet normal 0 0 1
    outer loop
      vertex 35.3048 -14.2785 9
      vertex 34.4229 -13.8071 9
      vertex 35.1787 -14.4889 9
    endloop
  endfacet
  facet normal -0 0 1
    outer loop
      vertex 34.3472 -13.9333 9
      vertex 35.1787 -14.4889 9
      vertex 34.4229 -13.8071 9
    endloop
  endfacet
  facet normal 0 0 1
    outer loop
      vertex 35.1787 -14.4889 9
      vertex 34.3472 -13.9333 9
      vertex 35.0325 -14.686 9
    endloop
  endfacet
  facet normal -0 0 1
    outer loop
      vertex 34.2595 -14.0516 9
      vertex 35.0325 -14.686 9
      vertex 34.3472 -13.9333 9
    endloop
  endfacet
  facet normal 0 0 1
    outer loop
      vertex 35.0325 -14.686 9
      vertex 34.2595 -14.0516 9
      vertex 34.8678 -14.8678 9
    endloop
  endfacet
  facet normal -0 0 1
    outer loop
      vertex 34.1606 -14.1606 9
      vertex 34.8678 -14.8678 9
      vertex 34.2595 -14.0516 9
    endloop
  endfacet
  facet normal 0 0 1
    outer loop
      vertex 34.8678 -14.8678 9
      vertex 34.1606 -14.1606 9
      vertex 34.686 -15.0325 9
    endloop
  endfacet
  facet normal -0 0 1
    outer loop
      vertex 34.0516 -14.2595 9
      vertex 34.686 -15.0325 9
      vertex 34.1606 -14.1606 9
    endloop
  endfacet
  facet normal 0 0 1
    outer loop
      vertex 34.686 -15.0325 9
      vertex 34.0516 -14.2595 9
      vertex 34.4889 -15.1787 9
    endloop
  endfacet
  facet normal -0 0 1
    outer loop
      vertex 33.9333 -14.3472 9
      vertex 34.4889 -15.1787 9
      vertex 34.0516 -14.2595 9
    endloop
  endfacet
  facet normal 0 0 1
    outer loop
      vertex 34.4889 -15.1787 9
      vertex 33.9333 -14.3472 9
      vertex 34.2785 -15.3048 9
    endloop
  endfacet
  facet normal -0 0 1
    outer loop
      vertex 33.8071 -14.4229 9
      vertex 34.2785 -15.3048 9
      vertex 33.9333 -14.3472 9
    endloop
  endfacet
  facet normal 0 0 1
    outer loop
      vertex 34.2785 -15.3048 9
      vertex 33.8071 -14.4229 9
      vertex 34.0567 -15.4097 9
    endloop
  endfacet
  facet normal -0 0 1
    outer loop
      vertex 33.674 -14.4858 9
      vertex 34.0567 -15.4097 9
      vertex 33.8071 -14.4229 9
    endloop
  endfacet
  facet normal 0 0 1
    outer loop
      vertex 34.0567 -15.4097 9
      vertex 33.674 -14.4858 9
      vertex 33.8257 -15.4923 9
    endloop
  endfacet
  facet normal -0 0 1
    outer loop
      vertex 33.5354 -14.5354 9
      vertex 33.8257 -15.4923 9
      vertex 33.674 -14.4858 9
    endloop
  endfacet
  facet normal 0 0 1
    outer loop
      vertex 33.8257 -15.4923 9
      vertex 33.5354 -14.5354 9
      vertex 33.5877 -15.552 9
    endloop
  endfacet
  facet normal -0 0 1
    outer loop
      vertex 33.3926 -14.5712 9
      vertex 33.5877 -15.552 9
      vertex 33.5354 -14.5354 9
    endloop
  endfacet
  facet normal 0 0 1
    outer loop
      vertex 33.3926 -14.5712 9
      vertex 33.345 -15.588 9
      vertex 33.5877 -15.552 9
    endloop
  endfacet
  facet normal -0 0 1
    outer loop
      vertex 33.247 -14.5928 9
      vertex 33.345 -15.588 9
      vertex 33.3926 -14.5712 9
    endloop
  endfacet
  facet normal -0 0 1
    outer loop
      vertex 33.1 -14.6 9
      vertex 33.345 -15.588 9
      vertex 33.247 -14.5928 9
    endloop
  endfacet
  facet normal 0 0 1
    outer loop
      vertex 33.1 -14.6 9
      vertex 33.1 -15.6 9
      vertex 33.345 -15.588 9
    endloop
  endfacet
  facet normal -0 0 1
    outer loop
      vertex -33.1 -14.6 9
      vertex 33.1 -15.6 9
      vertex 33.1 -14.6 9
    endloop
  endfacet
  facet normal 0 0 1
    outer loop
      vertex -33.1 -14.6 9
      vertex -33.1 -15.6 9
      vertex 33.1 -15.6 9
    endloop
  endfacet
  facet normal 0 0 1
    outer loop
      vertex -33.247 -14.5928 9
      vertex -33.1 -15.6 9
      vertex -33.1 -14.6 9
    endloop
  endfacet
  facet normal 0 0 1
    outer loop
      vertex -33.247 -14.5928 9
      vertex -33.345 -15.588 9
      vertex -33.1 -15.6 9
    endloop
  endfacet
  facet normal 0 0 1
    outer loop
      vertex -33.3926 -14.5712 9
      vertex -33.345 -15.588 9
      vertex -33.247 -14.5928 9
    endloop
  endfacet
  facet normal 0 0 1
    outer loop
      vertex -33.5877 -15.552 9
      vertex -33.3926 -14.5712 9
      vertex -33.5354 -14.5354 9
    endloop
  endfacet
  facet normal 0 0 1
    outer loop
      vertex -33.3926 -14.5712 9
      vertex -33.5877 -15.552 9
      vertex -33.345 -15.588 9
    endloop
  endfacet
  facet normal 0 0 1
    outer loop
      vertex -33.8257 -15.4923 9
      vertex -33.5354 -14.5354 9
      vertex -33.674 -14.4858 9
    endloop
  endfacet
  facet normal 0 0 1
    outer loop
      vertex -34.0567 -15.4097 9
      vertex -33.674 -14.4858 9
      vertex -33.8071 -14.4229 9
    endloop
  endfacet
  facet normal 0 0 1
    outer loop
      vertex -33.5354 -14.5354 9
      vertex -33.8257 -15.4923 9
      vertex -33.5877 -15.552 9
    endloop
  endfacet
  facet normal 0 0 1
    outer loop
      vertex -34.2785 -15.3048 9
      vertex -33.8071 -14.4229 9
      vertex -33.9333 -14.3472 9
    endloop
  endfacet
  facet normal 0 0 1
    outer loop
      vertex -34.4889 -15.1787 9
      vertex -33.9333 -14.3472 9
      vertex -34.0516 -14.2595 9
    endloop
  endfacet
  facet normal 0 0 1
    outer loop
      vertex -33.674 -14.4858 9
      vertex -34.0567 -15.4097 9
      vertex -33.8257 -15.4923 9
    endloop
  endfacet
  facet normal 0 0 1
    outer loop
      vertex -34.686 -15.0325 9
      vertex -34.0516 -14.2595 9
      vertex -34.1606 -14.1606 9
    endloop
  endfacet
  facet normal 0 0 1
    outer loop
      vertex -34.8678 -14.8678 9
      vertex -34.1606 -14.1606 9
      vertex -34.2595 -14.0516 9
    endloop
  endfacet
  facet normal 0 0 1
    outer loop
      vertex -33.8071 -14.4229 9
      vertex -34.2785 -15.3048 9
      vertex -34.0567 -15.4097 9
    endloop
  endfacet
  facet normal 0 0 1
    outer loop
      vertex -35.0325 -14.686 9
      vertex -34.2595 -14.0516 9
      vertex -34.3472 -13.9333 9
    endloop
  endfacet
  facet normal 0 0 1
    outer loop
      vertex -35.1787 -14.4889 9
      vertex -34.3472 -13.9333 9
      vertex -34.4229 -13.8071 9
    endloop
  endfacet
  facet normal 0 0 1
    outer loop
      vertex -35.3048 -14.2785 9
      vertex -34.4229 -13.8071 9
      vertex -34.4858 -13.674 9
    endloop
  endfacet
  facet normal 0 0 1
    outer loop
      vertex -33.9333 -14.3472 9
      vertex -34.4889 -15.1787 9
      vertex -34.2785 -15.3048 9
    endloop
  endfacet
  facet normal 0 0 1
    outer loop
      vertex -35.4097 -14.0567 9
      vertex -34.4858 -13.674 9
      vertex -34.5354 -13.5354 9
    endloop
  endfacet
  facet normal 0 0 1
    outer loop
      vertex -35.4923 -13.8257 9
      vertex -34.5354 -13.5354 9
      vertex -34.5712 -13.3926 9
    endloop
  endfacet
  facet normal 0 0 1
    outer loop
      vertex -35.552 -13.5877 9
      vertex -34.5712 -13.3926 9
      vertex -34.5928 -13.247 9
    endloop
  endfacet
  facet normal -0 0 0
    outer loop
      vertex -34.6 -6 9
      vertex -34.6 -13.1 9
      vertex -34.6 6 9
    endloop
  endfacet
  facet normal 0 0 1
    outer loop
      vertex -34.0516 -14.2595 9
      vertex -34.686 -15.0325 9
      vertex -34.4889 -15.1787 9
    endloop
  endfacet
  facet normal 0 0 1
    outer loop
      vertex -35.588 -13.345 9
      vertex -34.5928 -13.247 9
      vertex -34.6 -13.1 9
    endloop
  endfacet
  facet normal 0 0 1
    outer loop
      vertex -35.6 -13.1 9
      vertex -34.6 -13.1 9
      vertex -34.6 -6 9
    endloop
  endfacet
  facet normal 0 -0 1
    outer loop
      vertex -35.588 -13.345 9
      vertex -34.6 -13.1 9
      vertex -35.6 -13.1 9
    endloop
  endfacet
  facet normal 0 0 1
    outer loop
      vertex -34.1606 -14.1606 9
      vertex -34.8678 -14.8678 9
      vertex -34.686 -15.0325 9
    endloop
  endfacet
  facet normal 0 0 1
    outer loop
      vertex -34.2595 -14.0516 9
      vertex -35.0325 -14.686 9
      vertex -34.8678 -14.8678 9
    endloop
  endfacet
  facet normal 0 0 1
    outer loop
      vertex -34.3472 -13.9333 9
      vertex -35.1787 -14.4889 9
      vertex -35.0325 -14.686 9
    endloop
  endfacet
  facet normal 0 0 1
    outer loop
      vertex -34.4229 -13.8071 9
      vertex -35.3048 -14.2785 9
      vertex -35.1787 -14.4889 9
    endloop
  endfacet
  facet normal 0 0 1
    outer loop
      vertex -34.4858 -13.674 9
      vertex -35.4097 -14.0567 9
      vertex -35.3048 -14.2785 9
    endloop
  endfacet
  facet normal 0 0 1
    outer loop
      vertex -34.5354 -13.5354 9
      vertex -35.4923 -13.8257 9
      vertex -35.4097 -14.0567 9
    endloop
  endfacet
  facet normal 0 0 1
    outer loop
      vertex -34.5712 -13.3926 9
      vertex -35.552 -13.5877 9
      vertex -35.4923 -13.8257 9
    endloop
  endfacet
  facet normal 0 0 1
    outer loop
      vertex -35.6 -13.1 9
      vertex -34.6 -6 9
      vertex -35.6 -6 9
    endloop
  endfacet
  facet normal 0 0 1
    outer loop
      vertex -34.5928 -13.247 9
      vertex -35.588 -13.345 9
      vertex -35.552 -13.5877 9
    endloop
  endfacet
  facet normal -0.96995 -0.243303 0
    outer loop
      vertex -35.4923 -13.8257 7.6
      vertex -35.552 -13.5877 9
      vertex -35.552 -13.5877 7.6
    endloop
  endfacet
  facet normal -0.96995 -0.243303 0
    outer loop
      vertex -35.552 -13.5877 9
      vertex -35.4923 -13.8257 7.6
      vertex -35.4923 -13.8257 9
    endloop
  endfacet
  facet normal 0.857745 0.514076 0
    outer loop
      vertex 35.3048 14.2785 9
      vertex 35.1787 14.4889 7.6
      vertex 35.1787 14.4889 9
    endloop
  endfacet
  facet normal 0.857745 0.514076 0
    outer loop
      vertex 35.1787 14.4889 7.6
      vertex 35.3048 14.2785 9
      vertex 35.3048 14.2785 7.6
    endloop
  endfacet
  facet normal -0.857745 0.514076 0
    outer loop
      vertex -35.3048 14.2785 7.6
      vertex -35.1787 14.4889 9
      vertex -35.1787 14.4889 7.6
    endloop
  endfacet
  facet normal -0.857745 0.514076 0
    outer loop
      vertex -35.1787 14.4889 9
      vertex -35.3048 14.2785 7.6
      vertex -35.3048 14.2785 9
    endloop
  endfacet
  facet normal -0.671394 -0.741101 0
    outer loop
      vertex -34.8678 -14.8678 7.6
      vertex -34.686 -15.0325 9
      vertex -34.8678 -14.8678 9
    endloop
  endfacet
  facet normal -0.671394 -0.741101 -0
    outer loop
      vertex -34.686 -15.0325 9
      vertex -34.8678 -14.8678 7.6
      vertex -34.686 -15.0325 7.6
    endloop
  endfacet
  facet normal 0.427543 0.903995 -0
    outer loop
      vertex 34.2785 15.3048 7.6
      vertex 34.0567 15.4097 9
      vertex 34.2785 15.3048 9
    endloop
  endfacet
  facet normal 0.427543 0.903995 0
    outer loop
      vertex 34.0567 15.4097 9
      vertex 34.2785 15.3048 7.6
      vertex 34.0567 15.4097 7.6
    endloop
  endfacet
  facet normal 0.989177 -0.146726 0
    outer loop
      vertex 35.552 -13.5877 9
      vertex 35.588 -13.345 7.6
      vertex 35.588 -13.345 9
    endloop
  endfacet
  facet normal 0.989177 -0.146726 0
    outer loop
      vertex 35.588 -13.345 7.6
      vertex 35.552 -13.5877 9
      vertex 35.552 -13.5877 7.6
    endloop
  endfacet
  facet normal 0.989177 0.146726 0
    outer loop
      vertex 35.588 13.345 9
      vertex 35.552 13.5877 7.6
      vertex 35.552 13.5877 9
    endloop
  endfacet
  facet normal 0.989177 0.146726 0
    outer loop
      vertex 35.552 13.5877 7.6
      vertex 35.588 13.345 9
      vertex 35.588 13.345 7.6
    endloop
  endfacet
  facet normal -0.671394 0.741101 0
    outer loop
      vertex -34.686 15.0325 7.6
      vertex -34.8678 14.8678 9
      vertex -34.686 15.0325 9
    endloop
  endfacet
  facet normal -0.671394 0.741101 0
    outer loop
      vertex -34.8678 14.8678 9
      vertex -34.686 15.0325 7.6
      vertex -34.8678 14.8678 7.6
    endloop
  endfacet
  facet normal -0.903995 -0.427543 0
    outer loop
      vertex -35.3048 -14.2785 7.6
      vertex -35.4097 -14.0567 9
      vertex -35.4097 -14.0567 7.6
    endloop
  endfacet
  facet normal -0.903995 -0.427543 0
    outer loop
      vertex -35.4097 -14.0567 9
      vertex -35.3048 -14.2785 7.6
      vertex -35.3048 -14.2785 9
    endloop
  endfacet
  facet normal 0.595754 -0.803167 0
    outer loop
      vertex 34.4889 -15.1787 7.6
      vertex 34.686 -15.0325 9
      vertex 34.4889 -15.1787 9
    endloop
  endfacet
  facet normal 0.595754 -0.803167 0
    outer loop
      vertex 34.686 -15.0325 9
      vertex 34.4889 -15.1787 7.6
      vertex 34.686 -15.0325 7.6
    endloop
  endfacet
  facet normal 0.857745 -0.514076 0
    outer loop
      vertex 35.1787 -14.4889 9
      vertex 35.3048 -14.2785 7.6
      vertex 35.3048 -14.2785 9
    endloop
  endfacet
  facet normal 0.857745 -0.514076 0
    outer loop
      vertex 35.3048 -14.2785 7.6
      vertex 35.1787 -14.4889 9
      vertex 35.1787 -14.4889 7.6
    endloop
  endfacet
  facet normal 0.741101 -0.671394 0
    outer loop
      vertex 34.8678 -14.8678 9
      vertex 35.0325 -14.686 7.6
      vertex 35.0325 -14.686 9
    endloop
  endfacet
  facet normal 0.741101 -0.671394 0
    outer loop
      vertex 35.0325 -14.686 7.6
      vertex 34.8678 -14.8678 9
      vertex 34.8678 -14.8678 7.6
    endloop
  endfacet
  facet normal 0.903995 -0.427543 0
    outer loop
      vertex 35.3048 -14.2785 9
      vertex 35.4097 -14.0567 7.6
      vertex 35.4097 -14.0567 9
    endloop
  endfacet
  facet normal 0.903995 -0.427543 0
    outer loop
      vertex 35.4097 -14.0567 7.6
      vertex 35.3048 -14.2785 9
      vertex 35.3048 -14.2785 7.6
    endloop
  endfacet
  facet normal 0.941613 -0.336698 0
    outer loop
      vertex 35.4097 -14.0567 9
      vertex 35.4923 -13.8257 7.6
      vertex 35.4923 -13.8257 9
    endloop
  endfacet
  facet normal 0.941613 -0.336698 0
    outer loop
      vertex 35.4923 -13.8257 7.6
      vertex 35.4097 -14.0567 9
      vertex 35.4097 -14.0567 7.6
    endloop
  endfacet
  facet normal 0.803167 -0.595754 0
    outer loop
      vertex 35.0325 -14.686 9
      vertex 35.1787 -14.4889 7.6
      vertex 35.1787 -14.4889 9
    endloop
  endfacet
  facet normal 0.803167 -0.595754 0
    outer loop
      vertex 35.1787 -14.4889 7.6
      vertex 35.0325 -14.686 9
      vertex 35.0325 -14.686 7.6
    endloop
  endfacet
  facet normal 0.427543 -0.903995 0
    outer loop
      vertex 34.0567 -15.4097 7.6
      vertex 34.2785 -15.3048 9
      vertex 34.0567 -15.4097 9
    endloop
  endfacet
  facet normal 0.427543 -0.903995 0
    outer loop
      vertex 34.2785 -15.3048 9
      vertex 34.0567 -15.4097 7.6
      vertex 34.2785 -15.3048 7.6
    endloop
  endfacet
  facet normal -0.595715 0.803196 0
    outer loop
      vertex -19.1925 -10.9184 0
      vertex -19.2556 -10.9652 2
      vertex -19.1925 -10.9184 2
    endloop
  endfacet
  facet normal -0.595715 0.803196 0
    outer loop
      vertex -19.2556 -10.9652 2
      vertex -19.1925 -10.9184 0
      vertex -19.2556 -10.9652 0
    endloop
  endfacet
  facet normal -0.513746 0.857943 0
    outer loop
      vertex -19.2556 -10.9652 0
      vertex -19.3229 -11.0055 2
      vertex -19.2556 -10.9652 2
    endloop
  endfacet
  facet normal -0.513746 0.857943 0
    outer loop
      vertex -19.3229 -11.0055 2
      vertex -19.2556 -10.9652 0
      vertex -19.3229 -11.0055 0
    endloop
  endfacet
  facet normal -0.336417 -0.941713 0
    outer loop
      vertex -19.4678 11.0655 0
      vertex -19.3939 11.0391 2
      vertex -19.4678 11.0655 2
    endloop
  endfacet
  facet normal -0.336417 -0.941713 -0
    outer loop
      vertex -19.3939 11.0391 2
      vertex -19.4678 11.0655 0
      vertex -19.3939 11.0391 0
    endloop
  endfacet
  facet normal 0.671213 -0.741264 0
    outer loop
      vertex -20.8657 10.8657 0
      vertex -20.8075 10.9184 2
      vertex -20.8657 10.8657 2
    endloop
  endfacet
  facet normal 0.671213 -0.741264 0
    outer loop
      vertex -20.8075 10.9184 2
      vertex -20.8657 10.8657 0
      vertex -20.8075 10.9184 0
    endloop
  endfacet
  facet normal 0.671213 0.741264 -0
    outer loop
      vertex -20.8075 -10.9184 0
      vertex -20.8657 -10.8657 2
      vertex -20.8075 -10.9184 2
    endloop
  endfacet
  facet normal 0.671213 0.741264 0
    outer loop
      vertex -20.8657 -10.8657 2
      vertex -20.8075 -10.9184 0
      vertex -20.8657 -10.8657 0
    endloop
  endfacet
  facet normal 0.998765 0.0496835 0
    outer loop
      vertex -21.0961 -10.3784 2
      vertex -21.1 -10.3 0
      vertex -21.1 -10.3 2
    endloop
  endfacet
  facet normal 0.998765 0.0496835 0
    outer loop
      vertex -21.1 -10.3 0
      vertex -21.0961 -10.3784 2
      vertex -21.0961 -10.3784 0
    endloop
  endfacet
  facet normal 1 -0 0
    outer loop
      vertex -21.1 -10.3 2
      vertex -21.1 10.3 0
      vertex -21.1 10.3 2
    endloop
  endfacet
  facet normal 1 0 0
    outer loop
      vertex -21.1 10.3 0
      vertex -21.1 -10.3 2
      vertex -21.1 -10.3 0
    endloop
  endfacet
  facet normal 0.427758 -0.903893 0
    outer loop
      vertex -20.6771 11.0055 0
      vertex -20.6061 11.0391 2
      vertex -20.6771 11.0055 2
    endloop
  endfacet
  facet normal 0.427758 -0.903893 0
    outer loop
      vertex -20.6061 11.0391 2
      vertex -20.6771 11.0055 0
      vertex -20.6061 11.0391 0
    endloop
  endfacet
  facet normal -0.243435 0.969917 0
    outer loop
      vertex -19.4678 -11.0655 0
      vertex -19.5439 -11.0846 2
      vertex -19.4678 -11.0655 2
    endloop
  endfacet
  facet normal -0.243435 0.969917 0
    outer loop
      vertex -19.5439 -11.0846 2
      vertex -19.4678 -11.0655 0
      vertex -19.5439 -11.0846 0
    endloop
  endfacet
  facet normal -0.243435 -0.969917 0
    outer loop
      vertex -19.5439 11.0846 0
      vertex -19.4678 11.0655 2
      vertex -19.5439 11.0846 2
    endloop
  endfacet
  facet normal -0.243435 -0.969917 -0
    outer loop
      vertex -19.4678 11.0655 2
      vertex -19.5439 11.0846 0
      vertex -19.4678 11.0655 0
    endloop
  endfacet
  facet normal 0.243435 0.969917 -0
    outer loop
      vertex -20.4561 -11.0846 0
      vertex -20.5322 -11.0655 2
      vertex -20.4561 -11.0846 2
    endloop
  endfacet
  facet normal 0.243435 0.969917 0
    outer loop
      vertex -20.5322 -11.0655 2
      vertex -20.4561 -11.0846 0
      vertex -20.5322 -11.0655 0
    endloop
  endfacet
  facet normal 0.513746 -0.857943 0
    outer loop
      vertex -20.7444 10.9652 0
      vertex -20.6771 11.0055 2
      vertex -20.7444 10.9652 2
    endloop
  endfacet
  facet normal 0.513746 -0.857943 0
    outer loop
      vertex -20.6771 11.0055 2
      vertex -20.7444 10.9652 0
      vertex -20.6771 11.0055 0
    endloop
  endfacet
  facet normal -0.427758 0.903893 0
    outer loop
      vertex -19.3229 -11.0055 0
      vertex -19.3939 -11.0391 2
      vertex -19.3229 -11.0055 2
    endloop
  endfacet
  facet normal -0.427758 0.903893 0
    outer loop
      vertex -19.3939 -11.0391 2
      vertex -19.3229 -11.0055 0
      vertex -19.3939 -11.0391 0
    endloop
  endfacet
  facet normal 0.741264 -0.671213 0
    outer loop
      vertex -20.9184 10.8075 2
      vertex -20.8657 10.8657 0
      vertex -20.8657 10.8657 2
    endloop
  endfacet
  facet normal 0.741264 -0.671213 0
    outer loop
      vertex -20.8657 10.8657 0
      vertex -20.9184 10.8075 2
      vertex -20.9184 10.8075 0
    endloop
  endfacet
  facet normal -0.336417 0.941713 0
    outer loop
      vertex -19.3939 -11.0391 0
      vertex -19.4678 -11.0655 2
      vertex -19.3939 -11.0391 2
    endloop
  endfacet
  facet normal -0.336417 0.941713 0
    outer loop
      vertex -19.4678 -11.0655 2
      vertex -19.3939 -11.0391 0
      vertex -19.4678 -11.0655 0
    endloop
  endfacet
  facet normal 0.989224 -0.14641 0
    outer loop
      vertex -21.0961 10.3784 2
      vertex -21.0846 10.4561 0
      vertex -21.0846 10.4561 2
    endloop
  endfacet
  facet normal 0.989224 -0.14641 0
    outer loop
      vertex -21.0846 10.4561 0
      vertex -21.0961 10.3784 2
      vertex -21.0961 10.3784 0
    endloop
  endfacet
  facet normal -1 0 0
    outer loop
      vertex -18.9 -10.3 0
      vertex -18.9 10.3 2
      vertex -18.9 10.3 0
    endloop
  endfacet
  facet normal -1 -0 0
    outer loop
      vertex -18.9 10.3 2
      vertex -18.9 -10.3 0
      vertex -18.9 -10.3 2
    endloop
  endfacet
  facet normal 0.741264 0.671213 0
    outer loop
      vertex -20.8657 -10.8657 2
      vertex -20.9184 -10.8075 0
      vertex -20.9184 -10.8075 2
    endloop
  endfacet
  facet normal 0.741264 0.671213 0
    outer loop
      vertex -20.9184 -10.8075 0
      vertex -20.8657 -10.8657 2
      vertex -20.8657 -10.8657 0
    endloop
  endfacet
  facet normal 0.969917 0.243435 0
    outer loop
      vertex -21.0655 -10.5322 2
      vertex -21.0846 -10.4561 0
      vertex -21.0846 -10.4561 2
    endloop
  endfacet
  facet normal 0.969917 0.243435 0
    outer loop
      vertex -21.0846 -10.4561 0
      vertex -21.0655 -10.5322 2
      vertex -21.0655 -10.5322 0
    endloop
  endfacet
  facet normal -0.903893 -0.427758 0
    outer loop
      vertex -18.9609 10.6061 0
      vertex -18.9945 10.6771 2
      vertex -18.9945 10.6771 0
    endloop
  endfacet
  facet normal -0.903893 -0.427758 0
    outer loop
      vertex -18.9945 10.6771 2
      vertex -18.9609 10.6061 0
      vertex -18.9609 10.6061 2
    endloop
  endfacet
  facet normal 0.857943 0.513746 0
    outer loop
      vertex -20.9652 -10.7444 2
      vertex -21.0055 -10.6771 0
      vertex -21.0055 -10.6771 2
    endloop
  endfacet
  facet normal 0.857943 0.513746 0
    outer loop
      vertex -21.0055 -10.6771 0
      vertex -20.9652 -10.7444 2
      vertex -20.9652 -10.7444 0
    endloop
  endfacet
  facet normal -0.0496835 -0.998765 0
    outer loop
      vertex -19.7 11.1 0
      vertex -19.6216 11.0961 2
      vertex -19.7 11.1 2
    endloop
  endfacet
  facet normal -0.0496835 -0.998765 -0
    outer loop
      vertex -19.6216 11.0961 2
      vertex -19.7 11.1 0
      vertex -19.6216 11.0961 0
    endloop
  endfacet
  facet normal -0.0496835 0.998765 0
    outer loop
      vertex -19.6216 -11.0961 0
      vertex -19.7 -11.1 2
      vertex -19.6216 -11.0961 2
    endloop
  endfacet
  facet normal -0.0496835 0.998765 0
    outer loop
      vertex -19.7 -11.1 2
      vertex -19.6216 -11.0961 0
      vertex -19.7 -11.1 0
    endloop
  endfacet
  facet normal 0 -1 0
    outer loop
      vertex -20.3 11.1 0
      vertex -19.7 11.1 2
      vertex -20.3 11.1 2
    endloop
  endfacet
  facet normal 0 -1 -0
    outer loop
      vertex -19.7 11.1 2
      vertex -20.3 11.1 0
      vertex -19.7 11.1 0
    endloop
  endfacet
  facet normal 0.941713 -0.336417 0
    outer loop
      vertex -21.0655 10.5322 2
      vertex -21.0391 10.6061 0
      vertex -21.0391 10.6061 2
    endloop
  endfacet
  facet normal 0.941713 -0.336417 0
    outer loop
      vertex -21.0391 10.6061 0
      vertex -21.0655 10.5322 2
      vertex -21.0655 10.5322 0
    endloop
  endfacet
  facet normal -0.14641 0.989224 0
    outer loop
      vertex -19.5439 -11.0846 0
      vertex -19.6216 -11.0961 2
      vertex -19.5439 -11.0846 2
    endloop
  endfacet
  facet normal -0.14641 0.989224 0
    outer loop
      vertex -19.6216 -11.0961 2
      vertex -19.5439 -11.0846 0
      vertex -19.6216 -11.0961 0
    endloop
  endfacet
  facet normal 0.969917 -0.243435 0
    outer loop
      vertex -21.0846 10.4561 2
      vertex -21.0655 10.5322 0
      vertex -21.0655 10.5322 2
    endloop
  endfacet
  facet normal 0.969917 -0.243435 0
    outer loop
      vertex -21.0655 10.5322 0
      vertex -21.0846 10.4561 2
      vertex -21.0846 10.4561 0
    endloop
  endfacet
  facet normal 0.0496835 0.998765 -0
    outer loop
      vertex -20.3 -11.1 0
      vertex -20.3784 -11.0961 2
      vertex -20.3 -11.1 2
    endloop
  endfacet
  facet normal 0.0496835 0.998765 0
    outer loop
      vertex -20.3784 -11.0961 2
      vertex -20.3 -11.1 0
      vertex -20.3784 -11.0961 0
    endloop
  endfacet
  facet normal 0.989224 0.14641 0
    outer loop
      vertex -21.0846 -10.4561 2
      vertex -21.0961 -10.3784 0
      vertex -21.0961 -10.3784 2
    endloop
  endfacet
  facet normal 0.989224 0.14641 0
    outer loop
      vertex -21.0961 -10.3784 0
      vertex -21.0846 -10.4561 2
      vertex -21.0846 -10.4561 0
    endloop
  endfacet
  facet normal 0.243435 -0.969917 0
    outer loop
      vertex -20.5322 11.0655 0
      vertex -20.4561 11.0846 2
      vertex -20.5322 11.0655 2
    endloop
  endfacet
  facet normal 0.243435 -0.969917 0
    outer loop
      vertex -20.4561 11.0846 2
      vertex -20.5322 11.0655 0
      vertex -20.4561 11.0846 0
    endloop
  endfacet
  facet normal 0.941713 0.336417 0
    outer loop
      vertex -21.0391 -10.6061 2
      vertex -21.0655 -10.5322 0
      vertex -21.0655 -10.5322 2
    endloop
  endfacet
  facet normal 0.941713 0.336417 0
    outer loop
      vertex -21.0655 -10.5322 0
      vertex -21.0391 -10.6061 2
      vertex -21.0391 -10.6061 0
    endloop
  endfacet
  facet normal 0.14641 0.989224 -0
    outer loop
      vertex -20.3784 -11.0961 0
      vertex -20.4561 -11.0846 2
      vertex -20.3784 -11.0961 2
    endloop
  endfacet
  facet normal 0.14641 0.989224 0
    outer loop
      vertex -20.4561 -11.0846 2
      vertex -20.3784 -11.0961 0
      vertex -20.4561 -11.0846 0
    endloop
  endfacet
  facet normal -0.998765 -0.0496835 0
    outer loop
      vertex -18.9 10.3 0
      vertex -18.9039 10.3784 2
      vertex -18.9039 10.3784 0
    endloop
  endfacet
  facet normal -0.998765 -0.0496835 0
    outer loop
      vertex -18.9039 10.3784 2
      vertex -18.9 10.3 0
      vertex -18.9 10.3 2
    endloop
  endfacet
  facet normal 0.14641 -0.989224 0
    outer loop
      vertex -20.4561 11.0846 0
      vertex -20.3784 11.0961 2
      vertex -20.4561 11.0846 2
    endloop
  endfacet
  facet normal 0.14641 -0.989224 0
    outer loop
      vertex -20.3784 11.0961 2
      vertex -20.4561 11.0846 0
      vertex -20.3784 11.0961 0
    endloop
  endfacet
  facet normal -0.803196 0.595715 0
    outer loop
      vertex -19.0816 -10.8075 0
      vertex -19.0348 -10.7444 2
      vertex -19.0348 -10.7444 0
    endloop
  endfacet
  facet normal -0.803196 0.595715 0
    outer loop
      vertex -19.0348 -10.7444 2
      vertex -19.0816 -10.8075 0
      vertex -19.0816 -10.8075 2
    endloop
  endfacet
  facet normal 0.803196 0.595715 0
    outer loop
      vertex -20.9184 -10.8075 2
      vertex -20.9652 -10.7444 0
      vertex -20.9652 -10.7444 2
    endloop
  endfacet
  facet normal 0.803196 0.595715 0
    outer loop
      vertex -20.9652 -10.7444 0
      vertex -20.9184 -10.8075 2
      vertex -20.9184 -10.8075 0
    endloop
  endfacet
  facet normal 0.903893 0.427758 0
    outer loop
      vertex -21.0055 -10.6771 2
      vertex -21.0391 -10.6061 0
      vertex -21.0391 -10.6061 2
    endloop
  endfacet
  facet normal 0.903893 0.427758 0
    outer loop
      vertex -21.0391 -10.6061 0
      vertex -21.0055 -10.6771 2
      vertex -21.0055 -10.6771 0
    endloop
  endfacet
  facet normal -0.803196 -0.595715 0
    outer loop
      vertex -19.0348 10.7444 0
      vertex -19.0816 10.8075 2
      vertex -19.0816 10.8075 0
    endloop
  endfacet
  facet normal -0.803196 -0.595715 0
    outer loop
      vertex -19.0816 10.8075 2
      vertex -19.0348 10.7444 0
      vertex -19.0348 10.7444 2
    endloop
  endfacet
  facet normal -0.741264 -0.671213 0
    outer loop
      vertex -19.0816 10.8075 0
      vertex -19.1343 10.8657 2
      vertex -19.1343 10.8657 0
    endloop
  endfacet
  facet normal -0.741264 -0.671213 0
    outer loop
      vertex -19.1343 10.8657 2
      vertex -19.0816 10.8075 0
      vertex -19.0816 10.8075 2
    endloop
  endfacet
  facet normal 0.336417 0.941713 -0
    outer loop
      vertex -20.5322 -11.0655 0
      vertex -20.6061 -11.0391 2
      vertex -20.5322 -11.0655 2
    endloop
  endfacet
  facet normal 0.336417 0.941713 0
    outer loop
      vertex -20.6061 -11.0391 2
      vertex -20.5322 -11.0655 0
      vertex -20.6061 -11.0391 0
    endloop
  endfacet
  facet normal 0.595715 -0.803196 0
    outer loop
      vertex -20.8075 10.9184 0
      vertex -20.7444 10.9652 2
      vertex -20.8075 10.9184 2
    endloop
  endfacet
  facet normal 0.595715 -0.803196 0
    outer loop
      vertex -20.7444 10.9652 2
      vertex -20.8075 10.9184 0
      vertex -20.7444 10.9652 0
    endloop
  endfacet
  facet normal 0.336417 -0.941713 0
    outer loop
      vertex -20.6061 11.0391 0
      vertex -20.5322 11.0655 2
      vertex -20.6061 11.0391 2
    endloop
  endfacet
  facet normal 0.336417 -0.941713 0
    outer loop
      vertex -20.5322 11.0655 2
      vertex -20.6061 11.0391 0
      vertex -20.5322 11.0655 0
    endloop
  endfacet
  facet normal -0.427758 -0.903893 0
    outer loop
      vertex -19.3939 11.0391 0
      vertex -19.3229 11.0055 2
      vertex -19.3939 11.0391 2
    endloop
  endfacet
  facet normal -0.427758 -0.903893 -0
    outer loop
      vertex -19.3229 11.0055 2
      vertex -19.3939 11.0391 0
      vertex -19.3229 11.0055 0
    endloop
  endfacet
  facet normal 0.903893 -0.427758 0
    outer loop
      vertex -21.0391 10.6061 2
      vertex -21.0055 10.6771 0
      vertex -21.0055 10.6771 2
    endloop
  endfacet
  facet normal 0.903893 -0.427758 0
    outer loop
      vertex -21.0055 10.6771 0
      vertex -21.0391 10.6061 2
      vertex -21.0391 10.6061 0
    endloop
  endfacet
  facet normal -0.14641 -0.989224 0
    outer loop
      vertex -19.6216 11.0961 0
      vertex -19.5439 11.0846 2
      vertex -19.6216 11.0961 2
    endloop
  endfacet
  facet normal -0.14641 -0.989224 -0
    outer loop
      vertex -19.5439 11.0846 2
      vertex -19.6216 11.0961 0
      vertex -19.5439 11.0846 0
    endloop
  endfacet
  facet normal 0.513746 0.857943 -0
    outer loop
      vertex -20.6771 -11.0055 0
      vertex -20.7444 -10.9652 2
      vertex -20.6771 -11.0055 2
    endloop
  endfacet
  facet normal 0.513746 0.857943 0
    outer loop
      vertex -20.7444 -10.9652 2
      vertex -20.6771 -11.0055 0
      vertex -20.7444 -10.9652 0
    endloop
  endfacet
  facet normal 0 1 -0
    outer loop
      vertex -19.7 -11.1 0
      vertex -20.3 -11.1 2
      vertex -19.7 -11.1 2
    endloop
  endfacet
  facet normal 0 1 0
    outer loop
      vertex -20.3 -11.1 2
      vertex -19.7 -11.1 0
      vertex -20.3 -11.1 0
    endloop
  endfacet
  facet normal 0.595715 0.803196 -0
    outer loop
      vertex -20.7444 -10.9652 0
      vertex -20.8075 -10.9184 2
      vertex -20.7444 -10.9652 2
    endloop
  endfacet
  facet normal 0.595715 0.803196 0
    outer loop
      vertex -20.8075 -10.9184 2
      vertex -20.7444 -10.9652 0
      vertex -20.8075 -10.9184 0
    endloop
  endfacet
  facet normal 0.803196 -0.595715 0
    outer loop
      vertex -20.9652 10.7444 2
      vertex -20.9184 10.8075 0
      vertex -20.9184 10.8075 2
    endloop
  endfacet
  facet normal 0.803196 -0.595715 0
    outer loop
      vertex -20.9184 10.8075 0
      vertex -20.9652 10.7444 2
      vertex -20.9652 10.7444 0
    endloop
  endfacet
  facet normal -0.941713 -0.336417 0
    outer loop
      vertex -18.9345 10.5322 0
      vertex -18.9609 10.6061 2
      vertex -18.9609 10.6061 0
    endloop
  endfacet
  facet normal -0.941713 -0.336417 0
    outer loop
      vertex -18.9609 10.6061 2
      vertex -18.9345 10.5322 0
      vertex -18.9345 10.5322 2
    endloop
  endfacet
  facet normal -0.741264 0.671213 0
    outer loop
      vertex -19.1343 -10.8657 0
      vertex -19.0816 -10.8075 2
      vertex -19.0816 -10.8075 0
    endloop
  endfacet
  facet normal -0.741264 0.671213 0
    outer loop
      vertex -19.0816 -10.8075 2
      vertex -19.1343 -10.8657 0
      vertex -19.1343 -10.8657 2
    endloop
  endfacet
  facet normal -0.998765 0.0496835 0
    outer loop
      vertex -18.9039 -10.3784 0
      vertex -18.9 -10.3 2
      vertex -18.9 -10.3 0
    endloop
  endfacet
  facet normal -0.998765 0.0496835 0
    outer loop
      vertex -18.9 -10.3 2
      vertex -18.9039 -10.3784 0
      vertex -18.9039 -10.3784 2
    endloop
  endfacet
  facet normal 0.427758 0.903893 -0
    outer loop
      vertex -20.6061 -11.0391 0
      vertex -20.6771 -11.0055 2
      vertex -20.6061 -11.0391 2
    endloop
  endfacet
  facet normal 0.427758 0.903893 0
    outer loop
      vertex -20.6771 -11.0055 2
      vertex -20.6061 -11.0391 0
      vertex -20.6771 -11.0055 0
    endloop
  endfacet
  facet normal 0.998765 -0.0496835 0
    outer loop
      vertex -21.1 10.3 2
      vertex -21.0961 10.3784 0
      vertex -21.0961 10.3784 2
    endloop
  endfacet
  facet normal 0.998765 -0.0496835 0
    outer loop
      vertex -21.0961 10.3784 0
      vertex -21.1 10.3 2
      vertex -21.1 10.3 0
    endloop
  endfacet
  facet normal 0.857943 -0.513746 0
    outer loop
      vertex -21.0055 10.6771 2
      vertex -20.9652 10.7444 0
      vertex -20.9652 10.7444 2
    endloop
  endfacet
  facet normal 0.857943 -0.513746 0
    outer loop
      vertex -20.9652 10.7444 0
      vertex -21.0055 10.6771 2
      vertex -21.0055 10.6771 0
    endloop
  endfacet
  facet normal 0.0496835 -0.998765 0
    outer loop
      vertex -20.3784 11.0961 0
      vertex -20.3 11.1 2
      vertex -20.3784 11.0961 2
    endloop
  endfacet
  facet normal 0.0496835 -0.998765 0
    outer loop
      vertex -20.3 11.1 2
      vertex -20.3784 11.0961 0
      vertex -20.3 11.1 0
    endloop
  endfacet
  facet normal -0.671213 0.741264 0
    outer loop
      vertex -19.1343 -10.8657 0
      vertex -19.1925 -10.9184 2
      vertex -19.1343 -10.8657 2
    endloop
  endfacet
  facet normal -0.671213 0.741264 0
    outer loop
      vertex -19.1925 -10.9184 2
      vertex -19.1343 -10.8657 0
      vertex -19.1925 -10.9184 0
    endloop
  endfacet
  facet normal -0.671213 -0.741264 0
    outer loop
      vertex -19.1925 10.9184 0
      vertex -19.1343 10.8657 2
      vertex -19.1925 10.9184 2
    endloop
  endfacet
  facet normal -0.671213 -0.741264 -0
    outer loop
      vertex -19.1343 10.8657 2
      vertex -19.1925 10.9184 0
      vertex -19.1343 10.8657 0
    endloop
  endfacet
  facet normal -0.857943 0.513746 0
    outer loop
      vertex -19.0348 -10.7444 0
      vertex -18.9945 -10.6771 2
      vertex -18.9945 -10.6771 0
    endloop
  endfacet
  facet normal -0.857943 0.513746 0
    outer loop
      vertex -18.9945 -10.6771 2
      vertex -19.0348 -10.7444 0
      vertex -19.0348 -10.7444 2
    endloop
  endfacet
  facet normal -0.903893 0.427758 0
    outer loop
      vertex -18.9945 -10.6771 0
      vertex -18.9609 -10.6061 2
      vertex -18.9609 -10.6061 0
    endloop
  endfacet
  facet normal -0.903893 0.427758 0
    outer loop
      vertex -18.9609 -10.6061 2
      vertex -18.9945 -10.6771 0
      vertex -18.9945 -10.6771 2
    endloop
  endfacet
  facet normal -0.595715 -0.803196 0
    outer loop
      vertex -19.2556 10.9652 0
      vertex -19.1925 10.9184 2
      vertex -19.2556 10.9652 2
    endloop
  endfacet
  facet normal -0.595715 -0.803196 -0
    outer loop
      vertex -19.1925 10.9184 2
      vertex -19.2556 10.9652 0
      vertex -19.1925 10.9184 0
    endloop
  endfacet
  facet normal -0.857943 -0.513746 0
    outer loop
      vertex -18.9945 10.6771 0
      vertex -19.0348 10.7444 2
      vertex -19.0348 10.7444 0
    endloop
  endfacet
  facet normal -0.857943 -0.513746 0
    outer loop
      vertex -19.0348 10.7444 2
      vertex -18.9945 10.6771 0
      vertex -18.9945 10.6771 2
    endloop
  endfacet
  facet normal -0.513746 -0.857943 0
    outer loop
      vertex -19.3229 11.0055 0
      vertex -19.2556 10.9652 2
      vertex -19.3229 11.0055 2
    endloop
  endfacet
  facet normal -0.513746 -0.857943 -0
    outer loop
      vertex -19.2556 10.9652 2
      vertex -19.3229 11.0055 0
      vertex -19.2556 10.9652 0
    endloop
  endfacet
  facet normal -0.941713 0.336417 0
    outer loop
      vertex -18.9609 -10.6061 0
      vertex -18.9345 -10.5322 2
      vertex -18.9345 -10.5322 0
    endloop
  endfacet
  facet normal -0.941713 0.336417 0
    outer loop
      vertex -18.9345 -10.5322 2
      vertex -18.9609 -10.6061 0
      vertex -18.9609 -10.6061 2
    endloop
  endfacet
  facet normal -0.989224 0.14641 0
    outer loop
      vertex -18.9154 -10.4561 0
      vertex -18.9039 -10.3784 2
      vertex -18.9039 -10.3784 0
    endloop
  endfacet
  facet normal -0.989224 0.14641 0
    outer loop
      vertex -18.9039 -10.3784 2
      vertex -18.9154 -10.4561 0
      vertex -18.9154 -10.4561 2
    endloop
  endfacet
  facet normal -0.969917 0.243435 0
    outer loop
      vertex -18.9345 -10.5322 0
      vertex -18.9154 -10.4561 2
      vertex -18.9154 -10.4561 0
    endloop
  endfacet
  facet normal -0.969917 0.243435 0
    outer loop
      vertex -18.9154 -10.4561 2
      vertex -18.9345 -10.5322 0
      vertex -18.9345 -10.5322 2
    endloop
  endfacet
  facet normal -0.989224 -0.14641 0
    outer loop
      vertex -18.9039 10.3784 0
      vertex -18.9154 10.4561 2
      vertex -18.9154 10.4561 0
    endloop
  endfacet
  facet normal -0.989224 -0.14641 0
    outer loop
      vertex -18.9154 10.4561 2
      vertex -18.9039 10.3784 0
      vertex -18.9039 10.3784 2
    endloop
  endfacet
  facet normal -0.969917 -0.243435 0
    outer loop
      vertex -18.9154 10.4561 0
      vertex -18.9345 10.5322 2
      vertex -18.9345 10.5322 0
    endloop
  endfacet
  facet normal -0.969917 -0.243435 0
    outer loop
      vertex -18.9345 10.5322 2
      vertex -18.9154 10.4561 0
      vertex -18.9154 10.4561 2
    endloop
  endfacet
  facet normal -0.595715 0.803196 0
    outer loop
      vertex -11.1925 -10.9184 0
      vertex -11.2556 -10.9652 2
      vertex -11.1925 -10.9184 2
    endloop
  endfacet
  facet normal -0.595715 0.803196 0
    outer loop
      vertex -11.2556 -10.9652 2
      vertex -11.1925 -10.9184 0
      vertex -11.2556 -10.9652 0
    endloop
  endfacet
  facet normal -0.513746 0.857943 0
    outer loop
      vertex -11.2556 -10.9652 0
      vertex -11.3229 -11.0055 2
      vertex -11.2556 -10.9652 2
    endloop
  endfacet
  facet normal -0.513746 0.857943 0
    outer loop
      vertex -11.3229 -11.0055 2
      vertex -11.2556 -10.9652 0
      vertex -11.3229 -11.0055 0
    endloop
  endfacet
  facet normal 1 -0 0
    outer loop
      vertex -13.1 -10.3 2
      vertex -13.1 10.3 0
      vertex -13.1 10.3 2
    endloop
  endfacet
  facet normal 1 0 0
    outer loop
      vertex -13.1 10.3 0
      vertex -13.1 -10.3 2
      vertex -13.1 -10.3 0
    endloop
  endfacet
  facet normal -0.941713 -0.336417 0
    outer loop
      vertex -10.9345 10.5322 0
      vertex -10.9609 10.6061 2
      vertex -10.9609 10.6061 0
    endloop
  endfacet
  facet normal -0.941713 -0.336417 0
    outer loop
      vertex -10.9609 10.6061 2
      vertex -10.9345 10.5322 0
      vertex -10.9345 10.5322 2
    endloop
  endfacet
  facet normal -0.336417 0.941713 0
    outer loop
      vertex -11.3939 -11.0391 0
      vertex -11.4678 -11.0655 2
      vertex -11.3939 -11.0391 2
    endloop
  endfacet
  facet normal -0.336417 0.941713 0
    outer loop
      vertex -11.4678 -11.0655 2
      vertex -11.3939 -11.0391 0
      vertex -11.4678 -11.0655 0
    endloop
  endfacet
  facet normal 0.941713 -0.336417 0
    outer loop
      vertex -13.0655 10.5322 2
      vertex -13.0391 10.6061 0
      vertex -13.0391 10.6061 2
    endloop
  endfacet
  facet normal 0.941713 -0.336417 0
    outer loop
      vertex -13.0391 10.6061 0
      vertex -13.0655 10.5322 2
      vertex -13.0655 10.5322 0
    endloop
  endfacet
  facet normal 0.671213 -0.741264 0
    outer loop
      vertex -12.8657 10.8657 0
      vertex -12.8075 10.9184 2
      vertex -12.8657 10.8657 2
    endloop
  endfacet
  facet normal 0.671213 -0.741264 0
    outer loop
      vertex -12.8075 10.9184 2
      vertex -12.8657 10.8657 0
      vertex -12.8075 10.9184 0
    endloop
  endfacet
  facet normal -0.0496835 0.998765 0
    outer loop
      vertex -11.6216 -11.0961 0
      vertex -11.7 -11.1 2
      vertex -11.6216 -11.0961 2
    endloop
  endfacet
  facet normal -0.0496835 0.998765 0
    outer loop
      vertex -11.7 -11.1 2
      vertex -11.6216 -11.0961 0
      vertex -11.7 -11.1 0
    endloop
  endfacet
  facet normal 0.989224 0.14641 0
    outer loop
      vertex -13.0846 -10.4561 2
      vertex -13.0961 -10.3784 0
      vertex -13.0961 -10.3784 2
    endloop
  endfacet
  facet normal 0.989224 0.14641 0
    outer loop
      vertex -13.0961 -10.3784 0
      vertex -13.0846 -10.4561 2
      vertex -13.0846 -10.4561 0
    endloop
  endfacet
  facet normal -0.941713 0.336417 0
    outer loop
      vertex -10.9609 -10.6061 0
      vertex -10.9345 -10.5322 2
      vertex -10.9345 -10.5322 0
    endloop
  endfacet
  facet normal -0.941713 0.336417 0
    outer loop
      vertex -10.9345 -10.5322 2
      vertex -10.9609 -10.6061 0
      vertex -10.9609 -10.6061 2
    endloop
  endfacet
  facet normal -1 0 0
    outer loop
      vertex -10.9 -10.3 0
      vertex -10.9 10.3 2
      vertex -10.9 10.3 0
    endloop
  endfacet
  facet normal -1 -0 0
    outer loop
      vertex -10.9 10.3 2
      vertex -10.9 -10.3 0
      vertex -10.9 -10.3 2
    endloop
  endfacet
  facet normal 0.14641 0.989224 -0
    outer loop
      vertex -12.3784 -11.0961 0
      vertex -12.4561 -11.0846 2
      vertex -12.3784 -11.0961 2
    endloop
  endfacet
  facet normal 0.14641 0.989224 0
    outer loop
      vertex -12.4561 -11.0846 2
      vertex -12.3784 -11.0961 0
      vertex -12.4561 -11.0846 0
    endloop
  endfacet
  facet normal -0.427758 0.903893 0
    outer loop
      vertex -11.3229 -11.0055 0
      vertex -11.3939 -11.0391 2
      vertex -11.3229 -11.0055 2
    endloop
  endfacet
  facet normal -0.427758 0.903893 0
    outer loop
      vertex -11.3939 -11.0391 2
      vertex -11.3229 -11.0055 0
      vertex -11.3939 -11.0391 0
    endloop
  endfacet
  facet normal -0.595715 -0.803196 0
    outer loop
      vertex -11.2556 10.9652 0
      vertex -11.1925 10.9184 2
      vertex -11.2556 10.9652 2
    endloop
  endfacet
  facet normal -0.595715 -0.803196 -0
    outer loop
      vertex -11.1925 10.9184 2
      vertex -11.2556 10.9652 0
      vertex -11.1925 10.9184 0
    endloop
  endfacet
  facet normal 0.941713 0.336417 0
    outer loop
      vertex -13.0391 -10.6061 2
      vertex -13.0655 -10.5322 0
      vertex -13.0655 -10.5322 2
    endloop
  endfacet
  facet normal 0.941713 0.336417 0
    outer loop
      vertex -13.0655 -10.5322 0
      vertex -13.0391 -10.6061 2
      vertex -13.0391 -10.6061 0
    endloop
  endfacet
  facet normal 0.741264 0.671213 0
    outer loop
      vertex -12.8657 -10.8657 2
      vertex -12.9184 -10.8075 0
      vertex -12.9184 -10.8075 2
    endloop
  endfacet
  facet normal 0.741264 0.671213 0
    outer loop
      vertex -12.9184 -10.8075 0
      vertex -12.8657 -10.8657 2
      vertex -12.8657 -10.8657 0
    endloop
  endfacet
  facet normal 0.998765 0.0496835 0
    outer loop
      vertex -13.0961 -10.3784 2
      vertex -13.1 -10.3 0
      vertex -13.1 -10.3 2
    endloop
  endfacet
  facet normal 0.998765 0.0496835 0
    outer loop
      vertex -13.1 -10.3 0
      vertex -13.0961 -10.3784 2
      vertex -13.0961 -10.3784 0
    endloop
  endfacet
  facet normal 0.0496835 0.998765 -0
    outer loop
      vertex -12.3 -11.1 0
      vertex -12.3784 -11.0961 2
      vertex -12.3 -11.1 2
    endloop
  endfacet
  facet normal 0.0496835 0.998765 0
    outer loop
      vertex -12.3784 -11.0961 2
      vertex -12.3 -11.1 0
      vertex -12.3784 -11.0961 0
    endloop
  endfacet
  facet normal 0.243435 -0.969917 0
    outer loop
      vertex -12.5322 11.0655 0
      vertex -12.4561 11.0846 2
      vertex -12.5322 11.0655 2
    endloop
  endfacet
  facet normal 0.243435 -0.969917 0
    outer loop
      vertex -12.4561 11.0846 2
      vertex -12.5322 11.0655 0
      vertex -12.4561 11.0846 0
    endloop
  endfacet
  facet normal -0.14641 0.989224 0
    outer loop
      vertex -11.5439 -11.0846 0
      vertex -11.6216 -11.0961 2
      vertex -11.5439 -11.0846 2
    endloop
  endfacet
  facet normal -0.14641 0.989224 0
    outer loop
      vertex -11.6216 -11.0961 2
      vertex -11.5439 -11.0846 0
      vertex -11.6216 -11.0961 0
    endloop
  endfacet
  facet normal -0.243435 0.969917 0
    outer loop
      vertex -11.4678 -11.0655 0
      vertex -11.5439 -11.0846 2
      vertex -11.4678 -11.0655 2
    endloop
  endfacet
  facet normal -0.243435 0.969917 0
    outer loop
      vertex -11.5439 -11.0846 2
      vertex -11.4678 -11.0655 0
      vertex -11.5439 -11.0846 0
    endloop
  endfacet
  facet normal 0.857943 -0.513746 0
    outer loop
      vertex -13.0055 10.6771 2
      vertex -12.9652 10.7444 0
      vertex -12.9652 10.7444 2
    endloop
  endfacet
  facet normal 0.857943 -0.513746 0
    outer loop
      vertex -12.9652 10.7444 0
      vertex -13.0055 10.6771 2
      vertex -13.0055 10.6771 0
    endloop
  endfacet
  facet normal -0.857943 -0.513746 0
    outer loop
      vertex -10.9945 10.6771 0
      vertex -11.0348 10.7444 2
      vertex -11.0348 10.7444 0
    endloop
  endfacet
  facet normal -0.857943 -0.513746 0
    outer loop
      vertex -11.0348 10.7444 2
      vertex -10.9945 10.6771 0
      vertex -10.9945 10.6771 2
    endloop
  endfacet
  facet normal -0.998765 -0.0496835 0
    outer loop
      vertex -10.9 10.3 0
      vertex -10.9039 10.3784 2
      vertex -10.9039 10.3784 0
    endloop
  endfacet
  facet normal -0.998765 -0.0496835 0
    outer loop
      vertex -10.9039 10.3784 2
      vertex -10.9 10.3 0
      vertex -10.9 10.3 2
    endloop
  endfacet
  facet normal 0.969917 -0.243435 0
    outer loop
      vertex -13.0846 10.4561 2
      vertex -13.0655 10.5322 0
      vertex -13.0655 10.5322 2
    endloop
  endfacet
  facet normal 0.969917 -0.243435 0
    outer loop
      vertex -13.0655 10.5322 0
      vertex -13.0846 10.4561 2
      vertex -13.0846 10.4561 0
    endloop
  endfacet
  facet normal 0.857943 0.513746 0
    outer loop
      vertex -12.9652 -10.7444 2
      vertex -13.0055 -10.6771 0
      vertex -13.0055 -10.6771 2
    endloop
  endfacet
  facet normal 0.857943 0.513746 0
    outer loop
      vertex -13.0055 -10.6771 0
      vertex -12.9652 -10.7444 2
      vertex -12.9652 -10.7444 0
    endloop
  endfacet
  facet normal 0 1 -0
    outer loop
      vertex -11.7 -11.1 0
      vertex -12.3 -11.1 2
      vertex -11.7 -11.1 2
    endloop
  endfacet
  facet normal 0 1 0
    outer loop
      vertex -12.3 -11.1 2
      vertex -11.7 -11.1 0
      vertex -12.3 -11.1 0
    endloop
  endfacet
  facet normal 0.595715 -0.803196 0
    outer loop
      vertex -12.8075 10.9184 0
      vertex -12.7444 10.9652 2
      vertex -12.8075 10.9184 2
    endloop
  endfacet
  facet normal 0.595715 -0.803196 0
    outer loop
      vertex -12.7444 10.9652 2
      vertex -12.8075 10.9184 0
      vertex -12.7444 10.9652 0
    endloop
  endfacet
  facet normal 0.243435 0.969917 -0
    outer loop
      vertex -12.4561 -11.0846 0
      vertex -12.5322 -11.0655 2
      vertex -12.4561 -11.0846 2
    endloop
  endfacet
  facet normal 0.243435 0.969917 0
    outer loop
      vertex -12.5322 -11.0655 2
      vertex -12.4561 -11.0846 0
      vertex -12.5322 -11.0655 0
    endloop
  endfacet
  facet normal 0.513746 0.857943 -0
    outer loop
      vertex -12.6771 -11.0055 0
      vertex -12.7444 -10.9652 2
      vertex -12.6771 -11.0055 2
    endloop
  endfacet
  facet normal 0.513746 0.857943 0
    outer loop
      vertex -12.7444 -10.9652 2
      vertex -12.6771 -11.0055 0
      vertex -12.7444 -10.9652 0
    endloop
  endfacet
  facet normal 0.671213 0.741264 -0
    outer loop
      vertex -12.8075 -10.9184 0
      vertex -12.8657 -10.8657 2
      vertex -12.8075 -10.9184 2
    endloop
  endfacet
  facet normal 0.671213 0.741264 0
    outer loop
      vertex -12.8657 -10.8657 2
      vertex -12.8075 -10.9184 0
      vertex -12.8657 -10.8657 0
    endloop
  endfacet
  facet normal -0.671213 -0.741264 0
    outer loop
      vertex -11.1925 10.9184 0
      vertex -11.1343 10.8657 2
      vertex -11.1925 10.9184 2
    endloop
  endfacet
  facet normal -0.671213 -0.741264 -0
    outer loop
      vertex -11.1343 10.8657 2
      vertex -11.1925 10.9184 0
      vertex -11.1343 10.8657 0
    endloop
  endfacet
  facet normal 0.595715 0.803196 -0
    outer loop
      vertex -12.7444 -10.9652 0
      vertex -12.8075 -10.9184 2
      vertex -12.7444 -10.9652 2
    endloop
  endfacet
  facet normal 0.595715 0.803196 0
    outer loop
      vertex -12.8075 -10.9184 2
      vertex -12.7444 -10.9652 0
      vertex -12.8075 -10.9184 0
    endloop
  endfacet
  facet normal 0.969917 0.243435 0
    outer loop
      vertex -13.0655 -10.5322 2
      vertex -13.0846 -10.4561 0
      vertex -13.0846 -10.4561 2
    endloop
  endfacet
  facet normal 0.969917 0.243435 0
    outer loop
      vertex -13.0846 -10.4561 0
      vertex -13.0655 -10.5322 2
      vertex -13.0655 -10.5322 0
    endloop
  endfacet
  facet normal 0.989224 -0.14641 0
    outer loop
      vertex -13.0961 10.3784 2
      vertex -13.0846 10.4561 0
      vertex -13.0846 10.4561 2
    endloop
  endfacet
  facet normal 0.989224 -0.14641 0
    outer loop
      vertex -13.0846 10.4561 0
      vertex -13.0961 10.3784 2
      vertex -13.0961 10.3784 0
    endloop
  endfacet
  facet normal 0.741264 -0.671213 0
    outer loop
      vertex -12.9184 10.8075 2
      vertex -12.8657 10.8657 0
      vertex -12.8657 10.8657 2
    endloop
  endfacet
  facet normal 0.741264 -0.671213 0
    outer loop
      vertex -12.8657 10.8657 0
      vertex -12.9184 10.8075 2
      vertex -12.9184 10.8075 0
    endloop
  endfacet
  facet normal -0.803196 -0.595715 0
    outer loop
      vertex -11.0348 10.7444 0
      vertex -11.0816 10.8075 2
      vertex -11.0816 10.8075 0
    endloop
  endfacet
  facet normal -0.803196 -0.595715 0
    outer loop
      vertex -11.0816 10.8075 2
      vertex -11.0348 10.7444 0
      vertex -11.0348 10.7444 2
    endloop
  endfacet
  facet normal -0.243435 -0.969917 0
    outer loop
      vertex -11.5439 11.0846 0
      vertex -11.4678 11.0655 2
      vertex -11.5439 11.0846 2
    endloop
  endfacet
  facet normal -0.243435 -0.969917 -0
    outer loop
      vertex -11.4678 11.0655 2
      vertex -11.5439 11.0846 0
      vertex -11.4678 11.0655 0
    endloop
  endfacet
  facet normal 0.14641 -0.989224 0
    outer loop
      vertex -12.4561 11.0846 0
      vertex -12.3784 11.0961 2
      vertex -12.4561 11.0846 2
    endloop
  endfacet
  facet normal 0.14641 -0.989224 0
    outer loop
      vertex -12.3784 11.0961 2
      vertex -12.4561 11.0846 0
      vertex -12.3784 11.0961 0
    endloop
  endfacet
  facet normal 0.427758 0.903893 -0
    outer loop
      vertex -12.6061 -11.0391 0
      vertex -12.6771 -11.0055 2
      vertex -12.6061 -11.0391 2
    endloop
  endfacet
  facet normal 0.427758 0.903893 0
    outer loop
      vertex -12.6771 -11.0055 2
      vertex -12.6061 -11.0391 0
      vertex -12.6771 -11.0055 0
    endloop
  endfacet
  facet normal 0.803196 0.595715 0
    outer loop
      vertex -12.9184 -10.8075 2
      vertex -12.9652 -10.7444 0
      vertex -12.9652 -10.7444 2
    endloop
  endfacet
  facet normal 0.803196 0.595715 0
    outer loop
      vertex -12.9652 -10.7444 0
      vertex -12.9184 -10.8075 2
      vertex -12.9184 -10.8075 0
    endloop
  endfacet
  facet normal 0.903893 -0.427758 0
    outer loop
      vertex -13.0391 10.6061 2
      vertex -13.0055 10.6771 0
      vertex -13.0055 10.6771 2
    endloop
  endfacet
  facet normal 0.903893 -0.427758 0
    outer loop
      vertex -13.0055 10.6771 0
      vertex -13.0391 10.6061 2
      vertex -13.0391 10.6061 0
    endloop
  endfacet
  facet normal -0.903893 0.427758 0
    outer loop
      vertex -10.9945 -10.6771 0
      vertex -10.9609 -10.6061 2
      vertex -10.9609 -10.6061 0
    endloop
  endfacet
  facet normal -0.903893 0.427758 0
    outer loop
      vertex -10.9609 -10.6061 2
      vertex -10.9945 -10.6771 0
      vertex -10.9945 -10.6771 2
    endloop
  endfacet
  facet normal -0.989224 0.14641 0
    outer loop
      vertex -10.9154 -10.4561 0
      vertex -10.9039 -10.3784 2
      vertex -10.9039 -10.3784 0
    endloop
  endfacet
  facet normal -0.989224 0.14641 0
    outer loop
      vertex -10.9039 -10.3784 2
      vertex -10.9154 -10.4561 0
      vertex -10.9154 -10.4561 2
    endloop
  endfacet
  facet normal -0.903893 -0.427758 0
    outer loop
      vertex -10.9609 10.6061 0
      vertex -10.9945 10.6771 2
      vertex -10.9945 10.6771 0
    endloop
  endfacet
  facet normal -0.903893 -0.427758 0
    outer loop
      vertex -10.9945 10.6771 2
      vertex -10.9609 10.6061 0
      vertex -10.9609 10.6061 2
    endloop
  endfacet
  facet normal 0.513746 -0.857943 0
    outer loop
      vertex -12.7444 10.9652 0
      vertex -12.6771 11.0055 2
      vertex -12.7444 10.9652 2
    endloop
  endfacet
  facet normal 0.513746 -0.857943 0
    outer loop
      vertex -12.6771 11.0055 2
      vertex -12.7444 10.9652 0
      vertex -12.6771 11.0055 0
    endloop
  endfacet
  facet normal 0.998765 -0.0496835 0
    outer loop
      vertex -13.1 10.3 2
      vertex -13.0961 10.3784 0
      vertex -13.0961 10.3784 2
    endloop
  endfacet
  facet normal 0.998765 -0.0496835 0
    outer loop
      vertex -13.0961 10.3784 0
      vertex -13.1 10.3 2
      vertex -13.1 10.3 0
    endloop
  endfacet
  facet normal 0.427758 -0.903893 0
    outer loop
      vertex -12.6771 11.0055 0
      vertex -12.6061 11.0391 2
      vertex -12.6771 11.0055 2
    endloop
  endfacet
  facet normal 0.427758 -0.903893 0
    outer loop
      vertex -12.6061 11.0391 2
      vertex -12.6771 11.0055 0
      vertex -12.6061 11.0391 0
    endloop
  endfacet
  facet normal 0.903893 0.427758 0
    outer loop
      vertex -13.0055 -10.6771 2
      vertex -13.0391 -10.6061 0
      vertex -13.0391 -10.6061 2
    endloop
  endfacet
  facet normal 0.903893 0.427758 0
    outer loop
      vertex -13.0391 -10.6061 0
      vertex -13.0055 -10.6771 2
      vertex -13.0055 -10.6771 0
    endloop
  endfacet
  facet normal 0.336417 -0.941713 0
    outer loop
      vertex -12.6061 11.0391 0
      vertex -12.5322 11.0655 2
      vertex -12.6061 11.0391 2
    endloop
  endfacet
  facet normal 0.336417 -0.941713 0
    outer loop
      vertex -12.5322 11.0655 2
      vertex -12.6061 11.0391 0
      vertex -12.5322 11.0655 0
    endloop
  endfacet
  facet normal 0.803196 -0.595715 0
    outer loop
      vertex -12.9652 10.7444 2
      vertex -12.9184 10.8075 0
      vertex -12.9184 10.8075 2
    endloop
  endfacet
  facet normal 0.803196 -0.595715 0
    outer loop
      vertex -12.9184 10.8075 0
      vertex -12.9652 10.7444 2
      vertex -12.9652 10.7444 0
    endloop
  endfacet
  facet normal 0.336417 0.941713 -0
    outer loop
      vertex -12.5322 -11.0655 0
      vertex -12.6061 -11.0391 2
      vertex -12.5322 -11.0655 2
    endloop
  endfacet
  facet normal 0.336417 0.941713 0
    outer loop
      vertex -12.6061 -11.0391 2
      vertex -12.5322 -11.0655 0
      vertex -12.6061 -11.0391 0
    endloop
  endfacet
  facet normal -0.741264 0.671213 0
    outer loop
      vertex -11.1343 -10.8657 0
      vertex -11.0816 -10.8075 2
      vertex -11.0816 -10.8075 0
    endloop
  endfacet
  facet normal -0.741264 0.671213 0
    outer loop
      vertex -11.0816 -10.8075 2
      vertex -11.1343 -10.8657 0
      vertex -11.1343 -10.8657 2
    endloop
  endfacet
  facet normal -0.513746 -0.857943 0
    outer loop
      vertex -11.3229 11.0055 0
      vertex -11.2556 10.9652 2
      vertex -11.3229 11.0055 2
    endloop
  endfacet
  facet normal -0.513746 -0.857943 -0
    outer loop
      vertex -11.2556 10.9652 2
      vertex -11.3229 11.0055 0
      vertex -11.2556 10.9652 0
    endloop
  endfacet
  facet normal -0.857943 0.513746 0
    outer loop
      vertex -11.0348 -10.7444 0
      vertex -10.9945 -10.6771 2
      vertex -10.9945 -10.6771 0
    endloop
  endfacet
  facet normal -0.857943 0.513746 0
    outer loop
      vertex -10.9945 -10.6771 2
      vertex -11.0348 -10.7444 0
      vertex -11.0348 -10.7444 2
    endloop
  endfacet
  facet normal 0 -1 0
    outer loop
      vertex -12.3 11.1 0
      vertex -11.7 11.1 2
      vertex -12.3 11.1 2
    endloop
  endfacet
  facet normal 0 -1 -0
    outer loop
      vertex -11.7 11.1 2
      vertex -12.3 11.1 0
      vertex -11.7 11.1 0
    endloop
  endfacet
  facet normal -0.969917 -0.243435 0
    outer loop
      vertex -10.9154 10.4561 0
      vertex -10.9345 10.5322 2
      vertex -10.9345 10.5322 0
    endloop
  endfacet
  facet normal -0.969917 -0.243435 0
    outer loop
      vertex -10.9345 10.5322 2
      vertex -10.9154 10.4561 0
      vertex -10.9154 10.4561 2
    endloop
  endfacet
  facet normal -0.989224 -0.14641 0
    outer loop
      vertex -10.9039 10.3784 0
      vertex -10.9154 10.4561 2
      vertex -10.9154 10.4561 0
    endloop
  endfacet
  facet normal -0.989224 -0.14641 0
    outer loop
      vertex -10.9154 10.4561 2
      vertex -10.9039 10.3784 0
      vertex -10.9039 10.3784 2
    endloop
  endfacet
  facet normal -0.969917 0.243435 0
    outer loop
      vertex -10.9345 -10.5322 0
      vertex -10.9154 -10.4561 2
      vertex -10.9154 -10.4561 0
    endloop
  endfacet
  facet normal -0.969917 0.243435 0
    outer loop
      vertex -10.9154 -10.4561 2
      vertex -10.9345 -10.5322 0
      vertex -10.9345 -10.5322 2
    endloop
  endfacet
  facet normal 0.0496835 -0.998765 0
    outer loop
      vertex -12.3784 11.0961 0
      vertex -12.3 11.1 2
      vertex -12.3784 11.0961 2
    endloop
  endfacet
  facet normal 0.0496835 -0.998765 0
    outer loop
      vertex -12.3 11.1 2
      vertex -12.3784 11.0961 0
      vertex -12.3 11.1 0
    endloop
  endfacet
  facet normal -0.14641 -0.989224 0
    outer loop
      vertex -11.6216 11.0961 0
      vertex -11.5439 11.0846 2
      vertex -11.6216 11.0961 2
    endloop
  endfacet
  facet normal -0.14641 -0.989224 -0
    outer loop
      vertex -11.5439 11.0846 2
      vertex -11.6216 11.0961 0
      vertex -11.5439 11.0846 0
    endloop
  endfacet
  facet normal -0.336417 -0.941713 0
    outer loop
      vertex -11.4678 11.0655 0
      vertex -11.3939 11.0391 2
      vertex -11.4678 11.0655 2
    endloop
  endfacet
  facet normal -0.336417 -0.941713 -0
    outer loop
      vertex -11.3939 11.0391 2
      vertex -11.4678 11.0655 0
      vertex -11.3939 11.0391 0
    endloop
  endfacet
  facet normal -0.741264 -0.671213 0
    outer loop
      vertex -11.0816 10.8075 0
      vertex -11.1343 10.8657 2
      vertex -11.1343 10.8657 0
    endloop
  endfacet
  facet normal -0.741264 -0.671213 0
    outer loop
      vertex -11.1343 10.8657 2
      vertex -11.0816 10.8075 0
      vertex -11.0816 10.8075 2
    endloop
  endfacet
  facet normal -0.998765 0.0496835 0
    outer loop
      vertex -10.9039 -10.3784 0
      vertex -10.9 -10.3 2
      vertex -10.9 -10.3 0
    endloop
  endfacet
  facet normal -0.998765 0.0496835 0
    outer loop
      vertex -10.9 -10.3 2
      vertex -10.9039 -10.3784 0
      vertex -10.9039 -10.3784 2
    endloop
  endfacet
  facet normal -0.0496835 -0.998765 0
    outer loop
      vertex -11.7 11.1 0
      vertex -11.6216 11.0961 2
      vertex -11.7 11.1 2
    endloop
  endfacet
  facet normal -0.0496835 -0.998765 -0
    outer loop
      vertex -11.6216 11.0961 2
      vertex -11.7 11.1 0
      vertex -11.6216 11.0961 0
    endloop
  endfacet
  facet normal -0.427758 -0.903893 0
    outer loop
      vertex -11.3939 11.0391 0
      vertex -11.3229 11.0055 2
      vertex -11.3939 11.0391 2
    endloop
  endfacet
  facet normal -0.427758 -0.903893 -0
    outer loop
      vertex -11.3229 11.0055 2
      vertex -11.3939 11.0391 0
      vertex -11.3229 11.0055 0
    endloop
  endfacet
  facet normal -0.803196 0.595715 0
    outer loop
      vertex -11.0816 -10.8075 0
      vertex -11.0348 -10.7444 2
      vertex -11.0348 -10.7444 0
    endloop
  endfacet
  facet normal -0.803196 0.595715 0
    outer loop
      vertex -11.0348 -10.7444 2
      vertex -11.0816 -10.8075 0
      vertex -11.0816 -10.8075 2
    endloop
  endfacet
  facet normal -0.671213 0.741264 0
    outer loop
      vertex -11.1343 -10.8657 0
      vertex -11.1925 -10.9184 2
      vertex -11.1343 -10.8657 2
    endloop
  endfacet
  facet normal -0.671213 0.741264 0
    outer loop
      vertex -11.1925 -10.9184 2
      vertex -11.1343 -10.8657 0
      vertex -11.1925 -10.9184 0
    endloop
  endfacet
  facet normal -0.596019 0.80297 0
    outer loop
      vertex -3.1925 -10.9184 0
      vertex -3.25555 -10.9652 2
      vertex -3.1925 -10.9184 2
    endloop
  endfacet
  facet normal -0.596019 0.80297 0
    outer loop
      vertex -3.25555 -10.9652 2
      vertex -3.1925 -10.9184 0
      vertex -3.25555 -10.9652 0
    endloop
  endfacet
  facet normal -0.741137 -0.671353 0
    outer loop
      vertex -3.0816 10.8075 0
      vertex -3.13432 10.8657 2
      vertex -3.13432 10.8657 0
    endloop
  endfacet
  facet normal -0.741137 -0.671353 0
    outer loop
      vertex -3.13432 10.8657 2
      vertex -3.0816 10.8075 0
      vertex -3.0816 10.8075 2
    endloop
  endfacet
  facet normal -0.513521 0.858077 0
    outer loop
      vertex -3.25555 -10.9652 0
      vertex -3.32289 -11.0055 2
      vertex -3.25555 -10.9652 2
    endloop
  endfacet
  facet normal -0.513521 0.858077 0
    outer loop
      vertex -3.32289 -11.0055 2
      vertex -3.25555 -10.9652 0
      vertex -3.32289 -11.0055 0
    endloop
  endfacet
  facet normal 1 -0 0
    outer loop
      vertex -5.09999 -10.3 2
      vertex -5.09999 10.3 0
      vertex -5.09999 10.3 2
    endloop
  endfacet
  facet normal 1 0 0
    outer loop
      vertex -5.09999 10.3 0
      vertex -5.09999 -10.3 2
      vertex -5.09999 -10.3 0
    endloop
  endfacet
  facet normal -0.941511 -0.336982 0
    outer loop
      vertex -2.93446 10.5322 0
      vertex -2.96091 10.6061 2
      vertex -2.96091 10.6061 0
    endloop
  endfacet
  facet normal -0.941511 -0.336982 0
    outer loop
      vertex -2.96091 10.6061 2
      vertex -2.93446 10.5322 0
      vertex -2.93446 10.5322 2
    endloop
  endfacet
  facet normal -0.336296 0.941756 0
    outer loop
      vertex -3.39386 -11.0391 0
      vertex -3.46779 -11.0655 2
      vertex -3.39386 -11.0391 2
    endloop
  endfacet
  facet normal -0.336296 0.941756 0
    outer loop
      vertex -3.46779 -11.0655 2
      vertex -3.39386 -11.0391 0
      vertex -3.46779 -11.0655 0
    endloop
  endfacet
  facet normal 0.941511 -0.336982 0
    outer loop
      vertex -5.06554 10.5322 2
      vertex -5.03909 10.6061 0
      vertex -5.03909 10.6061 2
    endloop
  endfacet
  facet normal 0.941511 -0.336982 0
    outer loop
      vertex -5.03909 10.6061 0
      vertex -5.06554 10.5322 2
      vertex -5.06554 10.5322 0
    endloop
  endfacet
  facet normal 0.67134 -0.741149 0
    outer loop
      vertex -4.86568 10.8657 0
      vertex -4.8075 10.9184 2
      vertex -4.86568 10.8657 2
    endloop
  endfacet
  facet normal 0.67134 -0.741149 0
    outer loop
      vertex -4.8075 10.9184 2
      vertex -4.86568 10.8657 0
      vertex -4.8075 10.9184 0
    endloop
  endfacet
  facet normal -0.0496771 0.998765 0
    outer loop
      vertex -3.6216 -11.0961 0
      vertex -3.70001 -11.1 2
      vertex -3.6216 -11.0961 2
    endloop
  endfacet
  facet normal -0.0496771 0.998765 0
    outer loop
      vertex -3.70001 -11.1 2
      vertex -3.6216 -11.0961 0
      vertex -3.70001 -11.1 0
    endloop
  endfacet
  facet normal 0.989187 0.146659 0
    outer loop
      vertex -5.08461 -10.4561 2
      vertex -5.09613 -10.3784 0
      vertex -5.09613 -10.3784 2
    endloop
  endfacet
  facet normal 0.989187 0.146659 0
    outer loop
      vertex -5.09613 -10.3784 0
      vertex -5.08461 -10.4561 2
      vertex -5.08461 -10.4561 0
    endloop
  endfacet
  facet normal -0.941511 0.336982 0
    outer loop
      vertex -2.96091 -10.6061 0
      vertex -2.93446 -10.5322 2
      vertex -2.93446 -10.5322 0
    endloop
  endfacet
  facet normal -0.941511 0.336982 0
    outer loop
      vertex -2.93446 -10.5322 2
      vertex -2.96091 -10.6061 0
      vertex -2.96091 -10.6061 2
    endloop
  endfacet
  facet normal -1 0 0
    outer loop
      vertex -2.90001 -10.3 0
      vertex -2.90001 10.3 2
      vertex -2.90001 10.3 0
    endloop
  endfacet
  facet normal -1 -0 0
    outer loop
      vertex -2.90001 10.3 2
      vertex -2.90001 -10.3 0
      vertex -2.90001 -10.3 2
    endloop
  endfacet
  facet normal 0.146502 0.98921 -0
    outer loop
      vertex -4.3784 -11.0961 0
      vertex -4.45605 -11.0846 2
      vertex -4.3784 -11.0961 2
    endloop
  endfacet
  facet normal 0.146502 0.98921 0
    outer loop
      vertex -4.45605 -11.0846 2
      vertex -4.3784 -11.0961 0
      vertex -4.45605 -11.0846 0
    endloop
  endfacet
  facet normal -0.427906 0.903823 0
    outer loop
      vertex -3.32289 -11.0055 0
      vertex -3.39386 -11.0391 2
      vertex -3.32289 -11.0055 2
    endloop
  endfacet
  facet normal -0.427906 0.903823 0
    outer loop
      vertex -3.39386 -11.0391 2
      vertex -3.32289 -11.0055 0
      vertex -3.39386 -11.0391 0
    endloop
  endfacet
  facet normal -0.596019 -0.80297 0
    outer loop
      vertex -3.25555 10.9652 0
      vertex -3.1925 10.9184 2
      vertex -3.25555 10.9652 2
    endloop
  endfacet
  facet normal -0.596019 -0.80297 -0
    outer loop
      vertex -3.1925 10.9184 2
      vertex -3.25555 10.9652 0
      vertex -3.1925 10.9184 0
    endloop
  endfacet
  facet normal 0.941511 0.336982 0
    outer loop
      vertex -5.03909 -10.6061 2
      vertex -5.06554 -10.5322 0
      vertex -5.06554 -10.5322 2
    endloop
  endfacet
  facet normal 0.941511 0.336982 0
    outer loop
      vertex -5.06554 -10.5322 0
      vertex -5.03909 -10.6061 2
      vertex -5.03909 -10.6061 0
    endloop
  endfacet
  facet normal 0.741137 0.671353 0
    outer loop
      vertex -4.86568 -10.8657 2
      vertex -4.9184 -10.8075 0
      vertex -4.9184 -10.8075 2
    endloop
  endfacet
  facet normal 0.741137 0.671353 0
    outer loop
      vertex -4.9184 -10.8075 0
      vertex -4.86568 -10.8657 2
      vertex -4.86568 -10.8657 0
    endloop
  endfacet
  facet normal 0.99879 0.0491751 0
    outer loop
      vertex -5.09613 -10.3784 2
      vertex -5.09999 -10.3 0
      vertex -5.09999 -10.3 2
    endloop
  endfacet
  facet normal 0.99879 0.0491751 0
    outer loop
      vertex -5.09999 -10.3 0
      vertex -5.09613 -10.3784 2
      vertex -5.09613 -10.3784 0
    endloop
  endfacet
  facet normal 0.0496771 0.998765 -0
    outer loop
      vertex -4.29999 -11.1 0
      vertex -4.3784 -11.0961 2
      vertex -4.29999 -11.1 2
    endloop
  endfacet
  facet normal 0.0496771 0.998765 0
    outer loop
      vertex -4.3784 -11.0961 2
      vertex -4.29999 -11.1 0
      vertex -4.3784 -11.0961 0
    endloop
  endfacet
  facet normal 0.243255 -0.969962 0
    outer loop
      vertex -4.53221 11.0655 0
      vertex -4.45605 11.0846 2
      vertex -4.53221 11.0655 2
    endloop
  endfacet
  facet normal 0.243255 -0.969962 0
    outer loop
      vertex -4.45605 11.0846 2
      vertex -4.53221 11.0655 0
      vertex -4.45605 11.0846 0
    endloop
  endfacet
  facet normal -0.146502 0.98921 0
    outer loop
      vertex -3.54395 -11.0846 0
      vertex -3.6216 -11.0961 2
      vertex -3.54395 -11.0846 2
    endloop
  endfacet
  facet normal -0.146502 0.98921 0
    outer loop
      vertex -3.6216 -11.0961 2
      vertex -3.54395 -11.0846 0
      vertex -3.6216 -11.0961 0
    endloop
  endfacet
  facet normal -0.243255 0.969962 0
    outer loop
      vertex -3.46779 -11.0655 0
      vertex -3.54395 -11.0846 2
      vertex -3.46779 -11.0655 2
    endloop
  endfacet
  facet normal -0.243255 0.969962 0
    outer loop
      vertex -3.54395 -11.0846 2
      vertex -3.46779 -11.0655 0
      vertex -3.54395 -11.0846 0
    endloop
  endfacet
  facet normal 0.857605 -0.514308 0
    outer loop
      vertex -5.00552 10.6771 2
      vertex -4.96516 10.7444 0
      vertex -4.96516 10.7444 2
    endloop
  endfacet
  facet normal 0.857605 -0.514308 0
    outer loop
      vertex -4.96516 10.7444 0
      vertex -5.00552 10.6771 2
      vertex -5.00552 10.6771 0
    endloop
  endfacet
  facet normal -0.857605 -0.514308 0
    outer loop
      vertex -2.99448 10.6771 0
      vertex -3.03484 10.7444 2
      vertex -3.03484 10.7444 0
    endloop
  endfacet
  facet normal -0.857605 -0.514308 0
    outer loop
      vertex -3.03484 10.7444 2
      vertex -2.99448 10.6771 0
      vertex -2.99448 10.6771 2
    endloop
  endfacet
  facet normal -0.99879 -0.0491751 0
    outer loop
      vertex -2.90001 10.3 0
      vertex -2.90387 10.3784 2
      vertex -2.90387 10.3784 0
    endloop
  endfacet
  facet normal -0.99879 -0.0491751 0
    outer loop
      vertex -2.90387 10.3784 2
      vertex -2.90001 10.3 0
      vertex -2.90001 10.3 2
    endloop
  endfacet
  facet normal 0.970007 -0.243075 0
    outer loop
      vertex -5.08461 10.4561 2
      vertex -5.06554 10.5322 0
      vertex -5.06554 10.5322 2
    endloop
  endfacet
  facet normal 0.970007 -0.243075 0
    outer loop
      vertex -5.06554 10.5322 0
      vertex -5.08461 10.4561 2
      vertex -5.08461 10.4561 0
    endloop
  endfacet
  facet normal 0.857605 0.514308 0
    outer loop
      vertex -4.96516 -10.7444 2
      vertex -5.00552 -10.6771 0
      vertex -5.00552 -10.6771 2
    endloop
  endfacet
  facet normal 0.857605 0.514308 0
    outer loop
      vertex -5.00552 -10.6771 0
      vertex -4.96516 -10.7444 2
      vertex -4.96516 -10.7444 0
    endloop
  endfacet
  facet normal 0 1 -0
    outer loop
      vertex -3.70001 -11.1 0
      vertex -4.29999 -11.1 2
      vertex -3.70001 -11.1 2
    endloop
  endfacet
  facet normal 0 1 0
    outer loop
      vertex -4.29999 -11.1 2
      vertex -3.70001 -11.1 0
      vertex -4.29999 -11.1 0
    endloop
  endfacet
  facet normal 0.596019 -0.80297 0
    outer loop
      vertex -4.8075 10.9184 0
      vertex -4.74445 10.9652 2
      vertex -4.8075 10.9184 2
    endloop
  endfacet
  facet normal 0.596019 -0.80297 0
    outer loop
      vertex -4.74445 10.9652 2
      vertex -4.8075 10.9184 0
      vertex -4.74445 10.9652 0
    endloop
  endfacet
  facet normal 0.243255 0.969962 -0
    outer loop
      vertex -4.45605 -11.0846 0
      vertex -4.53221 -11.0655 2
      vertex -4.45605 -11.0846 2
    endloop
  endfacet
  facet normal 0.243255 0.969962 0
    outer loop
      vertex -4.53221 -11.0655 2
      vertex -4.45605 -11.0846 0
      vertex -4.53221 -11.0655 0
    endloop
  endfacet
  facet normal 0.513521 0.858077 -0
    outer loop
      vertex -4.67711 -11.0055 0
      vertex -4.74445 -10.9652 2
      vertex -4.67711 -11.0055 2
    endloop
  endfacet
  facet normal 0.513521 0.858077 0
    outer loop
      vertex -4.74445 -10.9652 2
      vertex -4.67711 -11.0055 0
      vertex -4.74445 -10.9652 0
    endloop
  endfacet
  facet normal 0.67134 0.741149 -0
    outer loop
      vertex -4.8075 -10.9184 0
      vertex -4.86568 -10.8657 2
      vertex -4.8075 -10.9184 2
    endloop
  endfacet
  facet normal 0.67134 0.741149 0
    outer loop
      vertex -4.86568 -10.8657 2
      vertex -4.8075 -10.9184 0
      vertex -4.86568 -10.8657 0
    endloop
  endfacet
  facet normal -0.67134 -0.741149 0
    outer loop
      vertex -3.1925 10.9184 0
      vertex -3.13432 10.8657 2
      vertex -3.1925 10.9184 2
    endloop
  endfacet
  facet normal -0.67134 -0.741149 -0
    outer loop
      vertex -3.13432 10.8657 2
      vertex -3.1925 10.9184 0
      vertex -3.13432 10.8657 0
    endloop
  endfacet
  facet normal 0.596019 0.80297 -0
    outer loop
      vertex -4.74445 -10.9652 0
      vertex -4.8075 -10.9184 2
      vertex -4.74445 -10.9652 2
    endloop
  endfacet
  facet normal 0.596019 0.80297 0
    outer loop
      vertex -4.8075 -10.9184 2
      vertex -4.74445 -10.9652 0
      vertex -4.8075 -10.9184 0
    endloop
  endfacet
  facet normal 0.970007 0.243075 0
    outer loop
      vertex -5.06554 -10.5322 2
      vertex -5.08461 -10.4561 0
      vertex -5.08461 -10.4561 2
    endloop
  endfacet
  facet normal 0.970007 0.243075 0
    outer loop
      vertex -5.08461 -10.4561 0
      vertex -5.06554 -10.5322 2
      vertex -5.06554 -10.5322 0
    endloop
  endfacet
  facet normal 0.989187 -0.146659 0
    outer loop
      vertex -5.09613 10.3784 2
      vertex -5.08461 10.4561 0
      vertex -5.08461 10.4561 2
    endloop
  endfacet
  facet normal 0.989187 -0.146659 0
    outer loop
      vertex -5.08461 10.4561 0
      vertex -5.09613 10.3784 2
      vertex -5.09613 10.3784 0
    endloop
  endfacet
  facet normal 0.741137 -0.671353 0
    outer loop
      vertex -4.9184 10.8075 2
      vertex -4.86568 10.8657 0
      vertex -4.86568 10.8657 2
    endloop
  endfacet
  facet normal 0.741137 -0.671353 0
    outer loop
      vertex -4.86568 10.8657 0
      vertex -4.9184 10.8075 2
      vertex -4.9184 10.8075 0
    endloop
  endfacet
  facet normal -0.80344 -0.595386 0
    outer loop
      vertex -3.03484 10.7444 0
      vertex -3.0816 10.8075 2
      vertex -3.0816 10.8075 0
    endloop
  endfacet
  facet normal -0.80344 -0.595386 0
    outer loop
      vertex -3.0816 10.8075 2
      vertex -3.03484 10.7444 0
      vertex -3.03484 10.7444 2
    endloop
  endfacet
  facet normal -0.243255 -0.969962 0
    outer loop
      vertex -3.54395 11.0846 0
      vertex -3.46779 11.0655 2
      vertex -3.54395 11.0846 2
    endloop
  endfacet
  facet normal -0.243255 -0.969962 -0
    outer loop
      vertex -3.46779 11.0655 2
      vertex -3.54395 11.0846 0
      vertex -3.46779 11.0655 0
    endloop
  endfacet
  facet normal 0.146502 -0.98921 0
    outer loop
      vertex -4.45605 11.0846 0
      vertex -4.3784 11.0961 2
      vertex -4.45605 11.0846 2
    endloop
  endfacet
  facet normal 0.146502 -0.98921 0
    outer loop
      vertex -4.3784 11.0961 2
      vertex -4.45605 11.0846 0
      vertex -4.3784 11.0961 0
    endloop
  endfacet
  facet normal 0.427906 0.903823 -0
    outer loop
      vertex -4.60614 -11.0391 0
      vertex -4.67711 -11.0055 2
      vertex -4.60614 -11.0391 2
    endloop
  endfacet
  facet normal 0.427906 0.903823 0
    outer loop
      vertex -4.67711 -11.0055 2
      vertex -4.60614 -11.0391 0
      vertex -4.67711 -11.0055 0
    endloop
  endfacet
  facet normal 0.80344 0.595386 0
    outer loop
      vertex -4.9184 -10.8075 2
      vertex -4.96516 -10.7444 0
      vertex -4.96516 -10.7444 2
    endloop
  endfacet
  facet normal 0.80344 0.595386 0
    outer loop
      vertex -4.96516 -10.7444 0
      vertex -4.9184 -10.8075 2
      vertex -4.9184 -10.8075 0
    endloop
  endfacet
  facet normal 0.904041 -0.427446 0
    outer loop
      vertex -5.03909 10.6061 2
      vertex -5.00552 10.6771 0
      vertex -5.00552 10.6771 2
    endloop
  endfacet
  facet normal 0.904041 -0.427446 0
    outer loop
      vertex -5.00552 10.6771 0
      vertex -5.03909 10.6061 2
      vertex -5.03909 10.6061 0
    endloop
  endfacet
  facet normal -0.904041 0.427446 0
    outer loop
      vertex -2.99448 -10.6771 0
      vertex -2.96091 -10.6061 2
      vertex -2.96091 -10.6061 0
    endloop
  endfacet
  facet normal -0.904041 0.427446 0
    outer loop
      vertex -2.96091 -10.6061 2
      vertex -2.99448 -10.6771 0
      vertex -2.99448 -10.6771 2
    endloop
  endfacet
  facet normal -0.989187 0.146659 0
    outer loop
      vertex -2.91539 -10.4561 0
      vertex -2.90387 -10.3784 2
      vertex -2.90387 -10.3784 0
    endloop
  endfacet
  facet normal -0.989187 0.146659 0
    outer loop
      vertex -2.90387 -10.3784 2
      vertex -2.91539 -10.4561 0
      vertex -2.91539 -10.4561 2
    endloop
  endfacet
  facet normal -0.904041 -0.427446 0
    outer loop
      vertex -2.96091 10.6061 0
      vertex -2.99448 10.6771 2
      vertex -2.99448 10.6771 0
    endloop
  endfacet
  facet normal -0.904041 -0.427446 0
    outer loop
      vertex -2.99448 10.6771 2
      vertex -2.96091 10.6061 0
      vertex -2.96091 10.6061 2
    endloop
  endfacet
  facet normal 0.513521 -0.858077 0
    outer loop
      vertex -4.74445 10.9652 0
      vertex -4.67711 11.0055 2
      vertex -4.74445 10.9652 2
    endloop
  endfacet
  facet normal 0.513521 -0.858077 0
    outer loop
      vertex -4.67711 11.0055 2
      vertex -4.74445 10.9652 0
      vertex -4.67711 11.0055 0
    endloop
  endfacet
  facet normal 0.99879 -0.0491751 0
    outer loop
      vertex -5.09999 10.3 2
      vertex -5.09613 10.3784 0
      vertex -5.09613 10.3784 2
    endloop
  endfacet
  facet normal 0.99879 -0.0491751 0
    outer loop
      vertex -5.09613 10.3784 0
      vertex -5.09999 10.3 2
      vertex -5.09999 10.3 0
    endloop
  endfacet
  facet normal 0.427906 -0.903823 0
    outer loop
      vertex -4.67711 11.0055 0
      vertex -4.60614 11.0391 2
      vertex -4.67711 11.0055 2
    endloop
  endfacet
  facet normal 0.427906 -0.903823 0
    outer loop
      vertex -4.60614 11.0391 2
      vertex -4.67711 11.0055 0
      vertex -4.60614 11.0391 0
    endloop
  endfacet
  facet normal 0.904041 0.427446 0
    outer loop
      vertex -5.00552 -10.6771 2
      vertex -5.03909 -10.6061 0
      vertex -5.03909 -10.6061 2
    endloop
  endfacet
  facet normal 0.904041 0.427446 0
    outer loop
      vertex -5.03909 -10.6061 0
      vertex -5.00552 -10.6771 2
      vertex -5.00552 -10.6771 0
    endloop
  endfacet
  facet normal 0.336296 -0.941756 0
    outer loop
      vertex -4.60614 11.0391 0
      vertex -4.53221 11.0655 2
      vertex -4.60614 11.0391 2
    endloop
  endfacet
  facet normal 0.336296 -0.941756 0
    outer loop
      vertex -4.53221 11.0655 2
      vertex -4.60614 11.0391 0
      vertex -4.53221 11.0655 0
    endloop
  endfacet
  facet normal 0.80344 -0.595386 0
    outer loop
      vertex -4.96516 10.7444 2
      vertex -4.9184 10.8075 0
      vertex -4.9184 10.8075 2
    endloop
  endfacet
  facet normal 0.80344 -0.595386 0
    outer loop
      vertex -4.9184 10.8075 0
      vertex -4.96516 10.7444 2
      vertex -4.96516 10.7444 0
    endloop
  endfacet
  facet normal 0.336296 0.941756 -0
    outer loop
      vertex -4.53221 -11.0655 0
      vertex -4.60614 -11.0391 2
      vertex -4.53221 -11.0655 2
    endloop
  endfacet
  facet normal 0.336296 0.941756 0
    outer loop
      vertex -4.60614 -11.0391 2
      vertex -4.53221 -11.0655 0
      vertex -4.60614 -11.0391 0
    endloop
  endfacet
  facet normal -0.741137 0.671353 0
    outer loop
      vertex -3.13432 -10.8657 0
      vertex -3.0816 -10.8075 2
      vertex -3.0816 -10.8075 0
    endloop
  endfacet
  facet normal -0.741137 0.671353 0
    outer loop
      vertex -3.0816 -10.8075 2
      vertex -3.13432 -10.8657 0
      vertex -3.13432 -10.8657 2
    endloop
  endfacet
  facet normal -0.513521 -0.858077 0
    outer loop
      vertex -3.32289 11.0055 0
      vertex -3.25555 10.9652 2
      vertex -3.32289 11.0055 2
    endloop
  endfacet
  facet normal -0.513521 -0.858077 -0
    outer loop
      vertex -3.25555 10.9652 2
      vertex -3.32289 11.0055 0
      vertex -3.25555 10.9652 0
    endloop
  endfacet
  facet normal -0.857605 0.514308 0
    outer loop
      vertex -3.03484 -10.7444 0
      vertex -2.99448 -10.6771 2
      vertex -2.99448 -10.6771 0
    endloop
  endfacet
  facet normal -0.857605 0.514308 0
    outer loop
      vertex -2.99448 -10.6771 2
      vertex -3.03484 -10.7444 0
      vertex -3.03484 -10.7444 2
    endloop
  endfacet
  facet normal 0 -1 0
    outer loop
      vertex -4.29999 11.1 0
      vertex -3.70001 11.1 2
      vertex -4.29999 11.1 2
    endloop
  endfacet
  facet normal 0 -1 -0
    outer loop
      vertex -3.70001 11.1 2
      vertex -4.29999 11.1 0
      vertex -3.70001 11.1 0
    endloop
  endfacet
  facet normal -0.970007 -0.243075 0
    outer loop
      vertex -2.91539 10.4561 0
      vertex -2.93446 10.5322 2
      vertex -2.93446 10.5322 0
    endloop
  endfacet
  facet normal -0.970007 -0.243075 0
    outer loop
      vertex -2.93446 10.5322 2
      vertex -2.91539 10.4561 0
      vertex -2.91539 10.4561 2
    endloop
  endfacet
  facet normal -0.989187 -0.146659 0
    outer loop
      vertex -2.90387 10.3784 0
      vertex -2.91539 10.4561 2
      vertex -2.91539 10.4561 0
    endloop
  endfacet
  facet normal -0.989187 -0.146659 0
    outer loop
      vertex -2.91539 10.4561 2
      vertex -2.90387 10.3784 0
      vertex -2.90387 10.3784 2
    endloop
  endfacet
  facet normal -0.970007 0.243075 0
    outer loop
      vertex -2.93446 -10.5322 0
      vertex -2.91539 -10.4561 2
      vertex -2.91539 -10.4561 0
    endloop
  endfacet
  facet normal -0.970007 0.243075 0
    outer loop
      vertex -2.91539 -10.4561 2
      vertex -2.93446 -10.5322 0
      vertex -2.93446 -10.5322 2
    endloop
  endfacet
  facet normal 0.0496771 -0.998765 0
    outer loop
      vertex -4.3784 11.0961 0
      vertex -4.29999 11.1 2
      vertex -4.3784 11.0961 2
    endloop
  endfacet
  facet normal 0.0496771 -0.998765 0
    outer loop
      vertex -4.29999 11.1 2
      vertex -4.3784 11.0961 0
      vertex -4.29999 11.1 0
    endloop
  endfacet
  facet normal -0.146502 -0.98921 0
    outer loop
      vertex -3.6216 11.0961 0
      vertex -3.54395 11.0846 2
      vertex -3.6216 11.0961 2
    endloop
  endfacet
  facet normal -0.146502 -0.98921 -0
    outer loop
      vertex -3.54395 11.0846 2
      vertex -3.6216 11.0961 0
      vertex -3.54395 11.0846 0
    endloop
  endfacet
  facet normal -0.336296 -0.941756 0
    outer loop
      vertex -3.46779 11.0655 0
      vertex -3.39386 11.0391 2
      vertex -3.46779 11.0655 2
    endloop
  endfacet
  facet normal -0.336296 -0.941756 -0
    outer loop
      vertex -3.39386 11.0391 2
      vertex -3.46779 11.0655 0
      vertex -3.39386 11.0391 0
    endloop
  endfacet
  facet normal -0.99879 0.0491751 0
    outer loop
      vertex -2.90387 -10.3784 0
      vertex -2.90001 -10.3 2
      vertex -2.90001 -10.3 0
    endloop
  endfacet
  facet normal -0.99879 0.0491751 0
    outer loop
      vertex -2.90001 -10.3 2
      vertex -2.90387 -10.3784 0
      vertex -2.90387 -10.3784 2
    endloop
  endfacet
  facet normal -0.0496771 -0.998765 0
    outer loop
      vertex -3.70001 11.1 0
      vertex -3.6216 11.0961 2
      vertex -3.70001 11.1 2
    endloop
  endfacet
  facet normal -0.0496771 -0.998765 -0
    outer loop
      vertex -3.6216 11.0961 2
      vertex -3.70001 11.1 0
      vertex -3.6216 11.0961 0
    endloop
  endfacet
  facet normal -0.427906 -0.903823 0
    outer loop
      vertex -3.39386 11.0391 0
      vertex -3.32289 11.0055 2
      vertex -3.39386 11.0391 2
    endloop
  endfacet
  facet normal -0.427906 -0.903823 -0
    outer loop
      vertex -3.32289 11.0055 2
      vertex -3.39386 11.0391 0
      vertex -3.32289 11.0055 0
    endloop
  endfacet
  facet normal -0.80344 0.595386 0
    outer loop
      vertex -3.0816 -10.8075 0
      vertex -3.03484 -10.7444 2
      vertex -3.03484 -10.7444 0
    endloop
  endfacet
  facet normal -0.80344 0.595386 0
    outer loop
      vertex -3.03484 -10.7444 2
      vertex -3.0816 -10.8075 0
      vertex -3.0816 -10.8075 2
    endloop
  endfacet
  facet normal -0.67134 0.741149 0
    outer loop
      vertex -3.13432 -10.8657 0
      vertex -3.1925 -10.9184 2
      vertex -3.13432 -10.8657 2
    endloop
  endfacet
  facet normal -0.67134 0.741149 0
    outer loop
      vertex -3.1925 -10.9184 2
      vertex -3.13432 -10.8657 0
      vertex -3.1925 -10.9184 0
    endloop
  endfacet
  facet normal -0.596019 0.80297 0
    outer loop
      vertex 4.8075 -10.9184 0
      vertex 4.74445 -10.9652 2
      vertex 4.8075 -10.9184 2
    endloop
  endfacet
  facet normal -0.596019 0.80297 0
    outer loop
      vertex 4.74445 -10.9652 2
      vertex 4.8075 -10.9184 0
      vertex 4.74445 -10.9652 0
    endloop
  endfacet
  facet normal -0.513521 0.858077 0
    outer loop
      vertex 4.74445 -10.9652 0
      vertex 4.67711 -11.0055 2
      vertex 4.74445 -10.9652 2
    endloop
  endfacet
  facet normal -0.513521 0.858077 0
    outer loop
      vertex 4.67711 -11.0055 2
      vertex 4.74445 -10.9652 0
      vertex 4.67711 -11.0055 0
    endloop
  endfacet
  facet normal 1 -0 0
    outer loop
      vertex 2.90001 -10.3 2
      vertex 2.90001 10.3 0
      vertex 2.90001 10.3 2
    endloop
  endfacet
  facet normal 1 0 0
    outer loop
      vertex 2.90001 10.3 0
      vertex 2.90001 -10.3 2
      vertex 2.90001 -10.3 0
    endloop
  endfacet
  facet normal -0.941511 -0.336982 0
    outer loop
      vertex 5.06554 10.5322 0
      vertex 5.03909 10.6061 2
      vertex 5.03909 10.6061 0
    endloop
  endfacet
  facet normal -0.941511 -0.336982 0
    outer loop
      vertex 5.03909 10.6061 2
      vertex 5.06554 10.5322 0
      vertex 5.06554 10.5322 2
    endloop
  endfacet
  facet normal -0.336296 0.941756 0
    outer loop
      vertex 4.60614 -11.0391 0
      vertex 4.53221 -11.0655 2
      vertex 4.60614 -11.0391 2
    endloop
  endfacet
  facet normal -0.336296 0.941756 0
    outer loop
      vertex 4.53221 -11.0655 2
      vertex 4.60614 -11.0391 0
      vertex 4.53221 -11.0655 0
    endloop
  endfacet
  facet normal 0.941511 -0.336982 0
    outer loop
      vertex 2.93446 10.5322 2
      vertex 2.96091 10.6061 0
      vertex 2.96091 10.6061 2
    endloop
  endfacet
  facet normal 0.941511 -0.336982 0
    outer loop
      vertex 2.96091 10.6061 0
      vertex 2.93446 10.5322 2
      vertex 2.93446 10.5322 0
    endloop
  endfacet
  facet normal 0.67134 -0.741149 0
    outer loop
      vertex 3.13432 10.8657 0
      vertex 3.1925 10.9184 2
      vertex 3.13432 10.8657 2
    endloop
  endfacet
  facet normal 0.67134 -0.741149 0
    outer loop
      vertex 3.1925 10.9184 2
      vertex 3.13432 10.8657 0
      vertex 3.1925 10.9184 0
    endloop
  endfacet
  facet normal -0.0496771 0.998765 0
    outer loop
      vertex 4.3784 -11.0961 0
      vertex 4.29999 -11.1 2
      vertex 4.3784 -11.0961 2
    endloop
  endfacet
  facet normal -0.0496771 0.998765 0
    outer loop
      vertex 4.29999 -11.1 2
      vertex 4.3784 -11.0961 0
      vertex 4.29999 -11.1 0
    endloop
  endfacet
  facet normal 0.989187 0.146659 0
    outer loop
      vertex 2.91539 -10.4561 2
      vertex 2.90387 -10.3784 0
      vertex 2.90387 -10.3784 2
    endloop
  endfacet
  facet normal 0.989187 0.146659 0
    outer loop
      vertex 2.90387 -10.3784 0
      vertex 2.91539 -10.4561 2
      vertex 2.91539 -10.4561 0
    endloop
  endfacet
  facet normal -0.941511 0.336982 0
    outer loop
      vertex 5.03909 -10.6061 0
      vertex 5.06554 -10.5322 2
      vertex 5.06554 -10.5322 0
    endloop
  endfacet
  facet normal -0.941511 0.336982 0
    outer loop
      vertex 5.06554 -10.5322 2
      vertex 5.03909 -10.6061 0
      vertex 5.03909 -10.6061 2
    endloop
  endfacet
  facet normal -1 0 0
    outer loop
      vertex 5.09999 -10.3 0
      vertex 5.09999 10.3 2
      vertex 5.09999 10.3 0
    endloop
  endfacet
  facet normal -1 -0 0
    outer loop
      vertex 5.09999 10.3 2
      vertex 5.09999 -10.3 0
      vertex 5.09999 -10.3 2
    endloop
  endfacet
  facet normal 0.146502 0.98921 -0
    outer loop
      vertex 3.6216 -11.0961 0
      vertex 3.54395 -11.0846 2
      vertex 3.6216 -11.0961 2
    endloop
  endfacet
  facet normal 0.146502 0.98921 0
    outer loop
      vertex 3.54395 -11.0846 2
      vertex 3.6216 -11.0961 0
      vertex 3.54395 -11.0846 0
    endloop
  endfacet
  facet normal -0.427906 0.903823 0
    outer loop
      vertex 4.67711 -11.0055 0
      vertex 4.60614 -11.0391 2
      vertex 4.67711 -11.0055 2
    endloop
  endfacet
  facet normal -0.427906 0.903823 0
    outer loop
      vertex 4.60614 -11.0391 2
      vertex 4.67711 -11.0055 0
      vertex 4.60614 -11.0391 0
    endloop
  endfacet
  facet normal -0.596019 -0.80297 0
    outer loop
      vertex 4.74445 10.9652 0
      vertex 4.8075 10.9184 2
      vertex 4.74445 10.9652 2
    endloop
  endfacet
  facet normal -0.596019 -0.80297 -0
    outer loop
      vertex 4.8075 10.9184 2
      vertex 4.74445 10.9652 0
      vertex 4.8075 10.9184 0
    endloop
  endfacet
  facet normal 0.941511 0.336982 0
    outer loop
      vertex 2.96091 -10.6061 2
      vertex 2.93446 -10.5322 0
      vertex 2.93446 -10.5322 2
    endloop
  endfacet
  facet normal 0.941511 0.336982 0
    outer loop
      vertex 2.93446 -10.5322 0
      vertex 2.96091 -10.6061 2
      vertex 2.96091 -10.6061 0
    endloop
  endfacet
  facet normal 0.741137 0.671353 0
    outer loop
      vertex 3.13432 -10.8657 2
      vertex 3.0816 -10.8075 0
      vertex 3.0816 -10.8075 2
    endloop
  endfacet
  facet normal 0.741137 0.671353 0
    outer loop
      vertex 3.0816 -10.8075 0
      vertex 3.13432 -10.8657 2
      vertex 3.13432 -10.8657 0
    endloop
  endfacet
  facet normal 0.99879 0.0491751 0
    outer loop
      vertex 2.90387 -10.3784 2
      vertex 2.90001 -10.3 0
      vertex 2.90001 -10.3 2
    endloop
  endfacet
  facet normal 0.99879 0.0491751 0
    outer loop
      vertex 2.90001 -10.3 0
      vertex 2.90387 -10.3784 2
      vertex 2.90387 -10.3784 0
    endloop
  endfacet
  facet normal 0.0496771 0.998765 -0
    outer loop
      vertex 3.70001 -11.1 0
      vertex 3.6216 -11.0961 2
      vertex 3.70001 -11.1 2
    endloop
  endfacet
  facet normal 0.0496771 0.998765 0
    outer loop
      vertex 3.6216 -11.0961 2
      vertex 3.70001 -11.1 0
      vertex 3.6216 -11.0961 0
    endloop
  endfacet
  facet normal 0.243255 -0.969962 0
    outer loop
      vertex 3.46779 11.0655 0
      vertex 3.54395 11.0846 2
      vertex 3.46779 11.0655 2
    endloop
  endfacet
  facet normal 0.243255 -0.969962 0
    outer loop
      vertex 3.54395 11.0846 2
      vertex 3.46779 11.0655 0
      vertex 3.54395 11.0846 0
    endloop
  endfacet
  facet normal -0.146502 0.98921 0
    outer loop
      vertex 4.45605 -11.0846 0
      vertex 4.3784 -11.0961 2
      vertex 4.45605 -11.0846 2
    endloop
  endfacet
  facet normal -0.146502 0.98921 0
    outer loop
      vertex 4.3784 -11.0961 2
      vertex 4.45605 -11.0846 0
      vertex 4.3784 -11.0961 0
    endloop
  endfacet
  facet normal -0.243255 0.969962 0
    outer loop
      vertex 4.53221 -11.0655 0
      vertex 4.45605 -11.0846 2
      vertex 4.53221 -11.0655 2
    endloop
  endfacet
  facet normal -0.243255 0.969962 0
    outer loop
      vertex 4.45605 -11.0846 2
      vertex 4.53221 -11.0655 0
      vertex 4.45605 -11.0846 0
    endloop
  endfacet
  facet normal 0.857605 -0.514308 0
    outer loop
      vertex 2.99448 10.6771 2
      vertex 3.03484 10.7444 0
      vertex 3.03484 10.7444 2
    endloop
  endfacet
  facet normal 0.857605 -0.514308 0
    outer loop
      vertex 3.03484 10.7444 0
      vertex 2.99448 10.6771 2
      vertex 2.99448 10.6771 0
    endloop
  endfacet
  facet normal -0.857605 -0.514308 0
    outer loop
      vertex 5.00552 10.6771 0
      vertex 4.96516 10.7444 2
      vertex 4.96516 10.7444 0
    endloop
  endfacet
  facet normal -0.857605 -0.514308 0
    outer loop
      vertex 4.96516 10.7444 2
      vertex 5.00552 10.6771 0
      vertex 5.00552 10.6771 2
    endloop
  endfacet
  facet normal -0.99879 -0.0491751 0
    outer loop
      vertex 5.09999 10.3 0
      vertex 5.09613 10.3784 2
      vertex 5.09613 10.3784 0
    endloop
  endfacet
  facet normal -0.99879 -0.0491751 0
    outer loop
      vertex 5.09613 10.3784 2
      vertex 5.09999 10.3 0
      vertex 5.09999 10.3 2
    endloop
  endfacet
  facet normal 0.970007 -0.243075 0
    outer loop
      vertex 2.91539 10.4561 2
      vertex 2.93446 10.5322 0
      vertex 2.93446 10.5322 2
    endloop
  endfacet
  facet normal 0.970007 -0.243075 0
    outer loop
      vertex 2.93446 10.5322 0
      vertex 2.91539 10.4561 2
      vertex 2.91539 10.4561 0
    endloop
  endfacet
  facet normal 0.857605 0.514308 0
    outer loop
      vertex 3.03484 -10.7444 2
      vertex 2.99448 -10.6771 0
      vertex 2.99448 -10.6771 2
    endloop
  endfacet
  facet normal 0.857605 0.514308 0
    outer loop
      vertex 2.99448 -10.6771 0
      vertex 3.03484 -10.7444 2
      vertex 3.03484 -10.7444 0
    endloop
  endfacet
  facet normal 0 1 -0
    outer loop
      vertex 4.29999 -11.1 0
      vertex 3.70001 -11.1 2
      vertex 4.29999 -11.1 2
    endloop
  endfacet
  facet normal 0 1 0
    outer loop
      vertex 3.70001 -11.1 2
      vertex 4.29999 -11.1 0
      vertex 3.70001 -11.1 0
    endloop
  endfacet
  facet normal 0.596019 -0.80297 0
    outer loop
      vertex 3.1925 10.9184 0
      vertex 3.25555 10.9652 2
      vertex 3.1925 10.9184 2
    endloop
  endfacet
  facet normal 0.596019 -0.80297 0
    outer loop
      vertex 3.25555 10.9652 2
      vertex 3.1925 10.9184 0
      vertex 3.25555 10.9652 0
    endloop
  endfacet
  facet normal 0.243255 0.969962 -0
    outer loop
      vertex 3.54395 -11.0846 0
      vertex 3.46779 -11.0655 2
      vertex 3.54395 -11.0846 2
    endloop
  endfacet
  facet normal 0.243255 0.969962 0
    outer loop
      vertex 3.46779 -11.0655 2
      vertex 3.54395 -11.0846 0
      vertex 3.46779 -11.0655 0
    endloop
  endfacet
  facet normal 0.513521 0.858077 -0
    outer loop
      vertex 3.32289 -11.0055 0
      vertex 3.25555 -10.9652 2
      vertex 3.32289 -11.0055 2
    endloop
  endfacet
  facet normal 0.513521 0.858077 0
    outer loop
      vertex 3.25555 -10.9652 2
      vertex 3.32289 -11.0055 0
      vertex 3.25555 -10.9652 0
    endloop
  endfacet
  facet normal 0.67134 0.741149 -0
    outer loop
      vertex 3.1925 -10.9184 0
      vertex 3.13432 -10.8657 2
      vertex 3.1925 -10.9184 2
    endloop
  endfacet
  facet normal 0.67134 0.741149 0
    outer loop
      vertex 3.13432 -10.8657 2
      vertex 3.1925 -10.9184 0
      vertex 3.13432 -10.8657 0
    endloop
  endfacet
  facet normal -0.67134 -0.741149 0
    outer loop
      vertex 4.8075 10.9184 0
      vertex 4.86568 10.8657 2
      vertex 4.8075 10.9184 2
    endloop
  endfacet
  facet normal -0.67134 -0.741149 -0
    outer loop
      vertex 4.86568 10.8657 2
      vertex 4.8075 10.9184 0
      vertex 4.86568 10.8657 0
    endloop
  endfacet
  facet normal 0.596019 0.80297 -0
    outer loop
      vertex 3.25555 -10.9652 0
      vertex 3.1925 -10.9184 2
      vertex 3.25555 -10.9652 2
    endloop
  endfacet
  facet normal 0.596019 0.80297 0
    outer loop
      vertex 3.1925 -10.9184 2
      vertex 3.25555 -10.9652 0
      vertex 3.1925 -10.9184 0
    endloop
  endfacet
  facet normal 0.970007 0.243075 0
    outer loop
      vertex 2.93446 -10.5322 2
      vertex 2.91539 -10.4561 0
      vertex 2.91539 -10.4561 2
    endloop
  endfacet
  facet normal 0.970007 0.243075 0
    outer loop
      vertex 2.91539 -10.4561 0
      vertex 2.93446 -10.5322 2
      vertex 2.93446 -10.5322 0
    endloop
  endfacet
  facet normal 0.989187 -0.146659 0
    outer loop
      vertex 2.90387 10.3784 2
      vertex 2.91539 10.4561 0
      vertex 2.91539 10.4561 2
    endloop
  endfacet
  facet normal 0.989187 -0.146659 0
    outer loop
      vertex 2.91539 10.4561 0
      vertex 2.90387 10.3784 2
      vertex 2.90387 10.3784 0
    endloop
  endfacet
  facet normal 0.741137 -0.671353 0
    outer loop
      vertex 3.0816 10.8075 2
      vertex 3.13432 10.8657 0
      vertex 3.13432 10.8657 2
    endloop
  endfacet
  facet normal 0.741137 -0.671353 0
    outer loop
      vertex 3.13432 10.8657 0
      vertex 3.0816 10.8075 2
      vertex 3.0816 10.8075 0
    endloop
  endfacet
  facet normal -0.80344 -0.595386 0
    outer loop
      vertex 4.96516 10.7444 0
      vertex 4.9184 10.8075 2
      vertex 4.9184 10.8075 0
    endloop
  endfacet
  facet normal -0.80344 -0.595386 0
    outer loop
      vertex 4.9184 10.8075 2
      vertex 4.96516 10.7444 0
      vertex 4.96516 10.7444 2
    endloop
  endfacet
  facet normal -0.243255 -0.969962 0
    outer loop
      vertex 4.45605 11.0846 0
      vertex 4.53221 11.0655 2
      vertex 4.45605 11.0846 2
    endloop
  endfacet
  facet normal -0.243255 -0.969962 -0
    outer loop
      vertex 4.53221 11.0655 2
      vertex 4.45605 11.0846 0
      vertex 4.53221 11.0655 0
    endloop
  endfacet
  facet normal 0.146502 -0.98921 0
    outer loop
      vertex 3.54395 11.0846 0
      vertex 3.6216 11.0961 2
      vertex 3.54395 11.0846 2
    endloop
  endfacet
  facet normal 0.146502 -0.98921 0
    outer loop
      vertex 3.6216 11.0961 2
      vertex 3.54395 11.0846 0
      vertex 3.6216 11.0961 0
    endloop
  endfacet
  facet normal 0.427906 0.903823 -0
    outer loop
      vertex 3.39386 -11.0391 0
      vertex 3.32289 -11.0055 2
      vertex 3.39386 -11.0391 2
    endloop
  endfacet
  facet normal 0.427906 0.903823 0
    outer loop
      vertex 3.32289 -11.0055 2
      vertex 3.39386 -11.0391 0
      vertex 3.32289 -11.0055 0
    endloop
  endfacet
  facet normal 0.80344 0.595386 0
    outer loop
      vertex 3.0816 -10.8075 2
      vertex 3.03484 -10.7444 0
      vertex 3.03484 -10.7444 2
    endloop
  endfacet
  facet normal 0.80344 0.595386 0
    outer loop
      vertex 3.03484 -10.7444 0
      vertex 3.0816 -10.8075 2
      vertex 3.0816 -10.8075 0
    endloop
  endfacet
  facet normal 0.904041 -0.427446 0
    outer loop
      vertex 2.96091 10.6061 2
      vertex 2.99448 10.6771 0
      vertex 2.99448 10.6771 2
    endloop
  endfacet
  facet normal 0.904041 -0.427446 0
    outer loop
      vertex 2.99448 10.6771 0
      vertex 2.96091 10.6061 2
      vertex 2.96091 10.6061 0
    endloop
  endfacet
  facet normal -0.904041 0.427446 0
    outer loop
      vertex 5.00552 -10.6771 0
      vertex 5.03909 -10.6061 2
      vertex 5.03909 -10.6061 0
    endloop
  endfacet
  facet normal -0.904041 0.427446 0
    outer loop
      vertex 5.03909 -10.6061 2
      vertex 5.00552 -10.6771 0
      vertex 5.00552 -10.6771 2
    endloop
  endfacet
  facet normal -0.989187 0.146659 0
    outer loop
      vertex 5.08461 -10.4561 0
      vertex 5.09613 -10.3784 2
      vertex 5.09613 -10.3784 0
    endloop
  endfacet
  facet normal -0.989187 0.146659 0
    outer loop
      vertex 5.09613 -10.3784 2
      vertex 5.08461 -10.4561 0
      vertex 5.08461 -10.4561 2
    endloop
  endfacet
  facet normal -0.904041 -0.427446 0
    outer loop
      vertex 5.03909 10.6061 0
      vertex 5.00552 10.6771 2
      vertex 5.00552 10.6771 0
    endloop
  endfacet
  facet normal -0.904041 -0.427446 0
    outer loop
      vertex 5.00552 10.6771 2
      vertex 5.03909 10.6061 0
      vertex 5.03909 10.6061 2
    endloop
  endfacet
  facet normal 0.513521 -0.858077 0
    outer loop
      vertex 3.25555 10.9652 0
      vertex 3.32289 11.0055 2
      vertex 3.25555 10.9652 2
    endloop
  endfacet
  facet normal 0.513521 -0.858077 0
    outer loop
      vertex 3.32289 11.0055 2
      vertex 3.25555 10.9652 0
      vertex 3.32289 11.0055 0
    endloop
  endfacet
  facet normal 0.99879 -0.0491751 0
    outer loop
      vertex 2.90001 10.3 2
      vertex 2.90387 10.3784 0
      vertex 2.90387 10.3784 2
    endloop
  endfacet
  facet normal 0.99879 -0.0491751 0
    outer loop
      vertex 2.90387 10.3784 0
      vertex 2.90001 10.3 2
      vertex 2.90001 10.3 0
    endloop
  endfacet
  facet normal 0.427906 -0.903823 0
    outer loop
      vertex 3.32289 11.0055 0
      vertex 3.39386 11.0391 2
      vertex 3.32289 11.0055 2
    endloop
  endfacet
  facet normal 0.427906 -0.903823 0
    outer loop
      vertex 3.39386 11.0391 2
      vertex 3.32289 11.0055 0
      vertex 3.39386 11.0391 0
    endloop
  endfacet
  facet normal 0.904041 0.427446 0
    outer loop
      vertex 2.99448 -10.6771 2
      vertex 2.96091 -10.6061 0
      vertex 2.96091 -10.6061 2
    endloop
  endfacet
  facet normal 0.904041 0.427446 0
    outer loop
      vertex 2.96091 -10.6061 0
      vertex 2.99448 -10.6771 2
      vertex 2.99448 -10.6771 0
    endloop
  endfacet
  facet normal 0.336296 -0.941756 0
    outer loop
      vertex 3.39386 11.0391 0
      vertex 3.46779 11.0655 2
      vertex 3.39386 11.0391 2
    endloop
  endfacet
  facet normal 0.336296 -0.941756 0
    outer loop
      vertex 3.46779 11.0655 2
      vertex 3.39386 11.0391 0
      vertex 3.46779 11.0655 0
    endloop
  endfacet
  facet normal 0.80344 -0.595386 0
    outer loop
      vertex 3.03484 10.7444 2
      vertex 3.0816 10.8075 0
      vertex 3.0816 10.8075 2
    endloop
  endfacet
  facet normal 0.80344 -0.595386 0
    outer loop
      vertex 3.0816 10.8075 0
      vertex 3.03484 10.7444 2
      vertex 3.03484 10.7444 0
    endloop
  endfacet
  facet normal 0.336296 0.941756 -0
    outer loop
      vertex 3.46779 -11.0655 0
      vertex 3.39386 -11.0391 2
      vertex 3.46779 -11.0655 2
    endloop
  endfacet
  facet normal 0.336296 0.941756 0
    outer loop
      vertex 3.39386 -11.0391 2
      vertex 3.46779 -11.0655 0
      vertex 3.39386 -11.0391 0
    endloop
  endfacet
  facet normal -0.741137 0.671353 0
    outer loop
      vertex 4.86568 -10.8657 0
      vertex 4.9184 -10.8075 2
      vertex 4.9184 -10.8075 0
    endloop
  endfacet
  facet normal -0.741137 0.671353 0
    outer loop
      vertex 4.9184 -10.8075 2
      vertex 4.86568 -10.8657 0
      vertex 4.86568 -10.8657 2
    endloop
  endfacet
  facet normal -0.513521 -0.858077 0
    outer loop
      vertex 4.67711 11.0055 0
      vertex 4.74445 10.9652 2
      vertex 4.67711 11.0055 2
    endloop
  endfacet
  facet normal -0.513521 -0.858077 -0
    outer loop
      vertex 4.74445 10.9652 2
      vertex 4.67711 11.0055 0
      vertex 4.74445 10.9652 0
    endloop
  endfacet
  facet normal -0.989187 -0.146659 0
    outer loop
      vertex 5.09613 10.3784 0
      vertex 5.08461 10.4561 2
      vertex 5.08461 10.4561 0
    endloop
  endfacet
  facet normal -0.989187 -0.146659 0
    outer loop
      vertex 5.08461 10.4561 2
      vertex 5.09613 10.3784 0
      vertex 5.09613 10.3784 2
    endloop
  endfacet
  facet normal -0.857605 0.514308 0
    outer loop
      vertex 4.96516 -10.7444 0
      vertex 5.00552 -10.6771 2
      vertex 5.00552 -10.6771 0
    endloop
  endfacet
  facet normal -0.857605 0.514308 0
    outer loop
      vertex 5.00552 -10.6771 2
      vertex 4.96516 -10.7444 0
      vertex 4.96516 -10.7444 2
    endloop
  endfacet
  facet normal 0 -1 0
    outer loop
      vertex 3.70001 11.1 0
      vertex 4.29999 11.1 2
      vertex 3.70001 11.1 2
    endloop
  endfacet
  facet normal 0 -1 -0
    outer loop
      vertex 4.29999 11.1 2
      vertex 3.70001 11.1 0
      vertex 4.29999 11.1 0
    endloop
  endfacet
  facet normal -0.970007 -0.243075 0
    outer loop
      vertex 5.08461 10.4561 0
      vertex 5.06554 10.5322 2
      vertex 5.06554 10.5322 0
    endloop
  endfacet
  facet normal -0.970007 -0.243075 0
    outer loop
      vertex 5.06554 10.5322 2
      vertex 5.08461 10.4561 0
      vertex 5.08461 10.4561 2
    endloop
  endfacet
  facet normal -0.970007 0.243075 0
    outer loop
      vertex 5.06554 -10.5322 0
      vertex 5.08461 -10.4561 2
      vertex 5.08461 -10.4561 0
    endloop
  endfacet
  facet normal -0.970007 0.243075 0
    outer loop
      vertex 5.08461 -10.4561 2
      vertex 5.06554 -10.5322 0
      vertex 5.06554 -10.5322 2
    endloop
  endfacet
  facet normal 0.0496771 -0.998765 0
    outer loop
      vertex 3.6216 11.0961 0
      vertex 3.70001 11.1 2
      vertex 3.6216 11.0961 2
    endloop
  endfacet
  facet normal 0.0496771 -0.998765 0
    outer loop
      vertex 3.70001 11.1 2
      vertex 3.6216 11.0961 0
      vertex 3.70001 11.1 0
    endloop
  endfacet
  facet normal -0.146502 -0.98921 0
    outer loop
      vertex 4.3784 11.0961 0
      vertex 4.45605 11.0846 2
      vertex 4.3784 11.0961 2
    endloop
  endfacet
  facet normal -0.146502 -0.98921 -0
    outer loop
      vertex 4.45605 11.0846 2
      vertex 4.3784 11.0961 0
      vertex 4.45605 11.0846 0
    endloop
  endfacet
  facet normal -0.336296 -0.941756 0
    outer loop
      vertex 4.53221 11.0655 0
      vertex 4.60614 11.0391 2
      vertex 4.53221 11.0655 2
    endloop
  endfacet
  facet normal -0.336296 -0.941756 -0
    outer loop
      vertex 4.60614 11.0391 2
      vertex 4.53221 11.0655 0
      vertex 4.60614 11.0391 0
    endloop
  endfacet
  facet normal -0.741137 -0.671353 0
    outer loop
      vertex 4.9184 10.8075 0
      vertex 4.86568 10.8657 2
      vertex 4.86568 10.8657 0
    endloop
  endfacet
  facet normal -0.741137 -0.671353 0
    outer loop
      vertex 4.86568 10.8657 2
      vertex 4.9184 10.8075 0
      vertex 4.9184 10.8075 2
    endloop
  endfacet
  facet normal -0.99879 0.0491751 0
    outer loop
      vertex 5.09613 -10.3784 0
      vertex 5.09999 -10.3 2
      vertex 5.09999 -10.3 0
    endloop
  endfacet
  facet normal -0.99879 0.0491751 0
    outer loop
      vertex 5.09999 -10.3 2
      vertex 5.09613 -10.3784 0
      vertex 5.09613 -10.3784 2
    endloop
  endfacet
  facet normal -0.0496771 -0.998765 0
    outer loop
      vertex 4.29999 11.1 0
      vertex 4.3784 11.0961 2
      vertex 4.29999 11.1 2
    endloop
  endfacet
  facet normal -0.0496771 -0.998765 -0
    outer loop
      vertex 4.3784 11.0961 2
      vertex 4.29999 11.1 0
      vertex 4.3784 11.0961 0
    endloop
  endfacet
  facet normal -0.427906 -0.903823 0
    outer loop
      vertex 4.60614 11.0391 0
      vertex 4.67711 11.0055 2
      vertex 4.60614 11.0391 2
    endloop
  endfacet
  facet normal -0.427906 -0.903823 -0
    outer loop
      vertex 4.67711 11.0055 2
      vertex 4.60614 11.0391 0
      vertex 4.67711 11.0055 0
    endloop
  endfacet
  facet normal -0.80344 0.595386 0
    outer loop
      vertex 4.9184 -10.8075 0
      vertex 4.96516 -10.7444 2
      vertex 4.96516 -10.7444 0
    endloop
  endfacet
  facet normal -0.80344 0.595386 0
    outer loop
      vertex 4.96516 -10.7444 2
      vertex 4.9184 -10.8075 0
      vertex 4.9184 -10.8075 2
    endloop
  endfacet
  facet normal -0.67134 0.741149 0
    outer loop
      vertex 4.86568 -10.8657 0
      vertex 4.8075 -10.9184 2
      vertex 4.86568 -10.8657 2
    endloop
  endfacet
  facet normal -0.67134 0.741149 0
    outer loop
      vertex 4.8075 -10.9184 2
      vertex 4.86568 -10.8657 0
      vertex 4.8075 -10.9184 0
    endloop
  endfacet
  facet normal -0.595715 0.803196 0
    outer loop
      vertex 12.8075 -10.9184 0
      vertex 12.7444 -10.9652 2
      vertex 12.8075 -10.9184 2
    endloop
  endfacet
  facet normal -0.595715 0.803196 0
    outer loop
      vertex 12.7444 -10.9652 2
      vertex 12.8075 -10.9184 0
      vertex 12.7444 -10.9652 0
    endloop
  endfacet
  facet normal -0.513746 0.857943 0
    outer loop
      vertex 12.7444 -10.9652 0
      vertex 12.6771 -11.0055 2
      vertex 12.7444 -10.9652 2
    endloop
  endfacet
  facet normal -0.513746 0.857943 0
    outer loop
      vertex 12.6771 -11.0055 2
      vertex 12.7444 -10.9652 0
      vertex 12.6771 -11.0055 0
    endloop
  endfacet
  facet normal 1 -0 0
    outer loop
      vertex 10.9 -10.3 2
      vertex 10.9 10.3 0
      vertex 10.9 10.3 2
    endloop
  endfacet
  facet normal 1 0 0
    outer loop
      vertex 10.9 10.3 0
      vertex 10.9 -10.3 2
      vertex 10.9 -10.3 0
    endloop
  endfacet
  facet normal -0.941713 -0.336417 0
    outer loop
      vertex 13.0655 10.5322 0
      vertex 13.0391 10.6061 2
      vertex 13.0391 10.6061 0
    endloop
  endfacet
  facet normal -0.941713 -0.336417 0
    outer loop
      vertex 13.0391 10.6061 2
      vertex 13.0655 10.5322 0
      vertex 13.0655 10.5322 2
    endloop
  endfacet
  facet normal -0.336417 0.941713 0
    outer loop
      vertex 12.6061 -11.0391 0
      vertex 12.5322 -11.0655 2
      vertex 12.6061 -11.0391 2
    endloop
  endfacet
  facet normal -0.336417 0.941713 0
    outer loop
      vertex 12.5322 -11.0655 2
      vertex 12.6061 -11.0391 0
      vertex 12.5322 -11.0655 0
    endloop
  endfacet
  facet normal 0.941713 -0.336417 0
    outer loop
      vertex 10.9345 10.5322 2
      vertex 10.9609 10.6061 0
      vertex 10.9609 10.6061 2
    endloop
  endfacet
  facet normal 0.941713 -0.336417 0
    outer loop
      vertex 10.9609 10.6061 0
      vertex 10.9345 10.5322 2
      vertex 10.9345 10.5322 0
    endloop
  endfacet
  facet normal 0.671213 -0.741264 0
    outer loop
      vertex 11.1343 10.8657 0
      vertex 11.1925 10.9184 2
      vertex 11.1343 10.8657 2
    endloop
  endfacet
  facet normal 0.671213 -0.741264 0
    outer loop
      vertex 11.1925 10.9184 2
      vertex 11.1343 10.8657 0
      vertex 11.1925 10.9184 0
    endloop
  endfacet
  facet normal -0.0496835 0.998765 0
    outer loop
      vertex 12.3784 -11.0961 0
      vertex 12.3 -11.1 2
      vertex 12.3784 -11.0961 2
    endloop
  endfacet
  facet normal -0.0496835 0.998765 0
    outer loop
      vertex 12.3 -11.1 2
      vertex 12.3784 -11.0961 0
      vertex 12.3 -11.1 0
    endloop
  endfacet
  facet normal 0.989224 0.14641 0
    outer loop
      vertex 10.9154 -10.4561 2
      vertex 10.9039 -10.3784 0
      vertex 10.9039 -10.3784 2
    endloop
  endfacet
  facet normal 0.989224 0.14641 0
    outer loop
      vertex 10.9039 -10.3784 0
      vertex 10.9154 -10.4561 2
      vertex 10.9154 -10.4561 0
    endloop
  endfacet
  facet normal -0.941713 0.336417 0
    outer loop
      vertex 13.0391 -10.6061 0
      vertex 13.0655 -10.5322 2
      vertex 13.0655 -10.5322 0
    endloop
  endfacet
  facet normal -0.941713 0.336417 0
    outer loop
      vertex 13.0655 -10.5322 2
      vertex 13.0391 -10.6061 0
      vertex 13.0391 -10.6061 2
    endloop
  endfacet
  facet normal -1 0 0
    outer loop
      vertex 13.1 -10.3 0
      vertex 13.1 10.3 2
      vertex 13.1 10.3 0
    endloop
  endfacet
  facet normal -1 -0 0
    outer loop
      vertex 13.1 10.3 2
      vertex 13.1 -10.3 0
      vertex 13.1 -10.3 2
    endloop
  endfacet
  facet normal 0.14641 0.989224 -0
    outer loop
      vertex 11.6216 -11.0961 0
      vertex 11.5439 -11.0846 2
      vertex 11.6216 -11.0961 2
    endloop
  endfacet
  facet normal 0.14641 0.989224 0
    outer loop
      vertex 11.5439 -11.0846 2
      vertex 11.6216 -11.0961 0
      vertex 11.5439 -11.0846 0
    endloop
  endfacet
  facet normal -0.427758 0.903893 0
    outer loop
      vertex 12.6771 -11.0055 0
      vertex 12.6061 -11.0391 2
      vertex 12.6771 -11.0055 2
    endloop
  endfacet
  facet normal -0.427758 0.903893 0
    outer loop
      vertex 12.6061 -11.0391 2
      vertex 12.6771 -11.0055 0
      vertex 12.6061 -11.0391 0
    endloop
  endfacet
  facet normal -0.595715 -0.803196 0
    outer loop
      vertex 12.7444 10.9652 0
      vertex 12.8075 10.9184 2
      vertex 12.7444 10.9652 2
    endloop
  endfacet
  facet normal -0.595715 -0.803196 -0
    outer loop
      vertex 12.8075 10.9184 2
      vertex 12.7444 10.9652 0
      vertex 12.8075 10.9184 0
    endloop
  endfacet
  facet normal 0.941713 0.336417 0
    outer loop
      vertex 10.9609 -10.6061 2
      vertex 10.9345 -10.5322 0
      vertex 10.9345 -10.5322 2
    endloop
  endfacet
  facet normal 0.941713 0.336417 0
    outer loop
      vertex 10.9345 -10.5322 0
      vertex 10.9609 -10.6061 2
      vertex 10.9609 -10.6061 0
    endloop
  endfacet
  facet normal 0.741264 0.671213 0
    outer loop
      vertex 11.1343 -10.8657 2
      vertex 11.0816 -10.8075 0
      vertex 11.0816 -10.8075 2
    endloop
  endfacet
  facet normal 0.741264 0.671213 0
    outer loop
      vertex 11.0816 -10.8075 0
      vertex 11.1343 -10.8657 2
      vertex 11.1343 -10.8657 0
    endloop
  endfacet
  facet normal 0.998765 0.0496835 0
    outer loop
      vertex 10.9039 -10.3784 2
      vertex 10.9 -10.3 0
      vertex 10.9 -10.3 2
    endloop
  endfacet
  facet normal 0.998765 0.0496835 0
    outer loop
      vertex 10.9 -10.3 0
      vertex 10.9039 -10.3784 2
      vertex 10.9039 -10.3784 0
    endloop
  endfacet
  facet normal 0.0496835 0.998765 -0
    outer loop
      vertex 11.7 -11.1 0
      vertex 11.6216 -11.0961 2
      vertex 11.7 -11.1 2
    endloop
  endfacet
  facet normal 0.0496835 0.998765 0
    outer loop
      vertex 11.6216 -11.0961 2
      vertex 11.7 -11.1 0
      vertex 11.6216 -11.0961 0
    endloop
  endfacet
  facet normal 0.243435 -0.969917 0
    outer loop
      vertex 11.4678 11.0655 0
      vertex 11.5439 11.0846 2
      vertex 11.4678 11.0655 2
    endloop
  endfacet
  facet normal 0.243435 -0.969917 0
    outer loop
      vertex 11.5439 11.0846 2
      vertex 11.4678 11.0655 0
      vertex 11.5439 11.0846 0
    endloop
  endfacet
  facet normal -0.14641 0.989224 0
    outer loop
      vertex 12.4561 -11.0846 0
      vertex 12.3784 -11.0961 2
      vertex 12.4561 -11.0846 2
    endloop
  endfacet
  facet normal -0.14641 0.989224 0
    outer loop
      vertex 12.3784 -11.0961 2
      vertex 12.4561 -11.0846 0
      vertex 12.3784 -11.0961 0
    endloop
  endfacet
  facet normal -0.243435 0.969917 0
    outer loop
      vertex 12.5322 -11.0655 0
      vertex 12.4561 -11.0846 2
      vertex 12.5322 -11.0655 2
    endloop
  endfacet
  facet normal -0.243435 0.969917 0
    outer loop
      vertex 12.4561 -11.0846 2
      vertex 12.5322 -11.0655 0
      vertex 12.4561 -11.0846 0
    endloop
  endfacet
  facet normal 0.857943 -0.513746 0
    outer loop
      vertex 10.9945 10.6771 2
      vertex 11.0348 10.7444 0
      vertex 11.0348 10.7444 2
    endloop
  endfacet
  facet normal 0.857943 -0.513746 0
    outer loop
      vertex 11.0348 10.7444 0
      vertex 10.9945 10.6771 2
      vertex 10.9945 10.6771 0
    endloop
  endfacet
  facet normal -0.857943 -0.513746 0
    outer loop
      vertex 13.0055 10.6771 0
      vertex 12.9652 10.7444 2
      vertex 12.9652 10.7444 0
    endloop
  endfacet
  facet normal -0.857943 -0.513746 0
    outer loop
      vertex 12.9652 10.7444 2
      vertex 13.0055 10.6771 0
      vertex 13.0055 10.6771 2
    endloop
  endfacet
  facet normal -0.998765 -0.0496835 0
    outer loop
      vertex 13.1 10.3 0
      vertex 13.0961 10.3784 2
      vertex 13.0961 10.3784 0
    endloop
  endfacet
  facet normal -0.998765 -0.0496835 0
    outer loop
      vertex 13.0961 10.3784 2
      vertex 13.1 10.3 0
      vertex 13.1 10.3 2
    endloop
  endfacet
  facet normal 0.969917 -0.243435 0
    outer loop
      vertex 10.9154 10.4561 2
      vertex 10.9345 10.5322 0
      vertex 10.9345 10.5322 2
    endloop
  endfacet
  facet normal 0.969917 -0.243435 0
    outer loop
      vertex 10.9345 10.5322 0
      vertex 10.9154 10.4561 2
      vertex 10.9154 10.4561 0
    endloop
  endfacet
  facet normal 0.857943 0.513746 0
    outer loop
      vertex 11.0348 -10.7444 2
      vertex 10.9945 -10.6771 0
      vertex 10.9945 -10.6771 2
    endloop
  endfacet
  facet normal 0.857943 0.513746 0
    outer loop
      vertex 10.9945 -10.6771 0
      vertex 11.0348 -10.7444 2
      vertex 11.0348 -10.7444 0
    endloop
  endfacet
  facet normal 0 1 -0
    outer loop
      vertex 12.3 -11.1 0
      vertex 11.7 -11.1 2
      vertex 12.3 -11.1 2
    endloop
  endfacet
  facet normal 0 1 0
    outer loop
      vertex 11.7 -11.1 2
      vertex 12.3 -11.1 0
      vertex 11.7 -11.1 0
    endloop
  endfacet
  facet normal 0.595715 -0.803196 0
    outer loop
      vertex 11.1925 10.9184 0
      vertex 11.2556 10.9652 2
      vertex 11.1925 10.9184 2
    endloop
  endfacet
  facet normal 0.595715 -0.803196 0
    outer loop
      vertex 11.2556 10.9652 2
      vertex 11.1925 10.9184 0
      vertex 11.2556 10.9652 0
    endloop
  endfacet
  facet normal 0.243435 0.969917 -0
    outer loop
      vertex 11.5439 -11.0846 0
      vertex 11.4678 -11.0655 2
      vertex 11.5439 -11.0846 2
    endloop
  endfacet
  facet normal 0.243435 0.969917 0
    outer loop
      vertex 11.4678 -11.0655 2
      vertex 11.5439 -11.0846 0
      vertex 11.4678 -11.0655 0
    endloop
  endfacet
  facet normal 0.513746 0.857943 -0
    outer loop
      vertex 11.3229 -11.0055 0
      vertex 11.2556 -10.9652 2
      vertex 11.3229 -11.0055 2
    endloop
  endfacet
  facet normal 0.513746 0.857943 0
    outer loop
      vertex 11.2556 -10.9652 2
      vertex 11.3229 -11.0055 0
      vertex 11.2556 -10.9652 0
    endloop
  endfacet
  facet normal 0.671213 0.741264 -0
    outer loop
      vertex 11.1925 -10.9184 0
      vertex 11.1343 -10.8657 2
      vertex 11.1925 -10.9184 2
    endloop
  endfacet
  facet normal 0.671213 0.741264 0
    outer loop
      vertex 11.1343 -10.8657 2
      vertex 11.1925 -10.9184 0
      vertex 11.1343 -10.8657 0
    endloop
  endfacet
  facet normal -0.671213 -0.741264 0
    outer loop
      vertex 12.8075 10.9184 0
      vertex 12.8657 10.8657 2
      vertex 12.8075 10.9184 2
    endloop
  endfacet
  facet normal -0.671213 -0.741264 -0
    outer loop
      vertex 12.8657 10.8657 2
      vertex 12.8075 10.9184 0
      vertex 12.8657 10.8657 0
    endloop
  endfacet
  facet normal 0.595715 0.803196 -0
    outer loop
      vertex 11.2556 -10.9652 0
      vertex 11.1925 -10.9184 2
      vertex 11.2556 -10.9652 2
    endloop
  endfacet
  facet normal 0.595715 0.803196 0
    outer loop
      vertex 11.1925 -10.9184 2
      vertex 11.2556 -10.9652 0
      vertex 11.1925 -10.9184 0
    endloop
  endfacet
  facet normal 0.969917 0.243435 0
    outer loop
      vertex 10.9345 -10.5322 2
      vertex 10.9154 -10.4561 0
      vertex 10.9154 -10.4561 2
    endloop
  endfacet
  facet normal 0.969917 0.243435 0
    outer loop
      vertex 10.9154 -10.4561 0
      vertex 10.9345 -10.5322 2
      vertex 10.9345 -10.5322 0
    endloop
  endfacet
  facet normal 0.989224 -0.14641 0
    outer loop
      vertex 10.9039 10.3784 2
      vertex 10.9154 10.4561 0
      vertex 10.9154 10.4561 2
    endloop
  endfacet
  facet normal 0.989224 -0.14641 0
    outer loop
      vertex 10.9154 10.4561 0
      vertex 10.9039 10.3784 2
      vertex 10.9039 10.3784 0
    endloop
  endfacet
  facet normal 0.741264 -0.671213 0
    outer loop
      vertex 11.0816 10.8075 2
      vertex 11.1343 10.8657 0
      vertex 11.1343 10.8657 2
    endloop
  endfacet
  facet normal 0.741264 -0.671213 0
    outer loop
      vertex 11.1343 10.8657 0
      vertex 11.0816 10.8075 2
      vertex 11.0816 10.8075 0
    endloop
  endfacet
  facet normal -0.803196 -0.595715 0
    outer loop
      vertex 12.9652 10.7444 0
      vertex 12.9184 10.8075 2
      vertex 12.9184 10.8075 0
    endloop
  endfacet
  facet normal -0.803196 -0.595715 0
    outer loop
      vertex 12.9184 10.8075 2
      vertex 12.9652 10.7444 0
      vertex 12.9652 10.7444 2
    endloop
  endfacet
  facet normal -0.243435 -0.969917 0
    outer loop
      vertex 12.4561 11.0846 0
      vertex 12.5322 11.0655 2
      vertex 12.4561 11.0846 2
    endloop
  endfacet
  facet normal -0.243435 -0.969917 -0
    outer loop
      vertex 12.5322 11.0655 2
      vertex 12.4561 11.0846 0
      vertex 12.5322 11.0655 0
    endloop
  endfacet
  facet normal 0.14641 -0.989224 0
    outer loop
      vertex 11.5439 11.0846 0
      vertex 11.6216 11.0961 2
      vertex 11.5439 11.0846 2
    endloop
  endfacet
  facet normal 0.14641 -0.989224 0
    outer loop
      vertex 11.6216 11.0961 2
      vertex 11.5439 11.0846 0
      vertex 11.6216 11.0961 0
    endloop
  endfacet
  facet normal 0.427758 0.903893 -0
    outer loop
      vertex 11.3939 -11.0391 0
      vertex 11.3229 -11.0055 2
      vertex 11.3939 -11.0391 2
    endloop
  endfacet
  facet normal 0.427758 0.903893 0
    outer loop
      vertex 11.3229 -11.0055 2
      vertex 11.3939 -11.0391 0
      vertex 11.3229 -11.0055 0
    endloop
  endfacet
  facet normal 0.803196 0.595715 0
    outer loop
      vertex 11.0816 -10.8075 2
      vertex 11.0348 -10.7444 0
      vertex 11.0348 -10.7444 2
    endloop
  endfacet
  facet normal 0.803196 0.595715 0
    outer loop
      vertex 11.0348 -10.7444 0
      vertex 11.0816 -10.8075 2
      vertex 11.0816 -10.8075 0
    endloop
  endfacet
  facet normal 0.903893 -0.427758 0
    outer loop
      vertex 10.9609 10.6061 2
      vertex 10.9945 10.6771 0
      vertex 10.9945 10.6771 2
    endloop
  endfacet
  facet normal 0.903893 -0.427758 0
    outer loop
      vertex 10.9945 10.6771 0
      vertex 10.9609 10.6061 2
      vertex 10.9609 10.6061 0
    endloop
  endfacet
  facet normal -0.903893 0.427758 0
    outer loop
      vertex 13.0055 -10.6771 0
      vertex 13.0391 -10.6061 2
      vertex 13.0391 -10.6061 0
    endloop
  endfacet
  facet normal -0.903893 0.427758 0
    outer loop
      vertex 13.0391 -10.6061 2
      vertex 13.0055 -10.6771 0
      vertex 13.0055 -10.6771 2
    endloop
  endfacet
  facet normal -0.989224 0.14641 0
    outer loop
      vertex 13.0846 -10.4561 0
      vertex 13.0961 -10.3784 2
      vertex 13.0961 -10.3784 0
    endloop
  endfacet
  facet normal -0.989224 0.14641 0
    outer loop
      vertex 13.0961 -10.3784 2
      vertex 13.0846 -10.4561 0
      vertex 13.0846 -10.4561 2
    endloop
  endfacet
  facet normal -0.903893 -0.427758 0
    outer loop
      vertex 13.0391 10.6061 0
      vertex 13.0055 10.6771 2
      vertex 13.0055 10.6771 0
    endloop
  endfacet
  facet normal -0.903893 -0.427758 0
    outer loop
      vertex 13.0055 10.6771 2
      vertex 13.0391 10.6061 0
      vertex 13.0391 10.6061 2
    endloop
  endfacet
  facet normal 0.513746 -0.857943 0
    outer loop
      vertex 11.2556 10.9652 0
      vertex 11.3229 11.0055 2
      vertex 11.2556 10.9652 2
    endloop
  endfacet
  facet normal 0.513746 -0.857943 0
    outer loop
      vertex 11.3229 11.0055 2
      vertex 11.2556 10.9652 0
      vertex 11.3229 11.0055 0
    endloop
  endfacet
  facet normal 0.998765 -0.0496835 0
    outer loop
      vertex 10.9 10.3 2
      vertex 10.9039 10.3784 0
      vertex 10.9039 10.3784 2
    endloop
  endfacet
  facet normal 0.998765 -0.0496835 0
    outer loop
      vertex 10.9039 10.3784 0
      vertex 10.9 10.3 2
      vertex 10.9 10.3 0
    endloop
  endfacet
  facet normal 0.427758 -0.903893 0
    outer loop
      vertex 11.3229 11.0055 0
      vertex 11.3939 11.0391 2
      vertex 11.3229 11.0055 2
    endloop
  endfacet
  facet normal 0.427758 -0.903893 0
    outer loop
      vertex 11.3939 11.0391 2
      vertex 11.3229 11.0055 0
      vertex 11.3939 11.0391 0
    endloop
  endfacet
  facet normal 0.903893 0.427758 0
    outer loop
      vertex 10.9945 -10.6771 2
      vertex 10.9609 -10.6061 0
      vertex 10.9609 -10.6061 2
    endloop
  endfacet
  facet normal 0.903893 0.427758 0
    outer loop
      vertex 10.9609 -10.6061 0
      vertex 10.9945 -10.6771 2
      vertex 10.9945 -10.6771 0
    endloop
  endfacet
  facet normal 0.336417 -0.941713 0
    outer loop
      vertex 11.3939 11.0391 0
      vertex 11.4678 11.0655 2
      vertex 11.3939 11.0391 2
    endloop
  endfacet
  facet normal 0.336417 -0.941713 0
    outer loop
      vertex 11.4678 11.0655 2
      vertex 11.3939 11.0391 0
      vertex 11.4678 11.0655 0
    endloop
  endfacet
  facet normal 0.803196 -0.595715 0
    outer loop
      vertex 11.0348 10.7444 2
      vertex 11.0816 10.8075 0
      vertex 11.0816 10.8075 2
    endloop
  endfacet
  facet normal 0.803196 -0.595715 0
    outer loop
      vertex 11.0816 10.8075 0
      vertex 11.0348 10.7444 2
      vertex 11.0348 10.7444 0
    endloop
  endfacet
  facet normal 0.336417 0.941713 -0
    outer loop
      vertex 11.4678 -11.0655 0
      vertex 11.3939 -11.0391 2
      vertex 11.4678 -11.0655 2
    endloop
  endfacet
  facet normal 0.336417 0.941713 0
    outer loop
      vertex 11.3939 -11.0391 2
      vertex 11.4678 -11.0655 0
      vertex 11.3939 -11.0391 0
    endloop
  endfacet
  facet normal -0.741264 0.671213 0
    outer loop
      vertex 12.8657 -10.8657 0
      vertex 12.9184 -10.8075 2
      vertex 12.9184 -10.8075 0
    endloop
  endfacet
  facet normal -0.741264 0.671213 0
    outer loop
      vertex 12.9184 -10.8075 2
      vertex 12.8657 -10.8657 0
      vertex 12.8657 -10.8657 2
    endloop
  endfacet
  facet normal -0.513746 -0.857943 0
    outer loop
      vertex 12.6771 11.0055 0
      vertex 12.7444 10.9652 2
      vertex 12.6771 11.0055 2
    endloop
  endfacet
  facet normal -0.513746 -0.857943 -0
    outer loop
      vertex 12.7444 10.9652 2
      vertex 12.6771 11.0055 0
      vertex 12.7444 10.9652 0
    endloop
  endfacet
  facet normal -0.989224 -0.14641 0
    outer loop
      vertex 13.0961 10.3784 0
      vertex 13.0846 10.4561 2
      vertex 13.0846 10.4561 0
    endloop
  endfacet
  facet normal -0.989224 -0.14641 0
    outer loop
      vertex 13.0846 10.4561 2
      vertex 13.0961 10.3784 0
      vertex 13.0961 10.3784 2
    endloop
  endfacet
  facet normal -0.857943 0.513746 0
    outer loop
      vertex 12.9652 -10.7444 0
      vertex 13.0055 -10.6771 2
      vertex 13.0055 -10.6771 0
    endloop
  endfacet
  facet normal -0.857943 0.513746 0
    outer loop
      vertex 13.0055 -10.6771 2
      vertex 12.9652 -10.7444 0
      vertex 12.9652 -10.7444 2
    endloop
  endfacet
  facet normal 0 -1 0
    outer loop
      vertex 11.7 11.1 0
      vertex 12.3 11.1 2
      vertex 11.7 11.1 2
    endloop
  endfacet
  facet normal 0 -1 -0
    outer loop
      vertex 12.3 11.1 2
      vertex 11.7 11.1 0
      vertex 12.3 11.1 0
    endloop
  endfacet
  facet normal -0.969917 -0.243435 0
    outer loop
      vertex 13.0846 10.4561 0
      vertex 13.0655 10.5322 2
      vertex 13.0655 10.5322 0
    endloop
  endfacet
  facet normal -0.969917 -0.243435 0
    outer loop
      vertex 13.0655 10.5322 2
      vertex 13.0846 10.4561 0
      vertex 13.0846 10.4561 2
    endloop
  endfacet
  facet normal -0.969917 0.243435 0
    outer loop
      vertex 13.0655 -10.5322 0
      vertex 13.0846 -10.4561 2
      vertex 13.0846 -10.4561 0
    endloop
  endfacet
  facet normal -0.969917 0.243435 0
    outer loop
      vertex 13.0846 -10.4561 2
      vertex 13.0655 -10.5322 0
      vertex 13.0655 -10.5322 2
    endloop
  endfacet
  facet normal 0.0496835 -0.998765 0
    outer loop
      vertex 11.6216 11.0961 0
      vertex 11.7 11.1 2
      vertex 11.6216 11.0961 2
    endloop
  endfacet
  facet normal 0.0496835 -0.998765 0
    outer loop
      vertex 11.7 11.1 2
      vertex 11.6216 11.0961 0
      vertex 11.7 11.1 0
    endloop
  endfacet
  facet normal -0.14641 -0.989224 0
    outer loop
      vertex 12.3784 11.0961 0
      vertex 12.4561 11.0846 2
      vertex 12.3784 11.0961 2
    endloop
  endfacet
  facet normal -0.14641 -0.989224 -0
    outer loop
      vertex 12.4561 11.0846 2
      vertex 12.3784 11.0961 0
      vertex 12.4561 11.0846 0
    endloop
  endfacet
  facet normal -0.336417 -0.941713 0
    outer loop
      vertex 12.5322 11.0655 0
      vertex 12.6061 11.0391 2
      vertex 12.5322 11.0655 2
    endloop
  endfacet
  facet normal -0.336417 -0.941713 -0
    outer loop
      vertex 12.6061 11.0391 2
      vertex 12.5322 11.0655 0
      vertex 12.6061 11.0391 0
    endloop
  endfacet
  facet normal -0.741264 -0.671213 0
    outer loop
      vertex 12.9184 10.8075 0
      vertex 12.8657 10.8657 2
      vertex 12.8657 10.8657 0
    endloop
  endfacet
  facet normal -0.741264 -0.671213 0
    outer loop
      vertex 12.8657 10.8657 2
      vertex 12.9184 10.8075 0
      vertex 12.9184 10.8075 2
    endloop
  endfacet
  facet normal -0.998765 0.0496835 0
    outer loop
      vertex 13.0961 -10.3784 0
      vertex 13.1 -10.3 2
      vertex 13.1 -10.3 0
    endloop
  endfacet
  facet normal -0.998765 0.0496835 0
    outer loop
      vertex 13.1 -10.3 2
      vertex 13.0961 -10.3784 0
      vertex 13.0961 -10.3784 2
    endloop
  endfacet
  facet normal -0.0496835 -0.998765 0
    outer loop
      vertex 12.3 11.1 0
      vertex 12.3784 11.0961 2
      vertex 12.3 11.1 2
    endloop
  endfacet
  facet normal -0.0496835 -0.998765 -0
    outer loop
      vertex 12.3784 11.0961 2
      vertex 12.3 11.1 0
      vertex 12.3784 11.0961 0
    endloop
  endfacet
  facet normal -0.427758 -0.903893 0
    outer loop
      vertex 12.6061 11.0391 0
      vertex 12.6771 11.0055 2
      vertex 12.6061 11.0391 2
    endloop
  endfacet
  facet normal -0.427758 -0.903893 -0
    outer loop
      vertex 12.6771 11.0055 2
      vertex 12.6061 11.0391 0
      vertex 12.6771 11.0055 0
    endloop
  endfacet
  facet normal -0.803196 0.595715 0
    outer loop
      vertex 12.9184 -10.8075 0
      vertex 12.9652 -10.7444 2
      vertex 12.9652 -10.7444 0
    endloop
  endfacet
  facet normal -0.803196 0.595715 0
    outer loop
      vertex 12.9652 -10.7444 2
      vertex 12.9184 -10.8075 0
      vertex 12.9184 -10.8075 2
    endloop
  endfacet
  facet normal -0.671213 0.741264 0
    outer loop
      vertex 12.8657 -10.8657 0
      vertex 12.8075 -10.9184 2
      vertex 12.8657 -10.8657 2
    endloop
  endfacet
  facet normal -0.671213 0.741264 0
    outer loop
      vertex 12.8075 -10.9184 2
      vertex 12.8657 -10.8657 0
      vertex 12.8075 -10.9184 0
    endloop
  endfacet
  facet normal -0.595715 0.803196 0
    outer loop
      vertex 20.8075 -10.9184 0
      vertex 20.7444 -10.9652 2
      vertex 20.8075 -10.9184 2
    endloop
  endfacet
  facet normal -0.595715 0.803196 0
    outer loop
      vertex 20.7444 -10.9652 2
      vertex 20.8075 -10.9184 0
      vertex 20.7444 -10.9652 0
    endloop
  endfacet
  facet normal 0.595715 0.803196 -0
    outer loop
      vertex 19.2556 -10.9652 0
      vertex 19.1925 -10.9184 2
      vertex 19.2556 -10.9652 2
    endloop
  endfacet
  facet normal 0.595715 0.803196 0
    outer loop
      vertex 19.1925 -10.9184 2
      vertex 19.2556 -10.9652 0
      vertex 19.1925 -10.9184 0
    endloop
  endfacet
  facet normal -0.513746 0.857943 0
    outer loop
      vertex 20.7444 -10.9652 0
      vertex 20.6771 -11.0055 2
      vertex 20.7444 -10.9652 2
    endloop
  endfacet
  facet normal -0.513746 0.857943 0
    outer loop
      vertex 20.6771 -11.0055 2
      vertex 20.7444 -10.9652 0
      vertex 20.6771 -11.0055 0
    endloop
  endfacet
  facet normal -0.671213 0.741264 0
    outer loop
      vertex 20.8657 -10.8657 0
      vertex 20.8075 -10.9184 2
      vertex 20.8657 -10.8657 2
    endloop
  endfacet
  facet normal -0.671213 0.741264 0
    outer loop
      vertex 20.8075 -10.9184 2
      vertex 20.8657 -10.8657 0
      vertex 20.8075 -10.9184 0
    endloop
  endfacet
  facet normal -0.14641 0.989224 0
    outer loop
      vertex 20.4561 -11.0846 0
      vertex 20.3784 -11.0961 2
      vertex 20.4561 -11.0846 2
    endloop
  endfacet
  facet normal -0.14641 0.989224 0
    outer loop
      vertex 20.3784 -11.0961 2
      vertex 20.4561 -11.0846 0
      vertex 20.3784 -11.0961 0
    endloop
  endfacet
  facet normal 0.998765 0.0496835 0
    outer loop
      vertex 18.9039 -10.3784 2
      vertex 18.9 -10.3 0
      vertex 18.9 -10.3 2
    endloop
  endfacet
  facet normal 0.998765 0.0496835 0
    outer loop
      vertex 18.9 -10.3 0
      vertex 18.9039 -10.3784 2
      vertex 18.9039 -10.3784 0
    endloop
  endfacet
  facet normal 1 -0 0
    outer loop
      vertex 18.9 -10.3 2
      vertex 18.9 10.3 0
      vertex 18.9 10.3 2
    endloop
  endfacet
  facet normal 1 0 0
    outer loop
      vertex 18.9 10.3 0
      vertex 18.9 -10.3 2
      vertex 18.9 -10.3 0
    endloop
  endfacet
  facet normal -0.671213 -0.741264 0
    outer loop
      vertex 20.8075 10.9184 0
      vertex 20.8657 10.8657 2
      vertex 20.8075 10.9184 2
    endloop
  endfacet
  facet normal -0.671213 -0.741264 -0
    outer loop
      vertex 20.8657 10.8657 2
      vertex 20.8075 10.9184 0
      vertex 20.8657 10.8657 0
    endloop
  endfacet
  facet normal 0.671213 0.741264 -0
    outer loop
      vertex 19.1925 -10.9184 0
      vertex 19.1343 -10.8657 2
      vertex 19.1925 -10.9184 2
    endloop
  endfacet
  facet normal 0.671213 0.741264 0
    outer loop
      vertex 19.1343 -10.8657 2
      vertex 19.1925 -10.9184 0
      vertex 19.1343 -10.8657 0
    endloop
  endfacet
  facet normal -0.969917 -0.243435 0
    outer loop
      vertex 21.0846 10.4561 0
      vertex 21.0655 10.5322 2
      vertex 21.0655 10.5322 0
    endloop
  endfacet
  facet normal -0.969917 -0.243435 0
    outer loop
      vertex 21.0655 10.5322 2
      vertex 21.0846 10.4561 0
      vertex 21.0846 10.4561 2
    endloop
  endfacet
  facet normal -0.998765 -0.0496835 0
    outer loop
      vertex 21.1 10.3 0
      vertex 21.0961 10.3784 2
      vertex 21.0961 10.3784 0
    endloop
  endfacet
  facet normal -0.998765 -0.0496835 0
    outer loop
      vertex 21.0961 10.3784 2
      vertex 21.1 10.3 0
      vertex 21.1 10.3 2
    endloop
  endfacet
  facet normal -0.595715 -0.803196 0
    outer loop
      vertex 20.7444 10.9652 0
      vertex 20.8075 10.9184 2
      vertex 20.7444 10.9652 2
    endloop
  endfacet
  facet normal -0.595715 -0.803196 -0
    outer loop
      vertex 20.8075 10.9184 2
      vertex 20.7444 10.9652 0
      vertex 20.8075 10.9184 0
    endloop
  endfacet
  facet normal -0.336417 0.941713 0
    outer loop
      vertex 20.6061 -11.0391 0
      vertex 20.5322 -11.0655 2
      vertex 20.6061 -11.0391 2
    endloop
  endfacet
  facet normal -0.336417 0.941713 0
    outer loop
      vertex 20.5322 -11.0655 2
      vertex 20.6061 -11.0391 0
      vertex 20.5322 -11.0655 0
    endloop
  endfacet
  facet normal 0.941713 -0.336417 0
    outer loop
      vertex 18.9345 10.5322 2
      vertex 18.9609 10.6061 0
      vertex 18.9609 10.6061 2
    endloop
  endfacet
  facet normal 0.941713 -0.336417 0
    outer loop
      vertex 18.9609 10.6061 0
      vertex 18.9345 10.5322 2
      vertex 18.9345 10.5322 0
    endloop
  endfacet
  facet normal 0.989224 0.14641 0
    outer loop
      vertex 18.9154 -10.4561 2
      vertex 18.9039 -10.3784 0
      vertex 18.9039 -10.3784 2
    endloop
  endfacet
  facet normal 0.989224 0.14641 0
    outer loop
      vertex 18.9039 -10.3784 0
      vertex 18.9154 -10.4561 2
      vertex 18.9154 -10.4561 0
    endloop
  endfacet
  facet normal 0.243435 0.969917 -0
    outer loop
      vertex 19.5439 -11.0846 0
      vertex 19.4678 -11.0655 2
      vertex 19.5439 -11.0846 2
    endloop
  endfacet
  facet normal 0.243435 0.969917 0
    outer loop
      vertex 19.4678 -11.0655 2
      vertex 19.5439 -11.0846 0
      vertex 19.4678 -11.0655 0
    endloop
  endfacet
  facet normal 0.941713 0.336417 0
    outer loop
      vertex 18.9609 -10.6061 2
      vertex 18.9345 -10.5322 0
      vertex 18.9345 -10.5322 2
    endloop
  endfacet
  facet normal 0.941713 0.336417 0
    outer loop
      vertex 18.9345 -10.5322 0
      vertex 18.9609 -10.6061 2
      vertex 18.9609 -10.6061 0
    endloop
  endfacet
  facet normal -0.243435 -0.969917 0
    outer loop
      vertex 20.4561 11.0846 0
      vertex 20.5322 11.0655 2
      vertex 20.4561 11.0846 2
    endloop
  endfacet
  facet normal -0.243435 -0.969917 -0
    outer loop
      vertex 20.5322 11.0655 2
      vertex 20.4561 11.0846 0
      vertex 20.5322 11.0655 0
    endloop
  endfacet
  facet normal 0.903893 -0.427758 0
    outer loop
      vertex 18.9609 10.6061 2
      vertex 18.9945 10.6771 0
      vertex 18.9945 10.6771 2
    endloop
  endfacet
  facet normal 0.903893 -0.427758 0
    outer loop
      vertex 18.9945 10.6771 0
      vertex 18.9609 10.6061 2
      vertex 18.9609 10.6061 0
    endloop
  endfacet
  facet normal 0 -1 0
    outer loop
      vertex 19.7 11.1 0
      vertex 20.3 11.1 2
      vertex 19.7 11.1 2
    endloop
  endfacet
  facet normal 0 -1 -0
    outer loop
      vertex 20.3 11.1 2
      vertex 19.7 11.1 0
      vertex 20.3 11.1 0
    endloop
  endfacet
  facet normal -0.513746 -0.857943 0
    outer loop
      vertex 20.6771 11.0055 0
      vertex 20.7444 10.9652 2
      vertex 20.6771 11.0055 2
    endloop
  endfacet
  facet normal -0.513746 -0.857943 -0
    outer loop
      vertex 20.7444 10.9652 2
      vertex 20.6771 11.0055 0
      vertex 20.7444 10.9652 0
    endloop
  endfacet
  facet normal 0.671213 -0.741264 0
    outer loop
      vertex 19.1343 10.8657 0
      vertex 19.1925 10.9184 2
      vertex 19.1343 10.8657 2
    endloop
  endfacet
  facet normal 0.671213 -0.741264 0
    outer loop
      vertex 19.1925 10.9184 2
      vertex 19.1343 10.8657 0
      vertex 19.1925 10.9184 0
    endloop
  endfacet
  facet normal -0.803196 -0.595715 0
    outer loop
      vertex 20.9652 10.7444 0
      vertex 20.9184 10.8075 2
      vertex 20.9184 10.8075 0
    endloop
  endfacet
  facet normal -0.803196 -0.595715 0
    outer loop
      vertex 20.9184 10.8075 2
      vertex 20.9652 10.7444 0
      vertex 20.9652 10.7444 2
    endloop
  endfacet
  facet normal -0.427758 -0.903893 0
    outer loop
      vertex 20.6061 11.0391 0
      vertex 20.6771 11.0055 2
      vertex 20.6061 11.0391 2
    endloop
  endfacet
  facet normal -0.427758 -0.903893 -0
    outer loop
      vertex 20.6771 11.0055 2
      vertex 20.6061 11.0391 0
      vertex 20.6771 11.0055 0
    endloop
  endfacet
  facet normal 0.857943 0.513746 0
    outer loop
      vertex 19.0348 -10.7444 2
      vertex 18.9945 -10.6771 0
      vertex 18.9945 -10.6771 2
    endloop
  endfacet
  facet normal 0.857943 0.513746 0
    outer loop
      vertex 18.9945 -10.6771 0
      vertex 19.0348 -10.7444 2
      vertex 19.0348 -10.7444 0
    endloop
  endfacet
  facet normal -0.427758 0.903893 0
    outer loop
      vertex 20.6771 -11.0055 0
      vertex 20.6061 -11.0391 2
      vertex 20.6771 -11.0055 2
    endloop
  endfacet
  facet normal -0.427758 0.903893 0
    outer loop
      vertex 20.6061 -11.0391 2
      vertex 20.6771 -11.0055 0
      vertex 20.6061 -11.0391 0
    endloop
  endfacet
  facet normal -0.989224 -0.14641 0
    outer loop
      vertex 21.0961 10.3784 0
      vertex 21.0846 10.4561 2
      vertex 21.0846 10.4561 0
    endloop
  endfacet
  facet normal -0.989224 -0.14641 0
    outer loop
      vertex 21.0846 10.4561 2
      vertex 21.0961 10.3784 0
      vertex 21.0961 10.3784 2
    endloop
  endfacet
  facet normal 0.998765 -0.0496835 0
    outer loop
      vertex 18.9 10.3 2
      vertex 18.9039 10.3784 0
      vertex 18.9039 10.3784 2
    endloop
  endfacet
  facet normal 0.998765 -0.0496835 0
    outer loop
      vertex 18.9039 10.3784 0
      vertex 18.9 10.3 2
      vertex 18.9 10.3 0
    endloop
  endfacet
  facet normal -1 0 0
    outer loop
      vertex 21.1 -10.3 0
      vertex 21.1 10.3 2
      vertex 21.1 10.3 0
    endloop
  endfacet
  facet normal -1 -0 0
    outer loop
      vertex 21.1 10.3 2
      vertex 21.1 -10.3 0
      vertex 21.1 -10.3 2
    endloop
  endfacet
  facet normal -0.0496835 -0.998765 0
    outer loop
      vertex 20.3 11.1 0
      vertex 20.3784 11.0961 2
      vertex 20.3 11.1 2
    endloop
  endfacet
  facet normal -0.0496835 -0.998765 -0
    outer loop
      vertex 20.3784 11.0961 2
      vertex 20.3 11.1 0
      vertex 20.3784 11.0961 0
    endloop
  endfacet
  facet normal 0.336417 0.941713 -0
    outer loop
      vertex 19.4678 -11.0655 0
      vertex 19.3939 -11.0391 2
      vertex 19.4678 -11.0655 2
    endloop
  endfacet
  facet normal 0.336417 0.941713 0
    outer loop
      vertex 19.3939 -11.0391 2
      vertex 19.4678 -11.0655 0
      vertex 19.3939 -11.0391 0
    endloop
  endfacet
  facet normal 0.14641 -0.989224 0
    outer loop
      vertex 19.5439 11.0846 0
      vertex 19.6216 11.0961 2
      vertex 19.5439 11.0846 2
    endloop
  endfacet
  facet normal 0.14641 -0.989224 0
    outer loop
      vertex 19.6216 11.0961 2
      vertex 19.5439 11.0846 0
      vertex 19.6216 11.0961 0
    endloop
  endfacet
  facet normal 0.803196 -0.595715 0
    outer loop
      vertex 19.0348 10.7444 2
      vertex 19.0816 10.8075 0
      vertex 19.0816 10.8075 2
    endloop
  endfacet
  facet normal 0.803196 -0.595715 0
    outer loop
      vertex 19.0816 10.8075 0
      vertex 19.0348 10.7444 2
      vertex 19.0348 10.7444 0
    endloop
  endfacet
  facet normal 0.243435 -0.969917 0
    outer loop
      vertex 19.4678 11.0655 0
      vertex 19.5439 11.0846 2
      vertex 19.4678 11.0655 2
    endloop
  endfacet
  facet normal 0.243435 -0.969917 0
    outer loop
      vertex 19.5439 11.0846 2
      vertex 19.4678 11.0655 0
      vertex 19.5439 11.0846 0
    endloop
  endfacet
  facet normal 0.969917 0.243435 0
    outer loop
      vertex 18.9345 -10.5322 2
      vertex 18.9154 -10.4561 0
      vertex 18.9154 -10.4561 2
    endloop
  endfacet
  facet normal 0.969917 0.243435 0
    outer loop
      vertex 18.9154 -10.4561 0
      vertex 18.9345 -10.5322 2
      vertex 18.9345 -10.5322 0
    endloop
  endfacet
  facet normal -0.243435 0.969917 0
    outer loop
      vertex 20.5322 -11.0655 0
      vertex 20.4561 -11.0846 2
      vertex 20.5322 -11.0655 2
    endloop
  endfacet
  facet normal -0.243435 0.969917 0
    outer loop
      vertex 20.4561 -11.0846 2
      vertex 20.5322 -11.0655 0
      vertex 20.4561 -11.0846 0
    endloop
  endfacet
  facet normal -0.969917 0.243435 0
    outer loop
      vertex 21.0655 -10.5322 0
      vertex 21.0846 -10.4561 2
      vertex 21.0846 -10.4561 0
    endloop
  endfacet
  facet normal -0.969917 0.243435 0
    outer loop
      vertex 21.0846 -10.4561 2
      vertex 21.0655 -10.5322 0
      vertex 21.0655 -10.5322 2
    endloop
  endfacet
  facet normal 0.803196 0.595715 0
    outer loop
      vertex 19.0816 -10.8075 2
      vertex 19.0348 -10.7444 0
      vertex 19.0348 -10.7444 2
    endloop
  endfacet
  facet normal 0.803196 0.595715 0
    outer loop
      vertex 19.0348 -10.7444 0
      vertex 19.0816 -10.8075 2
      vertex 19.0816 -10.8075 0
    endloop
  endfacet
  facet normal -0.903893 -0.427758 0
    outer loop
      vertex 21.0391 10.6061 0
      vertex 21.0055 10.6771 2
      vertex 21.0055 10.6771 0
    endloop
  endfacet
  facet normal -0.903893 -0.427758 0
    outer loop
      vertex 21.0055 10.6771 2
      vertex 21.0391 10.6061 0
      vertex 21.0391 10.6061 2
    endloop
  endfacet
  facet normal 0.741264 0.671213 0
    outer loop
      vertex 19.1343 -10.8657 2
      vertex 19.0816 -10.8075 0
      vertex 19.0816 -10.8075 2
    endloop
  endfacet
  facet normal 0.741264 0.671213 0
    outer loop
      vertex 19.0816 -10.8075 0
      vertex 19.1343 -10.8657 2
      vertex 19.1343 -10.8657 0
    endloop
  endfacet
  facet normal 0.969917 -0.243435 0
    outer loop
      vertex 18.9154 10.4561 2
      vertex 18.9345 10.5322 0
      vertex 18.9345 10.5322 2
    endloop
  endfacet
  facet normal 0.969917 -0.243435 0
    outer loop
      vertex 18.9345 10.5322 0
      vertex 18.9154 10.4561 2
      vertex 18.9154 10.4561 0
    endloop
  endfacet
  facet normal 0.595715 -0.803196 0
    outer loop
      vertex 19.1925 10.9184 0
      vertex 19.2556 10.9652 2
      vertex 19.1925 10.9184 2
    endloop
  endfacet
  facet normal 0.595715 -0.803196 0
    outer loop
      vertex 19.2556 10.9652 2
      vertex 19.1925 10.9184 0
      vertex 19.2556 10.9652 0
    endloop
  endfacet
  facet normal 0.427758 -0.903893 0
    outer loop
      vertex 19.3229 11.0055 0
      vertex 19.3939 11.0391 2
      vertex 19.3229 11.0055 2
    endloop
  endfacet
  facet normal 0.427758 -0.903893 0
    outer loop
      vertex 19.3939 11.0391 2
      vertex 19.3229 11.0055 0
      vertex 19.3939 11.0391 0
    endloop
  endfacet
  facet normal 0.857943 -0.513746 0
    outer loop
      vertex 18.9945 10.6771 2
      vertex 19.0348 10.7444 0
      vertex 19.0348 10.7444 2
    endloop
  endfacet
  facet normal 0.857943 -0.513746 0
    outer loop
      vertex 19.0348 10.7444 0
      vertex 18.9945 10.6771 2
      vertex 18.9945 10.6771 0
    endloop
  endfacet
  facet normal 0 1 -0
    outer loop
      vertex 20.3 -11.1 0
      vertex 19.7 -11.1 2
      vertex 20.3 -11.1 2
    endloop
  endfacet
  facet normal 0 1 0
    outer loop
      vertex 19.7 -11.1 2
      vertex 20.3 -11.1 0
      vertex 19.7 -11.1 0
    endloop
  endfacet
  facet normal -0.0496835 0.998765 0
    outer loop
      vertex 20.3784 -11.0961 0
      vertex 20.3 -11.1 2
      vertex 20.3784 -11.0961 2
    endloop
  endfacet
  facet normal -0.0496835 0.998765 0
    outer loop
      vertex 20.3 -11.1 2
      vertex 20.3784 -11.0961 0
      vertex 20.3 -11.1 0
    endloop
  endfacet
  facet normal 0.0496835 0.998765 -0
    outer loop
      vertex 19.7 -11.1 0
      vertex 19.6216 -11.0961 2
      vertex 19.7 -11.1 2
    endloop
  endfacet
  facet normal 0.0496835 0.998765 0
    outer loop
      vertex 19.6216 -11.0961 2
      vertex 19.7 -11.1 0
      vertex 19.6216 -11.0961 0
    endloop
  endfacet
  facet normal 0.513746 -0.857943 0
    outer loop
      vertex 19.2556 10.9652 0
      vertex 19.3229 11.0055 2
      vertex 19.2556 10.9652 2
    endloop
  endfacet
  facet normal 0.513746 -0.857943 0
    outer loop
      vertex 19.3229 11.0055 2
      vertex 19.2556 10.9652 0
      vertex 19.3229 11.0055 0
    endloop
  endfacet
  facet normal 0.336417 -0.941713 0
    outer loop
      vertex 19.3939 11.0391 0
      vertex 19.4678 11.0655 2
      vertex 19.3939 11.0391 2
    endloop
  endfacet
  facet normal 0.336417 -0.941713 0
    outer loop
      vertex 19.4678 11.0655 2
      vertex 19.3939 11.0391 0
      vertex 19.4678 11.0655 0
    endloop
  endfacet
  facet normal -0.857943 -0.513746 0
    outer loop
      vertex 21.0055 10.6771 0
      vertex 20.9652 10.7444 2
      vertex 20.9652 10.7444 0
    endloop
  endfacet
  facet normal -0.857943 -0.513746 0
    outer loop
      vertex 20.9652 10.7444 2
      vertex 21.0055 10.6771 0
      vertex 21.0055 10.6771 2
    endloop
  endfacet
  facet normal 0.427758 0.903893 -0
    outer loop
      vertex 19.3939 -11.0391 0
      vertex 19.3229 -11.0055 2
      vertex 19.3939 -11.0391 2
    endloop
  endfacet
  facet normal 0.427758 0.903893 0
    outer loop
      vertex 19.3229 -11.0055 2
      vertex 19.3939 -11.0391 0
      vertex 19.3229 -11.0055 0
    endloop
  endfacet
  facet normal 0.741264 -0.671213 0
    outer loop
      vertex 19.0816 10.8075 2
      vertex 19.1343 10.8657 0
      vertex 19.1343 10.8657 2
    endloop
  endfacet
  facet normal 0.741264 -0.671213 0
    outer loop
      vertex 19.1343 10.8657 0
      vertex 19.0816 10.8075 2
      vertex 19.0816 10.8075 0
    endloop
  endfacet
  facet normal 0.989224 -0.14641 0
    outer loop
      vertex 18.9039 10.3784 2
      vertex 18.9154 10.4561 0
      vertex 18.9154 10.4561 2
    endloop
  endfacet
  facet normal 0.989224 -0.14641 0
    outer loop
      vertex 18.9154 10.4561 0
      vertex 18.9039 10.3784 2
      vertex 18.9039 10.3784 0
    endloop
  endfacet
  facet normal 0.14641 0.989224 -0
    outer loop
      vertex 19.6216 -11.0961 0
      vertex 19.5439 -11.0846 2
      vertex 19.6216 -11.0961 2
    endloop
  endfacet
  facet normal 0.14641 0.989224 0
    outer loop
      vertex 19.5439 -11.0846 2
      vertex 19.6216 -11.0961 0
      vertex 19.5439 -11.0846 0
    endloop
  endfacet
  facet normal 0.513746 0.857943 -0
    outer loop
      vertex 19.3229 -11.0055 0
      vertex 19.2556 -10.9652 2
      vertex 19.3229 -11.0055 2
    endloop
  endfacet
  facet normal 0.513746 0.857943 0
    outer loop
      vertex 19.2556 -10.9652 2
      vertex 19.3229 -11.0055 0
      vertex 19.2556 -10.9652 0
    endloop
  endfacet
  facet normal 0.0496835 -0.998765 0
    outer loop
      vertex 19.6216 11.0961 0
      vertex 19.7 11.1 2
      vertex 19.6216 11.0961 2
    endloop
  endfacet
  facet normal 0.0496835 -0.998765 0
    outer loop
      vertex 19.7 11.1 2
      vertex 19.6216 11.0961 0
      vertex 19.7 11.1 0
    endloop
  endfacet
  facet normal -0.989224 0.14641 0
    outer loop
      vertex 21.0846 -10.4561 0
      vertex 21.0961 -10.3784 2
      vertex 21.0961 -10.3784 0
    endloop
  endfacet
  facet normal -0.989224 0.14641 0
    outer loop
      vertex 21.0961 -10.3784 2
      vertex 21.0846 -10.4561 0
      vertex 21.0846 -10.4561 2
    endloop
  endfacet
  facet normal -0.857943 0.513746 0
    outer loop
      vertex 20.9652 -10.7444 0
      vertex 21.0055 -10.6771 2
      vertex 21.0055 -10.6771 0
    endloop
  endfacet
  facet normal -0.857943 0.513746 0
    outer loop
      vertex 21.0055 -10.6771 2
      vertex 20.9652 -10.7444 0
      vertex 20.9652 -10.7444 2
    endloop
  endfacet
  facet normal 0.903893 0.427758 0
    outer loop
      vertex 18.9945 -10.6771 2
      vertex 18.9609 -10.6061 0
      vertex 18.9609 -10.6061 2
    endloop
  endfacet
  facet normal 0.903893 0.427758 0
    outer loop
      vertex 18.9609 -10.6061 0
      vertex 18.9945 -10.6771 2
      vertex 18.9945 -10.6771 0
    endloop
  endfacet
  facet normal -0.14641 -0.989224 0
    outer loop
      vertex 20.3784 11.0961 0
      vertex 20.4561 11.0846 2
      vertex 20.3784 11.0961 2
    endloop
  endfacet
  facet normal -0.14641 -0.989224 -0
    outer loop
      vertex 20.4561 11.0846 2
      vertex 20.3784 11.0961 0
      vertex 20.4561 11.0846 0
    endloop
  endfacet
  facet normal -0.803196 0.595715 0
    outer loop
      vertex 20.9184 -10.8075 0
      vertex 20.9652 -10.7444 2
      vertex 20.9652 -10.7444 0
    endloop
  endfacet
  facet normal -0.803196 0.595715 0
    outer loop
      vertex 20.9652 -10.7444 2
      vertex 20.9184 -10.8075 0
      vertex 20.9184 -10.8075 2
    endloop
  endfacet
  facet normal -0.941713 -0.336417 0
    outer loop
      vertex 21.0655 10.5322 0
      vertex 21.0391 10.6061 2
      vertex 21.0391 10.6061 0
    endloop
  endfacet
  facet normal -0.941713 -0.336417 0
    outer loop
      vertex 21.0391 10.6061 2
      vertex 21.0655 10.5322 0
      vertex 21.0655 10.5322 2
    endloop
  endfacet
  facet normal -0.903893 0.427758 0
    outer loop
      vertex 21.0055 -10.6771 0
      vertex 21.0391 -10.6061 2
      vertex 21.0391 -10.6061 0
    endloop
  endfacet
  facet normal -0.903893 0.427758 0
    outer loop
      vertex 21.0391 -10.6061 2
      vertex 21.0055 -10.6771 0
      vertex 21.0055 -10.6771 2
    endloop
  endfacet
  facet normal -0.336417 -0.941713 0
    outer loop
      vertex 20.5322 11.0655 0
      vertex 20.6061 11.0391 2
      vertex 20.5322 11.0655 2
    endloop
  endfacet
  facet normal -0.336417 -0.941713 -0
    outer loop
      vertex 20.6061 11.0391 2
      vertex 20.5322 11.0655 0
      vertex 20.6061 11.0391 0
    endloop
  endfacet
  facet normal -0.998765 0.0496835 0
    outer loop
      vertex 21.0961 -10.3784 0
      vertex 21.1 -10.3 2
      vertex 21.1 -10.3 0
    endloop
  endfacet
  facet normal -0.998765 0.0496835 0
    outer loop
      vertex 21.1 -10.3 2
      vertex 21.0961 -10.3784 0
      vertex 21.0961 -10.3784 2
    endloop
  endfacet
  facet normal -0.741264 0.671213 0
    outer loop
      vertex 20.8657 -10.8657 0
      vertex 20.9184 -10.8075 2
      vertex 20.9184 -10.8075 0
    endloop
  endfacet
  facet normal -0.741264 0.671213 0
    outer loop
      vertex 20.9184 -10.8075 2
      vertex 20.8657 -10.8657 0
      vertex 20.8657 -10.8657 2
    endloop
  endfacet
  facet normal -0.741264 -0.671213 0
    outer loop
      vertex 20.9184 10.8075 0
      vertex 20.8657 10.8657 2
      vertex 20.8657 10.8657 0
    endloop
  endfacet
  facet normal -0.741264 -0.671213 0
    outer loop
      vertex 20.8657 10.8657 2
      vertex 20.9184 10.8075 0
      vertex 20.9184 10.8075 2
    endloop
  endfacet
  facet normal -0.941713 0.336417 0
    outer loop
      vertex 21.0391 -10.6061 0
      vertex 21.0655 -10.5322 2
      vertex 21.0655 -10.5322 0
    endloop
  endfacet
  facet normal -0.941713 0.336417 0
    outer loop
      vertex 21.0655 -10.5322 2
      vertex 21.0391 -10.6061 0
      vertex 21.0391 -10.6061 2
    endloop
  endfacet
  facet normal 0.336939 0.941527 -0
    outer loop
      vertex -33.5354 -14.5354 2
      vertex -33.674 -14.4858 9
      vertex -33.5354 -14.5354 9
    endloop
  endfacet
  facet normal 0.336939 0.941527 0
    outer loop
      vertex -33.674 -14.4858 9
      vertex -33.5354 -14.5354 2
      vertex -33.674 -14.4858 2
    endloop
  endfacet
  facet normal -0.0489209 0.998803 0
    outer loop
      vertex 33.247 -14.5928 2
      vertex 33.1 -14.6 9
      vertex 33.247 -14.5928 9
    endloop
  endfacet
  facet normal -0.0489209 0.998803 0
    outer loop
      vertex 33.1 -14.6 9
      vertex 33.247 -14.5928 2
      vertex 33.1 -14.6 2
    endloop
  endfacet
  facet normal -0.740585 0.671962 0
    outer loop
      vertex 34.1606 -14.1606 2
      vertex 34.2595 -14.0516 9
      vertex 34.2595 -14.0516 2
    endloop
  endfacet
  facet normal -0.740585 0.671962 0
    outer loop
      vertex 34.2595 -14.0516 9
      vertex 34.1606 -14.1606 2
      vertex 34.1606 -14.1606 9
    endloop
  endfacet
  facet normal -0.989174 0.146746 0
    outer loop
      vertex 34.5712 -13.3926 2
      vertex 34.5928 -13.247 9
      vertex 34.5928 -13.247 2
    endloop
  endfacet
  facet normal -0.989174 0.146746 0
    outer loop
      vertex 34.5928 -13.247 9
      vertex 34.5712 -13.3926 2
      vertex 34.5712 -13.3926 9
    endloop
  endfacet
  facet normal 0.671962 0.740585 -0
    outer loop
      vertex -34.0516 -14.2595 2
      vertex -34.1606 -14.1606 9
      vertex -34.0516 -14.2595 9
    endloop
  endfacet
  facet normal 0.671962 0.740585 0
    outer loop
      vertex -34.1606 -14.1606 9
      vertex -34.0516 -14.2595 2
      vertex -34.1606 -14.1606 2
    endloop
  endfacet
  facet normal 1 -0 0
    outer loop
      vertex -34.6 -13.1 9
      vertex -34.6 13.1 2
      vertex -34.6 13.1 9
    endloop
  endfacet
  facet normal 1 0 0
    outer loop
      vertex -34.6 13.1 2
      vertex -34.6 -13.1 9
      vertex -34.6 -13.1 2
    endloop
  endfacet
  facet normal 0.243175 -0.969982 0
    outer loop
      vertex -33.5354 14.5354 2
      vertex -33.3926 14.5712 9
      vertex -33.5354 14.5354 9
    endloop
  endfacet
  facet normal 0.243175 -0.969982 0
    outer loop
      vertex -33.3926 14.5712 9
      vertex -33.5354 14.5354 2
      vertex -33.3926 14.5712 2
    endloop
  endfacet
  facet normal 0.146746 0.989174 -0
    outer loop
      vertex -33.247 -14.5928 2
      vertex -33.3926 -14.5712 9
      vertex -33.247 -14.5928 9
    endloop
  endfacet
  facet normal 0.146746 0.989174 0
    outer loop
      vertex -33.3926 -14.5712 9
      vertex -33.247 -14.5928 2
      vertex -33.3926 -14.5712 2
    endloop
  endfacet
  facet normal -0.740585 -0.671962 0
    outer loop
      vertex 34.2595 14.0516 2
      vertex 34.1606 14.1606 9
      vertex 34.1606 14.1606 2
    endloop
  endfacet
  facet normal -0.740585 -0.671962 0
    outer loop
      vertex 34.1606 14.1606 9
      vertex 34.2595 14.0516 2
      vertex 34.2595 14.0516 9
    endloop
  endfacet
  facet normal 0.595536 0.803329 -0
    outer loop
      vertex -33.9333 -14.3472 2
      vertex -34.0516 -14.2595 9
      vertex -33.9333 -14.3472 9
    endloop
  endfacet
  facet normal 0.595536 0.803329 0
    outer loop
      vertex -34.0516 -14.2595 9
      vertex -33.9333 -14.3472 2
      vertex -34.0516 -14.2595 2
    endloop
  endfacet
  facet normal 0.740585 0.671962 0
    outer loop
      vertex -34.1606 -14.1606 9
      vertex -34.2595 -14.0516 2
      vertex -34.2595 -14.0516 9
    endloop
  endfacet
  facet normal 0.740585 0.671962 0
    outer loop
      vertex -34.2595 -14.0516 2
      vertex -34.1606 -14.1606 9
      vertex -34.1606 -14.1606 2
    endloop
  endfacet
  facet normal 0.336939 -0.941527 0
    outer loop
      vertex -33.674 14.4858 2
      vertex -33.5354 14.5354 9
      vertex -33.674 14.4858 9
    endloop
  endfacet
  facet normal 0.336939 -0.941527 0
    outer loop
      vertex -33.5354 14.5354 9
      vertex -33.674 14.4858 2
      vertex -33.5354 14.5354 2
    endloop
  endfacet
  facet normal 0.969982 -0.243175 0
    outer loop
      vertex -34.5712 13.3926 9
      vertex -34.5354 13.5354 2
      vertex -34.5354 13.5354 9
    endloop
  endfacet
  facet normal 0.969982 -0.243175 0
    outer loop
      vertex -34.5354 13.5354 2
      vertex -34.5712 13.3926 9
      vertex -34.5712 13.3926 2
    endloop
  endfacet
  facet normal 0 1 -0
    outer loop
      vertex 33.1 -14.6 2
      vertex -33.1 -14.6 9
      vertex 33.1 -14.6 9
    endloop
  endfacet
  facet normal 0 1 0
    outer loop
      vertex -33.1 -14.6 9
      vertex 33.1 -14.6 2
      vertex -33.1 -14.6 2
    endloop
  endfacet
  facet normal 0.0489209 -0.998803 0
    outer loop
      vertex -33.247 14.5928 2
      vertex -33.1 14.6 9
      vertex -33.247 14.5928 9
    endloop
  endfacet
  facet normal 0.0489209 -0.998803 0
    outer loop
      vertex -33.1 14.6 9
      vertex -33.247 14.5928 2
      vertex -33.1 14.6 2
    endloop
  endfacet
  facet normal 0 -1 0
    outer loop
      vertex -33.1 14.6 2
      vertex 33.1 14.6 9
      vertex -33.1 14.6 9
    endloop
  endfacet
  facet normal 0 -1 -0
    outer loop
      vertex 33.1 14.6 9
      vertex -33.1 14.6 2
      vertex 33.1 14.6 2
    endloop
  endfacet
  facet normal 0.998803 -0.0489209 0
    outer loop
      vertex -34.6 13.1 9
      vertex -34.5928 13.247 2
      vertex -34.5928 13.247 9
    endloop
  endfacet
  facet normal 0.998803 -0.0489209 0
    outer loop
      vertex -34.5928 13.247 2
      vertex -34.6 13.1 9
      vertex -34.6 13.1 2
    endloop
  endfacet
  facet normal 0.0489209 0.998803 -0
    outer loop
      vertex -33.1 -14.6 2
      vertex -33.247 -14.5928 9
      vertex -33.1 -14.6 9
    endloop
  endfacet
  facet normal 0.0489209 0.998803 0
    outer loop
      vertex -33.247 -14.5928 9
      vertex -33.1 -14.6 2
      vertex -33.247 -14.5928 2
    endloop
  endfacet
  facet normal 0.146746 -0.989174 0
    outer loop
      vertex -33.3926 14.5712 2
      vertex -33.247 14.5928 9
      vertex -33.3926 14.5712 9
    endloop
  endfacet
  facet normal 0.146746 -0.989174 0
    outer loop
      vertex -33.247 14.5928 9
      vertex -33.3926 14.5712 2
      vertex -33.247 14.5928 2
    endloop
  endfacet
  facet normal 0.243175 0.969982 -0
    outer loop
      vertex -33.3926 -14.5712 2
      vertex -33.5354 -14.5354 9
      vertex -33.3926 -14.5712 9
    endloop
  endfacet
  facet normal 0.243175 0.969982 0
    outer loop
      vertex -33.5354 -14.5354 9
      vertex -33.3926 -14.5712 2
      vertex -33.5354 -14.5354 2
    endloop
  endfacet
  facet normal 0.803329 -0.595536 0
    outer loop
      vertex -34.3472 13.9333 9
      vertex -34.2595 14.0516 2
      vertex -34.2595 14.0516 9
    endloop
  endfacet
  facet normal 0.803329 -0.595536 0
    outer loop
      vertex -34.2595 14.0516 2
      vertex -34.3472 13.9333 9
      vertex -34.3472 13.9333 2
    endloop
  endfacet
  facet normal 0.671962 -0.740585 0
    outer loop
      vertex -34.1606 14.1606 2
      vertex -34.0516 14.2595 9
      vertex -34.1606 14.1606 9
    endloop
  endfacet
  facet normal 0.671962 -0.740585 0
    outer loop
      vertex -34.0516 14.2595 9
      vertex -34.1606 14.1606 2
      vertex -34.0516 14.2595 2
    endloop
  endfacet
  facet normal 0.941527 0.336939 0
    outer loop
      vertex -34.4858 -13.674 9
      vertex -34.5354 -13.5354 2
      vertex -34.5354 -13.5354 9
    endloop
  endfacet
  facet normal 0.941527 0.336939 0
    outer loop
      vertex -34.5354 -13.5354 2
      vertex -34.4858 -13.674 9
      vertex -34.4858 -13.674 2
    endloop
  endfacet
  facet normal 0.427269 0.904125 -0
    outer loop
      vertex -33.674 -14.4858 2
      vertex -33.8071 -14.4229 9
      vertex -33.674 -14.4858 9
    endloop
  endfacet
  facet normal 0.427269 0.904125 0
    outer loop
      vertex -33.8071 -14.4229 9
      vertex -33.674 -14.4858 2
      vertex -33.8071 -14.4229 2
    endloop
  endfacet
  facet normal 0.941527 -0.336939 0
    outer loop
      vertex -34.5354 13.5354 9
      vertex -34.4858 13.674 2
      vertex -34.4858 13.674 9
    endloop
  endfacet
  facet normal 0.941527 -0.336939 0
    outer loop
      vertex -34.4858 13.674 2
      vertex -34.5354 13.5354 9
      vertex -34.5354 13.5354 2
    endloop
  endfacet
  facet normal -0.857553 -0.514396 0
    outer loop
      vertex 34.4229 13.8071 2
      vertex 34.3472 13.9333 9
      vertex 34.3472 13.9333 2
    endloop
  endfacet
  facet normal -0.857553 -0.514396 0
    outer loop
      vertex 34.3472 13.9333 9
      vertex 34.4229 13.8071 2
      vertex 34.4229 13.8071 9
    endloop
  endfacet
  facet normal 0 0 1
    outer loop
      vertex -29.5048 -10.902 2
      vertex -29.5048 -11.098 2
      vertex -29.5 -11 2
    endloop
  endfacet
  facet normal 0 0 1
    outer loop
      vertex -29.5192 -10.8049 2
      vertex -29.5048 -11.098 2
      vertex -29.5048 -10.902 2
    endloop
  endfacet
  facet normal 0 0 1
    outer loop
      vertex -29.5192 -10.8049 2
      vertex -29.5192 -11.1951 2
      vertex -29.5048 -11.098 2
    endloop
  endfacet
  facet normal 0 0 1
    outer loop
      vertex -29.5431 -10.7097 2
      vertex -29.5192 -11.1951 2
      vertex -29.5192 -10.8049 2
    endloop
  endfacet
  facet normal 0 0 1
    outer loop
      vertex -29.5431 -10.7097 2
      vertex -29.5431 -11.2903 2
      vertex -29.5192 -11.1951 2
    endloop
  endfacet
  facet normal 0 0 1
    outer loop
      vertex -29.5761 -10.6173 2
      vertex -29.5431 -11.2903 2
      vertex -29.5431 -10.7097 2
    endloop
  endfacet
  facet normal 0 0 1
    outer loop
      vertex -29.5761 -10.6173 2
      vertex -29.5761 -11.3827 2
      vertex -29.5431 -11.2903 2
    endloop
  endfacet
  facet normal 0 0 1
    outer loop
      vertex -29.6181 -10.5286 2
      vertex -29.5761 -11.3827 2
      vertex -29.5761 -10.6173 2
    endloop
  endfacet
  facet normal 0 0 1
    outer loop
      vertex -29.6181 -10.5286 2
      vertex -29.6181 -11.4714 2
      vertex -29.5761 -11.3827 2
    endloop
  endfacet
  facet normal 0 0 1
    outer loop
      vertex -29.6685 -10.4444 2
      vertex -29.6181 -11.4714 2
      vertex -29.6181 -10.5286 2
    endloop
  endfacet
  facet normal 0 0 1
    outer loop
      vertex -29.6685 -10.4444 2
      vertex -29.6685 -11.5556 2
      vertex -29.6181 -11.4714 2
    endloop
  endfacet
  facet normal 0 0 1
    outer loop
      vertex -29.727 -10.3656 2
      vertex -29.6685 -11.5556 2
      vertex -29.6685 -10.4444 2
    endloop
  endfacet
  facet normal 0 0 1
    outer loop
      vertex -29.727 -10.3656 2
      vertex -29.727 -11.6344 2
      vertex -29.6685 -11.5556 2
    endloop
  endfacet
  facet normal 0 0 1
    outer loop
      vertex -29.7929 -10.2929 2
      vertex -29.727 -11.6344 2
      vertex -29.727 -10.3656 2
    endloop
  endfacet
  facet normal 0 0 1
    outer loop
      vertex -29.7929 -10.2929 2
      vertex -29.7929 -11.7071 2
      vertex -29.727 -11.6344 2
    endloop
  endfacet
  facet normal 0 0 1
    outer loop
      vertex -29.8656 -10.227 2
      vertex -29.7929 -11.7071 2
      vertex -29.7929 -10.2929 2
    endloop
  endfacet
  facet normal 0 0 1
    outer loop
      vertex -29.8656 -10.227 2
      vertex -29.8656 -11.773 2
      vertex -29.7929 -11.7071 2
    endloop
  endfacet
  facet normal 0 0 1
    outer loop
      vertex -29.9444 -10.1685 2
      vertex -29.8656 -11.773 2
      vertex -29.8656 -10.227 2
    endloop
  endfacet
  facet normal 0 0 1
    outer loop
      vertex -29.9444 -10.1685 2
      vertex -29.9444 -11.8315 2
      vertex -29.8656 -11.773 2
    endloop
  endfacet
  facet normal 0 0 1
    outer loop
      vertex -30.0286 -10.1181 2
      vertex -29.9444 -11.8315 2
      vertex -29.9444 -10.1685 2
    endloop
  endfacet
  facet normal 0 0 1
    outer loop
      vertex -30.0286 -10.1181 2
      vertex -30.0286 -11.8819 2
      vertex -29.9444 -11.8315 2
    endloop
  endfacet
  facet normal 0 0 1
    outer loop
      vertex -30.1173 -10.0761 2
      vertex -30.0286 -11.8819 2
      vertex -30.0286 -10.1181 2
    endloop
  endfacet
  facet normal 0 0 1
    outer loop
      vertex -30.1173 -10.0761 2
      vertex -30.1173 -11.9239 2
      vertex -30.0286 -11.8819 2
    endloop
  endfacet
  facet normal 0 0 1
    outer loop
      vertex -30.2097 -10.0431 2
      vertex -30.1173 -11.9239 2
      vertex -30.1173 -10.0761 2
    endloop
  endfacet
  facet normal 0 0 1
    outer loop
      vertex -30.2097 -10.0431 2
      vertex -30.2097 -11.9569 2
      vertex -30.1173 -11.9239 2
    endloop
  endfacet
  facet normal 0 0 1
    outer loop
      vertex -30.3049 -10.0192 2
      vertex -30.2097 -11.9569 2
      vertex -30.2097 -10.0431 2
    endloop
  endfacet
  facet normal 0 0 1
    outer loop
      vertex -30.3049 -10.0192 2
      vertex -30.3049 -11.9808 2
      vertex -30.2097 -11.9569 2
    endloop
  endfacet
  facet normal 0 0 1
    outer loop
      vertex -30.402 -10.0048 2
      vertex -30.3049 -11.9808 2
      vertex -30.3049 -10.0192 2
    endloop
  endfacet
  facet normal 0 0 1
    outer loop
      vertex -30.402 -10.0048 2
      vertex -30.402 -11.9952 2
      vertex -30.3049 -11.9808 2
    endloop
  endfacet
  facet normal 0 0 1
    outer loop
      vertex -30.5 -10 2
      vertex -30.402 -11.9952 2
      vertex -30.402 -10.0048 2
    endloop
  endfacet
  facet normal 0 0 1
    outer loop
      vertex -30.5 -10 2
      vertex -30.5 -12 2
      vertex -30.402 -11.9952 2
    endloop
  endfacet
  facet normal -0 0 1
    outer loop
      vertex -30.598 -10.0048 2
      vertex -30.5 -12 2
      vertex -30.5 -10 2
    endloop
  endfacet
  facet normal 0 0 1
    outer loop
      vertex -30.598 -10.0048 2
      vertex -30.598 -11.9952 2
      vertex -30.5 -12 2
    endloop
  endfacet
  facet normal -0 0 1
    outer loop
      vertex -30.6951 -10.0192 2
      vertex -30.598 -11.9952 2
      vertex -30.598 -10.0048 2
    endloop
  endfacet
  facet normal 0 0 1
    outer loop
      vertex -30.6951 -10.0192 2
      vertex -30.6951 -11.9808 2
      vertex -30.598 -11.9952 2
    endloop
  endfacet
  facet normal -0 0 1
    outer loop
      vertex -30.7903 -10.0431 2
      vertex -30.6951 -11.9808 2
      vertex -30.6951 -10.0192 2
    endloop
  endfacet
  facet normal 0 0 1
    outer loop
      vertex -30.7903 -10.0431 2
      vertex -30.7903 -11.9569 2
      vertex -30.6951 -11.9808 2
    endloop
  endfacet
  facet normal -0 0 1
    outer loop
      vertex -30.8827 -10.0761 2
      vertex -30.7903 -11.9569 2
      vertex -30.7903 -10.0431 2
    endloop
  endfacet
  facet normal 0 0 1
    outer loop
      vertex -30.8827 -10.0761 2
      vertex -30.8827 -11.9239 2
      vertex -30.7903 -11.9569 2
    endloop
  endfacet
  facet normal -0 0 1
    outer loop
      vertex -30.9714 -10.1181 2
      vertex -30.8827 -11.9239 2
      vertex -30.8827 -10.0761 2
    endloop
  endfacet
  facet normal 0 0 1
    outer loop
      vertex -30.9714 -10.1181 2
      vertex -30.9714 -11.8819 2
      vertex -30.8827 -11.9239 2
    endloop
  endfacet
  facet normal -0 0 1
    outer loop
      vertex -31.0556 -10.1685 2
      vertex -30.9714 -11.8819 2
      vertex -30.9714 -10.1181 2
    endloop
  endfacet
  facet normal 0 0 1
    outer loop
      vertex -31.0556 -10.1685 2
      vertex -31.0556 -11.8315 2
      vertex -30.9714 -11.8819 2
    endloop
  endfacet
  facet normal -0 0 1
    outer loop
      vertex -31.1344 -10.227 2
      vertex -31.0556 -11.8315 2
      vertex -31.0556 -10.1685 2
    endloop
  endfacet
  facet normal 0 0 1
    outer loop
      vertex -31.1344 -10.227 2
      vertex -31.1344 -11.773 2
      vertex -31.0556 -11.8315 2
    endloop
  endfacet
  facet normal -0 0 1
    outer loop
      vertex -31.2071 -10.2929 2
      vertex -31.1344 -11.773 2
      vertex -31.1344 -10.227 2
    endloop
  endfacet
  facet normal 0 0 1
    outer loop
      vertex -31.2071 -10.2929 2
      vertex -31.2071 -11.7071 2
      vertex -31.1344 -11.773 2
    endloop
  endfacet
  facet normal -0 0 1
    outer loop
      vertex -31.273 -10.3656 2
      vertex -31.2071 -11.7071 2
      vertex -31.2071 -10.2929 2
    endloop
  endfacet
  facet normal 0 0 1
    outer loop
      vertex -31.273 -10.3656 2
      vertex -31.273 -11.6344 2
      vertex -31.2071 -11.7071 2
    endloop
  endfacet
  facet normal -0 0 1
    outer loop
      vertex -31.3315 -10.4444 2
      vertex -31.273 -11.6344 2
      vertex -31.273 -10.3656 2
    endloop
  endfacet
  facet normal 0 0 1
    outer loop
      vertex -31.3315 -10.4444 2
      vertex -31.3315 -11.5556 2
      vertex -31.273 -11.6344 2
    endloop
  endfacet
  facet normal -0 0 1
    outer loop
      vertex -31.3819 -10.5286 2
      vertex -31.3315 -11.5556 2
      vertex -31.3315 -10.4444 2
    endloop
  endfacet
  facet normal 0 0 1
    outer loop
      vertex -31.3819 -10.5286 2
      vertex -31.3819 -11.4714 2
      vertex -31.3315 -11.5556 2
    endloop
  endfacet
  facet normal -0 0 1
    outer loop
      vertex -31.4239 -10.6173 2
      vertex -31.3819 -11.4714 2
      vertex -31.3819 -10.5286 2
    endloop
  endfacet
  facet normal 0 0 1
    outer loop
      vertex -31.4239 -10.6173 2
      vertex -31.4239 -11.3827 2
      vertex -31.3819 -11.4714 2
    endloop
  endfacet
  facet normal -0 0 1
    outer loop
      vertex -31.4569 -10.7097 2
      vertex -31.4239 -11.3827 2
      vertex -31.4239 -10.6173 2
    endloop
  endfacet
  facet normal 0 0 1
    outer loop
      vertex -31.4569 -10.7097 2
      vertex -31.4569 -11.2903 2
      vertex -31.4239 -11.3827 2
    endloop
  endfacet
  facet normal -0 0 1
    outer loop
      vertex -31.4808 -10.8049 2
      vertex -31.4569 -11.2903 2
      vertex -31.4569 -10.7097 2
    endloop
  endfacet
  facet normal 0 0 1
    outer loop
      vertex -31.4808 -10.8049 2
      vertex -31.4808 -11.1951 2
      vertex -31.4569 -11.2903 2
    endloop
  endfacet
  facet normal -0 0 1
    outer loop
      vertex -31.4952 -10.902 2
      vertex -31.4808 -11.1951 2
      vertex -31.4808 -10.8049 2
    endloop
  endfacet
  facet normal 0 0 1
    outer loop
      vertex -31.4952 -10.902 2
      vertex -31.4952 -11.098 2
      vertex -31.4808 -11.1951 2
    endloop
  endfacet
  facet normal 0 -0 1
    outer loop
      vertex -31.4952 -11.098 2
      vertex -31.4952 -10.902 2
      vertex -31.5 -11 2
    endloop
  endfacet
  facet normal 0 0 1
    outer loop
      vertex -29.5048 11.098 2
      vertex -29.5048 10.902 2
      vertex -29.5 11 2
    endloop
  endfacet
  facet normal 0 0 1
    outer loop
      vertex -29.5192 11.1951 2
      vertex -29.5048 10.902 2
      vertex -29.5048 11.098 2
    endloop
  endfacet
  facet normal 0 0 1
    outer loop
      vertex -29.5192 11.1951 2
      vertex -29.5192 10.8049 2
      vertex -29.5048 10.902 2
    endloop
  endfacet
  facet normal 0 0 1
    outer loop
      vertex -29.5431 11.2903 2
      vertex -29.5192 10.8049 2
      vertex -29.5192 11.1951 2
    endloop
  endfacet
  facet normal 0 0 1
    outer loop
      vertex -29.5431 11.2903 2
      vertex -29.5431 10.7097 2
      vertex -29.5192 10.8049 2
    endloop
  endfacet
  facet normal 0 0 1
    outer loop
      vertex -29.5761 11.3827 2
      vertex -29.5431 10.7097 2
      vertex -29.5431 11.2903 2
    endloop
  endfacet
  facet normal 0 0 1
    outer loop
      vertex -29.5761 11.3827 2
      vertex -29.5761 10.6173 2
      vertex -29.5431 10.7097 2
    endloop
  endfacet
  facet normal 0 0 1
    outer loop
      vertex -29.6181 11.4714 2
      vertex -29.5761 10.6173 2
      vertex -29.5761 11.3827 2
    endloop
  endfacet
  facet normal 0 0 1
    outer loop
      vertex -29.6181 11.4714 2
      vertex -29.6181 10.5286 2
      vertex -29.5761 10.6173 2
    endloop
  endfacet
  facet normal 0 0 1
    outer loop
      vertex -29.6685 11.5556 2
      vertex -29.6181 10.5286 2
      vertex -29.6181 11.4714 2
    endloop
  endfacet
  facet normal 0 0 1
    outer loop
      vertex -29.6685 11.5556 2
      vertex -29.6685 10.4444 2
      vertex -29.6181 10.5286 2
    endloop
  endfacet
  facet normal 0 0 1
    outer loop
      vertex -29.727 11.6344 2
      vertex -29.6685 10.4444 2
      vertex -29.6685 11.5556 2
    endloop
  endfacet
  facet normal 0 0 1
    outer loop
      vertex -29.727 11.6344 2
      vertex -29.727 10.3656 2
      vertex -29.6685 10.4444 2
    endloop
  endfacet
  facet normal 0 0 1
    outer loop
      vertex -29.7929 11.7071 2
      vertex -29.727 10.3656 2
      vertex -29.727 11.6344 2
    endloop
  endfacet
  facet normal 0 0 1
    outer loop
      vertex -29.7929 11.7071 2
      vertex -29.7929 10.2929 2
      vertex -29.727 10.3656 2
    endloop
  endfacet
  facet normal 0 0 1
    outer loop
      vertex -29.8656 11.773 2
      vertex -29.7929 10.2929 2
      vertex -29.7929 11.7071 2
    endloop
  endfacet
  facet normal 0 0 1
    outer loop
      vertex -29.8656 11.773 2
      vertex -29.8656 10.227 2
      vertex -29.7929 10.2929 2
    endloop
  endfacet
  facet normal 0 0 1
    outer loop
      vertex -29.9444 11.8315 2
      vertex -29.8656 10.227 2
      vertex -29.8656 11.773 2
    endloop
  endfacet
  facet normal 0 0 1
    outer loop
      vertex -29.9444 11.8315 2
      vertex -29.9444 10.1685 2
      vertex -29.8656 10.227 2
    endloop
  endfacet
  facet normal 0 0 1
    outer loop
      vertex -30.0286 11.8819 2
      vertex -29.9444 10.1685 2
      vertex -29.9444 11.8315 2
    endloop
  endfacet
  facet normal 0 0 1
    outer loop
      vertex -30.0286 11.8819 2
      vertex -30.0286 10.1181 2
      vertex -29.9444 10.1685 2
    endloop
  endfacet
  facet normal 0 0 1
    outer loop
      vertex -30.1173 11.9239 2
      vertex -30.0286 10.1181 2
      vertex -30.0286 11.8819 2
    endloop
  endfacet
  facet normal 0 0 1
    outer loop
      vertex -30.1173 11.9239 2
      vertex -30.1173 10.0761 2
      vertex -30.0286 10.1181 2
    endloop
  endfacet
  facet normal 0 0 1
    outer loop
      vertex -30.2097 11.9569 2
      vertex -30.1173 10.0761 2
      vertex -30.1173 11.9239 2
    endloop
  endfacet
  facet normal 0 0 1
    outer loop
      vertex -30.2097 11.9569 2
      vertex -30.2097 10.0431 2
      vertex -30.1173 10.0761 2
    endloop
  endfacet
  facet normal 0 0 1
    outer loop
      vertex -30.3049 11.9808 2
      vertex -30.2097 10.0431 2
      vertex -30.2097 11.9569 2
    endloop
  endfacet
  facet normal 0 0 1
    outer loop
      vertex -30.3049 11.9808 2
      vertex -30.3049 10.0192 2
      vertex -30.2097 10.0431 2
    endloop
  endfacet
  facet normal 0 0 1
    outer loop
      vertex -30.402 11.9952 2
      vertex -30.3049 10.0192 2
      vertex -30.3049 11.9808 2
    endloop
  endfacet
  facet normal 0 0 1
    outer loop
      vertex -30.402 11.9952 2
      vertex -30.402 10.0048 2
      vertex -30.3049 10.0192 2
    endloop
  endfacet
  facet normal 0 0 1
    outer loop
      vertex -30.5 12 2
      vertex -30.402 10.0048 2
      vertex -30.402 11.9952 2
    endloop
  endfacet
  facet normal 0 0 1
    outer loop
      vertex -30.5 12 2
      vertex -30.5 10 2
      vertex -30.402 10.0048 2
    endloop
  endfacet
  facet normal -0 0 1
    outer loop
      vertex -30.598 11.9952 2
      vertex -30.5 10 2
      vertex -30.5 12 2
    endloop
  endfacet
  facet normal 0 0 1
    outer loop
      vertex -30.598 11.9952 2
      vertex -30.598 10.0048 2
      vertex -30.5 10 2
    endloop
  endfacet
  facet normal -0 0 1
    outer loop
      vertex -30.6951 11.9808 2
      vertex -30.598 10.0048 2
      vertex -30.598 11.9952 2
    endloop
  endfacet
  facet normal 0 0 1
    outer loop
      vertex -30.6951 11.9808 2
      vertex -30.6951 10.0192 2
      vertex -30.598 10.0048 2
    endloop
  endfacet
  facet normal -0 0 1
    outer loop
      vertex -30.7903 11.9569 2
      vertex -30.6951 10.0192 2
      vertex -30.6951 11.9808 2
    endloop
  endfacet
  facet normal 0 0 1
    outer loop
      vertex -30.7903 11.9569 2
      vertex -30.7903 10.0431 2
      vertex -30.6951 10.0192 2
    endloop
  endfacet
  facet normal -0 0 1
    outer loop
      vertex -30.8827 11.9239 2
      vertex -30.7903 10.0431 2
      vertex -30.7903 11.9569 2
    endloop
  endfacet
  facet normal 0 0 1
    outer loop
      vertex -30.8827 11.9239 2
      vertex -30.8827 10.0761 2
      vertex -30.7903 10.0431 2
    endloop
  endfacet
  facet normal -0 0 1
    outer loop
      vertex -30.9714 11.8819 2
      vertex -30.8827 10.0761 2
      vertex -30.8827 11.9239 2
    endloop
  endfacet
  facet normal 0 0 1
    outer loop
      vertex -30.9714 11.8819 2
      vertex -30.9714 10.1181 2
      vertex -30.8827 10.0761 2
    endloop
  endfacet
  facet normal -0 0 1
    outer loop
      vertex -31.0556 11.8315 2
      vertex -30.9714 10.1181 2
      vertex -30.9714 11.8819 2
    endloop
  endfacet
  facet normal 0 0 1
    outer loop
      vertex -31.0556 11.8315 2
      vertex -31.0556 10.1685 2
      vertex -30.9714 10.1181 2
    endloop
  endfacet
  facet normal -0 0 1
    outer loop
      vertex -31.1344 11.773 2
      vertex -31.0556 10.1685 2
      vertex -31.0556 11.8315 2
    endloop
  endfacet
  facet normal 0 0 1
    outer loop
      vertex -31.1344 11.773 2
      vertex -31.1344 10.227 2
      vertex -31.0556 10.1685 2
    endloop
  endfacet
  facet normal -0 0 1
    outer loop
      vertex -31.2071 11.7071 2
      vertex -31.1344 10.227 2
      vertex -31.1344 11.773 2
    endloop
  endfacet
  facet normal 0 0 1
    outer loop
      vertex -31.2071 11.7071 2
      vertex -31.2071 10.2929 2
      vertex -31.1344 10.227 2
    endloop
  endfacet
  facet normal -0 0 1
    outer loop
      vertex -31.273 11.6344 2
      vertex -31.2071 10.2929 2
      vertex -31.2071 11.7071 2
    endloop
  endfacet
  facet normal 0 0 1
    outer loop
      vertex -31.273 11.6344 2
      vertex -31.273 10.3656 2
      vertex -31.2071 10.2929 2
    endloop
  endfacet
  facet normal -0 0 1
    outer loop
      vertex -31.3315 11.5556 2
      vertex -31.273 10.3656 2
      vertex -31.273 11.6344 2
    endloop
  endfacet
  facet normal 0 0 1
    outer loop
      vertex -31.3315 11.5556 2
      vertex -31.3315 10.4444 2
      vertex -31.273 10.3656 2
    endloop
  endfacet
  facet normal -0 0 1
    outer loop
      vertex -31.3819 11.4714 2
      vertex -31.3315 10.4444 2
      vertex -31.3315 11.5556 2
    endloop
  endfacet
  facet normal 0 0 1
    outer loop
      vertex -31.3819 11.4714 2
      vertex -31.3819 10.5286 2
      vertex -31.3315 10.4444 2
    endloop
  endfacet
  facet normal -0 0 1
    outer loop
      vertex -31.4239 11.3827 2
      vertex -31.3819 10.5286 2
      vertex -31.3819 11.4714 2
    endloop
  endfacet
  facet normal 0 0 1
    outer loop
      vertex -31.4239 11.3827 2
      vertex -31.4239 10.6173 2
      vertex -31.3819 10.5286 2
    endloop
  endfacet
  facet normal -0 0 1
    outer loop
      vertex -31.4569 11.2903 2
      vertex -31.4239 10.6173 2
      vertex -31.4239 11.3827 2
    endloop
  endfacet
  facet normal 0 0 1
    outer loop
      vertex -31.4569 11.2903 2
      vertex -31.4569 10.7097 2
      vertex -31.4239 10.6173 2
    endloop
  endfacet
  facet normal -0 0 1
    outer loop
      vertex -31.4808 11.1951 2
      vertex -31.4569 10.7097 2
      vertex -31.4569 11.2903 2
    endloop
  endfacet
  facet normal 0 0 1
    outer loop
      vertex -31.4808 11.1951 2
      vertex -31.4808 10.8049 2
      vertex -31.4569 10.7097 2
    endloop
  endfacet
  facet normal -0 0 1
    outer loop
      vertex -31.4952 11.098 2
      vertex -31.4808 10.8049 2
      vertex -31.4808 11.1951 2
    endloop
  endfacet
  facet normal 0 0 1
    outer loop
      vertex -31.4952 11.098 2
      vertex -31.4952 10.902 2
      vertex -31.4808 10.8049 2
    endloop
  endfacet
  facet normal 0 -0 1
    outer loop
      vertex -31.4952 10.902 2
      vertex -31.4952 11.098 2
      vertex -31.5 11 2
    endloop
  endfacet
  facet normal 0 0 1
    outer loop
      vertex 31.4952 11.098 2
      vertex 31.4952 10.902 2
      vertex 31.5 11 2
    endloop
  endfacet
  facet normal 0 0 1
    outer loop
      vertex 31.4808 11.1951 2
      vertex 31.4952 10.902 2
      vertex 31.4952 11.098 2
    endloop
  endfacet
  facet normal 0 0 1
    outer loop
      vertex 31.4808 11.1951 2
      vertex 31.4808 10.8049 2
      vertex 31.4952 10.902 2
    endloop
  endfacet
  facet normal 0 0 1
    outer loop
      vertex 31.4569 11.2903 2
      vertex 31.4808 10.8049 2
      vertex 31.4808 11.1951 2
    endloop
  endfacet
  facet normal 0 0 1
    outer loop
      vertex 31.4569 11.2903 2
      vertex 31.4569 10.7097 2
      vertex 31.4808 10.8049 2
    endloop
  endfacet
  facet normal 0 0 1
    outer loop
      vertex 31.4239 11.3827 2
      vertex 31.4569 10.7097 2
      vertex 31.4569 11.2903 2
    endloop
  endfacet
  facet normal 0 0 1
    outer loop
      vertex 31.4239 11.3827 2
      vertex 31.4239 10.6173 2
      vertex 31.4569 10.7097 2
    endloop
  endfacet
  facet normal 0 0 1
    outer loop
      vertex 31.3819 11.4714 2
      vertex 31.4239 10.6173 2
      vertex 31.4239 11.3827 2
    endloop
  endfacet
  facet normal 0 0 1
    outer loop
      vertex 31.3819 11.4714 2
      vertex 31.3819 10.5286 2
      vertex 31.4239 10.6173 2
    endloop
  endfacet
  facet normal 0 0 1
    outer loop
      vertex 31.3315 11.5556 2
      vertex 31.3819 10.5286 2
      vertex 31.3819 11.4714 2
    endloop
  endfacet
  facet normal 0 0 1
    outer loop
      vertex 31.3315 11.5556 2
      vertex 31.3315 10.4444 2
      vertex 31.3819 10.5286 2
    endloop
  endfacet
  facet normal 0 0 1
    outer loop
      vertex 31.273 11.6344 2
      vertex 31.3315 10.4444 2
      vertex 31.3315 11.5556 2
    endloop
  endfacet
  facet normal 0 0 1
    outer loop
      vertex 31.273 11.6344 2
      vertex 31.273 10.3656 2
      vertex 31.3315 10.4444 2
    endloop
  endfacet
  facet normal 0 0 1
    outer loop
      vertex 31.2071 11.7071 2
      vertex 31.273 10.3656 2
      vertex 31.273 11.6344 2
    endloop
  endfacet
  facet normal 0 0 1
    outer loop
      vertex 31.2071 11.7071 2
      vertex 31.2071 10.2929 2
      vertex 31.273 10.3656 2
    endloop
  endfacet
  facet normal 0 0 1
    outer loop
      vertex 31.1344 11.773 2
      vertex 31.2071 10.2929 2
      vertex 31.2071 11.7071 2
    endloop
  endfacet
  facet normal 0 0 1
    outer loop
      vertex 31.1344 11.773 2
      vertex 31.1344 10.227 2
      vertex 31.2071 10.2929 2
    endloop
  endfacet
  facet normal 0 0 1
    outer loop
      vertex 31.0556 11.8315 2
      vertex 31.1344 10.227 2
      vertex 31.1344 11.773 2
    endloop
  endfacet
  facet normal 0 0 1
    outer loop
      vertex 31.0556 11.8315 2
      vertex 31.0556 10.1685 2
      vertex 31.1344 10.227 2
    endloop
  endfacet
  facet normal 0 0 1
    outer loop
      vertex 30.9714 11.8819 2
      vertex 31.0556 10.1685 2
      vertex 31.0556 11.8315 2
    endloop
  endfacet
  facet normal 0 0 1
    outer loop
      vertex 30.9714 11.8819 2
      vertex 30.9714 10.1181 2
      vertex 31.0556 10.1685 2
    endloop
  endfacet
  facet normal 0 0 1
    outer loop
      vertex 30.8827 11.9239 2
      vertex 30.9714 10.1181 2
      vertex 30.9714 11.8819 2
    endloop
  endfacet
  facet normal 0 0 1
    outer loop
      vertex 30.8827 11.9239 2
      vertex 30.8827 10.0761 2
      vertex 30.9714 10.1181 2
    endloop
  endfacet
  facet normal 0 0 1
    outer loop
      vertex 30.7903 11.9569 2
      vertex 30.8827 10.0761 2
      vertex 30.8827 11.9239 2
    endloop
  endfacet
  facet normal 0 0 1
    outer loop
      vertex 30.7903 11.9569 2
      vertex 30.7903 10.0431 2
      vertex 30.8827 10.0761 2
    endloop
  endfacet
  facet normal 0 0 1
    outer loop
      vertex 30.6951 11.9808 2
      vertex 30.7903 10.0431 2
      vertex 30.7903 11.9569 2
    endloop
  endfacet
  facet normal 0 0 1
    outer loop
      vertex 30.6951 11.9808 2
      vertex 30.6951 10.0192 2
      vertex 30.7903 10.0431 2
    endloop
  endfacet
  facet normal 0 0 1
    outer loop
      vertex 30.598 11.9952 2
      vertex 30.6951 10.0192 2
      vertex 30.6951 11.9808 2
    endloop
  endfacet
  facet normal 0 0 1
    outer loop
      vertex 30.598 11.9952 2
      vertex 30.598 10.0048 2
      vertex 30.6951 10.0192 2
    endloop
  endfacet
  facet normal 0 0 1
    outer loop
      vertex 30.5 12 2
      vertex 30.598 10.0048 2
      vertex 30.598 11.9952 2
    endloop
  endfacet
  facet normal 0 0 1
    outer loop
      vertex 30.5 12 2
      vertex 30.5 10 2
      vertex 30.598 10.0048 2
    endloop
  endfacet
  facet normal -0 0 1
    outer loop
      vertex 30.402 11.9952 2
      vertex 30.5 10 2
      vertex 30.5 12 2
    endloop
  endfacet
  facet normal 0 0 1
    outer loop
      vertex 30.402 11.9952 2
      vertex 30.402 10.0048 2
      vertex 30.5 10 2
    endloop
  endfacet
  facet normal -0 0 1
    outer loop
      vertex 30.3049 11.9808 2
      vertex 30.402 10.0048 2
      vertex 30.402 11.9952 2
    endloop
  endfacet
  facet normal 0 0 1
    outer loop
      vertex 30.3049 11.9808 2
      vertex 30.3049 10.0192 2
      vertex 30.402 10.0048 2
    endloop
  endfacet
  facet normal -0 0 1
    outer loop
      vertex 30.2097 11.9569 2
      vertex 30.3049 10.0192 2
      vertex 30.3049 11.9808 2
    endloop
  endfacet
  facet normal 0 0 1
    outer loop
      vertex 30.2097 11.9569 2
      vertex 30.2097 10.0431 2
      vertex 30.3049 10.0192 2
    endloop
  endfacet
  facet normal -0 0 1
    outer loop
      vertex 30.1173 11.9239 2
      vertex 30.2097 10.0431 2
      vertex 30.2097 11.9569 2
    endloop
  endfacet
  facet normal 0 0 1
    outer loop
      vertex 30.1173 11.9239 2
      vertex 30.1173 10.0761 2
      vertex 30.2097 10.0431 2
    endloop
  endfacet
  facet normal -0 0 1
    outer loop
      vertex 30.0286 11.8819 2
      vertex 30.1173 10.0761 2
      vertex 30.1173 11.9239 2
    endloop
  endfacet
  facet normal 0 0 1
    outer loop
      vertex 30.0286 11.8819 2
      vertex 30.0286 10.1181 2
      vertex 30.1173 10.0761 2
    endloop
  endfacet
  facet normal -0 0 1
    outer loop
      vertex 29.9444 11.8315 2
      vertex 30.0286 10.1181 2
      vertex 30.0286 11.8819 2
    endloop
  endfacet
  facet normal 0 0 1
    outer loop
      vertex 29.9444 11.8315 2
      vertex 29.9444 10.1685 2
      vertex 30.0286 10.1181 2
    endloop
  endfacet
  facet normal -0 0 1
    outer loop
      vertex 29.8656 11.773 2
      vertex 29.9444 10.1685 2
      vertex 29.9444 11.8315 2
    endloop
  endfacet
  facet normal 0 0 1
    outer loop
      vertex 29.8656 11.773 2
      vertex 29.8656 10.227 2
      vertex 29.9444 10.1685 2
    endloop
  endfacet
  facet normal -0 0 1
    outer loop
      vertex 29.7929 11.7071 2
      vertex 29.8656 10.227 2
      vertex 29.8656 11.773 2
    endloop
  endfacet
  facet normal 0 0 1
    outer loop
      vertex 29.7929 11.7071 2
      vertex 29.7929 10.2929 2
      vertex 29.8656 10.227 2
    endloop
  endfacet
  facet normal -0 0 1
    outer loop
      vertex 29.727 11.6344 2
      vertex 29.7929 10.2929 2
      vertex 29.7929 11.7071 2
    endloop
  endfacet
  facet normal 0 0 1
    outer loop
      vertex 29.727 11.6344 2
      vertex 29.727 10.3656 2
      vertex 29.7929 10.2929 2
    endloop
  endfacet
  facet normal -0 0 1
    outer loop
      vertex 29.6685 11.5556 2
      vertex 29.727 10.3656 2
      vertex 29.727 11.6344 2
    endloop
  endfacet
  facet normal 0 0 1
    outer loop
      vertex 29.6685 11.5556 2
      vertex 29.6685 10.4444 2
      vertex 29.727 10.3656 2
    endloop
  endfacet
  facet normal -0 0 1
    outer loop
      vertex 29.6181 11.4714 2
      vertex 29.6685 10.4444 2
      vertex 29.6685 11.5556 2
    endloop
  endfacet
  facet normal 0 0 1
    outer loop
      vertex 29.6181 11.4714 2
      vertex 29.6181 10.5286 2
      vertex 29.6685 10.4444 2
    endloop
  endfacet
  facet normal -0 0 1
    outer loop
      vertex 29.5761 11.3827 2
      vertex 29.6181 10.5286 2
      vertex 29.6181 11.4714 2
    endloop
  endfacet
  facet normal 0 0 1
    outer loop
      vertex 29.5761 11.3827 2
      vertex 29.5761 10.6173 2
      vertex 29.6181 10.5286 2
    endloop
  endfacet
  facet normal -0 0 1
    outer loop
      vertex 29.5431 11.2903 2
      vertex 29.5761 10.6173 2
      vertex 29.5761 11.3827 2
    endloop
  endfacet
  facet normal 0 0 1
    outer loop
      vertex 29.5431 11.2903 2
      vertex 29.5431 10.7097 2
      vertex 29.5761 10.6173 2
    endloop
  endfacet
  facet normal -0 0 1
    outer loop
      vertex 29.5192 11.1951 2
      vertex 29.5431 10.7097 2
      vertex 29.5431 11.2903 2
    endloop
  endfacet
  facet normal 0 0 1
    outer loop
      vertex 29.5192 11.1951 2
      vertex 29.5192 10.8049 2
      vertex 29.5431 10.7097 2
    endloop
  endfacet
  facet normal -0 0 1
    outer loop
      vertex 29.5048 11.098 2
      vertex 29.5192 10.8049 2
      vertex 29.5192 11.1951 2
    endloop
  endfacet
  facet normal 0 0 1
    outer loop
      vertex 29.5048 11.098 2
      vertex 29.5048 10.902 2
      vertex 29.5192 10.8049 2
    endloop
  endfacet
  facet normal 0 -0 1
    outer loop
      vertex 29.5048 10.902 2
      vertex 29.5048 11.098 2
      vertex 29.5 11 2
    endloop
  endfacet
  facet normal 0 0 1
    outer loop
      vertex 31.4952 -10.902 2
      vertex 31.4952 -11.098 2
      vertex 31.5 -11 2
    endloop
  endfacet
  facet normal 0 0 1
    outer loop
      vertex 31.4808 -10.8049 2
      vertex 31.4952 -11.098 2
      vertex 31.4952 -10.902 2
    endloop
  endfacet
  facet normal 0 0 1
    outer loop
      vertex 31.4808 -10.8049 2
      vertex 31.4808 -11.1951 2
      vertex 31.4952 -11.098 2
    endloop
  endfacet
  facet normal 0 0 1
    outer loop
      vertex 31.4569 -10.7097 2
      vertex 31.4808 -11.1951 2
      vertex 31.4808 -10.8049 2
    endloop
  endfacet
  facet normal 0 0 1
    outer loop
      vertex 31.4569 -10.7097 2
      vertex 31.4569 -11.2903 2
      vertex 31.4808 -11.1951 2
    endloop
  endfacet
  facet normal 0 0 1
    outer loop
      vertex 31.4239 -10.6173 2
      vertex 31.4569 -11.2903 2
      vertex 31.4569 -10.7097 2
    endloop
  endfacet
  facet normal 0 0 1
    outer loop
      vertex 31.4239 -10.6173 2
      vertex 31.4239 -11.3827 2
      vertex 31.4569 -11.2903 2
    endloop
  endfacet
  facet normal 0 0 1
    outer loop
      vertex 31.3819 -10.5286 2
      vertex 31.4239 -11.3827 2
      vertex 31.4239 -10.6173 2
    endloop
  endfacet
  facet normal 0 0 1
    outer loop
      vertex 31.3819 -10.5286 2
      vertex 31.3819 -11.4714 2
      vertex 31.4239 -11.3827 2
    endloop
  endfacet
  facet normal 0 0 1
    outer loop
      vertex 31.3315 -10.4444 2
      vertex 31.3819 -11.4714 2
      vertex 31.3819 -10.5286 2
    endloop
  endfacet
  facet normal 0 0 1
    outer loop
      vertex 31.3315 -10.4444 2
      vertex 31.3315 -11.5556 2
      vertex 31.3819 -11.4714 2
    endloop
  endfacet
  facet normal 0 0 1
    outer loop
      vertex 31.273 -10.3656 2
      vertex 31.3315 -11.5556 2
      vertex 31.3315 -10.4444 2
    endloop
  endfacet
  facet normal 0 0 1
    outer loop
      vertex 31.273 -10.3656 2
      vertex 31.273 -11.6344 2
      vertex 31.3315 -11.5556 2
    endloop
  endfacet
  facet normal 0 0 1
    outer loop
      vertex 31.2071 -10.2929 2
      vertex 31.273 -11.6344 2
      vertex 31.273 -10.3656 2
    endloop
  endfacet
  facet normal 0 0 1
    outer loop
      vertex 31.2071 -10.2929 2
      vertex 31.2071 -11.7071 2
      vertex 31.273 -11.6344 2
    endloop
  endfacet
  facet normal 0 0 1
    outer loop
      vertex 31.1344 -10.227 2
      vertex 31.2071 -11.7071 2
      vertex 31.2071 -10.2929 2
    endloop
  endfacet
  facet normal 0 0 1
    outer loop
      vertex 31.1344 -10.227 2
      vertex 31.1344 -11.773 2
      vertex 31.2071 -11.7071 2
    endloop
  endfacet
  facet normal 0 0 1
    outer loop
      vertex 31.0556 -10.1685 2
      vertex 31.1344 -11.773 2
      vertex 31.1344 -10.227 2
    endloop
  endfacet
  facet normal 0 0 1
    outer loop
      vertex 31.0556 -10.1685 2
      vertex 31.0556 -11.8315 2
      vertex 31.1344 -11.773 2
    endloop
  endfacet
  facet normal 0 0 1
    outer loop
      vertex 30.9714 -10.1181 2
      vertex 31.0556 -11.8315 2
      vertex 31.0556 -10.1685 2
    endloop
  endfacet
  facet normal 0 0 1
    outer loop
      vertex 30.9714 -10.1181 2
      vertex 30.9714 -11.8819 2
      vertex 31.0556 -11.8315 2
    endloop
  endfacet
  facet normal 0 0 1
    outer loop
      vertex 30.8827 -10.0761 2
      vertex 30.9714 -11.8819 2
      vertex 30.9714 -10.1181 2
    endloop
  endfacet
  facet normal 0 0 1
    outer loop
      vertex 30.8827 -10.0761 2
      vertex 30.8827 -11.9239 2
      vertex 30.9714 -11.8819 2
    endloop
  endfacet
  facet normal 0 0 1
    outer loop
      vertex 30.7903 -10.0431 2
      vertex 30.8827 -11.9239 2
      vertex 30.8827 -10.0761 2
    endloop
  endfacet
  facet normal 0 0 1
    outer loop
      vertex 30.7903 -10.0431 2
      vertex 30.7903 -11.9569 2
      vertex 30.8827 -11.9239 2
    endloop
  endfacet
  facet normal 0 0 1
    outer loop
      vertex 30.6951 -10.0192 2
      vertex 30.7903 -11.9569 2
      vertex 30.7903 -10.0431 2
    endloop
  endfacet
  facet normal 0 0 1
    outer loop
      vertex 30.6951 -10.0192 2
      vertex 30.6951 -11.9808 2
      vertex 30.7903 -11.9569 2
    endloop
  endfacet
  facet normal 0 0 1
    outer loop
      vertex 30.598 -10.0048 2
      vertex 30.6951 -11.9808 2
      vertex 30.6951 -10.0192 2
    endloop
  endfacet
  facet normal 0 0 1
    outer loop
      vertex 30.598 -10.0048 2
      vertex 30.598 -11.9952 2
      vertex 30.6951 -11.9808 2
    endloop
  endfacet
  facet normal 0 0 1
    outer loop
      vertex 30.5 -10 2
      vertex 30.598 -11.9952 2
      vertex 30.598 -10.0048 2
    endloop
  endfacet
  facet normal 0 0 1
    outer loop
      vertex 30.5 -10 2
      vertex 30.5 -12 2
      vertex 30.598 -11.9952 2
    endloop
  endfacet
  facet normal -0 0 1
    outer loop
      vertex 30.402 -10.0048 2
      vertex 30.5 -12 2
      vertex 30.5 -10 2
    endloop
  endfacet
  facet normal 0 0 1
    outer loop
      vertex 30.402 -10.0048 2
      vertex 30.402 -11.9952 2
      vertex 30.5 -12 2
    endloop
  endfacet
  facet normal -0 0 1
    outer loop
      vertex 30.3049 -10.0192 2
      vertex 30.402 -11.9952 2
      vertex 30.402 -10.0048 2
    endloop
  endfacet
  facet normal 0 0 1
    outer loop
      vertex 30.3049 -10.0192 2
      vertex 30.3049 -11.9808 2
      vertex 30.402 -11.9952 2
    endloop
  endfacet
  facet normal -0 0 1
    outer loop
      vertex 30.2097 -10.0431 2
      vertex 30.3049 -11.9808 2
      vertex 30.3049 -10.0192 2
    endloop
  endfacet
  facet normal 0 0 1
    outer loop
      vertex 30.2097 -10.0431 2
      vertex 30.2097 -11.9569 2
      vertex 30.3049 -11.9808 2
    endloop
  endfacet
  facet normal -0 0 1
    outer loop
      vertex 30.1173 -10.0761 2
      vertex 30.2097 -11.9569 2
      vertex 30.2097 -10.0431 2
    endloop
  endfacet
  facet normal 0 0 1
    outer loop
      vertex 30.1173 -10.0761 2
      vertex 30.1173 -11.9239 2
      vertex 30.2097 -11.9569 2
    endloop
  endfacet
  facet normal -0 0 1
    outer loop
      vertex 30.0286 -10.1181 2
      vertex 30.1173 -11.9239 2
      vertex 30.1173 -10.0761 2
    endloop
  endfacet
  facet normal 0 0 1
    outer loop
      vertex 30.0286 -10.1181 2
      vertex 30.0286 -11.8819 2
      vertex 30.1173 -11.9239 2
    endloop
  endfacet
  facet normal -0 0 1
    outer loop
      vertex 29.9444 -10.1685 2
      vertex 30.0286 -11.8819 2
      vertex 30.0286 -10.1181 2
    endloop
  endfacet
  facet normal 0 0 1
    outer loop
      vertex 29.9444 -10.1685 2
      vertex 29.9444 -11.8315 2
      vertex 30.0286 -11.8819 2
    endloop
  endfacet
  facet normal -0 0 1
    outer loop
      vertex 29.8656 -10.227 2
      vertex 29.9444 -11.8315 2
      vertex 29.9444 -10.1685 2
    endloop
  endfacet
  facet normal 0 0 1
    outer loop
      vertex 29.8656 -10.227 2
      vertex 29.8656 -11.773 2
      vertex 29.9444 -11.8315 2
    endloop
  endfacet
  facet normal -0 0 1
    outer loop
      vertex 29.7929 -10.2929 2
      vertex 29.8656 -11.773 2
      vertex 29.8656 -10.227 2
    endloop
  endfacet
  facet normal 0 0 1
    outer loop
      vertex 29.7929 -10.2929 2
      vertex 29.7929 -11.7071 2
      vertex 29.8656 -11.773 2
    endloop
  endfacet
  facet normal -0 0 1
    outer loop
      vertex 29.727 -10.3656 2
      vertex 29.7929 -11.7071 2
      vertex 29.7929 -10.2929 2
    endloop
  endfacet
  facet normal 0 0 1
    outer loop
      vertex 29.727 -10.3656 2
      vertex 29.727 -11.6344 2
      vertex 29.7929 -11.7071 2
    endloop
  endfacet
  facet normal -0 0 1
    outer loop
      vertex 29.6685 -10.4444 2
      vertex 29.727 -11.6344 2
      vertex 29.727 -10.3656 2
    endloop
  endfacet
  facet normal 0 0 1
    outer loop
      vertex 29.6685 -10.4444 2
      vertex 29.6685 -11.5556 2
      vertex 29.727 -11.6344 2
    endloop
  endfacet
  facet normal -0 0 1
    outer loop
      vertex 29.6181 -10.5286 2
      vertex 29.6685 -11.5556 2
      vertex 29.6685 -10.4444 2
    endloop
  endfacet
  facet normal 0 0 1
    outer loop
      vertex 29.6181 -10.5286 2
      vertex 29.6181 -11.4714 2
      vertex 29.6685 -11.5556 2
    endloop
  endfacet
  facet normal -0 0 1
    outer loop
      vertex 29.5761 -10.6173 2
      vertex 29.6181 -11.4714 2
      vertex 29.6181 -10.5286 2
    endloop
  endfacet
  facet normal 0 0 1
    outer loop
      vertex 29.5761 -10.6173 2
      vertex 29.5761 -11.3827 2
      vertex 29.6181 -11.4714 2
    endloop
  endfacet
  facet normal -0 0 1
    outer loop
      vertex 29.5431 -10.7097 2
      vertex 29.5761 -11.3827 2
      vertex 29.5761 -10.6173 2
    endloop
  endfacet
  facet normal 0 0 1
    outer loop
      vertex 29.5431 -10.7097 2
      vertex 29.5431 -11.2903 2
      vertex 29.5761 -11.3827 2
    endloop
  endfacet
  facet normal -0 0 1
    outer loop
      vertex 29.5192 -10.8049 2
      vertex 29.5431 -11.2903 2
      vertex 29.5431 -10.7097 2
    endloop
  endfacet
  facet normal 0 0 1
    outer loop
      vertex 29.5192 -10.8049 2
      vertex 29.5192 -11.1951 2
      vertex 29.5431 -11.2903 2
    endloop
  endfacet
  facet normal -0 0 1
    outer loop
      vertex 29.5048 -10.902 2
      vertex 29.5192 -11.1951 2
      vertex 29.5192 -10.8049 2
    endloop
  endfacet
  facet normal 0 0 1
    outer loop
      vertex 29.5048 -10.902 2
      vertex 29.5048 -11.098 2
      vertex 29.5192 -11.1951 2
    endloop
  endfacet
  facet normal 0 -0 1
    outer loop
      vertex 29.5048 -11.098 2
      vertex 29.5048 -10.902 2
      vertex 29.5 -11 2
    endloop
  endfacet
  facet normal 0 0 1
    outer loop
      vertex -28.012 10.2453 2
      vertex -21.1 10.3 2
      vertex -27.95 10.4928 2
    endloop
  endfacet
  facet normal 0 0 1
    outer loop
      vertex -21.1 -10.3 2
      vertex -27.9125 -10.7452 2
      vertex -27.9 -11 2
    endloop
  endfacet
  facet normal 0 0 1
    outer loop
      vertex -28.0979 10.005 2
      vertex -21.1 10.3 2
      vertex -28.012 10.2453 2
    endloop
  endfacet
  facet normal 0 0 1
    outer loop
      vertex -21.1 -10.3 2
      vertex -27.95 -10.4928 2
      vertex -27.9125 -10.7452 2
    endloop
  endfacet
  facet normal 0 0 1
    outer loop
      vertex -28.207 9.77437 2
      vertex -21.1 10.3 2
      vertex -28.0979 10.005 2
    endloop
  endfacet
  facet normal 0 0 1
    outer loop
      vertex -21.1 -10.3 2
      vertex -28.012 -10.2453 2
      vertex -27.95 -10.4928 2
    endloop
  endfacet
  facet normal 0 0 1
    outer loop
      vertex -28.3382 9.55552 2
      vertex -21.1 10.3 2
      vertex -28.207 9.77437 2
    endloop
  endfacet
  facet normal 0 0 1
    outer loop
      vertex -21.1 -10.3 2
      vertex -28.0979 -10.005 2
      vertex -28.012 -10.2453 2
    endloop
  endfacet
  facet normal 0 0 1
    outer loop
      vertex -28.4902 9.35058 2
      vertex -21.1 10.3 2
      vertex -28.3382 9.55552 2
    endloop
  endfacet
  facet normal 0 0 1
    outer loop
      vertex -21.1 -10.3 2
      vertex -28.207 -9.77437 2
      vertex -28.0979 -10.005 2
    endloop
  endfacet
  facet normal 0 0 1
    outer loop
      vertex -28.6615 9.16152 2
      vertex -21.1 10.3 2
      vertex -28.4902 9.35058 2
    endloop
  endfacet
  facet normal 0 0 1
    outer loop
      vertex -21.1 -10.3 2
      vertex -28.3382 -9.55552 2
      vertex -28.207 -9.77437 2
    endloop
  endfacet
  facet normal 0 0 1
    outer loop
      vertex -28.8506 8.99017 2
      vertex -21.1 10.3 2
      vertex -28.6615 9.16152 2
    endloop
  endfacet
  facet normal 0 0 1
    outer loop
      vertex -21.1 -10.3 2
      vertex -28.4902 -9.35058 2
      vertex -28.3382 -9.55552 2
    endloop
  endfacet
  facet normal 0 0 1
    outer loop
      vertex -29.0555 8.83818 2
      vertex -21.1 10.3 2
      vertex -28.8506 8.99017 2
    endloop
  endfacet
  facet normal 0 0 1
    outer loop
      vertex -21.1 -10.3 2
      vertex -28.6615 -9.16152 2
      vertex -28.4902 -9.35058 2
    endloop
  endfacet
  facet normal 0 0 1
    outer loop
      vertex -21.1 10.3 2
      vertex -29.0555 8.83818 2
      vertex -21.1 -10.3 2
    endloop
  endfacet
  facet normal 0 0 1
    outer loop
      vertex -21.1 -10.3 2
      vertex -28.8506 -8.99017 2
      vertex -28.6615 -9.16152 2
    endloop
  endfacet
  facet normal -0 0 1
    outer loop
      vertex -29.0555 -8.83818 2
      vertex -21.1 -10.3 2
      vertex -29.0555 8.83818 2
    endloop
  endfacet
  facet normal 0 0 1
    outer loop
      vertex -21.1 -10.3 2
      vertex -29.0555 -8.83818 2
      vertex -28.8506 -8.99017 2
    endloop
  endfacet
  facet normal -0 0 1
    outer loop
      vertex -29.2744 8.70701 2
      vertex -29.0555 -8.83818 2
      vertex -29.0555 8.83818 2
    endloop
  endfacet
  facet normal 0 0 1
    outer loop
      vertex -29.2744 8.70701 2
      vertex -29.2744 -8.70701 2
      vertex -29.0555 -8.83818 2
    endloop
  endfacet
  facet normal -0 0 1
    outer loop
      vertex -29.505 8.59791 2
      vertex -29.2744 -8.70701 2
      vertex -29.2744 8.70701 2
    endloop
  endfacet
  facet normal 0 0 1
    outer loop
      vertex -29.505 8.59791 2
      vertex -29.505 -8.59791 2
      vertex -29.2744 -8.70701 2
    endloop
  endfacet
  facet normal -0 0 1
    outer loop
      vertex -29.7453 8.51196 2
      vertex -29.505 -8.59791 2
      vertex -29.505 8.59791 2
    endloop
  endfacet
  facet normal 0 0 1
    outer loop
      vertex -29.7453 8.51196 2
      vertex -29.7453 -8.51196 2
      vertex -29.505 -8.59791 2
    endloop
  endfacet
  facet normal -0 0 1
    outer loop
      vertex -29.9928 8.44996 2
      vertex -29.7453 -8.51196 2
      vertex -29.7453 8.51196 2
    endloop
  endfacet
  facet normal 0 0 1
    outer loop
      vertex -29.9928 8.44996 2
      vertex -29.9928 -8.44996 2
      vertex -29.7453 -8.51196 2
    endloop
  endfacet
  facet normal -0 0 1
    outer loop
      vertex -30.2452 8.41252 2
      vertex -29.9928 -8.44996 2
      vertex -29.9928 8.44996 2
    endloop
  endfacet
  facet normal 0 0 1
    outer loop
      vertex -30.2452 8.41252 2
      vertex -30.2452 -8.41252 2
      vertex -29.9928 -8.44996 2
    endloop
  endfacet
  facet normal -0 0 1
    outer loop
      vertex -30.5 8.4 2
      vertex -30.2452 -8.41252 2
      vertex -30.2452 8.41252 2
    endloop
  endfacet
  facet normal 0 0 1
    outer loop
      vertex -30.5 8.4 2
      vertex -30.5 -8.4 2
      vertex -30.2452 -8.41252 2
    endloop
  endfacet
  facet normal 0 0 1
    outer loop
      vertex -30.7548 8.41252 2
      vertex -30.5 -8.4 2
      vertex -30.5 8.4 2
    endloop
  endfacet
  facet normal 0 0 1
    outer loop
      vertex -30.7548 8.41252 2
      vertex -30.7548 -8.41252 2
      vertex -30.5 -8.4 2
    endloop
  endfacet
  facet normal 0 0 1
    outer loop
      vertex -31.0072 8.44996 2
      vertex -30.7548 -8.41252 2
      vertex -30.7548 8.41252 2
    endloop
  endfacet
  facet normal 0 0 1
    outer loop
      vertex -31.0072 8.44996 2
      vertex -31.0072 -8.44996 2
      vertex -30.7548 -8.41252 2
    endloop
  endfacet
  facet normal 0 0 1
    outer loop
      vertex -31.2547 8.51196 2
      vertex -31.0072 -8.44996 2
      vertex -31.0072 8.44996 2
    endloop
  endfacet
  facet normal 0 0 1
    outer loop
      vertex -31.2547 8.51196 2
      vertex -31.2547 -8.51196 2
      vertex -31.0072 -8.44996 2
    endloop
  endfacet
  facet normal 0 0 1
    outer loop
      vertex -31.495 8.59791 2
      vertex -31.2547 -8.51196 2
      vertex -31.2547 8.51196 2
    endloop
  endfacet
  facet normal 0 0 1
    outer loop
      vertex -31.495 8.59791 2
      vertex -31.495 -8.59791 2
      vertex -31.2547 -8.51196 2
    endloop
  endfacet
  facet normal 0 0 1
    outer loop
      vertex -31.7256 8.70701 2
      vertex -31.495 -8.59791 2
      vertex -31.495 8.59791 2
    endloop
  endfacet
  facet normal 0 0 1
    outer loop
      vertex -31.7256 8.70701 2
      vertex -31.7256 -8.70701 2
      vertex -31.495 -8.59791 2
    endloop
  endfacet
  facet normal 0 0 1
    outer loop
      vertex -31.9445 8.83818 2
      vertex -31.7256 -8.70701 2
      vertex -31.7256 8.70701 2
    endloop
  endfacet
  facet normal 0 0 1
    outer loop
      vertex -31.9445 8.83818 2
      vertex -31.9445 -8.83818 2
      vertex -31.7256 -8.70701 2
    endloop
  endfacet
  facet normal 0 0 1
    outer loop
      vertex -32.1494 8.99017 2
      vertex -31.9445 -8.83818 2
      vertex -31.9445 8.83818 2
    endloop
  endfacet
  facet normal 0 0 1
    outer loop
      vertex -32.1494 8.99017 2
      vertex -32.1494 -8.99017 2
      vertex -31.9445 -8.83818 2
    endloop
  endfacet
  facet normal 0 0 1
    outer loop
      vertex -32.3385 9.16152 2
      vertex -32.1494 -8.99017 2
      vertex -32.1494 8.99017 2
    endloop
  endfacet
  facet normal 0 0 1
    outer loop
      vertex -32.3385 9.16152 2
      vertex -32.3385 -9.16152 2
      vertex -32.1494 -8.99017 2
    endloop
  endfacet
  facet normal 0 0 1
    outer loop
      vertex -32.5098 9.35058 2
      vertex -32.3385 -9.16152 2
      vertex -32.3385 9.16152 2
    endloop
  endfacet
  facet normal 0 0 1
    outer loop
      vertex -32.5098 9.35058 2
      vertex -32.5098 -9.35058 2
      vertex -32.3385 -9.16152 2
    endloop
  endfacet
  facet normal 0 0 1
    outer loop
      vertex -32.6618 9.55552 2
      vertex -32.5098 -9.35058 2
      vertex -32.5098 9.35058 2
    endloop
  endfacet
  facet normal 0 0 1
    outer loop
      vertex -32.6618 9.55552 2
      vertex -32.6618 -9.55552 2
      vertex -32.5098 -9.35058 2
    endloop
  endfacet
  facet normal 0 0 1
    outer loop
      vertex -32.793 9.77437 2
      vertex -32.6618 -9.55552 2
      vertex -32.6618 9.55552 2
    endloop
  endfacet
  facet normal 0 0 1
    outer loop
      vertex -32.793 9.77437 2
      vertex -32.793 -9.77437 2
      vertex -32.6618 -9.55552 2
    endloop
  endfacet
  facet normal 0 0 1
    outer loop
      vertex -32.9021 10.005 2
      vertex -32.793 -9.77437 2
      vertex -32.793 9.77437 2
    endloop
  endfacet
  facet normal 0 0 1
    outer loop
      vertex -32.9021 10.005 2
      vertex -32.9021 -10.005 2
      vertex -32.793 -9.77437 2
    endloop
  endfacet
  facet normal 0 0 1
    outer loop
      vertex -34.6 13.1 2
      vertex -32.9021 10.005 2
      vertex -32.988 10.2453 2
    endloop
  endfacet
  facet normal 0 0 1
    outer loop
      vertex -32.9021 10.005 2
      vertex -34.6 13.1 2
      vertex -32.9021 -10.005 2
    endloop
  endfacet
  facet normal 0 0 1
    outer loop
      vertex -34.6 13.1 2
      vertex -32.988 10.2453 2
      vertex -33.05 10.4928 2
    endloop
  endfacet
  facet normal 0 0 1
    outer loop
      vertex -34.6 -13.1 2
      vertex -32.9021 -10.005 2
      vertex -34.6 13.1 2
    endloop
  endfacet
  facet normal 0 0 1
    outer loop
      vertex -34.6 13.1 2
      vertex -33.05 10.4928 2
      vertex -33.0875 10.7452 2
    endloop
  endfacet
  facet normal 0 0 1
    outer loop
      vertex -32.9021 -10.005 2
      vertex -34.6 -13.1 2
      vertex -32.988 -10.2453 2
    endloop
  endfacet
  facet normal 0 0 1
    outer loop
      vertex -34.6 13.1 2
      vertex -33.0875 10.7452 2
      vertex -33.1 11 2
    endloop
  endfacet
  facet normal 0 0 1
    outer loop
      vertex -32.988 -10.2453 2
      vertex -34.6 -13.1 2
      vertex -33.05 -10.4928 2
    endloop
  endfacet
  facet normal 0 0 1
    outer loop
      vertex 32.988 10.2453 2
      vertex 34.6 13.1 2
      vertex 33.05 10.4928 2
    endloop
  endfacet
  facet normal 0 0 1
    outer loop
      vertex 34.6 -13.1 2
      vertex 33.0875 -10.7452 2
      vertex 33.1 -11 2
    endloop
  endfacet
  facet normal 0 0 1
    outer loop
      vertex 32.9021 10.005 2
      vertex 34.6 13.1 2
      vertex 32.988 10.2453 2
    endloop
  endfacet
  facet normal 0 0 1
    outer loop
      vertex 34.6 -13.1 2
      vertex 33.05 -10.4928 2
      vertex 33.0875 -10.7452 2
    endloop
  endfacet
  facet normal 0 0 1
    outer loop
      vertex 34.6 13.1 2
      vertex 32.9021 10.005 2
      vertex 34.6 -13.1 2
    endloop
  endfacet
  facet normal 0 0 1
    outer loop
      vertex 34.6 -13.1 2
      vertex 32.988 -10.2453 2
      vertex 33.05 -10.4928 2
    endloop
  endfacet
  facet normal -0 0 1
    outer loop
      vertex 32.9021 -10.005 2
      vertex 34.6 -13.1 2
      vertex 32.9021 10.005 2
    endloop
  endfacet
  facet normal 0 0 1
    outer loop
      vertex 34.6 -13.1 2
      vertex 32.9021 -10.005 2
      vertex 32.988 -10.2453 2
    endloop
  endfacet
  facet normal -0 0 1
    outer loop
      vertex 32.793 9.77437 2
      vertex 32.9021 -10.005 2
      vertex 32.9021 10.005 2
    endloop
  endfacet
  facet normal 0 0 1
    outer loop
      vertex 32.793 9.77437 2
      vertex 32.793 -9.77437 2
      vertex 32.9021 -10.005 2
    endloop
  endfacet
  facet normal -0 0 1
    outer loop
      vertex 32.6618 9.55552 2
      vertex 32.793 -9.77437 2
      vertex 32.793 9.77437 2
    endloop
  endfacet
  facet normal 0 0 1
    outer loop
      vertex 32.6618 9.55552 2
      vertex 32.6618 -9.55552 2
      vertex 32.793 -9.77437 2
    endloop
  endfacet
  facet normal -0 0 1
    outer loop
      vertex 32.5098 9.35058 2
      vertex 32.6618 -9.55552 2
      vertex 32.6618 9.55552 2
    endloop
  endfacet
  facet normal 0 0 1
    outer loop
      vertex 32.5098 9.35058 2
      vertex 32.5098 -9.35058 2
      vertex 32.6618 -9.55552 2
    endloop
  endfacet
  facet normal -0 0 1
    outer loop
      vertex 32.3385 9.16152 2
      vertex 32.5098 -9.35058 2
      vertex 32.5098 9.35058 2
    endloop
  endfacet
  facet normal 0 0 1
    outer loop
      vertex 32.3385 9.16152 2
      vertex 32.3385 -9.16152 2
      vertex 32.5098 -9.35058 2
    endloop
  endfacet
  facet normal -0 0 1
    outer loop
      vertex 32.1494 8.99017 2
      vertex 32.3385 -9.16152 2
      vertex 32.3385 9.16152 2
    endloop
  endfacet
  facet normal 0 0 1
    outer loop
      vertex 32.1494 8.99017 2
      vertex 32.1494 -8.99017 2
      vertex 32.3385 -9.16152 2
    endloop
  endfacet
  facet normal -0 0 1
    outer loop
      vertex 31.9445 8.83818 2
      vertex 32.1494 -8.99017 2
      vertex 32.1494 8.99017 2
    endloop
  endfacet
  facet normal 0 0 1
    outer loop
      vertex 31.9445 8.83818 2
      vertex 31.9445 -8.83818 2
      vertex 32.1494 -8.99017 2
    endloop
  endfacet
  facet normal -0 0 1
    outer loop
      vertex 31.7256 8.70701 2
      vertex 31.9445 -8.83818 2
      vertex 31.9445 8.83818 2
    endloop
  endfacet
  facet normal 0 0 1
    outer loop
      vertex 31.7256 8.70701 2
      vertex 31.7256 -8.70701 2
      vertex 31.9445 -8.83818 2
    endloop
  endfacet
  facet normal -0 0 1
    outer loop
      vertex 31.495 8.59791 2
      vertex 31.7256 -8.70701 2
      vertex 31.7256 8.70701 2
    endloop
  endfacet
  facet normal 0 0 1
    outer loop
      vertex 31.495 8.59791 2
      vertex 31.495 -8.59791 2
      vertex 31.7256 -8.70701 2
    endloop
  endfacet
  facet normal -0 0 1
    outer loop
      vertex 31.2547 8.51196 2
      vertex 31.495 -8.59791 2
      vertex 31.495 8.59791 2
    endloop
  endfacet
  facet normal 0 0 1
    outer loop
      vertex 31.2547 8.51196 2
      vertex 31.2547 -8.51196 2
      vertex 31.495 -8.59791 2
    endloop
  endfacet
  facet normal -0 0 1
    outer loop
      vertex 31.0072 8.44996 2
      vertex 31.2547 -8.51196 2
      vertex 31.2547 8.51196 2
    endloop
  endfacet
  facet normal 0 0 1
    outer loop
      vertex 31.0072 8.44996 2
      vertex 31.0072 -8.44996 2
      vertex 31.2547 -8.51196 2
    endloop
  endfacet
  facet normal -0 0 1
    outer loop
      vertex 30.7548 8.41252 2
      vertex 31.0072 -8.44996 2
      vertex 31.0072 8.44996 2
    endloop
  endfacet
  facet normal 0 0 1
    outer loop
      vertex 30.7548 8.41252 2
      vertex 30.7548 -8.41252 2
      vertex 31.0072 -8.44996 2
    endloop
  endfacet
  facet normal -0 0 1
    outer loop
      vertex 30.5 8.4 2
      vertex 30.7548 -8.41252 2
      vertex 30.7548 8.41252 2
    endloop
  endfacet
  facet normal 0 0 1
    outer loop
      vertex 30.5 8.4 2
      vertex 30.5 -8.4 2
      vertex 30.7548 -8.41252 2
    endloop
  endfacet
  facet normal 0 0 1
    outer loop
      vertex 30.2452 8.41252 2
      vertex 30.5 -8.4 2
      vertex 30.5 8.4 2
    endloop
  endfacet
  facet normal 0 0 1
    outer loop
      vertex 30.2452 8.41252 2
      vertex 30.2452 -8.41252 2
      vertex 30.5 -8.4 2
    endloop
  endfacet
  facet normal 0 0 1
    outer loop
      vertex 29.9928 8.44996 2
      vertex 30.2452 -8.41252 2
      vertex 30.2452 8.41252 2
    endloop
  endfacet
  facet normal 0 0 1
    outer loop
      vertex 29.9928 8.44996 2
      vertex 29.9928 -8.44996 2
      vertex 30.2452 -8.41252 2
    endloop
  endfacet
  facet normal 0 0 1
    outer loop
      vertex 29.7453 8.51196 2
      vertex 29.9928 -8.44996 2
      vertex 29.9928 8.44996 2
    endloop
  endfacet
  facet normal 0 0 1
    outer loop
      vertex 29.7453 8.51196 2
      vertex 29.7453 -8.51196 2
      vertex 29.9928 -8.44996 2
    endloop
  endfacet
  facet normal 0 0 1
    outer loop
      vertex 29.505 8.59791 2
      vertex 29.7453 -8.51196 2
      vertex 29.7453 8.51196 2
    endloop
  endfacet
  facet normal 0 0 1
    outer loop
      vertex 29.505 8.59791 2
      vertex 29.505 -8.59791 2
      vertex 29.7453 -8.51196 2
    endloop
  endfacet
  facet normal 0 0 1
    outer loop
      vertex 29.2744 8.70701 2
      vertex 29.505 -8.59791 2
      vertex 29.505 8.59791 2
    endloop
  endfacet
  facet normal 0 0 1
    outer loop
      vertex 29.2744 8.70701 2
      vertex 29.2744 -8.70701 2
      vertex 29.505 -8.59791 2
    endloop
  endfacet
  facet normal 0 0 1
    outer loop
      vertex 29.0555 8.83818 2
      vertex 29.2744 -8.70701 2
      vertex 29.2744 8.70701 2
    endloop
  endfacet
  facet normal 0 0 1
    outer loop
      vertex 29.0555 8.83818 2
      vertex 29.0555 -8.83818 2
      vertex 29.2744 -8.70701 2
    endloop
  endfacet
  facet normal 0 0 1
    outer loop
      vertex 21.1 10.3 2
      vertex 29.0555 8.83818 2
      vertex 28.8506 8.99017 2
    endloop
  endfacet
  facet normal 0 0 1
    outer loop
      vertex 29.0555 8.83818 2
      vertex 21.1 10.3 2
      vertex 29.0555 -8.83818 2
    endloop
  endfacet
  facet normal 0 0 1
    outer loop
      vertex 21.1 10.3 2
      vertex 28.8506 8.99017 2
      vertex 28.6615 9.16152 2
    endloop
  endfacet
  facet normal 0 0 1
    outer loop
      vertex 21.1 -10.3 2
      vertex 29.0555 -8.83818 2
      vertex 21.1 10.3 2
    endloop
  endfacet
  facet normal 0 0 1
    outer loop
      vertex 21.1 10.3 2
      vertex 28.6615 9.16152 2
      vertex 28.4902 9.35058 2
    endloop
  endfacet
  facet normal 0 0 1
    outer loop
      vertex 29.0555 -8.83818 2
      vertex 21.1 -10.3 2
      vertex 28.8506 -8.99017 2
    endloop
  endfacet
  facet normal 0 0 1
    outer loop
      vertex 21.1 10.3 2
      vertex 28.4902 9.35058 2
      vertex 28.3382 9.55552 2
    endloop
  endfacet
  facet normal 0 0 1
    outer loop
      vertex 28.8506 -8.99017 2
      vertex 21.1 -10.3 2
      vertex 28.6615 -9.16152 2
    endloop
  endfacet
  facet normal 0 0 1
    outer loop
      vertex 21.1 10.3 2
      vertex 28.3382 9.55552 2
      vertex 28.207 9.77437 2
    endloop
  endfacet
  facet normal 0 0 1
    outer loop
      vertex 28.6615 -9.16152 2
      vertex 21.1 -10.3 2
      vertex 28.4902 -9.35058 2
    endloop
  endfacet
  facet normal 0 0 1
    outer loop
      vertex 21.1 10.3 2
      vertex 28.207 9.77437 2
      vertex 28.0979 10.005 2
    endloop
  endfacet
  facet normal 0 0 1
    outer loop
      vertex 28.4902 -9.35058 2
      vertex 21.1 -10.3 2
      vertex 28.3382 -9.55552 2
    endloop
  endfacet
  facet normal 0 0 1
    outer loop
      vertex 21.1 10.3 2
      vertex 28.0979 10.005 2
      vertex 28.012 10.2453 2
    endloop
  endfacet
  facet normal 0 0 1
    outer loop
      vertex 28.3382 -9.55552 2
      vertex 21.1 -10.3 2
      vertex 28.207 -9.77437 2
    endloop
  endfacet
  facet normal -0 0 1
    outer loop
      vertex 21.1 10.3 2
      vertex 28.012 10.2453 2
      vertex 27.95 10.4928 2
    endloop
  endfacet
  facet normal 0 0 1
    outer loop
      vertex 28.207 -9.77437 2
      vertex 21.1 -10.3 2
      vertex 28.0979 -10.005 2
    endloop
  endfacet
  facet normal 0 0 1
    outer loop
      vertex 21.1 10.3 2
      vertex 27.95 10.4928 2
      vertex 27.9125 10.7452 2
    endloop
  endfacet
  facet normal 0 0 1
    outer loop
      vertex 28.0979 -10.005 2
      vertex 21.1 -10.3 2
      vertex 28.012 -10.2453 2
    endloop
  endfacet
  facet normal 0 0 1
    outer loop
      vertex 21.0961 10.3784 2
      vertex 27.9125 10.7452 2
      vertex 27.9 11 2
    endloop
  endfacet
  facet normal 0 0 1
    outer loop
      vertex 28.012 -10.2453 2
      vertex 21.1 -10.3 2
      vertex 27.95 -10.4928 2
    endloop
  endfacet
  facet normal 0 0 1
    outer loop
      vertex 32.6618 12.4445 2
      vertex 34.6 13.1 2
      vertex 34.5928 13.247 2
    endloop
  endfacet
  facet normal 0 0 1
    outer loop
      vertex 33.0875 10.7452 2
      vertex 34.6 13.1 2
      vertex 33.1 11 2
    endloop
  endfacet
  facet normal 0 0 1
    outer loop
      vertex 32.6618 12.4445 2
      vertex 34.5928 13.247 2
      vertex 34.5712 13.3926 2
    endloop
  endfacet
  facet normal 0 0 1
    outer loop
      vertex 33.05 10.4928 2
      vertex 34.6 13.1 2
      vertex 33.0875 10.7452 2
    endloop
  endfacet
  facet normal 0 0 1
    outer loop
      vertex 32.6618 12.4445 2
      vertex 34.5712 13.3926 2
      vertex 34.5354 13.5354 2
    endloop
  endfacet
  facet normal -0 0 1
    outer loop
      vertex 33.0875 -11.2548 2
      vertex 34.6 -13.1 2
      vertex 33.1 -11 2
    endloop
  endfacet
  facet normal 0 0 1
    outer loop
      vertex 32.5098 12.6494 2
      vertex 34.5354 13.5354 2
      vertex 34.4858 13.674 2
    endloop
  endfacet
  facet normal -0 0 1
    outer loop
      vertex 33.05 -11.5072 2
      vertex 34.6 -13.1 2
      vertex 33.0875 -11.2548 2
    endloop
  endfacet
  facet normal 0 0 1
    outer loop
      vertex 32.5098 12.6494 2
      vertex 34.4858 13.674 2
      vertex 34.4229 13.8071 2
    endloop
  endfacet
  facet normal -0 0 1
    outer loop
      vertex 32.988 -11.7547 2
      vertex 34.6 -13.1 2
      vertex 33.05 -11.5072 2
    endloop
  endfacet
  facet normal 0 0 1
    outer loop
      vertex 32.5098 12.6494 2
      vertex 34.4229 13.8071 2
      vertex 34.3472 13.9333 2
    endloop
  endfacet
  facet normal -0 0 1
    outer loop
      vertex 32.9021 -11.995 2
      vertex 34.6 -13.1 2
      vertex 32.988 -11.7547 2
    endloop
  endfacet
  facet normal 0 0 1
    outer loop
      vertex 32.5098 12.6494 2
      vertex 34.3472 13.9333 2
      vertex 34.2595 14.0516 2
    endloop
  endfacet
  facet normal -0 0 1
    outer loop
      vertex 32.793 -12.2256 2
      vertex 34.6 -13.1 2
      vertex 32.9021 -11.995 2
    endloop
  endfacet
  facet normal 0 0 1
    outer loop
      vertex 32.5098 12.6494 2
      vertex 34.2595 14.0516 2
      vertex 34.1606 14.1606 2
    endloop
  endfacet
  facet normal -0 0 1
    outer loop
      vertex 32.6618 -12.4445 2
      vertex 34.6 -13.1 2
      vertex 32.793 -12.2256 2
    endloop
  endfacet
  facet normal 0 0 1
    outer loop
      vertex 32.5098 12.6494 2
      vertex 34.1606 14.1606 2
      vertex 34.0516 14.2595 2
    endloop
  endfacet
  facet normal 0 0 1
    outer loop
      vertex 34.6 -13.1 2
      vertex 32.6618 -12.4445 2
      vertex 34.5928 -13.247 2
    endloop
  endfacet
  facet normal 0 0 1
    outer loop
      vertex 32.5098 12.6494 2
      vertex 34.0516 14.2595 2
      vertex 33.9333 14.3472 2
    endloop
  endfacet
  facet normal 0 0 1
    outer loop
      vertex 34.5928 -13.247 2
      vertex 32.6618 -12.4445 2
      vertex 34.5712 -13.3926 2
    endloop
  endfacet
  facet normal 0 0 1
    outer loop
      vertex 32.5098 12.6494 2
      vertex 33.9333 14.3472 2
      vertex 33.8071 14.4229 2
    endloop
  endfacet
  facet normal 0 0 1
    outer loop
      vertex 34.5712 -13.3926 2
      vertex 32.6618 -12.4445 2
      vertex 34.5354 -13.5354 2
    endloop
  endfacet
  facet normal 0 0 1
    outer loop
      vertex 32.5098 12.6494 2
      vertex 33.8071 14.4229 2
      vertex 33.674 14.4858 2
    endloop
  endfacet
  facet normal -0 0 1
    outer loop
      vertex 32.5098 -12.6494 2
      vertex 34.5354 -13.5354 2
      vertex 32.6618 -12.4445 2
    endloop
  endfacet
  facet normal 0 0 1
    outer loop
      vertex 32.5098 12.6494 2
      vertex 33.674 14.4858 2
      vertex 33.5354 14.5354 2
    endloop
  endfacet
  facet normal 0 0 1
    outer loop
      vertex 34.5354 -13.5354 2
      vertex 32.5098 -12.6494 2
      vertex 34.4858 -13.674 2
    endloop
  endfacet
  facet normal 0 0 1
    outer loop
      vertex 32.3385 12.8385 2
      vertex 33.5354 14.5354 2
      vertex 33.3926 14.5712 2
    endloop
  endfacet
  facet normal 0 0 1
    outer loop
      vertex 34.4858 -13.674 2
      vertex 32.5098 -12.6494 2
      vertex 34.4229 -13.8071 2
    endloop
  endfacet
  facet normal 0 0 1
    outer loop
      vertex 32.3385 12.8385 2
      vertex 33.3926 14.5712 2
      vertex 33.247 14.5928 2
    endloop
  endfacet
  facet normal 0 0 1
    outer loop
      vertex 34.4229 -13.8071 2
      vertex 32.5098 -12.6494 2
      vertex 34.3472 -13.9333 2
    endloop
  endfacet
  facet normal 0 0 1
    outer loop
      vertex 34.3472 -13.9333 2
      vertex 32.5098 -12.6494 2
      vertex 34.2595 -14.0516 2
    endloop
  endfacet
  facet normal 0 0 1
    outer loop
      vertex 32.3385 12.8385 2
      vertex 33.247 14.5928 2
      vertex 33.1 14.6 2
    endloop
  endfacet
  facet normal 0 0 1
    outer loop
      vertex 34.6 13.1 2
      vertex 33.0875 11.2548 2
      vertex 33.1 11 2
    endloop
  endfacet
  facet normal 0 0 1
    outer loop
      vertex 34.6 13.1 2
      vertex 33.05 11.5072 2
      vertex 33.0875 11.2548 2
    endloop
  endfacet
  facet normal 0 0 1
    outer loop
      vertex 34.6 13.1 2
      vertex 32.988 11.7547 2
      vertex 33.05 11.5072 2
    endloop
  endfacet
  facet normal 0 0 1
    outer loop
      vertex 34.6 13.1 2
      vertex 32.9021 11.995 2
      vertex 32.988 11.7547 2
    endloop
  endfacet
  facet normal 0 0 1
    outer loop
      vertex 34.6 13.1 2
      vertex 32.793 12.2256 2
      vertex 32.9021 11.995 2
    endloop
  endfacet
  facet normal 0 0 1
    outer loop
      vertex 34.6 13.1 2
      vertex 32.6618 12.4445 2
      vertex 32.793 12.2256 2
    endloop
  endfacet
  facet normal 0 0 1
    outer loop
      vertex 34.5354 13.5354 2
      vertex 32.5098 12.6494 2
      vertex 32.6618 12.4445 2
    endloop
  endfacet
  facet normal 0 0 1
    outer loop
      vertex 33.5354 14.5354 2
      vertex 32.3385 12.8385 2
      vertex 32.5098 12.6494 2
    endloop
  endfacet
  facet normal 0 0 1
    outer loop
      vertex 33.1 14.6 2
      vertex 32.1494 13.0098 2
      vertex 32.3385 12.8385 2
    endloop
  endfacet
  facet normal 0 0 1
    outer loop
      vertex 33.1 14.6 2
      vertex 31.9445 13.1618 2
      vertex 32.1494 13.0098 2
    endloop
  endfacet
  facet normal 0 0 1
    outer loop
      vertex 33.1 14.6 2
      vertex 31.7256 13.293 2
      vertex 31.9445 13.1618 2
    endloop
  endfacet
  facet normal 0 0 1
    outer loop
      vertex 33.1 14.6 2
      vertex 31.495 13.4021 2
      vertex 31.7256 13.293 2
    endloop
  endfacet
  facet normal 0 0 1
    outer loop
      vertex 33.1 14.6 2
      vertex 31.2547 13.488 2
      vertex 31.495 13.4021 2
    endloop
  endfacet
  facet normal 0 0 1
    outer loop
      vertex 33.1 14.6 2
      vertex 31.0072 13.55 2
      vertex 31.2547 13.488 2
    endloop
  endfacet
  facet normal 0 0 1
    outer loop
      vertex 33.1 14.6 2
      vertex 30.7548 13.5875 2
      vertex 31.0072 13.55 2
    endloop
  endfacet
  facet normal 0 0 1
    outer loop
      vertex 33.1 14.6 2
      vertex 30.5 13.6 2
      vertex 30.7548 13.5875 2
    endloop
  endfacet
  facet normal 0 0 1
    outer loop
      vertex 33.1 14.6 2
      vertex 30.2452 13.5875 2
      vertex 30.5 13.6 2
    endloop
  endfacet
  facet normal 0 0 1
    outer loop
      vertex 33.1 14.6 2
      vertex 29.9928 13.55 2
      vertex 30.2452 13.5875 2
    endloop
  endfacet
  facet normal 0 0 1
    outer loop
      vertex 33.1 14.6 2
      vertex 29.7453 13.488 2
      vertex 29.9928 13.55 2
    endloop
  endfacet
  facet normal 0 0 1
    outer loop
      vertex 27.95 -10.4928 2
      vertex 21.1 -10.3 2
      vertex 27.9125 -10.7452 2
    endloop
  endfacet
  facet normal 0 0 1
    outer loop
      vertex 21.0846 10.4561 2
      vertex 27.9 11 2
      vertex 27.9125 11.2548 2
    endloop
  endfacet
  facet normal 0 0 1
    outer loop
      vertex 21.0391 10.6061 2
      vertex 27.9125 11.2548 2
      vertex 27.95 11.5072 2
    endloop
  endfacet
  facet normal 0 0 1
    outer loop
      vertex 21.0055 10.6771 2
      vertex 27.95 11.5072 2
      vertex 28.012 11.7547 2
    endloop
  endfacet
  facet normal 0 0 1
    outer loop
      vertex 20.9184 10.8075 2
      vertex 28.012 11.7547 2
      vertex 28.0979 11.995 2
    endloop
  endfacet
  facet normal 0 0 1
    outer loop
      vertex 20.8657 10.8657 2
      vertex 28.0979 11.995 2
      vertex 28.207 12.2256 2
    endloop
  endfacet
  facet normal 0 0 1
    outer loop
      vertex 20.8075 10.9184 2
      vertex 28.207 12.2256 2
      vertex 28.3382 12.4445 2
    endloop
  endfacet
  facet normal 0 0 1
    outer loop
      vertex 20.7444 10.9652 2
      vertex 28.3382 12.4445 2
      vertex 28.4902 12.6494 2
    endloop
  endfacet
  facet normal 0 0 1
    outer loop
      vertex 20.6061 11.0391 2
      vertex 28.4902 12.6494 2
      vertex 28.6615 12.8385 2
    endloop
  endfacet
  facet normal 0 0 1
    outer loop
      vertex 20.5322 11.0655 2
      vertex 28.6615 12.8385 2
      vertex 28.8506 13.0098 2
    endloop
  endfacet
  facet normal 0 0 1
    outer loop
      vertex 20.4561 11.0846 2
      vertex 28.8506 13.0098 2
      vertex 29.0555 13.1618 2
    endloop
  endfacet
  facet normal 0 0 1
    outer loop
      vertex 20.3784 11.0961 2
      vertex 29.0555 13.1618 2
      vertex 29.2744 13.293 2
    endloop
  endfacet
  facet normal 0 0 1
    outer loop
      vertex 19.7 11.1 2
      vertex 29.2744 13.293 2
      vertex 29.505 13.4021 2
    endloop
  endfacet
  facet normal 0 0 1
    outer loop
      vertex 27.9125 10.7452 2
      vertex 21.0961 10.3784 2
      vertex 21.1 10.3 2
    endloop
  endfacet
  facet normal 0 0 1
    outer loop
      vertex 27.9 11 2
      vertex 21.0846 10.4561 2
      vertex 21.0961 10.3784 2
    endloop
  endfacet
  facet normal 0 0 1
    outer loop
      vertex 12.3784 11.0961 2
      vertex 29.505 13.4021 2
      vertex 29.7453 13.488 2
    endloop
  endfacet
  facet normal 0 0 1
    outer loop
      vertex 27.9125 11.2548 2
      vertex 21.0655 10.5322 2
      vertex 21.0846 10.4561 2
    endloop
  endfacet
  facet normal 0 0 1
    outer loop
      vertex 27.9125 11.2548 2
      vertex 21.0391 10.6061 2
      vertex 21.0655 10.5322 2
    endloop
  endfacet
  facet normal 0 0 1
    outer loop
      vertex 12.3 11.1 2
      vertex 29.7453 13.488 2
      vertex 33.1 14.6 2
    endloop
  endfacet
  facet normal 0 0 1
    outer loop
      vertex 27.95 11.5072 2
      vertex 21.0055 10.6771 2
      vertex 21.0391 10.6061 2
    endloop
  endfacet
  facet normal 0 0 1
    outer loop
      vertex 28.012 11.7547 2
      vertex 20.9652 10.7444 2
      vertex 21.0055 10.6771 2
    endloop
  endfacet
  facet normal 0 0 1
    outer loop
      vertex 28.012 11.7547 2
      vertex 20.9184 10.8075 2
      vertex 20.9652 10.7444 2
    endloop
  endfacet
  facet normal 0 0 1
    outer loop
      vertex 28.0979 11.995 2
      vertex 20.8657 10.8657 2
      vertex 20.9184 10.8075 2
    endloop
  endfacet
  facet normal 0 0 1
    outer loop
      vertex 28.207 12.2256 2
      vertex 20.8075 10.9184 2
      vertex 20.8657 10.8657 2
    endloop
  endfacet
  facet normal 0 0 1
    outer loop
      vertex 28.3382 12.4445 2
      vertex 20.7444 10.9652 2
      vertex 20.8075 10.9184 2
    endloop
  endfacet
  facet normal 0 0 1
    outer loop
      vertex 28.4902 12.6494 2
      vertex 20.6771 11.0055 2
      vertex 20.7444 10.9652 2
    endloop
  endfacet
  facet normal 0 0 1
    outer loop
      vertex 28.4902 12.6494 2
      vertex 20.6061 11.0391 2
      vertex 20.6771 11.0055 2
    endloop
  endfacet
  facet normal 0 0 1
    outer loop
      vertex 28.6615 12.8385 2
      vertex 20.5322 11.0655 2
      vertex 20.6061 11.0391 2
    endloop
  endfacet
  facet normal 0 0 1
    outer loop
      vertex 28.8506 13.0098 2
      vertex 20.4561 11.0846 2
      vertex 20.5322 11.0655 2
    endloop
  endfacet
  facet normal 0 0 1
    outer loop
      vertex 29.0555 13.1618 2
      vertex 20.3784 11.0961 2
      vertex 20.4561 11.0846 2
    endloop
  endfacet
  facet normal 0 0 1
    outer loop
      vertex 29.2744 13.293 2
      vertex 20.3 11.1 2
      vertex 20.3784 11.0961 2
    endloop
  endfacet
  facet normal 0 0 1
    outer loop
      vertex 29.2744 13.293 2
      vertex 19.7 11.1 2
      vertex 20.3 11.1 2
    endloop
  endfacet
  facet normal 0 0 1
    outer loop
      vertex 29.505 13.4021 2
      vertex 19.6216 11.0961 2
      vertex 19.7 11.1 2
    endloop
  endfacet
  facet normal 0 0 1
    outer loop
      vertex 29.505 13.4021 2
      vertex 12.3784 11.0961 2
      vertex 19.6216 11.0961 2
    endloop
  endfacet
  facet normal 0 0 1
    outer loop
      vertex 19.6216 11.0961 2
      vertex 12.3784 11.0961 2
      vertex 19.5439 11.0846 2
    endloop
  endfacet
  facet normal 0 0 1
    outer loop
      vertex 18.9 10.3 2
      vertex 13.1 10.3 2
      vertex 18.9 -10.3 2
    endloop
  endfacet
  facet normal 0 0 1
    outer loop
      vertex 18.9039 10.3784 2
      vertex 13.1 10.3 2
      vertex 18.9 10.3 2
    endloop
  endfacet
  facet normal 0 0 1
    outer loop
      vertex 13.0961 10.3784 2
      vertex 18.9039 10.3784 2
      vertex 18.9154 10.4561 2
    endloop
  endfacet
  facet normal 0 0 1
    outer loop
      vertex 13.0846 10.4561 2
      vertex 18.9154 10.4561 2
      vertex 18.9345 10.5322 2
    endloop
  endfacet
  facet normal 0 0 1
    outer loop
      vertex 13.0655 10.5322 2
      vertex 18.9345 10.5322 2
      vertex 18.9609 10.6061 2
    endloop
  endfacet
  facet normal 0 0 1
    outer loop
      vertex 13.0391 10.6061 2
      vertex 18.9609 10.6061 2
      vertex 18.9945 10.6771 2
    endloop
  endfacet
  facet normal 0 0 1
    outer loop
      vertex 13.0055 10.6771 2
      vertex 18.9945 10.6771 2
      vertex 19.0348 10.7444 2
    endloop
  endfacet
  facet normal 0 0 1
    outer loop
      vertex 12.9652 10.7444 2
      vertex 19.0348 10.7444 2
      vertex 19.0816 10.8075 2
    endloop
  endfacet
  facet normal 0 0 1
    outer loop
      vertex 12.9184 10.8075 2
      vertex 19.0816 10.8075 2
      vertex 19.1343 10.8657 2
    endloop
  endfacet
  facet normal 0 0 1
    outer loop
      vertex 12.8657 10.8657 2
      vertex 19.1343 10.8657 2
      vertex 19.1925 10.9184 2
    endloop
  endfacet
  facet normal 0 0 1
    outer loop
      vertex 12.8075 10.9184 2
      vertex 19.1925 10.9184 2
      vertex 19.2556 10.9652 2
    endloop
  endfacet
  facet normal 0 0 1
    outer loop
      vertex 12.7444 10.9652 2
      vertex 19.2556 10.9652 2
      vertex 19.3229 11.0055 2
    endloop
  endfacet
  facet normal 0 0 1
    outer loop
      vertex 12.6771 11.0055 2
      vertex 19.3229 11.0055 2
      vertex 19.3939 11.0391 2
    endloop
  endfacet
  facet normal 0 0 1
    outer loop
      vertex 12.6061 11.0391 2
      vertex 19.3939 11.0391 2
      vertex 19.4678 11.0655 2
    endloop
  endfacet
  facet normal 0 -0 1
    outer loop
      vertex 12.4561 11.0846 2
      vertex 19.5439 11.0846 2
      vertex 12.3784 11.0961 2
    endloop
  endfacet
  facet normal 0 0 1
    outer loop
      vertex 18.9039 10.3784 2
      vertex 13.0961 10.3784 2
      vertex 13.1 10.3 2
    endloop
  endfacet
  facet normal 0 0 1
    outer loop
      vertex 18.9154 10.4561 2
      vertex 13.0846 10.4561 2
      vertex 13.0961 10.3784 2
    endloop
  endfacet
  facet normal 0 0 1
    outer loop
      vertex 18.9345 10.5322 2
      vertex 13.0655 10.5322 2
      vertex 13.0846 10.4561 2
    endloop
  endfacet
  facet normal 0 0 1
    outer loop
      vertex 18.9609 10.6061 2
      vertex 13.0391 10.6061 2
      vertex 13.0655 10.5322 2
    endloop
  endfacet
  facet normal 0 0 1
    outer loop
      vertex 18.9945 10.6771 2
      vertex 13.0055 10.6771 2
      vertex 13.0391 10.6061 2
    endloop
  endfacet
  facet normal 0 0 1
    outer loop
      vertex 19.0348 10.7444 2
      vertex 12.9652 10.7444 2
      vertex 13.0055 10.6771 2
    endloop
  endfacet
  facet normal 0 0 1
    outer loop
      vertex 19.0816 10.8075 2
      vertex 12.9184 10.8075 2
      vertex 12.9652 10.7444 2
    endloop
  endfacet
  facet normal 0 0 1
    outer loop
      vertex 19.1343 10.8657 2
      vertex 12.8657 10.8657 2
      vertex 12.9184 10.8075 2
    endloop
  endfacet
  facet normal 0 0 1
    outer loop
      vertex 19.1925 10.9184 2
      vertex 12.8075 10.9184 2
      vertex 12.8657 10.8657 2
    endloop
  endfacet
  facet normal 0 0 1
    outer loop
      vertex 19.2556 10.9652 2
      vertex 12.7444 10.9652 2
      vertex 12.8075 10.9184 2
    endloop
  endfacet
  facet normal 0 0 1
    outer loop
      vertex 19.3229 11.0055 2
      vertex 12.6771 11.0055 2
      vertex 12.7444 10.9652 2
    endloop
  endfacet
  facet normal 0 0 1
    outer loop
      vertex 19.3939 11.0391 2
      vertex 12.6061 11.0391 2
      vertex 12.6771 11.0055 2
    endloop
  endfacet
  facet normal 0 0 1
    outer loop
      vertex 19.4678 11.0655 2
      vertex 12.5322 11.0655 2
      vertex 12.6061 11.0391 2
    endloop
  endfacet
  facet normal 0 0 1
    outer loop
      vertex 19.4678 11.0655 2
      vertex 12.4561 11.0846 2
      vertex 12.5322 11.0655 2
    endloop
  endfacet
  facet normal 0 0 1
    outer loop
      vertex 19.5439 11.0846 2
      vertex 12.4561 11.0846 2
      vertex 19.4678 11.0655 2
    endloop
  endfacet
  facet normal 0 0 1
    outer loop
      vertex 29.7453 13.488 2
      vertex 12.3 11.1 2
      vertex 12.3784 11.0961 2
    endloop
  endfacet
  facet normal 0 0 1
    outer loop
      vertex 33.1 14.6 2
      vertex 11.7 11.1 2
      vertex 12.3 11.1 2
    endloop
  endfacet
  facet normal 0 0 1
    outer loop
      vertex 33.1 14.6 2
      vertex 11.6216 11.0961 2
      vertex 11.7 11.1 2
    endloop
  endfacet
  facet normal 0 0 1
    outer loop
      vertex 4.3784 11.0961 2
      vertex 11.6216 11.0961 2
      vertex 33.1 14.6 2
    endloop
  endfacet
  facet normal 0 0 1
    outer loop
      vertex 10.9 10.3 2
      vertex 5.09999 10.3 2
      vertex 10.9 -10.3 2
    endloop
  endfacet
  facet normal 0 0 1
    outer loop
      vertex 10.9039 10.3784 2
      vertex 5.09999 10.3 2
      vertex 10.9 10.3 2
    endloop
  endfacet
  facet normal 0 0 1
    outer loop
      vertex 5.09613 10.3784 2
      vertex 10.9039 10.3784 2
      vertex 10.9154 10.4561 2
    endloop
  endfacet
  facet normal 0 0 1
    outer loop
      vertex 5.08461 10.4561 2
      vertex 10.9154 10.4561 2
      vertex 10.9345 10.5322 2
    endloop
  endfacet
  facet normal 0 0 1
    outer loop
      vertex 5.06554 10.5322 2
      vertex 10.9345 10.5322 2
      vertex 10.9609 10.6061 2
    endloop
  endfacet
  facet normal 0 0 1
    outer loop
      vertex 5.03909 10.6061 2
      vertex 10.9609 10.6061 2
      vertex 10.9945 10.6771 2
    endloop
  endfacet
  facet normal 0 0 1
    outer loop
      vertex 5.00552 10.6771 2
      vertex 10.9945 10.6771 2
      vertex 11.0348 10.7444 2
    endloop
  endfacet
  facet normal 0 0 1
    outer loop
      vertex 4.96516 10.7444 2
      vertex 11.0348 10.7444 2
      vertex 11.0816 10.8075 2
    endloop
  endfacet
  facet normal 0 0 1
    outer loop
      vertex 4.9184 10.8075 2
      vertex 11.0816 10.8075 2
      vertex 11.1343 10.8657 2
    endloop
  endfacet
  facet normal 0 0 1
    outer loop
      vertex 4.86568 10.8657 2
      vertex 11.1343 10.8657 2
      vertex 11.1925 10.9184 2
    endloop
  endfacet
  facet normal 0 0 1
    outer loop
      vertex 4.8075 10.9184 2
      vertex 11.1925 10.9184 2
      vertex 11.2556 10.9652 2
    endloop
  endfacet
  facet normal 0 0 1
    outer loop
      vertex 4.74445 10.9652 2
      vertex 11.2556 10.9652 2
      vertex 11.3229 11.0055 2
    endloop
  endfacet
  facet normal 0 0 1
    outer loop
      vertex 4.67711 11.0055 2
      vertex 11.3229 11.0055 2
      vertex 11.3939 11.0391 2
    endloop
  endfacet
  facet normal 0 0 1
    outer loop
      vertex 4.60614 11.0391 2
      vertex 11.3939 11.0391 2
      vertex 11.4678 11.0655 2
    endloop
  endfacet
  facet normal 0 0 1
    outer loop
      vertex 4.53221 11.0655 2
      vertex 11.4678 11.0655 2
      vertex 11.5439 11.0846 2
    endloop
  endfacet
  facet normal 0 0 1
    outer loop
      vertex 11.6216 11.0961 2
      vertex 4.3784 11.0961 2
      vertex 11.5439 11.0846 2
    endloop
  endfacet
  facet normal 0 0 1
    outer loop
      vertex 10.9039 10.3784 2
      vertex 5.09613 10.3784 2
      vertex 5.09999 10.3 2
    endloop
  endfacet
  facet normal 0 0 1
    outer loop
      vertex 10.9154 10.4561 2
      vertex 5.08461 10.4561 2
      vertex 5.09613 10.3784 2
    endloop
  endfacet
  facet normal 0 0 1
    outer loop
      vertex 10.9345 10.5322 2
      vertex 5.06554 10.5322 2
      vertex 5.08461 10.4561 2
    endloop
  endfacet
  facet normal 0 0 1
    outer loop
      vertex 10.9609 10.6061 2
      vertex 5.03909 10.6061 2
      vertex 5.06554 10.5322 2
    endloop
  endfacet
  facet normal 0 0 1
    outer loop
      vertex 10.9945 10.6771 2
      vertex 5.00552 10.6771 2
      vertex 5.03909 10.6061 2
    endloop
  endfacet
  facet normal 0 0 1
    outer loop
      vertex 11.0348 10.7444 2
      vertex 4.96516 10.7444 2
      vertex 5.00552 10.6771 2
    endloop
  endfacet
  facet normal 0 0 1
    outer loop
      vertex 11.0816 10.8075 2
      vertex 4.9184 10.8075 2
      vertex 4.96516 10.7444 2
    endloop
  endfacet
  facet normal 0 0 1
    outer loop
      vertex 11.1343 10.8657 2
      vertex 4.86568 10.8657 2
      vertex 4.9184 10.8075 2
    endloop
  endfacet
  facet normal 0 0 1
    outer loop
      vertex 11.1925 10.9184 2
      vertex 4.8075 10.9184 2
      vertex 4.86568 10.8657 2
    endloop
  endfacet
  facet normal 0 0 1
    outer loop
      vertex 11.2556 10.9652 2
      vertex 4.74445 10.9652 2
      vertex 4.8075 10.9184 2
    endloop
  endfacet
  facet normal 0 0 1
    outer loop
      vertex 11.3229 11.0055 2
      vertex 4.67711 11.0055 2
      vertex 4.74445 10.9652 2
    endloop
  endfacet
  facet normal 0 0 1
    outer loop
      vertex 11.3939 11.0391 2
      vertex 4.60614 11.0391 2
      vertex 4.67711 11.0055 2
    endloop
  endfacet
  facet normal 0 0 1
    outer loop
      vertex 11.4678 11.0655 2
      vertex 4.53221 11.0655 2
      vertex 4.60614 11.0391 2
    endloop
  endfacet
  facet normal 0 0 1
    outer loop
      vertex 11.5439 11.0846 2
      vertex 4.45605 11.0846 2
      vertex 4.53221 11.0655 2
    endloop
  endfacet
  facet normal 0 0 1
    outer loop
      vertex 11.5439 11.0846 2
      vertex 4.3784 11.0961 2
      vertex 4.45605 11.0846 2
    endloop
  endfacet
  facet normal 0 0 1
    outer loop
      vertex 33.1 14.6 2
      vertex 4.29999 11.1 2
      vertex 4.3784 11.0961 2
    endloop
  endfacet
  facet normal 0 0 1
    outer loop
      vertex 33.1 14.6 2
      vertex 3.70001 11.1 2
      vertex 4.29999 11.1 2
    endloop
  endfacet
  facet normal 0 0 1
    outer loop
      vertex -3.70001 11.1 2
      vertex 3.70001 11.1 2
      vertex 33.1 14.6 2
    endloop
  endfacet
  facet normal 0 0 1
    outer loop
      vertex 2.90001 10.3 2
      vertex -2.90001 10.3 2
      vertex 2.90001 -10.3 2
    endloop
  endfacet
  facet normal 0 0 1
    outer loop
      vertex 2.90387 10.3784 2
      vertex -2.90001 10.3 2
      vertex 2.90001 10.3 2
    endloop
  endfacet
  facet normal 0 0 1
    outer loop
      vertex -2.90387 10.3784 2
      vertex 2.90387 10.3784 2
      vertex 2.91539 10.4561 2
    endloop
  endfacet
  facet normal 0 0 1
    outer loop
      vertex -2.91539 10.4561 2
      vertex 2.91539 10.4561 2
      vertex 2.93446 10.5322 2
    endloop
  endfacet
  facet normal 0 0 1
    outer loop
      vertex -2.93446 10.5322 2
      vertex 2.93446 10.5322 2
      vertex 2.96091 10.6061 2
    endloop
  endfacet
  facet normal 0 0 1
    outer loop
      vertex -2.96091 10.6061 2
      vertex 2.96091 10.6061 2
      vertex 2.99448 10.6771 2
    endloop
  endfacet
  facet normal 0 0 1
    outer loop
      vertex -2.99448 10.6771 2
      vertex 2.99448 10.6771 2
      vertex 3.03484 10.7444 2
    endloop
  endfacet
  facet normal 0 0 1
    outer loop
      vertex -3.03484 10.7444 2
      vertex 3.03484 10.7444 2
      vertex 3.0816 10.8075 2
    endloop
  endfacet
  facet normal 0 0 1
    outer loop
      vertex -3.0816 10.8075 2
      vertex 3.0816 10.8075 2
      vertex 3.13432 10.8657 2
    endloop
  endfacet
  facet normal 0 0 1
    outer loop
      vertex -3.13432 10.8657 2
      vertex 3.13432 10.8657 2
      vertex 3.1925 10.9184 2
    endloop
  endfacet
  facet normal 0 0 1
    outer loop
      vertex -3.1925 10.9184 2
      vertex 3.1925 10.9184 2
      vertex 3.25555 10.9652 2
    endloop
  endfacet
  facet normal 0 0 1
    outer loop
      vertex -3.25555 10.9652 2
      vertex 3.25555 10.9652 2
      vertex 3.32289 11.0055 2
    endloop
  endfacet
  facet normal 0 0 1
    outer loop
      vertex -3.32289 11.0055 2
      vertex 3.32289 11.0055 2
      vertex 3.39386 11.0391 2
    endloop
  endfacet
  facet normal 0 0 1
    outer loop
      vertex -3.39386 11.0391 2
      vertex 3.39386 11.0391 2
      vertex 3.46779 11.0655 2
    endloop
  endfacet
  facet normal 0 0 1
    outer loop
      vertex -3.46779 11.0655 2
      vertex 3.46779 11.0655 2
      vertex 3.54395 11.0846 2
    endloop
  endfacet
  facet normal 0 0 1
    outer loop
      vertex -3.54395 11.0846 2
      vertex 3.54395 11.0846 2
      vertex 3.6216 11.0961 2
    endloop
  endfacet
  facet normal 0 0 1
    outer loop
      vertex 2.90387 10.3784 2
      vertex -2.90387 10.3784 2
      vertex -2.90001 10.3 2
    endloop
  endfacet
  facet normal 0 0 1
    outer loop
      vertex 3.70001 11.1 2
      vertex -3.70001 11.1 2
      vertex 3.6216 11.0961 2
    endloop
  endfacet
  facet normal 0 0 1
    outer loop
      vertex 2.91539 10.4561 2
      vertex -2.91539 10.4561 2
      vertex -2.90387 10.3784 2
    endloop
  endfacet
  facet normal 0 0 1
    outer loop
      vertex 2.93446 10.5322 2
      vertex -2.93446 10.5322 2
      vertex -2.91539 10.4561 2
    endloop
  endfacet
  facet normal 0 0 1
    outer loop
      vertex 2.96091 10.6061 2
      vertex -2.96091 10.6061 2
      vertex -2.93446 10.5322 2
    endloop
  endfacet
  facet normal 0 0 1
    outer loop
      vertex 2.99448 10.6771 2
      vertex -2.99448 10.6771 2
      vertex -2.96091 10.6061 2
    endloop
  endfacet
  facet normal 0 0 1
    outer loop
      vertex 3.03484 10.7444 2
      vertex -3.03484 10.7444 2
      vertex -2.99448 10.6771 2
    endloop
  endfacet
  facet normal 0 0 1
    outer loop
      vertex 3.0816 10.8075 2
      vertex -3.0816 10.8075 2
      vertex -3.03484 10.7444 2
    endloop
  endfacet
  facet normal 0 0 1
    outer loop
      vertex 3.13432 10.8657 2
      vertex -3.13432 10.8657 2
      vertex -3.0816 10.8075 2
    endloop
  endfacet
  facet normal 0 0 1
    outer loop
      vertex 3.1925 10.9184 2
      vertex -3.1925 10.9184 2
      vertex -3.13432 10.8657 2
    endloop
  endfacet
  facet normal 0 0 1
    outer loop
      vertex 3.25555 10.9652 2
      vertex -3.25555 10.9652 2
      vertex -3.1925 10.9184 2
    endloop
  endfacet
  facet normal 0 0 1
    outer loop
      vertex 3.32289 11.0055 2
      vertex -3.32289 11.0055 2
      vertex -3.25555 10.9652 2
    endloop
  endfacet
  facet normal 0 0 1
    outer loop
      vertex 3.39386 11.0391 2
      vertex -3.39386 11.0391 2
      vertex -3.32289 11.0055 2
    endloop
  endfacet
  facet normal 0 0 1
    outer loop
      vertex 3.46779 11.0655 2
      vertex -3.46779 11.0655 2
      vertex -3.39386 11.0391 2
    endloop
  endfacet
  facet normal 0 0 1
    outer loop
      vertex 3.54395 11.0846 2
      vertex -3.54395 11.0846 2
      vertex -3.46779 11.0655 2
    endloop
  endfacet
  facet normal 0 0 1
    outer loop
      vertex 3.6216 11.0961 2
      vertex -3.6216 11.0961 2
      vertex -3.54395 11.0846 2
    endloop
  endfacet
  facet normal 0 0 1
    outer loop
      vertex 3.6216 11.0961 2
      vertex -3.70001 11.1 2
      vertex -3.6216 11.0961 2
    endloop
  endfacet
  facet normal -0 0 1
    outer loop
      vertex -33.1 14.6 2
      vertex -3.70001 11.1 2
      vertex 33.1 14.6 2
    endloop
  endfacet
  facet normal 0 0 1
    outer loop
      vertex -3.70001 11.1 2
      vertex -33.1 14.6 2
      vertex -4.29999 11.1 2
    endloop
  endfacet
  facet normal 0 0 1
    outer loop
      vertex -5.09999 10.3 2
      vertex -10.9 10.3 2
      vertex -5.09999 -10.3 2
    endloop
  endfacet
  facet normal 0 0 1
    outer loop
      vertex -5.09613 10.3784 2
      vertex -10.9 10.3 2
      vertex -5.09999 10.3 2
    endloop
  endfacet
  facet normal 0 0 1
    outer loop
      vertex -10.9039 10.3784 2
      vertex -5.09613 10.3784 2
      vertex -5.08461 10.4561 2
    endloop
  endfacet
  facet normal 0 0 1
    outer loop
      vertex -10.9154 10.4561 2
      vertex -5.08461 10.4561 2
      vertex -5.06554 10.5322 2
    endloop
  endfacet
  facet normal 0 0 1
    outer loop
      vertex -10.9345 10.5322 2
      vertex -5.06554 10.5322 2
      vertex -5.03909 10.6061 2
    endloop
  endfacet
  facet normal 0 0 1
    outer loop
      vertex -10.9609 10.6061 2
      vertex -5.03909 10.6061 2
      vertex -5.00552 10.6771 2
    endloop
  endfacet
  facet normal 0 0 1
    outer loop
      vertex -10.9945 10.6771 2
      vertex -5.00552 10.6771 2
      vertex -4.96516 10.7444 2
    endloop
  endfacet
  facet normal 0 0 1
    outer loop
      vertex -11.0348 10.7444 2
      vertex -4.96516 10.7444 2
      vertex -4.9184 10.8075 2
    endloop
  endfacet
  facet normal 0 0 1
    outer loop
      vertex -11.0816 10.8075 2
      vertex -4.9184 10.8075 2
      vertex -4.86568 10.8657 2
    endloop
  endfacet
  facet normal 0 0 1
    outer loop
      vertex -11.1343 10.8657 2
      vertex -4.86568 10.8657 2
      vertex -4.8075 10.9184 2
    endloop
  endfacet
  facet normal 0 0 1
    outer loop
      vertex -11.1925 10.9184 2
      vertex -4.8075 10.9184 2
      vertex -4.74445 10.9652 2
    endloop
  endfacet
  facet normal 0 0 1
    outer loop
      vertex -11.2556 10.9652 2
      vertex -4.74445 10.9652 2
      vertex -4.67711 11.0055 2
    endloop
  endfacet
  facet normal 0 0 1
    outer loop
      vertex -11.3229 11.0055 2
      vertex -4.67711 11.0055 2
      vertex -4.60614 11.0391 2
    endloop
  endfacet
  facet normal 0 0 1
    outer loop
      vertex -11.3939 11.0391 2
      vertex -4.60614 11.0391 2
      vertex -4.53221 11.0655 2
    endloop
  endfacet
  facet normal 0 0 1
    outer loop
      vertex -11.4678 11.0655 2
      vertex -4.53221 11.0655 2
      vertex -4.45605 11.0846 2
    endloop
  endfacet
  facet normal 0 0 1
    outer loop
      vertex -11.5439 11.0846 2
      vertex -4.45605 11.0846 2
      vertex -4.3784 11.0961 2
    endloop
  endfacet
  facet normal 0 0 1
    outer loop
      vertex -5.09613 10.3784 2
      vertex -10.9039 10.3784 2
      vertex -10.9 10.3 2
    endloop
  endfacet
  facet normal 0 0 1
    outer loop
      vertex -5.08461 10.4561 2
      vertex -10.9154 10.4561 2
      vertex -10.9039 10.3784 2
    endloop
  endfacet
  facet normal 0 0 1
    outer loop
      vertex -5.06554 10.5322 2
      vertex -10.9345 10.5322 2
      vertex -10.9154 10.4561 2
    endloop
  endfacet
  facet normal 0 0 1
    outer loop
      vertex -4.29999 11.1 2
      vertex -33.1 14.6 2
      vertex -4.3784 11.0961 2
    endloop
  endfacet
  facet normal 0 0 1
    outer loop
      vertex -5.03909 10.6061 2
      vertex -10.9609 10.6061 2
      vertex -10.9345 10.5322 2
    endloop
  endfacet
  facet normal 0 0 1
    outer loop
      vertex -5.00552 10.6771 2
      vertex -10.9945 10.6771 2
      vertex -10.9609 10.6061 2
    endloop
  endfacet
  facet normal 0 0 1
    outer loop
      vertex -4.96516 10.7444 2
      vertex -11.0348 10.7444 2
      vertex -10.9945 10.6771 2
    endloop
  endfacet
  facet normal 0 0 1
    outer loop
      vertex -4.9184 10.8075 2
      vertex -11.0816 10.8075 2
      vertex -11.0348 10.7444 2
    endloop
  endfacet
  facet normal 0 0 1
    outer loop
      vertex -4.86568 10.8657 2
      vertex -11.1343 10.8657 2
      vertex -11.0816 10.8075 2
    endloop
  endfacet
  facet normal 0 0 1
    outer loop
      vertex -4.8075 10.9184 2
      vertex -11.1925 10.9184 2
      vertex -11.1343 10.8657 2
    endloop
  endfacet
  facet normal 0 0 1
    outer loop
      vertex -4.74445 10.9652 2
      vertex -11.2556 10.9652 2
      vertex -11.1925 10.9184 2
    endloop
  endfacet
  facet normal 0 0 1
    outer loop
      vertex -4.67711 11.0055 2
      vertex -11.3229 11.0055 2
      vertex -11.2556 10.9652 2
    endloop
  endfacet
  facet normal 0 0 1
    outer loop
      vertex -4.60614 11.0391 2
      vertex -11.3939 11.0391 2
      vertex -11.3229 11.0055 2
    endloop
  endfacet
  facet normal 0 0 1
    outer loop
      vertex -4.53221 11.0655 2
      vertex -11.4678 11.0655 2
      vertex -11.3939 11.0391 2
    endloop
  endfacet
  facet normal 0 0 1
    outer loop
      vertex -4.45605 11.0846 2
      vertex -11.5439 11.0846 2
      vertex -11.4678 11.0655 2
    endloop
  endfacet
  facet normal 0 0 1
    outer loop
      vertex -4.3784 11.0961 2
      vertex -11.6216 11.0961 2
      vertex -11.5439 11.0846 2
    endloop
  endfacet
  facet normal 0 0 1
    outer loop
      vertex -4.3784 11.0961 2
      vertex -33.1 14.6 2
      vertex -11.6216 11.0961 2
    endloop
  endfacet
  facet normal 0 0 1
    outer loop
      vertex -11.6216 11.0961 2
      vertex -33.1 14.6 2
      vertex -11.7 11.1 2
    endloop
  endfacet
  facet normal 0 0 1
    outer loop
      vertex -11.7 11.1 2
      vertex -33.1 14.6 2
      vertex -12.3 11.1 2
    endloop
  endfacet
  facet normal 0 0 1
    outer loop
      vertex -13.1 10.3 2
      vertex -18.9 10.3 2
      vertex -13.1 -10.3 2
    endloop
  endfacet
  facet normal 0 0 1
    outer loop
      vertex -13.0961 10.3784 2
      vertex -18.9 10.3 2
      vertex -13.1 10.3 2
    endloop
  endfacet
  facet normal 0 0 1
    outer loop
      vertex -18.9039 10.3784 2
      vertex -13.0961 10.3784 2
      vertex -13.0846 10.4561 2
    endloop
  endfacet
  facet normal 0 0 1
    outer loop
      vertex -18.9154 10.4561 2
      vertex -13.0846 10.4561 2
      vertex -13.0655 10.5322 2
    endloop
  endfacet
  facet normal 0 0 1
    outer loop
      vertex -18.9345 10.5322 2
      vertex -13.0655 10.5322 2
      vertex -13.0391 10.6061 2
    endloop
  endfacet
  facet normal 0 0 1
    outer loop
      vertex -18.9609 10.6061 2
      vertex -13.0391 10.6061 2
      vertex -13.0055 10.6771 2
    endloop
  endfacet
  facet normal 0 0 1
    outer loop
      vertex -18.9945 10.6771 2
      vertex -13.0055 10.6771 2
      vertex -12.9652 10.7444 2
    endloop
  endfacet
  facet normal 0 0 1
    outer loop
      vertex -19.0348 10.7444 2
      vertex -12.9652 10.7444 2
      vertex -12.9184 10.8075 2
    endloop
  endfacet
  facet normal 0 0 1
    outer loop
      vertex -19.0816 10.8075 2
      vertex -12.9184 10.8075 2
      vertex -12.8657 10.8657 2
    endloop
  endfacet
  facet normal 0 0 1
    outer loop
      vertex -19.1343 10.8657 2
      vertex -12.8657 10.8657 2
      vertex -12.8075 10.9184 2
    endloop
  endfacet
  facet normal 0 0 1
    outer loop
      vertex -19.1925 10.9184 2
      vertex -12.8075 10.9184 2
      vertex -12.7444 10.9652 2
    endloop
  endfacet
  facet normal 0 0 1
    outer loop
      vertex -19.2556 10.9652 2
      vertex -12.7444 10.9652 2
      vertex -12.6771 11.0055 2
    endloop
  endfacet
  facet normal 0 0 1
    outer loop
      vertex -19.3229 11.0055 2
      vertex -12.6771 11.0055 2
      vertex -12.6061 11.0391 2
    endloop
  endfacet
  facet normal 0 0 1
    outer loop
      vertex -19.3939 11.0391 2
      vertex -12.6061 11.0391 2
      vertex -12.5322 11.0655 2
    endloop
  endfacet
  facet normal 0 0 1
    outer loop
      vertex -19.4678 11.0655 2
      vertex -12.5322 11.0655 2
      vertex -12.4561 11.0846 2
    endloop
  endfacet
  facet normal 0 0 1
    outer loop
      vertex -19.5439 11.0846 2
      vertex -12.4561 11.0846 2
      vertex -12.3784 11.0961 2
    endloop
  endfacet
  facet normal 0 0 1
    outer loop
      vertex -13.0961 10.3784 2
      vertex -18.9039 10.3784 2
      vertex -18.9 10.3 2
    endloop
  endfacet
  facet normal 0 0 1
    outer loop
      vertex -13.0846 10.4561 2
      vertex -18.9154 10.4561 2
      vertex -18.9039 10.3784 2
    endloop
  endfacet
  facet normal 0 0 1
    outer loop
      vertex -13.0655 10.5322 2
      vertex -18.9345 10.5322 2
      vertex -18.9154 10.4561 2
    endloop
  endfacet
  facet normal 0 0 1
    outer loop
      vertex -13.0391 10.6061 2
      vertex -18.9609 10.6061 2
      vertex -18.9345 10.5322 2
    endloop
  endfacet
  facet normal -0 -0 1
    outer loop
      vertex -29.7453 13.488 2
      vertex -12.3 11.1 2
      vertex -33.1 14.6 2
    endloop
  endfacet
  facet normal 0 0 1
    outer loop
      vertex -13.0055 10.6771 2
      vertex -18.9945 10.6771 2
      vertex -18.9609 10.6061 2
    endloop
  endfacet
  facet normal 0 0 1
    outer loop
      vertex -12.9652 10.7444 2
      vertex -19.0348 10.7444 2
      vertex -18.9945 10.6771 2
    endloop
  endfacet
  facet normal 0 0 1
    outer loop
      vertex -12.9184 10.8075 2
      vertex -19.0816 10.8075 2
      vertex -19.0348 10.7444 2
    endloop
  endfacet
  facet normal 0 0 1
    outer loop
      vertex -12.8657 10.8657 2
      vertex -19.1343 10.8657 2
      vertex -19.0816 10.8075 2
    endloop
  endfacet
  facet normal 0 0 1
    outer loop
      vertex -12.8075 10.9184 2
      vertex -19.1925 10.9184 2
      vertex -19.1343 10.8657 2
    endloop
  endfacet
  facet normal 0 0 1
    outer loop
      vertex -12.7444 10.9652 2
      vertex -19.2556 10.9652 2
      vertex -19.1925 10.9184 2
    endloop
  endfacet
  facet normal 0 0 1
    outer loop
      vertex -12.6771 11.0055 2
      vertex -19.3229 11.0055 2
      vertex -19.2556 10.9652 2
    endloop
  endfacet
  facet normal 0 0 1
    outer loop
      vertex -12.6061 11.0391 2
      vertex -19.3939 11.0391 2
      vertex -19.3229 11.0055 2
    endloop
  endfacet
  facet normal 0 0 1
    outer loop
      vertex -12.5322 11.0655 2
      vertex -19.4678 11.0655 2
      vertex -19.3939 11.0391 2
    endloop
  endfacet
  facet normal 0 0 1
    outer loop
      vertex -12.4561 11.0846 2
      vertex -19.5439 11.0846 2
      vertex -19.4678 11.0655 2
    endloop
  endfacet
  facet normal 0 0 1
    outer loop
      vertex -12.3 11.1 2
      vertex -29.7453 13.488 2
      vertex -12.3784 11.0961 2
    endloop
  endfacet
  facet normal -0 -0 1
    outer loop
      vertex -29.505 13.4021 2
      vertex -12.3784 11.0961 2
      vertex -29.7453 13.488 2
    endloop
  endfacet
  facet normal 0 0 1
    outer loop
      vertex -12.3784 11.0961 2
      vertex -19.6216 11.0961 2
      vertex -19.5439 11.0846 2
    endloop
  endfacet
  facet normal 0 0 1
    outer loop
      vertex -19.6216 11.0961 2
      vertex -29.505 13.4021 2
      vertex -19.7 11.1 2
    endloop
  endfacet
  facet normal 0 0 1
    outer loop
      vertex -21.0961 10.3784 2
      vertex -27.9125 10.7452 2
      vertex -21.1 10.3 2
    endloop
  endfacet
  facet normal -0 0 1
    outer loop
      vertex -27.9125 10.7452 2
      vertex -21.0961 10.3784 2
      vertex -27.9 11 2
    endloop
  endfacet
  facet normal 0 0 1
    outer loop
      vertex -21.0846 10.4561 2
      vertex -27.9 11 2
      vertex -21.0961 10.3784 2
    endloop
  endfacet
  facet normal 0 0 1
    outer loop
      vertex -27.9125 11.2548 2
      vertex -21.0846 10.4561 2
      vertex -21.0655 10.5322 2
    endloop
  endfacet
  facet normal 0 0 1
    outer loop
      vertex -27.9125 11.2548 2
      vertex -21.0655 10.5322 2
      vertex -21.0391 10.6061 2
    endloop
  endfacet
  facet normal 0 0 1
    outer loop
      vertex -27.95 11.5072 2
      vertex -21.0391 10.6061 2
      vertex -21.0055 10.6771 2
    endloop
  endfacet
  facet normal 0 0 1
    outer loop
      vertex -28.012 11.7547 2
      vertex -21.0055 10.6771 2
      vertex -20.9652 10.7444 2
    endloop
  endfacet
  facet normal 0 0 1
    outer loop
      vertex -28.012 11.7547 2
      vertex -20.9652 10.7444 2
      vertex -20.9184 10.8075 2
    endloop
  endfacet
  facet normal 0 0 1
    outer loop
      vertex -28.0979 11.995 2
      vertex -20.9184 10.8075 2
      vertex -20.8657 10.8657 2
    endloop
  endfacet
  facet normal 0 0 1
    outer loop
      vertex -28.207 12.2256 2
      vertex -20.8657 10.8657 2
      vertex -20.8075 10.9184 2
    endloop
  endfacet
  facet normal 0 0 1
    outer loop
      vertex -28.3382 12.4445 2
      vertex -20.8075 10.9184 2
      vertex -20.7444 10.9652 2
    endloop
  endfacet
  facet normal 0 0 1
    outer loop
      vertex -28.3382 12.4445 2
      vertex -20.7444 10.9652 2
      vertex -20.6771 11.0055 2
    endloop
  endfacet
  facet normal 0 0 1
    outer loop
      vertex -28.4902 12.6494 2
      vertex -20.6771 11.0055 2
      vertex -20.6061 11.0391 2
    endloop
  endfacet
  facet normal 0 0 1
    outer loop
      vertex -28.6615 12.8385 2
      vertex -20.6061 11.0391 2
      vertex -20.5322 11.0655 2
    endloop
  endfacet
  facet normal 0 0 1
    outer loop
      vertex -28.8506 13.0098 2
      vertex -20.5322 11.0655 2
      vertex -20.4561 11.0846 2
    endloop
  endfacet
  facet normal 0 0 1
    outer loop
      vertex -29.0555 13.1618 2
      vertex -20.4561 11.0846 2
      vertex -20.3784 11.0961 2
    endloop
  endfacet
  facet normal -0 -0 1
    outer loop
      vertex -29.2744 13.293 2
      vertex -19.7 11.1 2
      vertex -29.505 13.4021 2
    endloop
  endfacet
  facet normal 0 0 1
    outer loop
      vertex -21.0846 10.4561 2
      vertex -27.9125 11.2548 2
      vertex -27.9 11 2
    endloop
  endfacet
  facet normal 0 0 1
    outer loop
      vertex -21.0391 10.6061 2
      vertex -27.95 11.5072 2
      vertex -27.9125 11.2548 2
    endloop
  endfacet
  facet normal 0 0 1
    outer loop
      vertex -21.0055 10.6771 2
      vertex -28.012 11.7547 2
      vertex -27.95 11.5072 2
    endloop
  endfacet
  facet normal 0 0 1
    outer loop
      vertex -20.9184 10.8075 2
      vertex -28.0979 11.995 2
      vertex -28.012 11.7547 2
    endloop
  endfacet
  facet normal 0 0 1
    outer loop
      vertex -20.8657 10.8657 2
      vertex -28.207 12.2256 2
      vertex -28.0979 11.995 2
    endloop
  endfacet
  facet normal 0 0 1
    outer loop
      vertex -20.8075 10.9184 2
      vertex -28.3382 12.4445 2
      vertex -28.207 12.2256 2
    endloop
  endfacet
  facet normal 0 0 1
    outer loop
      vertex -20.6771 11.0055 2
      vertex -28.4902 12.6494 2
      vertex -28.3382 12.4445 2
    endloop
  endfacet
  facet normal 0 0 1
    outer loop
      vertex -20.6061 11.0391 2
      vertex -28.6615 12.8385 2
      vertex -28.4902 12.6494 2
    endloop
  endfacet
  facet normal 0 0 1
    outer loop
      vertex -20.5322 11.0655 2
      vertex -28.8506 13.0098 2
      vertex -28.6615 12.8385 2
    endloop
  endfacet
  facet normal 0 0 1
    outer loop
      vertex -20.4561 11.0846 2
      vertex -29.0555 13.1618 2
      vertex -28.8506 13.0098 2
    endloop
  endfacet
  facet normal 0 0 1
    outer loop
      vertex -20.3784 11.0961 2
      vertex -29.2744 13.293 2
      vertex -29.0555 13.1618 2
    endloop
  endfacet
  facet normal 0 0 1
    outer loop
      vertex -20.3 11.1 2
      vertex -29.2744 13.293 2
      vertex -20.3784 11.0961 2
    endloop
  endfacet
  facet normal 0 0 1
    outer loop
      vertex -19.7 11.1 2
      vertex -29.2744 13.293 2
      vertex -20.3 11.1 2
    endloop
  endfacet
  facet normal 0 0 1
    outer loop
      vertex -12.3784 11.0961 2
      vertex -29.505 13.4021 2
      vertex -19.6216 11.0961 2
    endloop
  endfacet
  facet normal 0 0 1
    outer loop
      vertex -29.7453 13.488 2
      vertex -33.1 14.6 2
      vertex -29.9928 13.55 2
    endloop
  endfacet
  facet normal 0 0 1
    outer loop
      vertex -29.9928 13.55 2
      vertex -33.1 14.6 2
      vertex -30.2452 13.5875 2
    endloop
  endfacet
  facet normal 0 0 1
    outer loop
      vertex -30.2452 13.5875 2
      vertex -33.1 14.6 2
      vertex -30.5 13.6 2
    endloop
  endfacet
  facet normal 0 0 1
    outer loop
      vertex -33.1 14.6 2
      vertex -30.7548 13.5875 2
      vertex -30.5 13.6 2
    endloop
  endfacet
  facet normal 0 0 1
    outer loop
      vertex -33.1 14.6 2
      vertex -31.0072 13.55 2
      vertex -30.7548 13.5875 2
    endloop
  endfacet
  facet normal 0 0 1
    outer loop
      vertex -33.1 14.6 2
      vertex -31.2547 13.488 2
      vertex -31.0072 13.55 2
    endloop
  endfacet
  facet normal 0 0 1
    outer loop
      vertex -33.1 14.6 2
      vertex -31.495 13.4021 2
      vertex -31.2547 13.488 2
    endloop
  endfacet
  facet normal 0 0 1
    outer loop
      vertex -33.1 14.6 2
      vertex -31.7256 13.293 2
      vertex -31.495 13.4021 2
    endloop
  endfacet
  facet normal 0 0 1
    outer loop
      vertex -33.1 14.6 2
      vertex -31.9445 13.1618 2
      vertex -31.7256 13.293 2
    endloop
  endfacet
  facet normal 0 0 1
    outer loop
      vertex -33.1 14.6 2
      vertex -32.1494 13.0098 2
      vertex -31.9445 13.1618 2
    endloop
  endfacet
  facet normal 0 0 1
    outer loop
      vertex -33.1 14.6 2
      vertex -32.3385 12.8385 2
      vertex -32.1494 13.0098 2
    endloop
  endfacet
  facet normal -0 0 1
    outer loop
      vertex -33.247 14.5928 2
      vertex -32.3385 12.8385 2
      vertex -33.1 14.6 2
    endloop
  endfacet
  facet normal -0 0 1
    outer loop
      vertex -33.3926 14.5712 2
      vertex -32.3385 12.8385 2
      vertex -33.247 14.5928 2
    endloop
  endfacet
  facet normal -0 0 1
    outer loop
      vertex -33.5354 14.5354 2
      vertex -32.3385 12.8385 2
      vertex -33.3926 14.5712 2
    endloop
  endfacet
  facet normal 0 0 1
    outer loop
      vertex -32.3385 12.8385 2
      vertex -33.5354 14.5354 2
      vertex -32.5098 12.6494 2
    endloop
  endfacet
  facet normal -0 0 1
    outer loop
      vertex -33.674 14.4858 2
      vertex -32.5098 12.6494 2
      vertex -33.5354 14.5354 2
    endloop
  endfacet
  facet normal -0 0 1
    outer loop
      vertex -33.8071 14.4229 2
      vertex -32.5098 12.6494 2
      vertex -33.674 14.4858 2
    endloop
  endfacet
  facet normal 0 0 1
    outer loop
      vertex -32.988 11.7547 2
      vertex -34.6 13.1 2
      vertex -33.05 11.5072 2
    endloop
  endfacet
  facet normal 0 0 1
    outer loop
      vertex -33.05 11.5072 2
      vertex -34.6 13.1 2
      vertex -33.0875 11.2548 2
    endloop
  endfacet
  facet normal 0 0 1
    outer loop
      vertex -33.0875 11.2548 2
      vertex -34.6 13.1 2
      vertex -33.1 11 2
    endloop
  endfacet
  facet normal -0 0 1
    outer loop
      vertex -33.9333 14.3472 2
      vertex -32.5098 12.6494 2
      vertex -33.8071 14.4229 2
    endloop
  endfacet
  facet normal 0 0 1
    outer loop
      vertex 34.2595 -14.0516 2
      vertex 32.5098 -12.6494 2
      vertex 34.1606 -14.1606 2
    endloop
  endfacet
  facet normal 0 0 1
    outer loop
      vertex 34.1606 -14.1606 2
      vertex 32.5098 -12.6494 2
      vertex 34.0516 -14.2595 2
    endloop
  endfacet
  facet normal 0 0 1
    outer loop
      vertex 34.0516 -14.2595 2
      vertex 32.5098 -12.6494 2
      vertex 33.9333 -14.3472 2
    endloop
  endfacet
  facet normal 0 0 1
    outer loop
      vertex 33.9333 -14.3472 2
      vertex 32.5098 -12.6494 2
      vertex 33.8071 -14.4229 2
    endloop
  endfacet
  facet normal 0 0 1
    outer loop
      vertex 33.8071 -14.4229 2
      vertex 32.5098 -12.6494 2
      vertex 33.674 -14.4858 2
    endloop
  endfacet
  facet normal 0 0 1
    outer loop
      vertex 33.674 -14.4858 2
      vertex 32.5098 -12.6494 2
      vertex 33.5354 -14.5354 2
    endloop
  endfacet
  facet normal -0 0 1
    outer loop
      vertex 32.3385 -12.8385 2
      vertex 33.5354 -14.5354 2
      vertex 32.5098 -12.6494 2
    endloop
  endfacet
  facet normal 0 0 1
    outer loop
      vertex 33.5354 -14.5354 2
      vertex 32.3385 -12.8385 2
      vertex 33.3926 -14.5712 2
    endloop
  endfacet
  facet normal 0 0 1
    outer loop
      vertex 33.3926 -14.5712 2
      vertex 32.3385 -12.8385 2
      vertex 33.247 -14.5928 2
    endloop
  endfacet
  facet normal 0 0 1
    outer loop
      vertex 33.247 -14.5928 2
      vertex 32.3385 -12.8385 2
      vertex 33.1 -14.6 2
    endloop
  endfacet
  facet normal -0 0 1
    outer loop
      vertex 32.1494 -13.0098 2
      vertex 33.1 -14.6 2
      vertex 32.3385 -12.8385 2
    endloop
  endfacet
  facet normal -0 0 1
    outer loop
      vertex 31.9445 -13.1618 2
      vertex 33.1 -14.6 2
      vertex 32.1494 -13.0098 2
    endloop
  endfacet
  facet normal -0 0 1
    outer loop
      vertex 31.7256 -13.293 2
      vertex 33.1 -14.6 2
      vertex 31.9445 -13.1618 2
    endloop
  endfacet
  facet normal -0 0 1
    outer loop
      vertex 31.495 -13.4021 2
      vertex 33.1 -14.6 2
      vertex 31.7256 -13.293 2
    endloop
  endfacet
  facet normal -0 0 1
    outer loop
      vertex 31.2547 -13.488 2
      vertex 33.1 -14.6 2
      vertex 31.495 -13.4021 2
    endloop
  endfacet
  facet normal -0 0 1
    outer loop
      vertex 31.0072 -13.55 2
      vertex 33.1 -14.6 2
      vertex 31.2547 -13.488 2
    endloop
  endfacet
  facet normal -0 0 1
    outer loop
      vertex 30.7548 -13.5875 2
      vertex 33.1 -14.6 2
      vertex 31.0072 -13.55 2
    endloop
  endfacet
  facet normal -0 0 1
    outer loop
      vertex 30.5 -13.6 2
      vertex 33.1 -14.6 2
      vertex 30.7548 -13.5875 2
    endloop
  endfacet
  facet normal 0 0 1
    outer loop
      vertex 30.2452 -13.5875 2
      vertex 33.1 -14.6 2
      vertex 30.5 -13.6 2
    endloop
  endfacet
  facet normal 0 0 1
    outer loop
      vertex 29.9928 -13.55 2
      vertex 33.1 -14.6 2
      vertex 30.2452 -13.5875 2
    endloop
  endfacet
  facet normal 0 0 1
    outer loop
      vertex 29.7453 -13.488 2
      vertex 33.1 -14.6 2
      vertex 29.9928 -13.55 2
    endloop
  endfacet
  facet normal -0 0 1
    outer loop
      vertex 21.0961 -10.3784 2
      vertex 27.9125 -10.7452 2
      vertex 21.1 -10.3 2
    endloop
  endfacet
  facet normal 0 0 1
    outer loop
      vertex 27.9125 -10.7452 2
      vertex 21.0961 -10.3784 2
      vertex 27.9 -11 2
    endloop
  endfacet
  facet normal -0 0 1
    outer loop
      vertex 21.0846 -10.4561 2
      vertex 27.9 -11 2
      vertex 21.0961 -10.3784 2
    endloop
  endfacet
  facet normal 0 0 1
    outer loop
      vertex 27.9 -11 2
      vertex 21.0846 -10.4561 2
      vertex 27.9125 -11.2548 2
    endloop
  endfacet
  facet normal -0 0 1
    outer loop
      vertex 21.0655 -10.5322 2
      vertex 27.9125 -11.2548 2
      vertex 21.0846 -10.4561 2
    endloop
  endfacet
  facet normal -0 0 1
    outer loop
      vertex 21.0391 -10.6061 2
      vertex 27.9125 -11.2548 2
      vertex 21.0655 -10.5322 2
    endloop
  endfacet
  facet normal 0 0 1
    outer loop
      vertex 27.9125 -11.2548 2
      vertex 21.0391 -10.6061 2
      vertex 27.95 -11.5072 2
    endloop
  endfacet
  facet normal -0 0 1
    outer loop
      vertex 21.0055 -10.6771 2
      vertex 27.95 -11.5072 2
      vertex 21.0391 -10.6061 2
    endloop
  endfacet
  facet normal 0 0 1
    outer loop
      vertex 27.95 -11.5072 2
      vertex 21.0055 -10.6771 2
      vertex 28.012 -11.7547 2
    endloop
  endfacet
  facet normal -0 0 1
    outer loop
      vertex 20.9652 -10.7444 2
      vertex 28.012 -11.7547 2
      vertex 21.0055 -10.6771 2
    endloop
  endfacet
  facet normal -0 0 1
    outer loop
      vertex 20.9184 -10.8075 2
      vertex 28.012 -11.7547 2
      vertex 20.9652 -10.7444 2
    endloop
  endfacet
  facet normal 0 0 1
    outer loop
      vertex 28.012 -11.7547 2
      vertex 20.9184 -10.8075 2
      vertex 28.0979 -11.995 2
    endloop
  endfacet
  facet normal -0 0 1
    outer loop
      vertex 20.8657 -10.8657 2
      vertex 28.0979 -11.995 2
      vertex 20.9184 -10.8075 2
    endloop
  endfacet
  facet normal 0 0 1
    outer loop
      vertex 28.0979 -11.995 2
      vertex 20.8657 -10.8657 2
      vertex 28.207 -12.2256 2
    endloop
  endfacet
  facet normal -0 0 1
    outer loop
      vertex 20.8075 -10.9184 2
      vertex 28.207 -12.2256 2
      vertex 20.8657 -10.8657 2
    endloop
  endfacet
  facet normal 0 0 1
    outer loop
      vertex 28.207 -12.2256 2
      vertex 20.8075 -10.9184 2
      vertex 28.3382 -12.4445 2
    endloop
  endfacet
  facet normal -0 0 1
    outer loop
      vertex 20.7444 -10.9652 2
      vertex 28.3382 -12.4445 2
      vertex 20.8075 -10.9184 2
    endloop
  endfacet
  facet normal 0 0 1
    outer loop
      vertex 28.3382 -12.4445 2
      vertex 20.7444 -10.9652 2
      vertex 28.4902 -12.6494 2
    endloop
  endfacet
  facet normal -0 0 1
    outer loop
      vertex 20.6771 -11.0055 2
      vertex 28.4902 -12.6494 2
      vertex 20.7444 -10.9652 2
    endloop
  endfacet
  facet normal -0 0 1
    outer loop
      vertex 20.6061 -11.0391 2
      vertex 28.4902 -12.6494 2
      vertex 20.6771 -11.0055 2
    endloop
  endfacet
  facet normal 0 0 1
    outer loop
      vertex 28.4902 -12.6494 2
      vertex 20.6061 -11.0391 2
      vertex 28.6615 -12.8385 2
    endloop
  endfacet
  facet normal -0 0 1
    outer loop
      vertex 20.5322 -11.0655 2
      vertex 28.6615 -12.8385 2
      vertex 20.6061 -11.0391 2
    endloop
  endfacet
  facet normal 0 0 1
    outer loop
      vertex 28.6615 -12.8385 2
      vertex 20.5322 -11.0655 2
      vertex 28.8506 -13.0098 2
    endloop
  endfacet
  facet normal -0 0 1
    outer loop
      vertex 20.4561 -11.0846 2
      vertex 28.8506 -13.0098 2
      vertex 20.5322 -11.0655 2
    endloop
  endfacet
  facet normal 0 0 1
    outer loop
      vertex 28.8506 -13.0098 2
      vertex 20.4561 -11.0846 2
      vertex 29.0555 -13.1618 2
    endloop
  endfacet
  facet normal -0 0 1
    outer loop
      vertex 20.3784 -11.0961 2
      vertex 29.0555 -13.1618 2
      vertex 20.4561 -11.0846 2
    endloop
  endfacet
  facet normal 0 0 1
    outer loop
      vertex 29.0555 -13.1618 2
      vertex 20.3784 -11.0961 2
      vertex 29.2744 -13.293 2
    endloop
  endfacet
  facet normal -0 0 1
    outer loop
      vertex 20.3 -11.1 2
      vertex 29.2744 -13.293 2
      vertex 20.3784 -11.0961 2
    endloop
  endfacet
  facet normal -0 0 1
    outer loop
      vertex 19.7 -11.1 2
      vertex 29.2744 -13.293 2
      vertex 20.3 -11.1 2
    endloop
  endfacet
  facet normal 0 0 1
    outer loop
      vertex 29.2744 -13.293 2
      vertex 19.7 -11.1 2
      vertex 29.505 -13.4021 2
    endloop
  endfacet
  facet normal 0 0 1
    outer loop
      vertex 19.6216 -11.0961 2
      vertex 29.505 -13.4021 2
      vertex 19.7 -11.1 2
    endloop
  endfacet
  facet normal -0 0 1
    outer loop
      vertex 12.3784 -11.0961 2
      vertex 29.505 -13.4021 2
      vertex 19.6216 -11.0961 2
    endloop
  endfacet
  facet normal 0 0 1
    outer loop
      vertex 29.505 -13.4021 2
      vertex 12.3784 -11.0961 2
      vertex 29.7453 -13.488 2
    endloop
  endfacet
  facet normal 0 0 1
    outer loop
      vertex 12.3784 -11.0961 2
      vertex 19.6216 -11.0961 2
      vertex 19.5439 -11.0846 2
    endloop
  endfacet
  facet normal 0 0 1
    outer loop
      vertex 12.4561 -11.0846 2
      vertex 19.5439 -11.0846 2
      vertex 19.4678 -11.0655 2
    endloop
  endfacet
  facet normal 0 0 1
    outer loop
      vertex 13.1 -10.3 2
      vertex 18.9 -10.3 2
      vertex 13.1 10.3 2
    endloop
  endfacet
  facet normal 0 0 1
    outer loop
      vertex 18.9 -10.3 2
      vertex 13.1 -10.3 2
      vertex 18.9039 -10.3784 2
    endloop
  endfacet
  facet normal 0 0 1
    outer loop
      vertex 13.0961 -10.3784 2
      vertex 18.9039 -10.3784 2
      vertex 13.1 -10.3 2
    endloop
  endfacet
  facet normal 0 0 1
    outer loop
      vertex 18.9039 -10.3784 2
      vertex 13.0961 -10.3784 2
      vertex 18.9154 -10.4561 2
    endloop
  endfacet
  facet normal 0 0 1
    outer loop
      vertex 13.0846 -10.4561 2
      vertex 18.9154 -10.4561 2
      vertex 13.0961 -10.3784 2
    endloop
  endfacet
  facet normal 0 0 1
    outer loop
      vertex 18.9154 -10.4561 2
      vertex 13.0846 -10.4561 2
      vertex 18.9345 -10.5322 2
    endloop
  endfacet
  facet normal 0 0 1
    outer loop
      vertex 13.0655 -10.5322 2
      vertex 18.9345 -10.5322 2
      vertex 13.0846 -10.4561 2
    endloop
  endfacet
  facet normal 0 0 1
    outer loop
      vertex 18.9345 -10.5322 2
      vertex 13.0655 -10.5322 2
      vertex 18.9609 -10.6061 2
    endloop
  endfacet
  facet normal 0 0 1
    outer loop
      vertex 13.0391 -10.6061 2
      vertex 18.9609 -10.6061 2
      vertex 13.0655 -10.5322 2
    endloop
  endfacet
  facet normal 0 0 1
    outer loop
      vertex 18.9609 -10.6061 2
      vertex 13.0391 -10.6061 2
      vertex 18.9945 -10.6771 2
    endloop
  endfacet
  facet normal 0 0 1
    outer loop
      vertex 13.0055 -10.6771 2
      vertex 18.9945 -10.6771 2
      vertex 13.0391 -10.6061 2
    endloop
  endfacet
  facet normal 0 0 1
    outer loop
      vertex 18.9945 -10.6771 2
      vertex 13.0055 -10.6771 2
      vertex 19.0348 -10.7444 2
    endloop
  endfacet
  facet normal 0 0 1
    outer loop
      vertex 12.9652 -10.7444 2
      vertex 19.0348 -10.7444 2
      vertex 13.0055 -10.6771 2
    endloop
  endfacet
  facet normal 0 0 1
    outer loop
      vertex 19.0348 -10.7444 2
      vertex 12.9652 -10.7444 2
      vertex 19.0816 -10.8075 2
    endloop
  endfacet
  facet normal 0 0 1
    outer loop
      vertex 12.9184 -10.8075 2
      vertex 19.0816 -10.8075 2
      vertex 12.9652 -10.7444 2
    endloop
  endfacet
  facet normal 0 0 1
    outer loop
      vertex 19.0816 -10.8075 2
      vertex 12.9184 -10.8075 2
      vertex 19.1343 -10.8657 2
    endloop
  endfacet
  facet normal 0 0 1
    outer loop
      vertex 12.8657 -10.8657 2
      vertex 19.1343 -10.8657 2
      vertex 12.9184 -10.8075 2
    endloop
  endfacet
  facet normal 0 0 1
    outer loop
      vertex 19.1343 -10.8657 2
      vertex 12.8657 -10.8657 2
      vertex 19.1925 -10.9184 2
    endloop
  endfacet
  facet normal 0 0 1
    outer loop
      vertex 12.8075 -10.9184 2
      vertex 19.1925 -10.9184 2
      vertex 12.8657 -10.8657 2
    endloop
  endfacet
  facet normal 0 0 1
    outer loop
      vertex 19.1925 -10.9184 2
      vertex 12.8075 -10.9184 2
      vertex 19.2556 -10.9652 2
    endloop
  endfacet
  facet normal 0 0 1
    outer loop
      vertex 12.7444 -10.9652 2
      vertex 19.2556 -10.9652 2
      vertex 12.8075 -10.9184 2
    endloop
  endfacet
  facet normal 0 0 1
    outer loop
      vertex 19.2556 -10.9652 2
      vertex 12.7444 -10.9652 2
      vertex 19.3229 -11.0055 2
    endloop
  endfacet
  facet normal 0 0 1
    outer loop
      vertex 12.6771 -11.0055 2
      vertex 19.3229 -11.0055 2
      vertex 12.7444 -10.9652 2
    endloop
  endfacet
  facet normal 0 0 1
    outer loop
      vertex 19.3229 -11.0055 2
      vertex 12.6771 -11.0055 2
      vertex 19.3939 -11.0391 2
    endloop
  endfacet
  facet normal 0 0 1
    outer loop
      vertex 12.6061 -11.0391 2
      vertex 19.3939 -11.0391 2
      vertex 12.6771 -11.0055 2
    endloop
  endfacet
  facet normal 0 0 1
    outer loop
      vertex 19.3939 -11.0391 2
      vertex 12.6061 -11.0391 2
      vertex 19.4678 -11.0655 2
    endloop
  endfacet
  facet normal 0 0 1
    outer loop
      vertex 12.5322 -11.0655 2
      vertex 19.4678 -11.0655 2
      vertex 12.6061 -11.0391 2
    endloop
  endfacet
  facet normal 0 0 1
    outer loop
      vertex 12.4561 -11.0846 2
      vertex 19.4678 -11.0655 2
      vertex 12.5322 -11.0655 2
    endloop
  endfacet
  facet normal 0 0 1
    outer loop
      vertex 19.5439 -11.0846 2
      vertex 12.4561 -11.0846 2
      vertex 12.3784 -11.0961 2
    endloop
  endfacet
  facet normal -0 0 1
    outer loop
      vertex 12.3 -11.1 2
      vertex 29.7453 -13.488 2
      vertex 12.3784 -11.0961 2
    endloop
  endfacet
  facet normal 0 0 1
    outer loop
      vertex 29.7453 -13.488 2
      vertex 12.3 -11.1 2
      vertex 33.1 -14.6 2
    endloop
  endfacet
  facet normal -0 0 1
    outer loop
      vertex 11.7 -11.1 2
      vertex 33.1 -14.6 2
      vertex 12.3 -11.1 2
    endloop
  endfacet
  facet normal 0 0 1
    outer loop
      vertex 11.6216 -11.0961 2
      vertex 33.1 -14.6 2
      vertex 11.7 -11.1 2
    endloop
  endfacet
  facet normal 0 0 1
    outer loop
      vertex 4.3784 -11.0961 2
      vertex 11.6216 -11.0961 2
      vertex 11.5439 -11.0846 2
    endloop
  endfacet
  facet normal 0 0 1
    outer loop
      vertex 5.09999 -10.3 2
      vertex 10.9 -10.3 2
      vertex 5.09999 10.3 2
    endloop
  endfacet
  facet normal 0 0 1
    outer loop
      vertex 10.9 -10.3 2
      vertex 5.09999 -10.3 2
      vertex 10.9039 -10.3784 2
    endloop
  endfacet
  facet normal 0 0 1
    outer loop
      vertex 5.09613 -10.3784 2
      vertex 10.9039 -10.3784 2
      vertex 5.09999 -10.3 2
    endloop
  endfacet
  facet normal 0 0 1
    outer loop
      vertex 10.9039 -10.3784 2
      vertex 5.09613 -10.3784 2
      vertex 10.9154 -10.4561 2
    endloop
  endfacet
  facet normal 0 0 1
    outer loop
      vertex 5.08461 -10.4561 2
      vertex 10.9154 -10.4561 2
      vertex 5.09613 -10.3784 2
    endloop
  endfacet
  facet normal 0 0 1
    outer loop
      vertex 10.9154 -10.4561 2
      vertex 5.08461 -10.4561 2
      vertex 10.9345 -10.5322 2
    endloop
  endfacet
  facet normal 0 0 1
    outer loop
      vertex 5.06554 -10.5322 2
      vertex 10.9345 -10.5322 2
      vertex 5.08461 -10.4561 2
    endloop
  endfacet
  facet normal 0 0 1
    outer loop
      vertex 10.9345 -10.5322 2
      vertex 5.06554 -10.5322 2
      vertex 10.9609 -10.6061 2
    endloop
  endfacet
  facet normal 0 0 1
    outer loop
      vertex 5.03909 -10.6061 2
      vertex 10.9609 -10.6061 2
      vertex 5.06554 -10.5322 2
    endloop
  endfacet
  facet normal 0 0 1
    outer loop
      vertex 10.9609 -10.6061 2
      vertex 5.03909 -10.6061 2
      vertex 10.9945 -10.6771 2
    endloop
  endfacet
  facet normal 0 0 1
    outer loop
      vertex 5.00552 -10.6771 2
      vertex 10.9945 -10.6771 2
      vertex 5.03909 -10.6061 2
    endloop
  endfacet
  facet normal 0 0 1
    outer loop
      vertex 10.9945 -10.6771 2
      vertex 5.00552 -10.6771 2
      vertex 11.0348 -10.7444 2
    endloop
  endfacet
  facet normal 0 0 1
    outer loop
      vertex 4.96516 -10.7444 2
      vertex 11.0348 -10.7444 2
      vertex 5.00552 -10.6771 2
    endloop
  endfacet
  facet normal 0 0 1
    outer loop
      vertex 11.0348 -10.7444 2
      vertex 4.96516 -10.7444 2
      vertex 11.0816 -10.8075 2
    endloop
  endfacet
  facet normal 0 0 1
    outer loop
      vertex 4.9184 -10.8075 2
      vertex 11.0816 -10.8075 2
      vertex 4.96516 -10.7444 2
    endloop
  endfacet
  facet normal 0 0 1
    outer loop
      vertex 11.0816 -10.8075 2
      vertex 4.9184 -10.8075 2
      vertex 11.1343 -10.8657 2
    endloop
  endfacet
  facet normal 0 0 1
    outer loop
      vertex 4.86568 -10.8657 2
      vertex 11.1343 -10.8657 2
      vertex 4.9184 -10.8075 2
    endloop
  endfacet
  facet normal 0 0 1
    outer loop
      vertex 11.1343 -10.8657 2
      vertex 4.86568 -10.8657 2
      vertex 11.1925 -10.9184 2
    endloop
  endfacet
  facet normal 0 0 1
    outer loop
      vertex 4.8075 -10.9184 2
      vertex 11.1925 -10.9184 2
      vertex 4.86568 -10.8657 2
    endloop
  endfacet
  facet normal 0 0 1
    outer loop
      vertex 11.1925 -10.9184 2
      vertex 4.8075 -10.9184 2
      vertex 11.2556 -10.9652 2
    endloop
  endfacet
  facet normal 0 0 1
    outer loop
      vertex 4.74445 -10.9652 2
      vertex 11.2556 -10.9652 2
      vertex 4.8075 -10.9184 2
    endloop
  endfacet
  facet normal 0 0 1
    outer loop
      vertex 11.2556 -10.9652 2
      vertex 4.74445 -10.9652 2
      vertex 11.3229 -11.0055 2
    endloop
  endfacet
  facet normal 0 0 1
    outer loop
      vertex 4.67711 -11.0055 2
      vertex 11.3229 -11.0055 2
      vertex 4.74445 -10.9652 2
    endloop
  endfacet
  facet normal 0 0 1
    outer loop
      vertex 11.3229 -11.0055 2
      vertex 4.67711 -11.0055 2
      vertex 11.3939 -11.0391 2
    endloop
  endfacet
  facet normal 0 0 1
    outer loop
      vertex 4.60614 -11.0391 2
      vertex 11.3939 -11.0391 2
      vertex 4.67711 -11.0055 2
    endloop
  endfacet
  facet normal 0 0 1
    outer loop
      vertex 11.3939 -11.0391 2
      vertex 4.60614 -11.0391 2
      vertex 11.4678 -11.0655 2
    endloop
  endfacet
  facet normal 0 0 1
    outer loop
      vertex 4.53221 -11.0655 2
      vertex 11.4678 -11.0655 2
      vertex 4.60614 -11.0391 2
    endloop
  endfacet
  facet normal 0 0 1
    outer loop
      vertex 11.4678 -11.0655 2
      vertex 4.53221 -11.0655 2
      vertex 11.5439 -11.0846 2
    endloop
  endfacet
  facet normal 0 0 1
    outer loop
      vertex 4.45605 -11.0846 2
      vertex 11.5439 -11.0846 2
      vertex 4.53221 -11.0655 2
    endloop
  endfacet
  facet normal 0 0 1
    outer loop
      vertex 4.3784 -11.0961 2
      vertex 11.5439 -11.0846 2
      vertex 4.45605 -11.0846 2
    endloop
  endfacet
  facet normal 0 0 1
    outer loop
      vertex 11.6216 -11.0961 2
      vertex 4.3784 -11.0961 2
      vertex 33.1 -14.6 2
    endloop
  endfacet
  facet normal -0 0 1
    outer loop
      vertex 4.29999 -11.1 2
      vertex 33.1 -14.6 2
      vertex 4.3784 -11.0961 2
    endloop
  endfacet
  facet normal -0 0 1
    outer loop
      vertex 3.70001 -11.1 2
      vertex 33.1 -14.6 2
      vertex 4.29999 -11.1 2
    endloop
  endfacet
  facet normal 0 0 1
    outer loop
      vertex -3.70001 -11.1 2
      vertex 3.70001 -11.1 2
      vertex 3.6216 -11.0961 2
    endloop
  endfacet
  facet normal 0 0 1
    outer loop
      vertex -2.90001 -10.3 2
      vertex 2.90001 -10.3 2
      vertex -2.90001 10.3 2
    endloop
  endfacet
  facet normal 0 0 1
    outer loop
      vertex 2.90001 -10.3 2
      vertex -2.90001 -10.3 2
      vertex 2.90387 -10.3784 2
    endloop
  endfacet
  facet normal 0 0 1
    outer loop
      vertex -2.90387 -10.3784 2
      vertex 2.90387 -10.3784 2
      vertex -2.90001 -10.3 2
    endloop
  endfacet
  facet normal 0 0 1
    outer loop
      vertex 2.90387 -10.3784 2
      vertex -2.90387 -10.3784 2
      vertex 2.91539 -10.4561 2
    endloop
  endfacet
  facet normal 0 0 1
    outer loop
      vertex -2.91539 -10.4561 2
      vertex 2.91539 -10.4561 2
      vertex -2.90387 -10.3784 2
    endloop
  endfacet
  facet normal 0 0 1
    outer loop
      vertex 2.91539 -10.4561 2
      vertex -2.91539 -10.4561 2
      vertex 2.93446 -10.5322 2
    endloop
  endfacet
  facet normal 0 0 1
    outer loop
      vertex -2.93446 -10.5322 2
      vertex 2.93446 -10.5322 2
      vertex -2.91539 -10.4561 2
    endloop
  endfacet
  facet normal 0 0 1
    outer loop
      vertex 2.93446 -10.5322 2
      vertex -2.93446 -10.5322 2
      vertex 2.96091 -10.6061 2
    endloop
  endfacet
  facet normal 0 0 1
    outer loop
      vertex -2.96091 -10.6061 2
      vertex 2.96091 -10.6061 2
      vertex -2.93446 -10.5322 2
    endloop
  endfacet
  facet normal 0 0 1
    outer loop
      vertex 2.96091 -10.6061 2
      vertex -2.96091 -10.6061 2
      vertex 2.99448 -10.6771 2
    endloop
  endfacet
  facet normal 0 0 1
    outer loop
      vertex -2.99448 -10.6771 2
      vertex 2.99448 -10.6771 2
      vertex -2.96091 -10.6061 2
    endloop
  endfacet
  facet normal 0 0 1
    outer loop
      vertex 2.99448 -10.6771 2
      vertex -2.99448 -10.6771 2
      vertex 3.03484 -10.7444 2
    endloop
  endfacet
  facet normal 0 0 1
    outer loop
      vertex -3.03484 -10.7444 2
      vertex 3.03484 -10.7444 2
      vertex -2.99448 -10.6771 2
    endloop
  endfacet
  facet normal 0 0 1
    outer loop
      vertex 3.03484 -10.7444 2
      vertex -3.03484 -10.7444 2
      vertex 3.0816 -10.8075 2
    endloop
  endfacet
  facet normal 0 0 1
    outer loop
      vertex -3.0816 -10.8075 2
      vertex 3.0816 -10.8075 2
      vertex -3.03484 -10.7444 2
    endloop
  endfacet
  facet normal 0 0 1
    outer loop
      vertex 3.0816 -10.8075 2
      vertex -3.0816 -10.8075 2
      vertex 3.13432 -10.8657 2
    endloop
  endfacet
  facet normal 0 0 1
    outer loop
      vertex -3.13432 -10.8657 2
      vertex 3.13432 -10.8657 2
      vertex -3.0816 -10.8075 2
    endloop
  endfacet
  facet normal 0 0 1
    outer loop
      vertex 3.13432 -10.8657 2
      vertex -3.13432 -10.8657 2
      vertex 3.1925 -10.9184 2
    endloop
  endfacet
  facet normal 0 0 1
    outer loop
      vertex -3.1925 -10.9184 2
      vertex 3.1925 -10.9184 2
      vertex -3.13432 -10.8657 2
    endloop
  endfacet
  facet normal 0 0 1
    outer loop
      vertex 3.1925 -10.9184 2
      vertex -3.1925 -10.9184 2
      vertex 3.25555 -10.9652 2
    endloop
  endfacet
  facet normal 0 0 1
    outer loop
      vertex -3.25555 -10.9652 2
      vertex 3.25555 -10.9652 2
      vertex -3.1925 -10.9184 2
    endloop
  endfacet
  facet normal 0 0 1
    outer loop
      vertex 3.25555 -10.9652 2
      vertex -3.25555 -10.9652 2
      vertex 3.32289 -11.0055 2
    endloop
  endfacet
  facet normal 0 0 1
    outer loop
      vertex -3.32289 -11.0055 2
      vertex 3.32289 -11.0055 2
      vertex -3.25555 -10.9652 2
    endloop
  endfacet
  facet normal 0 0 1
    outer loop
      vertex 3.32289 -11.0055 2
      vertex -3.32289 -11.0055 2
      vertex 3.39386 -11.0391 2
    endloop
  endfacet
  facet normal 0 0 1
    outer loop
      vertex -3.39386 -11.0391 2
      vertex 3.39386 -11.0391 2
      vertex -3.32289 -11.0055 2
    endloop
  endfacet
  facet normal 0 0 1
    outer loop
      vertex 3.39386 -11.0391 2
      vertex -3.39386 -11.0391 2
      vertex 3.46779 -11.0655 2
    endloop
  endfacet
  facet normal 0 0 1
    outer loop
      vertex -3.46779 -11.0655 2
      vertex 3.46779 -11.0655 2
      vertex -3.39386 -11.0391 2
    endloop
  endfacet
  facet normal 0 0 1
    outer loop
      vertex 3.46779 -11.0655 2
      vertex -3.46779 -11.0655 2
      vertex 3.54395 -11.0846 2
    endloop
  endfacet
  facet normal 0 0 1
    outer loop
      vertex -3.54395 -11.0846 2
      vertex 3.54395 -11.0846 2
      vertex -3.46779 -11.0655 2
    endloop
  endfacet
  facet normal 0 0 1
    outer loop
      vertex 3.54395 -11.0846 2
      vertex -3.54395 -11.0846 2
      vertex 3.6216 -11.0961 2
    endloop
  endfacet
  facet normal 0 0 1
    outer loop
      vertex -3.6216 -11.0961 2
      vertex 3.6216 -11.0961 2
      vertex -3.54395 -11.0846 2
    endloop
  endfacet
  facet normal 0 0 1
    outer loop
      vertex -3.70001 -11.1 2
      vertex 3.6216 -11.0961 2
      vertex -3.6216 -11.0961 2
    endloop
  endfacet
  facet normal 0 0 1
    outer loop
      vertex 3.70001 -11.1 2
      vertex -3.70001 -11.1 2
      vertex 33.1 -14.6 2
    endloop
  endfacet
  facet normal 0 0 1
    outer loop
      vertex -33.1 -14.6 2
      vertex -3.70001 -11.1 2
      vertex -4.29999 -11.1 2
    endloop
  endfacet
  facet normal 0 0 1
    outer loop
      vertex -33.1 -14.6 2
      vertex -4.29999 -11.1 2
      vertex -4.3784 -11.0961 2
    endloop
  endfacet
  facet normal 0 0 1
    outer loop
      vertex -10.9 -10.3 2
      vertex -5.09999 -10.3 2
      vertex -10.9 10.3 2
    endloop
  endfacet
  facet normal 0 0 1
    outer loop
      vertex -5.09999 -10.3 2
      vertex -10.9 -10.3 2
      vertex -5.09613 -10.3784 2
    endloop
  endfacet
  facet normal 0 0 1
    outer loop
      vertex -10.9039 -10.3784 2
      vertex -5.09613 -10.3784 2
      vertex -10.9 -10.3 2
    endloop
  endfacet
  facet normal 0 0 1
    outer loop
      vertex -5.09613 -10.3784 2
      vertex -10.9039 -10.3784 2
      vertex -5.08461 -10.4561 2
    endloop
  endfacet
  facet normal 0 0 1
    outer loop
      vertex -10.9154 -10.4561 2
      vertex -5.08461 -10.4561 2
      vertex -10.9039 -10.3784 2
    endloop
  endfacet
  facet normal 0 0 1
    outer loop
      vertex -5.08461 -10.4561 2
      vertex -10.9154 -10.4561 2
      vertex -5.06554 -10.5322 2
    endloop
  endfacet
  facet normal 0 0 1
    outer loop
      vertex -10.9345 -10.5322 2
      vertex -5.06554 -10.5322 2
      vertex -10.9154 -10.4561 2
    endloop
  endfacet
  facet normal 0 0 1
    outer loop
      vertex -5.06554 -10.5322 2
      vertex -10.9345 -10.5322 2
      vertex -5.03909 -10.6061 2
    endloop
  endfacet
  facet normal 0 0 1
    outer loop
      vertex -10.9609 -10.6061 2
      vertex -5.03909 -10.6061 2
      vertex -10.9345 -10.5322 2
    endloop
  endfacet
  facet normal 0 0 1
    outer loop
      vertex -5.03909 -10.6061 2
      vertex -10.9609 -10.6061 2
      vertex -5.00552 -10.6771 2
    endloop
  endfacet
  facet normal 0 0 1
    outer loop
      vertex -10.9945 -10.6771 2
      vertex -5.00552 -10.6771 2
      vertex -10.9609 -10.6061 2
    endloop
  endfacet
  facet normal 0 0 1
    outer loop
      vertex -5.00552 -10.6771 2
      vertex -10.9945 -10.6771 2
      vertex -4.96516 -10.7444 2
    endloop
  endfacet
  facet normal 0 0 1
    outer loop
      vertex -11.0348 -10.7444 2
      vertex -4.96516 -10.7444 2
      vertex -10.9945 -10.6771 2
    endloop
  endfacet
  facet normal 0 0 1
    outer loop
      vertex -4.96516 -10.7444 2
      vertex -11.0348 -10.7444 2
      vertex -4.9184 -10.8075 2
    endloop
  endfacet
  facet normal 0 0 1
    outer loop
      vertex -11.0816 -10.8075 2
      vertex -4.9184 -10.8075 2
      vertex -11.0348 -10.7444 2
    endloop
  endfacet
  facet normal 0 0 1
    outer loop
      vertex -4.9184 -10.8075 2
      vertex -11.0816 -10.8075 2
      vertex -4.86568 -10.8657 2
    endloop
  endfacet
  facet normal 0 0 1
    outer loop
      vertex -11.1343 -10.8657 2
      vertex -4.86568 -10.8657 2
      vertex -11.0816 -10.8075 2
    endloop
  endfacet
  facet normal 0 0 1
    outer loop
      vertex -4.86568 -10.8657 2
      vertex -11.1343 -10.8657 2
      vertex -4.8075 -10.9184 2
    endloop
  endfacet
  facet normal 0 0 1
    outer loop
      vertex -11.1925 -10.9184 2
      vertex -4.8075 -10.9184 2
      vertex -11.1343 -10.8657 2
    endloop
  endfacet
  facet normal 0 0 1
    outer loop
      vertex -4.8075 -10.9184 2
      vertex -11.1925 -10.9184 2
      vertex -4.74445 -10.9652 2
    endloop
  endfacet
  facet normal 0 0 1
    outer loop
      vertex -11.2556 -10.9652 2
      vertex -4.74445 -10.9652 2
      vertex -11.1925 -10.9184 2
    endloop
  endfacet
  facet normal 0 0 1
    outer loop
      vertex -4.74445 -10.9652 2
      vertex -11.2556 -10.9652 2
      vertex -4.67711 -11.0055 2
    endloop
  endfacet
  facet normal 0 0 1
    outer loop
      vertex -11.3229 -11.0055 2
      vertex -4.67711 -11.0055 2
      vertex -11.2556 -10.9652 2
    endloop
  endfacet
  facet normal 0 0 1
    outer loop
      vertex -4.67711 -11.0055 2
      vertex -11.3229 -11.0055 2
      vertex -4.60614 -11.0391 2
    endloop
  endfacet
  facet normal 0 0 1
    outer loop
      vertex -11.3939 -11.0391 2
      vertex -4.60614 -11.0391 2
      vertex -11.3229 -11.0055 2
    endloop
  endfacet
  facet normal 0 0 1
    outer loop
      vertex -4.60614 -11.0391 2
      vertex -11.3939 -11.0391 2
      vertex -4.53221 -11.0655 2
    endloop
  endfacet
  facet normal 0 0 1
    outer loop
      vertex -11.4678 -11.0655 2
      vertex -4.53221 -11.0655 2
      vertex -11.3939 -11.0391 2
    endloop
  endfacet
  facet normal 0 0 1
    outer loop
      vertex -4.53221 -11.0655 2
      vertex -11.4678 -11.0655 2
      vertex -4.45605 -11.0846 2
    endloop
  endfacet
  facet normal 0 0 1
    outer loop
      vertex -11.5439 -11.0846 2
      vertex -4.45605 -11.0846 2
      vertex -11.4678 -11.0655 2
    endloop
  endfacet
  facet normal 0 0 1
    outer loop
      vertex -4.45605 -11.0846 2
      vertex -11.5439 -11.0846 2
      vertex -4.3784 -11.0961 2
    endloop
  endfacet
  facet normal 0 0 1
    outer loop
      vertex -11.6216 -11.0961 2
      vertex -4.3784 -11.0961 2
      vertex -11.5439 -11.0846 2
    endloop
  endfacet
  facet normal 0 0 1
    outer loop
      vertex -33.1 -14.6 2
      vertex -4.3784 -11.0961 2
      vertex -11.6216 -11.0961 2
    endloop
  endfacet
  facet normal 0 0 1
    outer loop
      vertex -33.1 -14.6 2
      vertex -11.6216 -11.0961 2
      vertex -11.7 -11.1 2
    endloop
  endfacet
  facet normal 0 0 1
    outer loop
      vertex -33.1 -14.6 2
      vertex -11.7 -11.1 2
      vertex -12.3 -11.1 2
    endloop
  endfacet
  facet normal 0 0 1
    outer loop
      vertex -29.7453 -13.488 2
      vertex -12.3 -11.1 2
      vertex -12.3784 -11.0961 2
    endloop
  endfacet
  facet normal 0 0 1
    outer loop
      vertex -18.9 -10.3 2
      vertex -13.1 -10.3 2
      vertex -18.9 10.3 2
    endloop
  endfacet
  facet normal 0 0 1
    outer loop
      vertex -13.1 -10.3 2
      vertex -18.9 -10.3 2
      vertex -13.0961 -10.3784 2
    endloop
  endfacet
  facet normal 0 0 1
    outer loop
      vertex -18.9039 -10.3784 2
      vertex -13.0961 -10.3784 2
      vertex -18.9 -10.3 2
    endloop
  endfacet
  facet normal 0 0 1
    outer loop
      vertex -13.0961 -10.3784 2
      vertex -18.9039 -10.3784 2
      vertex -13.0846 -10.4561 2
    endloop
  endfacet
  facet normal 0 0 1
    outer loop
      vertex -18.9154 -10.4561 2
      vertex -13.0846 -10.4561 2
      vertex -18.9039 -10.3784 2
    endloop
  endfacet
  facet normal 0 0 1
    outer loop
      vertex -13.0846 -10.4561 2
      vertex -18.9154 -10.4561 2
      vertex -13.0655 -10.5322 2
    endloop
  endfacet
  facet normal 0 0 1
    outer loop
      vertex -18.9345 -10.5322 2
      vertex -13.0655 -10.5322 2
      vertex -18.9154 -10.4561 2
    endloop
  endfacet
  facet normal 0 0 1
    outer loop
      vertex -13.0655 -10.5322 2
      vertex -18.9345 -10.5322 2
      vertex -13.0391 -10.6061 2
    endloop
  endfacet
  facet normal 0 0 1
    outer loop
      vertex -18.9609 -10.6061 2
      vertex -13.0391 -10.6061 2
      vertex -18.9345 -10.5322 2
    endloop
  endfacet
  facet normal 0 0 1
    outer loop
      vertex -13.0391 -10.6061 2
      vertex -18.9609 -10.6061 2
      vertex -13.0055 -10.6771 2
    endloop
  endfacet
  facet normal 0 0 1
    outer loop
      vertex -18.9945 -10.6771 2
      vertex -13.0055 -10.6771 2
      vertex -18.9609 -10.6061 2
    endloop
  endfacet
  facet normal 0 0 1
    outer loop
      vertex -13.0055 -10.6771 2
      vertex -18.9945 -10.6771 2
      vertex -12.9652 -10.7444 2
    endloop
  endfacet
  facet normal 0 0 1
    outer loop
      vertex -19.0348 -10.7444 2
      vertex -12.9652 -10.7444 2
      vertex -18.9945 -10.6771 2
    endloop
  endfacet
  facet normal 0 0 1
    outer loop
      vertex -12.9652 -10.7444 2
      vertex -19.0348 -10.7444 2
      vertex -12.9184 -10.8075 2
    endloop
  endfacet
  facet normal 0 0 1
    outer loop
      vertex -19.0816 -10.8075 2
      vertex -12.9184 -10.8075 2
      vertex -19.0348 -10.7444 2
    endloop
  endfacet
  facet normal 0 0 1
    outer loop
      vertex -12.9184 -10.8075 2
      vertex -19.0816 -10.8075 2
      vertex -12.8657 -10.8657 2
    endloop
  endfacet
  facet normal 0 0 1
    outer loop
      vertex -19.1343 -10.8657 2
      vertex -12.8657 -10.8657 2
      vertex -19.0816 -10.8075 2
    endloop
  endfacet
  facet normal 0 0 1
    outer loop
      vertex -12.8657 -10.8657 2
      vertex -19.1343 -10.8657 2
      vertex -12.8075 -10.9184 2
    endloop
  endfacet
  facet normal 0 0 1
    outer loop
      vertex -19.1925 -10.9184 2
      vertex -12.8075 -10.9184 2
      vertex -19.1343 -10.8657 2
    endloop
  endfacet
  facet normal 0 0 1
    outer loop
      vertex -12.8075 -10.9184 2
      vertex -19.1925 -10.9184 2
      vertex -12.7444 -10.9652 2
    endloop
  endfacet
  facet normal 0 0 1
    outer loop
      vertex -19.2556 -10.9652 2
      vertex -12.7444 -10.9652 2
      vertex -19.1925 -10.9184 2
    endloop
  endfacet
  facet normal 0 0 1
    outer loop
      vertex -12.7444 -10.9652 2
      vertex -19.2556 -10.9652 2
      vertex -12.6771 -11.0055 2
    endloop
  endfacet
  facet normal 0 0 1
    outer loop
      vertex -19.3229 -11.0055 2
      vertex -12.6771 -11.0055 2
      vertex -19.2556 -10.9652 2
    endloop
  endfacet
  facet normal 0 0 1
    outer loop
      vertex -12.6771 -11.0055 2
      vertex -19.3229 -11.0055 2
      vertex -12.6061 -11.0391 2
    endloop
  endfacet
  facet normal 0 0 1
    outer loop
      vertex -19.3939 -11.0391 2
      vertex -12.6061 -11.0391 2
      vertex -19.3229 -11.0055 2
    endloop
  endfacet
  facet normal 0 0 1
    outer loop
      vertex -12.6061 -11.0391 2
      vertex -19.3939 -11.0391 2
      vertex -12.5322 -11.0655 2
    endloop
  endfacet
  facet normal 0 0 1
    outer loop
      vertex -19.4678 -11.0655 2
      vertex -12.5322 -11.0655 2
      vertex -19.3939 -11.0391 2
    endloop
  endfacet
  facet normal 0 0 1
    outer loop
      vertex -12.5322 -11.0655 2
      vertex -19.4678 -11.0655 2
      vertex -12.4561 -11.0846 2
    endloop
  endfacet
  facet normal 0 0 1
    outer loop
      vertex -19.5439 -11.0846 2
      vertex -12.4561 -11.0846 2
      vertex -19.4678 -11.0655 2
    endloop
  endfacet
  facet normal 0 0 1
    outer loop
      vertex -12.4561 -11.0846 2
      vertex -19.5439 -11.0846 2
      vertex -12.3784 -11.0961 2
    endloop
  endfacet
  facet normal 0 0 1
    outer loop
      vertex -19.6216 -11.0961 2
      vertex -12.3784 -11.0961 2
      vertex -19.5439 -11.0846 2
    endloop
  endfacet
  facet normal 0 0 1
    outer loop
      vertex -29.505 -13.4021 2
      vertex -12.3784 -11.0961 2
      vertex -19.6216 -11.0961 2
    endloop
  endfacet
  facet normal 0 0 1
    outer loop
      vertex -29.505 -13.4021 2
      vertex -19.6216 -11.0961 2
      vertex -19.7 -11.1 2
    endloop
  endfacet
  facet normal 0 0 1
    outer loop
      vertex -29.2744 -13.293 2
      vertex -19.7 -11.1 2
      vertex -20.3 -11.1 2
    endloop
  endfacet
  facet normal 0 0 1
    outer loop
      vertex -29.2744 -13.293 2
      vertex -20.3 -11.1 2
      vertex -20.3784 -11.0961 2
    endloop
  endfacet
  facet normal -0 0 1
    outer loop
      vertex -27.95 10.4928 2
      vertex -21.1 10.3 2
      vertex -27.9125 10.7452 2
    endloop
  endfacet
  facet normal 0 0 1
    outer loop
      vertex -21.1 -10.3 2
      vertex -27.9 -11 2
      vertex -21.0961 -10.3784 2
    endloop
  endfacet
  facet normal 0 0 1
    outer loop
      vertex -21.0961 -10.3784 2
      vertex -27.9 -11 2
      vertex -21.0846 -10.4561 2
    endloop
  endfacet
  facet normal 0 0 1
    outer loop
      vertex -27.9125 -11.2548 2
      vertex -21.0846 -10.4561 2
      vertex -27.9 -11 2
    endloop
  endfacet
  facet normal 0 0 1
    outer loop
      vertex -21.0846 -10.4561 2
      vertex -27.9125 -11.2548 2
      vertex -21.0655 -10.5322 2
    endloop
  endfacet
  facet normal 0 0 1
    outer loop
      vertex -21.0655 -10.5322 2
      vertex -27.9125 -11.2548 2
      vertex -21.0391 -10.6061 2
    endloop
  endfacet
  facet normal 0 0 1
    outer loop
      vertex -27.95 -11.5072 2
      vertex -21.0391 -10.6061 2
      vertex -27.9125 -11.2548 2
    endloop
  endfacet
  facet normal 0 0 1
    outer loop
      vertex -21.0391 -10.6061 2
      vertex -27.95 -11.5072 2
      vertex -21.0055 -10.6771 2
    endloop
  endfacet
  facet normal 0 0 1
    outer loop
      vertex -28.012 -11.7547 2
      vertex -21.0055 -10.6771 2
      vertex -27.95 -11.5072 2
    endloop
  endfacet
  facet normal 0 0 1
    outer loop
      vertex -21.0055 -10.6771 2
      vertex -28.012 -11.7547 2
      vertex -20.9652 -10.7444 2
    endloop
  endfacet
  facet normal 0 0 1
    outer loop
      vertex -20.9652 -10.7444 2
      vertex -28.012 -11.7547 2
      vertex -20.9184 -10.8075 2
    endloop
  endfacet
  facet normal 0 0 1
    outer loop
      vertex -28.0979 -11.995 2
      vertex -20.9184 -10.8075 2
      vertex -28.012 -11.7547 2
    endloop
  endfacet
  facet normal 0 0 1
    outer loop
      vertex -20.9184 -10.8075 2
      vertex -28.0979 -11.995 2
      vertex -20.8657 -10.8657 2
    endloop
  endfacet
  facet normal 0 0 1
    outer loop
      vertex -28.207 -12.2256 2
      vertex -20.8657 -10.8657 2
      vertex -28.0979 -11.995 2
    endloop
  endfacet
  facet normal 0 0 1
    outer loop
      vertex -20.8657 -10.8657 2
      vertex -28.207 -12.2256 2
      vertex -20.8075 -10.9184 2
    endloop
  endfacet
  facet normal 0 0 1
    outer loop
      vertex -28.3382 -12.4445 2
      vertex -20.8075 -10.9184 2
      vertex -28.207 -12.2256 2
    endloop
  endfacet
  facet normal 0 0 1
    outer loop
      vertex -20.8075 -10.9184 2
      vertex -28.3382 -12.4445 2
      vertex -20.7444 -10.9652 2
    endloop
  endfacet
  facet normal 0 0 1
    outer loop
      vertex -20.7444 -10.9652 2
      vertex -28.3382 -12.4445 2
      vertex -20.6771 -11.0055 2
    endloop
  endfacet
  facet normal 0 0 1
    outer loop
      vertex -28.4902 -12.6494 2
      vertex -20.6771 -11.0055 2
      vertex -28.3382 -12.4445 2
    endloop
  endfacet
  facet normal 0 0 1
    outer loop
      vertex -20.6771 -11.0055 2
      vertex -28.4902 -12.6494 2
      vertex -20.6061 -11.0391 2
    endloop
  endfacet
  facet normal 0 0 1
    outer loop
      vertex -28.6615 -12.8385 2
      vertex -20.6061 -11.0391 2
      vertex -28.4902 -12.6494 2
    endloop
  endfacet
  facet normal 0 0 1
    outer loop
      vertex -20.6061 -11.0391 2
      vertex -28.6615 -12.8385 2
      vertex -20.5322 -11.0655 2
    endloop
  endfacet
  facet normal 0 0 1
    outer loop
      vertex -28.8506 -13.0098 2
      vertex -20.5322 -11.0655 2
      vertex -28.6615 -12.8385 2
    endloop
  endfacet
  facet normal 0 0 1
    outer loop
      vertex -20.5322 -11.0655 2
      vertex -28.8506 -13.0098 2
      vertex -20.4561 -11.0846 2
    endloop
  endfacet
  facet normal 0 0 1
    outer loop
      vertex -29.0555 -13.1618 2
      vertex -20.4561 -11.0846 2
      vertex -28.8506 -13.0098 2
    endloop
  endfacet
  facet normal 0 0 1
    outer loop
      vertex -20.4561 -11.0846 2
      vertex -29.0555 -13.1618 2
      vertex -20.3784 -11.0961 2
    endloop
  endfacet
  facet normal 0 0 1
    outer loop
      vertex -29.2744 -13.293 2
      vertex -20.3784 -11.0961 2
      vertex -29.0555 -13.1618 2
    endloop
  endfacet
  facet normal 0 0 1
    outer loop
      vertex -19.7 -11.1 2
      vertex -29.2744 -13.293 2
      vertex -29.505 -13.4021 2
    endloop
  endfacet
  facet normal 0 0 1
    outer loop
      vertex -12.3784 -11.0961 2
      vertex -29.505 -13.4021 2
      vertex -29.7453 -13.488 2
    endloop
  endfacet
  facet normal 0 0 1
    outer loop
      vertex -12.3 -11.1 2
      vertex -29.7453 -13.488 2
      vertex -33.1 -14.6 2
    endloop
  endfacet
  facet normal 0 0 1
    outer loop
      vertex -33.1 -14.6 2
      vertex -29.7453 -13.488 2
      vertex -29.9928 -13.55 2
    endloop
  endfacet
  facet normal 0 0 1
    outer loop
      vertex -33.1 -14.6 2
      vertex -29.9928 -13.55 2
      vertex -30.2452 -13.5875 2
    endloop
  endfacet
  facet normal 0 0 1
    outer loop
      vertex -33.1 -14.6 2
      vertex -30.2452 -13.5875 2
      vertex -30.5 -13.6 2
    endloop
  endfacet
  facet normal 0 0 1
    outer loop
      vertex -3.70001 -11.1 2
      vertex -33.1 -14.6 2
      vertex 33.1 -14.6 2
    endloop
  endfacet
  facet normal 0 0 1
    outer loop
      vertex -30.7548 -13.5875 2
      vertex -33.1 -14.6 2
      vertex -30.5 -13.6 2
    endloop
  endfacet
  facet normal 0 0 1
    outer loop
      vertex -31.0072 -13.55 2
      vertex -33.1 -14.6 2
      vertex -30.7548 -13.5875 2
    endloop
  endfacet
  facet normal 0 0 1
    outer loop
      vertex -31.2547 -13.488 2
      vertex -33.1 -14.6 2
      vertex -31.0072 -13.55 2
    endloop
  endfacet
  facet normal 0 0 1
    outer loop
      vertex -31.495 -13.4021 2
      vertex -33.1 -14.6 2
      vertex -31.2547 -13.488 2
    endloop
  endfacet
  facet normal 0 0 1
    outer loop
      vertex -31.7256 -13.293 2
      vertex -33.1 -14.6 2
      vertex -31.495 -13.4021 2
    endloop
  endfacet
  facet normal 0 0 1
    outer loop
      vertex -31.9445 -13.1618 2
      vertex -33.1 -14.6 2
      vertex -31.7256 -13.293 2
    endloop
  endfacet
  facet normal 0 0 1
    outer loop
      vertex -32.1494 -13.0098 2
      vertex -33.1 -14.6 2
      vertex -31.9445 -13.1618 2
    endloop
  endfacet
  facet normal 0 0 1
    outer loop
      vertex -32.3385 -12.8385 2
      vertex -33.1 -14.6 2
      vertex -32.1494 -13.0098 2
    endloop
  endfacet
  facet normal 0 0 1
    outer loop
      vertex -33.5354 -14.5354 2
      vertex -32.3385 -12.8385 2
      vertex -32.5098 -12.6494 2
    endloop
  endfacet
  facet normal 0 0 1
    outer loop
      vertex -34.5354 -13.5354 2
      vertex -32.5098 -12.6494 2
      vertex -32.6618 -12.4445 2
    endloop
  endfacet
  facet normal 0 0 1
    outer loop
      vertex -34.6 -13.1 2
      vertex -32.6618 -12.4445 2
      vertex -32.793 -12.2256 2
    endloop
  endfacet
  facet normal 0 0 1
    outer loop
      vertex -34.6 -13.1 2
      vertex -32.793 -12.2256 2
      vertex -32.9021 -11.995 2
    endloop
  endfacet
  facet normal 0 0 1
    outer loop
      vertex -34.6 -13.1 2
      vertex -32.9021 -11.995 2
      vertex -32.988 -11.7547 2
    endloop
  endfacet
  facet normal 0 0 1
    outer loop
      vertex -34.6 -13.1 2
      vertex -32.988 -11.7547 2
      vertex -33.05 -11.5072 2
    endloop
  endfacet
  facet normal 0 0 1
    outer loop
      vertex -34.6 -13.1 2
      vertex -33.05 -11.5072 2
      vertex -33.0875 -11.2548 2
    endloop
  endfacet
  facet normal 0 0 1
    outer loop
      vertex -34.6 -13.1 2
      vertex -33.0875 -11.2548 2
      vertex -33.1 -11 2
    endloop
  endfacet
  facet normal 0 0 1
    outer loop
      vertex -33.05 -10.4928 2
      vertex -34.6 -13.1 2
      vertex -33.0875 -10.7452 2
    endloop
  endfacet
  facet normal 0 0 1
    outer loop
      vertex -33.0875 -10.7452 2
      vertex -34.6 -13.1 2
      vertex -33.1 -11 2
    endloop
  endfacet
  facet normal -0 0 1
    outer loop
      vertex -34.0516 14.2595 2
      vertex -32.5098 12.6494 2
      vertex -33.9333 14.3472 2
    endloop
  endfacet
  facet normal 0 0 1
    outer loop
      vertex -32.6618 -12.4445 2
      vertex -34.6 -13.1 2
      vertex -34.5928 -13.247 2
    endloop
  endfacet
  facet normal -0 0 1
    outer loop
      vertex -34.1606 14.1606 2
      vertex -32.5098 12.6494 2
      vertex -34.0516 14.2595 2
    endloop
  endfacet
  facet normal 0 0 1
    outer loop
      vertex -32.3385 -12.8385 2
      vertex -33.247 -14.5928 2
      vertex -33.1 -14.6 2
    endloop
  endfacet
  facet normal -0 0 1
    outer loop
      vertex -34.2595 14.0516 2
      vertex -32.5098 12.6494 2
      vertex -34.1606 14.1606 2
    endloop
  endfacet
  facet normal 0 0 1
    outer loop
      vertex -32.3385 -12.8385 2
      vertex -33.3926 -14.5712 2
      vertex -33.247 -14.5928 2
    endloop
  endfacet
  facet normal -0 0 1
    outer loop
      vertex -34.3472 13.9333 2
      vertex -32.5098 12.6494 2
      vertex -34.2595 14.0516 2
    endloop
  endfacet
  facet normal 0 0 1
    outer loop
      vertex -32.3385 -12.8385 2
      vertex -33.5354 -14.5354 2
      vertex -33.3926 -14.5712 2
    endloop
  endfacet
  facet normal -0 0 1
    outer loop
      vertex -34.4229 13.8071 2
      vertex -32.5098 12.6494 2
      vertex -34.3472 13.9333 2
    endloop
  endfacet
  facet normal 0 0 1
    outer loop
      vertex -32.5098 -12.6494 2
      vertex -33.674 -14.4858 2
      vertex -33.5354 -14.5354 2
    endloop
  endfacet
  facet normal -0 0 1
    outer loop
      vertex -34.4858 13.674 2
      vertex -32.5098 12.6494 2
      vertex -34.4229 13.8071 2
    endloop
  endfacet
  facet normal 0 0 1
    outer loop
      vertex -32.5098 -12.6494 2
      vertex -33.8071 -14.4229 2
      vertex -33.674 -14.4858 2
    endloop
  endfacet
  facet normal -0 0 1
    outer loop
      vertex -34.5354 13.5354 2
      vertex -32.5098 12.6494 2
      vertex -34.4858 13.674 2
    endloop
  endfacet
  facet normal 0 0 1
    outer loop
      vertex -32.5098 -12.6494 2
      vertex -33.9333 -14.3472 2
      vertex -33.8071 -14.4229 2
    endloop
  endfacet
  facet normal 0 0 1
    outer loop
      vertex -32.5098 12.6494 2
      vertex -34.5354 13.5354 2
      vertex -32.6618 12.4445 2
    endloop
  endfacet
  facet normal 0 0 1
    outer loop
      vertex -32.5098 -12.6494 2
      vertex -34.0516 -14.2595 2
      vertex -33.9333 -14.3472 2
    endloop
  endfacet
  facet normal -0 0 1
    outer loop
      vertex -34.5712 13.3926 2
      vertex -32.6618 12.4445 2
      vertex -34.5354 13.5354 2
    endloop
  endfacet
  facet normal 0 0 1
    outer loop
      vertex -32.5098 -12.6494 2
      vertex -34.1606 -14.1606 2
      vertex -34.0516 -14.2595 2
    endloop
  endfacet
  facet normal -0 0 1
    outer loop
      vertex -34.5928 13.247 2
      vertex -32.6618 12.4445 2
      vertex -34.5712 13.3926 2
    endloop
  endfacet
  facet normal 0 0 1
    outer loop
      vertex -32.5098 -12.6494 2
      vertex -34.2595 -14.0516 2
      vertex -34.1606 -14.1606 2
    endloop
  endfacet
  facet normal -0 0 1
    outer loop
      vertex -34.6 13.1 2
      vertex -32.6618 12.4445 2
      vertex -34.5928 13.247 2
    endloop
  endfacet
  facet normal 0 0 1
    outer loop
      vertex -32.5098 -12.6494 2
      vertex -34.3472 -13.9333 2
      vertex -34.2595 -14.0516 2
    endloop
  endfacet
  facet normal 0 0 1
    outer loop
      vertex -32.6618 12.4445 2
      vertex -34.6 13.1 2
      vertex -32.793 12.2256 2
    endloop
  endfacet
  facet normal 0 0 1
    outer loop
      vertex -32.5098 -12.6494 2
      vertex -34.4229 -13.8071 2
      vertex -34.3472 -13.9333 2
    endloop
  endfacet
  facet normal 0 0 1
    outer loop
      vertex -32.9021 11.995 2
      vertex -34.6 13.1 2
      vertex -32.988 11.7547 2
    endloop
  endfacet
  facet normal 0 0 1
    outer loop
      vertex -32.5098 -12.6494 2
      vertex -34.4858 -13.674 2
      vertex -34.4229 -13.8071 2
    endloop
  endfacet
  facet normal 0 0 1
    outer loop
      vertex -32.793 12.2256 2
      vertex -34.6 13.1 2
      vertex -32.9021 11.995 2
    endloop
  endfacet
  facet normal 0 0 1
    outer loop
      vertex -32.5098 -12.6494 2
      vertex -34.5354 -13.5354 2
      vertex -34.4858 -13.674 2
    endloop
  endfacet
  facet normal 0 0 1
    outer loop
      vertex -32.6618 -12.4445 2
      vertex -34.5712 -13.3926 2
      vertex -34.5354 -13.5354 2
    endloop
  endfacet
  facet normal 0 0 1
    outer loop
      vertex -32.6618 -12.4445 2
      vertex -34.5928 -13.247 2
      vertex -34.5712 -13.3926 2
    endloop
  endfacet
  facet normal -0.243175 -0.969982 0
    outer loop
      vertex 33.3926 14.5712 2
      vertex 33.5354 14.5354 9
      vertex 33.3926 14.5712 9
    endloop
  endfacet
  facet normal -0.243175 -0.969982 -0
    outer loop
      vertex 33.5354 14.5354 9
      vertex 33.3926 14.5712 2
      vertex 33.5354 14.5354 2
    endloop
  endfacet
  facet normal 0.857553 0.514396 0
    outer loop
      vertex -34.3472 -13.9333 9
      vertex -34.4229 -13.8071 2
      vertex -34.4229 -13.8071 9
    endloop
  endfacet
  facet normal 0.857553 0.514396 0
    outer loop
      vertex -34.4229 -13.8071 2
      vertex -34.3472 -13.9333 9
      vertex -34.3472 -13.9333 2
    endloop
  endfacet
  facet normal -0.336939 -0.941527 0
    outer loop
      vertex 33.5354 14.5354 2
      vertex 33.674 14.4858 9
      vertex 33.5354 14.5354 9
    endloop
  endfacet
  facet normal -0.336939 -0.941527 -0
    outer loop
      vertex 33.674 14.4858 9
      vertex 33.5354 14.5354 2
      vertex 33.674 14.4858 2
    endloop
  endfacet
  facet normal -0.336939 0.941527 0
    outer loop
      vertex 33.674 -14.4858 2
      vertex 33.5354 -14.5354 9
      vertex 33.674 -14.4858 9
    endloop
  endfacet
  facet normal -0.336939 0.941527 0
    outer loop
      vertex 33.5354 -14.5354 9
      vertex 33.674 -14.4858 2
      vertex 33.5354 -14.5354 2
    endloop
  endfacet
  facet normal -0.998803 0.0489209 0
    outer loop
      vertex 34.5928 -13.247 2
      vertex 34.6 -13.1 9
      vertex 34.6 -13.1 2
    endloop
  endfacet
  facet normal -0.998803 0.0489209 0
    outer loop
      vertex 34.6 -13.1 9
      vertex 34.5928 -13.247 2
      vertex 34.5928 -13.247 9
    endloop
  endfacet
  facet normal 0.904125 -0.427269 0
    outer loop
      vertex -34.4858 13.674 9
      vertex -34.4229 13.8071 2
      vertex -34.4229 13.8071 9
    endloop
  endfacet
  facet normal 0.904125 -0.427269 0
    outer loop
      vertex -34.4229 13.8071 2
      vertex -34.4858 13.674 9
      vertex -34.4858 13.674 2
    endloop
  endfacet
  facet normal 0.969982 0.243175 0
    outer loop
      vertex -34.5354 -13.5354 9
      vertex -34.5712 -13.3926 2
      vertex -34.5712 -13.3926 9
    endloop
  endfacet
  facet normal 0.969982 0.243175 0
    outer loop
      vertex -34.5712 -13.3926 2
      vertex -34.5354 -13.5354 9
      vertex -34.5354 -13.5354 2
    endloop
  endfacet
  facet normal 0.989174 -0.146746 0
    outer loop
      vertex -34.5928 13.247 9
      vertex -34.5712 13.3926 2
      vertex -34.5712 13.3926 9
    endloop
  endfacet
  facet normal 0.989174 -0.146746 0
    outer loop
      vertex -34.5712 13.3926 2
      vertex -34.5928 13.247 9
      vertex -34.5928 13.247 2
    endloop
  endfacet
  facet normal -0.0489209 -0.998803 0
    outer loop
      vertex 33.1 14.6 2
      vertex 33.247 14.5928 9
      vertex 33.1 14.6 9
    endloop
  endfacet
  facet normal -0.0489209 -0.998803 -0
    outer loop
      vertex 33.247 14.5928 9
      vertex 33.1 14.6 2
      vertex 33.247 14.5928 2
    endloop
  endfacet
  facet normal 0.740585 -0.671962 0
    outer loop
      vertex -34.2595 14.0516 9
      vertex -34.1606 14.1606 2
      vertex -34.1606 14.1606 9
    endloop
  endfacet
  facet normal 0.740585 -0.671962 0
    outer loop
      vertex -34.1606 14.1606 2
      vertex -34.2595 14.0516 9
      vertex -34.2595 14.0516 2
    endloop
  endfacet
  facet normal 0.857553 -0.514396 0
    outer loop
      vertex -34.4229 13.8071 9
      vertex -34.3472 13.9333 2
      vertex -34.3472 13.9333 9
    endloop
  endfacet
  facet normal 0.857553 -0.514396 0
    outer loop
      vertex -34.3472 13.9333 2
      vertex -34.4229 13.8071 9
      vertex -34.4229 13.8071 2
    endloop
  endfacet
  facet normal 0.998803 0.0489209 0
    outer loop
      vertex -34.5928 -13.247 9
      vertex -34.6 -13.1 2
      vertex -34.6 -13.1 9
    endloop
  endfacet
  facet normal 0.998803 0.0489209 0
    outer loop
      vertex -34.6 -13.1 2
      vertex -34.5928 -13.247 9
      vertex -34.5928 -13.247 2
    endloop
  endfacet
  facet normal -0.514396 -0.857553 0
    outer loop
      vertex 33.8071 14.4229 2
      vertex 33.9333 14.3472 9
      vertex 33.8071 14.4229 9
    endloop
  endfacet
  facet normal -0.514396 -0.857553 -0
    outer loop
      vertex 33.9333 14.3472 9
      vertex 33.8071 14.4229 2
      vertex 33.9333 14.3472 2
    endloop
  endfacet
  facet normal 0.514396 0.857553 -0
    outer loop
      vertex -33.8071 -14.4229 2
      vertex -33.9333 -14.3472 9
      vertex -33.8071 -14.4229 9
    endloop
  endfacet
  facet normal 0.514396 0.857553 0
    outer loop
      vertex -33.9333 -14.3472 9
      vertex -33.8071 -14.4229 2
      vertex -33.9333 -14.3472 2
    endloop
  endfacet
  facet normal -0.146746 -0.989174 0
    outer loop
      vertex 33.247 14.5928 2
      vertex 33.3926 14.5712 9
      vertex 33.247 14.5928 9
    endloop
  endfacet
  facet normal -0.146746 -0.989174 -0
    outer loop
      vertex 33.3926 14.5712 9
      vertex 33.247 14.5928 2
      vertex 33.3926 14.5712 2
    endloop
  endfacet
  facet normal -1 0 0
    outer loop
      vertex 34.6 -13.1 2
      vertex 34.6 13.1 9
      vertex 34.6 13.1 2
    endloop
  endfacet
  facet normal -1 -0 0
    outer loop
      vertex 34.6 13.1 9
      vertex 34.6 -13.1 2
      vertex 34.6 -13.1 9
    endloop
  endfacet
  facet normal 0.904125 0.427269 0
    outer loop
      vertex -34.4229 -13.8071 9
      vertex -34.4858 -13.674 2
      vertex -34.4858 -13.674 9
    endloop
  endfacet
  facet normal 0.904125 0.427269 0
    outer loop
      vertex -34.4858 -13.674 2
      vertex -34.4229 -13.8071 9
      vertex -34.4229 -13.8071 2
    endloop
  endfacet
  facet normal -0.595536 0.803329 0
    outer loop
      vertex 34.0516 -14.2595 2
      vertex 33.9333 -14.3472 9
      vertex 34.0516 -14.2595 9
    endloop
  endfacet
  facet normal -0.595536 0.803329 0
    outer loop
      vertex 33.9333 -14.3472 9
      vertex 34.0516 -14.2595 2
      vertex 33.9333 -14.3472 2
    endloop
  endfacet
  facet normal -0.941527 -0.336939 0
    outer loop
      vertex 34.5354 13.5354 2
      vertex 34.4858 13.674 9
      vertex 34.4858 13.674 2
    endloop
  endfacet
  facet normal -0.941527 -0.336939 0
    outer loop
      vertex 34.4858 13.674 9
      vertex 34.5354 13.5354 2
      vertex 34.5354 13.5354 9
    endloop
  endfacet
  facet normal 0.595536 -0.803329 0
    outer loop
      vertex -34.0516 14.2595 2
      vertex -33.9333 14.3472 9
      vertex -34.0516 14.2595 9
    endloop
  endfacet
  facet normal 0.595536 -0.803329 0
    outer loop
      vertex -33.9333 14.3472 9
      vertex -34.0516 14.2595 2
      vertex -33.9333 14.3472 2
    endloop
  endfacet
  facet normal -0.595536 -0.803329 0
    outer loop
      vertex 33.9333 14.3472 2
      vertex 34.0516 14.2595 9
      vertex 33.9333 14.3472 9
    endloop
  endfacet
  facet normal -0.595536 -0.803329 -0
    outer loop
      vertex 34.0516 14.2595 9
      vertex 33.9333 14.3472 2
      vertex 34.0516 14.2595 2
    endloop
  endfacet
  facet normal -0.969982 0.243175 0
    outer loop
      vertex 34.5354 -13.5354 2
      vertex 34.5712 -13.3926 9
      vertex 34.5712 -13.3926 2
    endloop
  endfacet
  facet normal -0.969982 0.243175 0
    outer loop
      vertex 34.5712 -13.3926 9
      vertex 34.5354 -13.5354 2
      vertex 34.5354 -13.5354 9
    endloop
  endfacet
  facet normal -0.427269 0.904125 0
    outer loop
      vertex 33.8071 -14.4229 2
      vertex 33.674 -14.4858 9
      vertex 33.8071 -14.4229 9
    endloop
  endfacet
  facet normal -0.427269 0.904125 0
    outer loop
      vertex 33.674 -14.4858 9
      vertex 33.8071 -14.4229 2
      vertex 33.674 -14.4858 2
    endloop
  endfacet
  facet normal -0.146746 0.989174 0
    outer loop
      vertex 33.3926 -14.5712 2
      vertex 33.247 -14.5928 9
      vertex 33.3926 -14.5712 9
    endloop
  endfacet
  facet normal -0.146746 0.989174 0
    outer loop
      vertex 33.247 -14.5928 9
      vertex 33.3926 -14.5712 2
      vertex 33.247 -14.5928 2
    endloop
  endfacet
  facet normal -0.989174 -0.146746 0
    outer loop
      vertex 34.5928 13.247 2
      vertex 34.5712 13.3926 9
      vertex 34.5712 13.3926 2
    endloop
  endfacet
  facet normal -0.989174 -0.146746 0
    outer loop
      vertex 34.5712 13.3926 9
      vertex 34.5928 13.247 2
      vertex 34.5928 13.247 9
    endloop
  endfacet
  facet normal 0.989174 0.146746 0
    outer loop
      vertex -34.5712 -13.3926 9
      vertex -34.5928 -13.247 2
      vertex -34.5928 -13.247 9
    endloop
  endfacet
  facet normal 0.989174 0.146746 0
    outer loop
      vertex -34.5928 -13.247 2
      vertex -34.5712 -13.3926 9
      vertex -34.5712 -13.3926 2
    endloop
  endfacet
  facet normal 0.803329 0.595536 0
    outer loop
      vertex -34.2595 -14.0516 9
      vertex -34.3472 -13.9333 2
      vertex -34.3472 -13.9333 9
    endloop
  endfacet
  facet normal 0.803329 0.595536 0
    outer loop
      vertex -34.3472 -13.9333 2
      vertex -34.2595 -14.0516 9
      vertex -34.2595 -14.0516 2
    endloop
  endfacet
  facet normal 0.514396 -0.857553 0
    outer loop
      vertex -33.9333 14.3472 2
      vertex -33.8071 14.4229 9
      vertex -33.9333 14.3472 9
    endloop
  endfacet
  facet normal 0.514396 -0.857553 0
    outer loop
      vertex -33.8071 14.4229 9
      vertex -33.9333 14.3472 2
      vertex -33.8071 14.4229 2
    endloop
  endfacet
  facet normal -0.514396 0.857553 0
    outer loop
      vertex 33.9333 -14.3472 2
      vertex 33.8071 -14.4229 9
      vertex 33.9333 -14.3472 9
    endloop
  endfacet
  facet normal -0.514396 0.857553 0
    outer loop
      vertex 33.8071 -14.4229 9
      vertex 33.9333 -14.3472 2
      vertex 33.8071 -14.4229 2
    endloop
  endfacet
  facet normal -0.803329 0.595536 0
    outer loop
      vertex 34.2595 -14.0516 2
      vertex 34.3472 -13.9333 9
      vertex 34.3472 -13.9333 2
    endloop
  endfacet
  facet normal -0.803329 0.595536 0
    outer loop
      vertex 34.3472 -13.9333 9
      vertex 34.2595 -14.0516 2
      vertex 34.2595 -14.0516 9
    endloop
  endfacet
  facet normal -0.857553 0.514396 0
    outer loop
      vertex 34.3472 -13.9333 2
      vertex 34.4229 -13.8071 9
      vertex 34.4229 -13.8071 2
    endloop
  endfacet
  facet normal -0.857553 0.514396 0
    outer loop
      vertex 34.4229 -13.8071 9
      vertex 34.3472 -13.9333 2
      vertex 34.3472 -13.9333 9
    endloop
  endfacet
  facet normal 0.427269 -0.904125 0
    outer loop
      vertex -33.8071 14.4229 2
      vertex -33.674 14.4858 9
      vertex -33.8071 14.4229 9
    endloop
  endfacet
  facet normal 0.427269 -0.904125 0
    outer loop
      vertex -33.674 14.4858 9
      vertex -33.8071 14.4229 2
      vertex -33.674 14.4858 2
    endloop
  endfacet
  facet normal -0.427269 -0.904125 0
    outer loop
      vertex 33.674 14.4858 2
      vertex 33.8071 14.4229 9
      vertex 33.674 14.4858 9
    endloop
  endfacet
  facet normal -0.427269 -0.904125 -0
    outer loop
      vertex 33.8071 14.4229 9
      vertex 33.674 14.4858 2
      vertex 33.8071 14.4229 2
    endloop
  endfacet
  facet normal -0.941527 0.336939 0
    outer loop
      vertex 34.4858 -13.674 2
      vertex 34.5354 -13.5354 9
      vertex 34.5354 -13.5354 2
    endloop
  endfacet
  facet normal -0.941527 0.336939 0
    outer loop
      vertex 34.5354 -13.5354 9
      vertex 34.4858 -13.674 2
      vertex 34.4858 -13.674 9
    endloop
  endfacet
  facet normal -0.998803 -0.0489209 0
    outer loop
      vertex 34.6 13.1 2
      vertex 34.5928 13.247 9
      vertex 34.5928 13.247 2
    endloop
  endfacet
  facet normal -0.998803 -0.0489209 0
    outer loop
      vertex 34.5928 13.247 9
      vertex 34.6 13.1 2
      vertex 34.6 13.1 9
    endloop
  endfacet
  facet normal -0.904125 -0.427269 0
    outer loop
      vertex 34.4858 13.674 2
      vertex 34.4229 13.8071 9
      vertex 34.4229 13.8071 2
    endloop
  endfacet
  facet normal -0.904125 -0.427269 0
    outer loop
      vertex 34.4229 13.8071 9
      vertex 34.4858 13.674 2
      vertex 34.4858 13.674 9
    endloop
  endfacet
  facet normal -0.243175 0.969982 0
    outer loop
      vertex 33.5354 -14.5354 2
      vertex 33.3926 -14.5712 9
      vertex 33.5354 -14.5354 9
    endloop
  endfacet
  facet normal -0.243175 0.969982 0
    outer loop
      vertex 33.3926 -14.5712 9
      vertex 33.5354 -14.5354 2
      vertex 33.3926 -14.5712 2
    endloop
  endfacet
  facet normal -0.803329 -0.595536 0
    outer loop
      vertex 34.3472 13.9333 2
      vertex 34.2595 14.0516 9
      vertex 34.2595 14.0516 2
    endloop
  endfacet
  facet normal -0.803329 -0.595536 0
    outer loop
      vertex 34.2595 14.0516 9
      vertex 34.3472 13.9333 2
      vertex 34.3472 13.9333 9
    endloop
  endfacet
  facet normal -0.671962 -0.740585 0
    outer loop
      vertex 34.0516 14.2595 2
      vertex 34.1606 14.1606 9
      vertex 34.0516 14.2595 9
    endloop
  endfacet
  facet normal -0.671962 -0.740585 -0
    outer loop
      vertex 34.1606 14.1606 9
      vertex 34.0516 14.2595 2
      vertex 34.1606 14.1606 2
    endloop
  endfacet
  facet normal -0.671962 0.740585 0
    outer loop
      vertex 34.1606 -14.1606 2
      vertex 34.0516 -14.2595 9
      vertex 34.1606 -14.1606 9
    endloop
  endfacet
  facet normal -0.671962 0.740585 0
    outer loop
      vertex 34.0516 -14.2595 9
      vertex 34.1606 -14.1606 2
      vertex 34.0516 -14.2595 2
    endloop
  endfacet
  facet normal -0.904125 0.427269 0
    outer loop
      vertex 34.4229 -13.8071 2
      vertex 34.4858 -13.674 9
      vertex 34.4858 -13.674 2
    endloop
  endfacet
  facet normal -0.904125 0.427269 0
    outer loop
      vertex 34.4858 -13.674 9
      vertex 34.4229 -13.8071 2
      vertex 34.4229 -13.8071 9
    endloop
  endfacet
  facet normal -0.969982 -0.243175 0
    outer loop
      vertex 34.5712 13.3926 2
      vertex 34.5354 13.5354 9
      vertex 34.5354 13.5354 2
    endloop
  endfacet
  facet normal -0.969982 -0.243175 0
    outer loop
      vertex 34.5354 13.5354 9
      vertex 34.5712 13.3926 2
      vertex 34.5712 13.3926 9
    endloop
  endfacet
  facet normal -1 0 0
    outer loop
      vertex -34.6 -6 6.1
      vertex -34.6 6 9
      vertex -34.6 6 6.1
    endloop
  endfacet
  facet normal -1 -0 0
    outer loop
      vertex -34.6 6 9
      vertex -34.6 -6 6.1
      vertex -34.6 -6 9
    endloop
  endfacet
  facet normal -0 0 1
    outer loop
      vertex -36.6 6 6.1
      vertex -34.6 -6 6.1
      vertex -34.6 6 6.1
    endloop
  endfacet
  facet normal 0 0 1
    outer loop
      vertex -34.6 -6 6.1
      vertex -36.6 6 6.1
      vertex -36.6 -6 6.1
    endloop
  endfacet
  facet normal 0 -1 0
    outer loop
      vertex -36.6 6 7.6
      vertex -36.6 6 6.1
      vertex -35.6 6 7.6
    endloop
  endfacet
  facet normal 0 -1 0
    outer loop
      vertex -35.6 6 7.6
      vertex -34.6 6 9
      vertex -35.6 6 9
    endloop
  endfacet
  facet normal 0 -1 0
    outer loop
      vertex -34.6 6 6.1
      vertex -35.6 6 7.6
      vertex -36.6 6 6.1
    endloop
  endfacet
  facet normal 0 -1 0
    outer loop
      vertex -35.6 6 7.6
      vertex -34.6 6 6.1
      vertex -34.6 6 9
    endloop
  endfacet
  facet normal 0 1 0
    outer loop
      vertex -34.6 -6 9
      vertex -35.6 -6 7.6
      vertex -35.6 -6 9
    endloop
  endfacet
  facet normal 0 1 -0
    outer loop
      vertex -34.6 -6 6.1
      vertex -35.6 -6 7.6
      vertex -34.6 -6 9
    endloop
  endfacet
  facet normal 0 1 0
    outer loop
      vertex -36.6 -6 6.1
      vertex -35.6 -6 7.6
      vertex -34.6 -6 6.1
    endloop
  endfacet
  facet normal 0 1 0
    outer loop
      vertex -35.6 -6 7.6
      vertex -36.6 -6 6.1
      vertex -36.6 -6 7.6
    endloop
  endfacet
  facet normal -0 0 1
    outer loop
      vertex 34.6 7 7.1
      vertex 36.6 -7 7.1
      vertex 36.6 7 7.1
    endloop
  endfacet
  facet normal 0 0 1
    outer loop
      vertex 36.6 -7 7.1
      vertex 34.6 7 7.1
      vertex 34.6 -7 7.1
    endloop
  endfacet
  facet normal 1 -0 0
    outer loop
      vertex 34.6 -7 9
      vertex 34.6 7 7.1
      vertex 34.6 7 9
    endloop
  endfacet
  facet normal 1 0 0
    outer loop
      vertex 34.6 7 7.1
      vertex 34.6 -7 9
      vertex 34.6 -7 7.1
    endloop
  endfacet
  facet normal 0 -1 0
    outer loop
      vertex 34.6 7 9
      vertex 35.6 7 7.6
      vertex 35.6 7 9
    endloop
  endfacet
  facet normal 0 -1 0
    outer loop
      vertex 34.6 7 7.1
      vertex 35.6 7 7.6
      vertex 34.6 7 9
    endloop
  endfacet
  facet normal 0 -1 0
    outer loop
      vertex 36.6 7 7.1
      vertex 35.6 7 7.6
      vertex 34.6 7 7.1
    endloop
  endfacet
  facet normal 0 -1 0
    outer loop
      vertex 35.6 7 7.6
      vertex 36.6 7 7.1
      vertex 36.6 7 7.6
    endloop
  endfacet
  facet normal 0 1 0
    outer loop
      vertex 36.6 -7 7.6
      vertex 36.6 -7 7.1
      vertex 35.6 -7 7.6
    endloop
  endfacet
  facet normal 0 1 -0
    outer loop
      vertex 35.6 -7 7.6
      vertex 34.6 -7 9
      vertex 35.6 -7 9
    endloop
  endfacet
  facet normal 0 1 0
    outer loop
      vertex 35.6 -7 7.6
      vertex 34.6 -7 7.1
      vertex 34.6 -7 9
    endloop
  endfacet
  facet normal 0 1 0
    outer loop
      vertex 34.6 -7 7.1
      vertex 35.6 -7 7.6
      vertex 36.6 -7 7.1
    endloop
  endfacet
  facet normal 0.741056 0.671443 0
    outer loop
      vertex -28.4902 -9.35058 6
      vertex -28.6615 -9.16152 2
      vertex -28.6615 -9.16152 6
    endloop
  endfacet
  facet normal 0.741056 0.671443 0
    outer loop
      vertex -28.6615 -9.16152 2
      vertex -28.4902 -9.35058 6
      vertex -28.4902 -9.35058 2
    endloop
  endfacet
  facet normal 0.989142 0.146961 0
    outer loop
      vertex -27.9125 -10.7452 6
      vertex -27.95 -10.4928 2
      vertex -27.95 -10.4928 6
    endloop
  endfacet
  facet normal 0.989142 0.146961 0
    outer loop
      vertex -27.95 -10.4928 2
      vertex -27.9125 -10.7452 6
      vertex -27.9125 -10.7452 2
    endloop
  endfacet
  facet normal 0.998799 0.0489992 0
    outer loop
      vertex -27.9 -11 6
      vertex -27.9125 -10.7452 2
      vertex -27.9125 -10.7452 6
    endloop
  endfacet
  facet normal 0.998799 0.0489992 0
    outer loop
      vertex -27.9125 -10.7452 2
      vertex -27.9 -11 6
      vertex -27.9 -11 2
    endloop
  endfacet
  facet normal 0.970027 0.242997 0
    outer loop
      vertex -27.95 -10.4928 6
      vertex -28.012 -10.2453 2
      vertex -28.012 -10.2453 6
    endloop
  endfacet
  facet normal 0.970027 0.242997 0
    outer loop
      vertex -28.012 -10.2453 2
      vertex -27.95 -10.4928 6
      vertex -27.95 -10.4928 2
    endloop
  endfacet
  facet normal 0.336609 -0.941644 0
    outer loop
      vertex -29.7453 -13.488 2
      vertex -29.505 -13.4021 6
      vertex -29.7453 -13.488 6
    endloop
  endfacet
  facet normal 0.336609 -0.941644 0
    outer loop
      vertex -29.505 -13.4021 6
      vertex -29.7453 -13.488 2
      vertex -29.505 -13.4021 2
    endloop
  endfacet
  facet normal 0.671472 0.74103 -0
    outer loop
      vertex -28.6615 -9.16152 2
      vertex -28.8506 -8.99017 6
      vertex -28.6615 -9.16152 6
    endloop
  endfacet
  facet normal 0.671472 0.74103 0
    outer loop
      vertex -28.8506 -8.99017 6
      vertex -28.6615 -9.16152 2
      vertex -28.8506 -8.99017 2
    endloop
  endfacet
  facet normal 0.941644 0.336609 0
    outer loop
      vertex -28.012 -10.2453 6
      vertex -28.0979 -10.005 2
      vertex -28.0979 -10.005 6
    endloop
  endfacet
  facet normal 0.941644 0.336609 0
    outer loop
      vertex -28.0979 -10.005 2
      vertex -28.012 -10.2453 6
      vertex -28.012 -10.2453 2
    endloop
  endfacet
  facet normal 0.0489992 -0.998799 0
    outer loop
      vertex -30.5 -13.6 2
      vertex -30.2452 -13.5875 6
      vertex -30.5 -13.6 6
    endloop
  endfacet
  facet normal 0.0489992 -0.998799 0
    outer loop
      vertex -30.2452 -13.5875 6
      vertex -30.5 -13.6 2
      vertex -30.2452 -13.5875 2
    endloop
  endfacet
  facet normal -0.59579 -0.80314 0
    outer loop
      vertex -32.1494 -13.0098 2
      vertex -31.9445 -13.1618 6
      vertex -32.1494 -13.0098 6
    endloop
  endfacet
  facet normal -0.59579 -0.80314 -0
    outer loop
      vertex -31.9445 -13.1618 6
      vertex -32.1494 -13.0098 2
      vertex -31.9445 -13.1618 2
    endloop
  endfacet
  facet normal 0.514092 -0.857735 0
    outer loop
      vertex -29.2744 -13.293 2
      vertex -29.0555 -13.1618 6
      vertex -29.2744 -13.293 6
    endloop
  endfacet
  facet normal 0.514092 -0.857735 0
    outer loop
      vertex -29.0555 -13.1618 6
      vertex -29.2744 -13.293 2
      vertex -29.0555 -13.1618 2
    endloop
  endfacet
  facet normal -0.242997 -0.970027 0
    outer loop
      vertex -31.2547 -13.488 2
      vertex -31.0072 -13.55 6
      vertex -31.2547 -13.488 6
    endloop
  endfacet
  facet normal -0.242997 -0.970027 -0
    outer loop
      vertex -31.0072 -13.55 6
      vertex -31.2547 -13.488 2
      vertex -31.0072 -13.55 2
    endloop
  endfacet
  facet normal 0.857683 0.514179 0
    outer loop
      vertex -28.207 -9.77437 6
      vertex -28.3382 -9.55552 2
      vertex -28.3382 -9.55552 6
    endloop
  endfacet
  facet normal 0.857683 0.514179 0
    outer loop
      vertex -28.3382 -9.55552 2
      vertex -28.207 -9.77437 6
      vertex -28.207 -9.77437 2
    endloop
  endfacet
  facet normal -0.998799 -0.0489992 0
    outer loop
      vertex -33.0875 -11.2548 2
      vertex -33.1 -11 6
      vertex -33.1 -11 2
    endloop
  endfacet
  facet normal -0.998799 -0.0489992 0
    outer loop
      vertex -33.1 -11 6
      vertex -33.0875 -11.2548 2
      vertex -33.0875 -11.2548 6
    endloop
  endfacet
  facet normal -0.903937 -0.427665 0
    outer loop
      vertex -32.793 -12.2256 2
      vertex -32.9021 -11.995 6
      vertex -32.9021 -11.995 2
    endloop
  endfacet
  facet normal -0.903937 -0.427665 0
    outer loop
      vertex -32.9021 -11.995 6
      vertex -32.793 -12.2256 2
      vertex -32.793 -12.2256 6
    endloop
  endfacet
  facet normal 0.903959 0.42762 0
    outer loop
      vertex -28.0979 -10.005 6
      vertex -28.207 -9.77437 2
      vertex -28.207 -9.77437 6
    endloop
  endfacet
  facet normal 0.903959 0.42762 0
    outer loop
      vertex -28.207 -9.77437 2
      vertex -28.0979 -10.005 6
      vertex -28.0979 -10.005 2
    endloop
  endfacet
  facet normal 0.970027 -0.242997 0
    outer loop
      vertex -28.012 -11.7547 6
      vertex -27.95 -11.5072 2
      vertex -27.95 -11.5072 6
    endloop
  endfacet
  facet normal 0.970027 -0.242997 0
    outer loop
      vertex -27.95 -11.5072 2
      vertex -28.012 -11.7547 6
      vertex -28.012 -11.7547 2
    endloop
  endfacet
  facet normal -0.514006 0.857787 0
    outer loop
      vertex -31.7256 -8.70701 2
      vertex -31.9445 -8.83818 6
      vertex -31.7256 -8.70701 6
    endloop
  endfacet
  facet normal -0.514006 0.857787 0
    outer loop
      vertex -31.9445 -8.83818 6
      vertex -31.7256 -8.70701 2
      vertex -31.9445 -8.83818 2
    endloop
  endfacet
  facet normal -0.970027 -0.242997 0
    outer loop
      vertex -32.988 -11.7547 2
      vertex -33.05 -11.5072 6
      vertex -33.05 -11.5072 2
    endloop
  endfacet
  facet normal -0.970027 -0.242997 0
    outer loop
      vertex -33.05 -11.5072 6
      vertex -32.988 -11.7547 2
      vertex -32.988 -11.7547 6
    endloop
  endfacet
  facet normal 0.242997 0.970027 -0
    outer loop
      vertex -29.7453 -8.51196 2
      vertex -29.9928 -8.44996 6
      vertex -29.7453 -8.51196 6
    endloop
  endfacet
  facet normal 0.242997 0.970027 0
    outer loop
      vertex -29.9928 -8.44996 6
      vertex -29.7453 -8.51196 2
      vertex -29.9928 -8.44996 2
    endloop
  endfacet
  facet normal 0.941644 -0.336609 0
    outer loop
      vertex -28.0979 -11.995 6
      vertex -28.012 -11.7547 2
      vertex -28.012 -11.7547 6
    endloop
  endfacet
  facet normal 0.941644 -0.336609 0
    outer loop
      vertex -28.012 -11.7547 2
      vertex -28.0979 -11.995 6
      vertex -28.0979 -11.995 2
    endloop
  endfacet
  facet normal 0.989142 -0.146961 0
    outer loop
      vertex -27.95 -11.5072 6
      vertex -27.9125 -11.2548 2
      vertex -27.9125 -11.2548 6
    endloop
  endfacet
  facet normal 0.989142 -0.146961 0
    outer loop
      vertex -27.9125 -11.2548 2
      vertex -27.95 -11.5072 6
      vertex -27.95 -11.5072 2
    endloop
  endfacet
  facet normal 0.14673 0.989177 -0
    outer loop
      vertex -29.9928 -8.44996 2
      vertex -30.2452 -8.41252 6
      vertex -29.9928 -8.44996 6
    endloop
  endfacet
  facet normal 0.14673 0.989177 0
    outer loop
      vertex -30.2452 -8.41252 6
      vertex -29.9928 -8.44996 2
      vertex -30.2452 -8.41252 2
    endloop
  endfacet
  facet normal -0.427665 0.903937 0
    outer loop
      vertex -31.495 -8.59791 2
      vertex -31.7256 -8.70701 6
      vertex -31.495 -8.59791 6
    endloop
  endfacet
  facet normal -0.427665 0.903937 0
    outer loop
      vertex -31.7256 -8.70701 6
      vertex -31.495 -8.59791 2
      vertex -31.7256 -8.70701 2
    endloop
  endfacet
  facet normal -0.14673 0.989177 0
    outer loop
      vertex -30.7548 -8.41252 2
      vertex -31.0072 -8.44996 6
      vertex -30.7548 -8.41252 6
    endloop
  endfacet
  facet normal -0.14673 0.989177 0
    outer loop
      vertex -31.0072 -8.44996 6
      vertex -30.7548 -8.41252 2
      vertex -31.0072 -8.44996 2
    endloop
  endfacet
  facet normal 0.427665 -0.903937 0
    outer loop
      vertex -29.505 -13.4021 2
      vertex -29.2744 -13.293 6
      vertex -29.505 -13.4021 6
    endloop
  endfacet
  facet normal 0.427665 -0.903937 0
    outer loop
      vertex -29.2744 -13.293 6
      vertex -29.505 -13.4021 2
      vertex -29.2744 -13.293 2
    endloop
  endfacet
  facet normal -0.671472 0.74103 0
    outer loop
      vertex -32.1494 -8.99017 2
      vertex -32.3385 -9.16152 6
      vertex -32.1494 -8.99017 6
    endloop
  endfacet
  facet normal -0.671472 0.74103 0
    outer loop
      vertex -32.3385 -9.16152 6
      vertex -32.1494 -8.99017 2
      vertex -32.3385 -9.16152 2
    endloop
  endfacet
  facet normal 0.857735 -0.514092 0
    outer loop
      vertex -28.3382 -12.4445 6
      vertex -28.207 -12.2256 2
      vertex -28.207 -12.2256 6
    endloop
  endfacet
  facet normal 0.857735 -0.514092 0
    outer loop
      vertex -28.207 -12.2256 2
      vertex -28.3382 -12.4445 6
      vertex -28.3382 -12.4445 2
    endloop
  endfacet
  facet normal -0.595765 0.803159 0
    outer loop
      vertex -31.9445 -8.83818 2
      vertex -32.1494 -8.99017 6
      vertex -31.9445 -8.83818 6
    endloop
  endfacet
  facet normal -0.595765 0.803159 0
    outer loop
      vertex -32.1494 -8.99017 6
      vertex -31.9445 -8.83818 2
      vertex -32.1494 -8.99017 2
    endloop
  endfacet
  facet normal 0.903937 -0.427665 0
    outer loop
      vertex -28.207 -12.2256 6
      vertex -28.0979 -11.995 2
      vertex -28.0979 -11.995 6
    endloop
  endfacet
  facet normal 0.903937 -0.427665 0
    outer loop
      vertex -28.0979 -11.995 2
      vertex -28.207 -12.2256 6
      vertex -28.207 -12.2256 2
    endloop
  endfacet
  facet normal 0.998799 -0.0489992 0
    outer loop
      vertex -27.9125 -11.2548 6
      vertex -27.9 -11 2
      vertex -27.9 -11 6
    endloop
  endfacet
  facet normal 0.998799 -0.0489992 0
    outer loop
      vertex -27.9 -11 2
      vertex -27.9125 -11.2548 6
      vertex -27.9125 -11.2548 2
    endloop
  endfacet
  facet normal -0.741056 0.671443 0
    outer loop
      vertex -32.5098 -9.35058 2
      vertex -32.3385 -9.16152 6
      vertex -32.3385 -9.16152 2
    endloop
  endfacet
  facet normal -0.741056 0.671443 0
    outer loop
      vertex -32.3385 -9.16152 6
      vertex -32.5098 -9.35058 2
      vertex -32.5098 -9.35058 6
    endloop
  endfacet
  facet normal -0.941644 -0.336609 0
    outer loop
      vertex -32.9021 -11.995 2
      vertex -32.988 -11.7547 6
      vertex -32.988 -11.7547 2
    endloop
  endfacet
  facet normal -0.941644 -0.336609 0
    outer loop
      vertex -32.988 -11.7547 6
      vertex -32.9021 -11.995 2
      vertex -32.9021 -11.995 6
    endloop
  endfacet
  facet normal 0.514006 0.857787 -0
    outer loop
      vertex -29.0555 -8.83818 2
      vertex -29.2744 -8.70701 6
      vertex -29.0555 -8.83818 6
    endloop
  endfacet
  facet normal 0.514006 0.857787 0
    outer loop
      vertex -29.2744 -8.70701 6
      vertex -29.0555 -8.83818 2
      vertex -29.2744 -8.70701 2
    endloop
  endfacet
  facet normal 0.595765 0.803159 -0
    outer loop
      vertex -28.8506 -8.99017 2
      vertex -29.0555 -8.83818 6
      vertex -28.8506 -8.99017 6
    endloop
  endfacet
  facet normal 0.595765 0.803159 0
    outer loop
      vertex -29.0555 -8.83818 6
      vertex -28.8506 -8.99017 2
      vertex -29.0555 -8.83818 2
    endloop
  endfacet
  facet normal 0.146961 -0.989142 0
    outer loop
      vertex -30.2452 -13.5875 2
      vertex -29.9928 -13.55 6
      vertex -30.2452 -13.5875 6
    endloop
  endfacet
  facet normal 0.146961 -0.989142 0
    outer loop
      vertex -29.9928 -13.55 6
      vertex -30.2452 -13.5875 2
      vertex -29.9928 -13.55 2
    endloop
  endfacet
  facet normal 0.741127 -0.671365 0
    outer loop
      vertex -28.6615 -12.8385 6
      vertex -28.4902 -12.6494 2
      vertex -28.4902 -12.6494 6
    endloop
  endfacet
  facet normal 0.741127 -0.671365 0
    outer loop
      vertex -28.4902 -12.6494 2
      vertex -28.6615 -12.8385 6
      vertex -28.6615 -12.8385 2
    endloop
  endfacet
  facet normal 0.80314 -0.59579 0
    outer loop
      vertex -28.4902 -12.6494 6
      vertex -28.3382 -12.4445 2
      vertex -28.3382 -12.4445 6
    endloop
  endfacet
  facet normal 0.80314 -0.59579 0
    outer loop
      vertex -28.3382 -12.4445 2
      vertex -28.4902 -12.6494 6
      vertex -28.4902 -12.6494 2
    endloop
  endfacet
  facet normal 0.242997 -0.970027 0
    outer loop
      vertex -29.9928 -13.55 2
      vertex -29.7453 -13.488 6
      vertex -29.9928 -13.55 6
    endloop
  endfacet
  facet normal 0.242997 -0.970027 0
    outer loop
      vertex -29.7453 -13.488 6
      vertex -29.9928 -13.55 2
      vertex -29.7453 -13.488 2
    endloop
  endfacet
  facet normal -0.242997 0.970027 0
    outer loop
      vertex -31.0072 -8.44996 2
      vertex -31.2547 -8.51196 6
      vertex -31.0072 -8.44996 6
    endloop
  endfacet
  facet normal -0.242997 0.970027 0
    outer loop
      vertex -31.2547 -8.51196 6
      vertex -31.0072 -8.44996 2
      vertex -31.2547 -8.51196 2
    endloop
  endfacet
  facet normal 0.803196 0.595715 0
    outer loop
      vertex -28.3382 -9.55552 6
      vertex -28.4902 -9.35058 2
      vertex -28.4902 -9.35058 6
    endloop
  endfacet
  facet normal 0.803196 0.595715 0
    outer loop
      vertex -28.4902 -9.35058 2
      vertex -28.3382 -9.55552 6
      vertex -28.3382 -9.55552 2
    endloop
  endfacet
  facet normal 0.0490774 0.998795 -0
    outer loop
      vertex -30.2452 -8.41252 2
      vertex -30.5 -8.4 6
      vertex -30.2452 -8.41252 6
    endloop
  endfacet
  facet normal 0.0490774 0.998795 0
    outer loop
      vertex -30.5 -8.4 6
      vertex -30.2452 -8.41252 2
      vertex -30.5 -8.4 2
    endloop
  endfacet
  facet normal -0.857683 0.514179 0
    outer loop
      vertex -32.793 -9.77437 2
      vertex -32.6618 -9.55552 6
      vertex -32.6618 -9.55552 2
    endloop
  endfacet
  facet normal -0.857683 0.514179 0
    outer loop
      vertex -32.6618 -9.55552 6
      vertex -32.793 -9.77437 2
      vertex -32.793 -9.77437 6
    endloop
  endfacet
  facet normal 0.427665 0.903937 -0
    outer loop
      vertex -29.2744 -8.70701 2
      vertex -29.505 -8.59791 6
      vertex -29.2744 -8.70701 6
    endloop
  endfacet
  facet normal 0.427665 0.903937 0
    outer loop
      vertex -29.505 -8.59791 6
      vertex -29.2744 -8.70701 2
      vertex -29.505 -8.59791 2
    endloop
  endfacet
  facet normal -0.857735 -0.514092 0
    outer loop
      vertex -32.6618 -12.4445 2
      vertex -32.793 -12.2256 6
      vertex -32.793 -12.2256 2
    endloop
  endfacet
  facet normal -0.857735 -0.514092 0
    outer loop
      vertex -32.793 -12.2256 6
      vertex -32.6618 -12.4445 2
      vertex -32.6618 -12.4445 6
    endloop
  endfacet
  facet normal -0.427665 -0.903937 0
    outer loop
      vertex -31.7256 -13.293 2
      vertex -31.495 -13.4021 6
      vertex -31.7256 -13.293 6
    endloop
  endfacet
  facet normal -0.427665 -0.903937 -0
    outer loop
      vertex -31.495 -13.4021 6
      vertex -31.7256 -13.293 2
      vertex -31.495 -13.4021 2
    endloop
  endfacet
  facet normal -0.741127 -0.671365 0
    outer loop
      vertex -32.3385 -12.8385 2
      vertex -32.5098 -12.6494 6
      vertex -32.5098 -12.6494 2
    endloop
  endfacet
  facet normal -0.741127 -0.671365 0
    outer loop
      vertex -32.5098 -12.6494 6
      vertex -32.3385 -12.8385 2
      vertex -32.3385 -12.8385 6
    endloop
  endfacet
  facet normal -0.336783 0.941582 0
    outer loop
      vertex -31.2547 -8.51196 2
      vertex -31.495 -8.59791 6
      vertex -31.2547 -8.51196 6
    endloop
  endfacet
  facet normal -0.336783 0.941582 0
    outer loop
      vertex -31.495 -8.59791 6
      vertex -31.2547 -8.51196 2
      vertex -31.495 -8.59791 2
    endloop
  endfacet
  facet normal -0.514092 -0.857735 0
    outer loop
      vertex -31.9445 -13.1618 2
      vertex -31.7256 -13.293 6
      vertex -31.9445 -13.1618 6
    endloop
  endfacet
  facet normal -0.514092 -0.857735 -0
    outer loop
      vertex -31.7256 -13.293 6
      vertex -31.9445 -13.1618 2
      vertex -31.7256 -13.293 2
    endloop
  endfacet
  facet normal 0.59579 -0.80314 0
    outer loop
      vertex -29.0555 -13.1618 2
      vertex -28.8506 -13.0098 6
      vertex -29.0555 -13.1618 6
    endloop
  endfacet
  facet normal 0.59579 -0.80314 0
    outer loop
      vertex -28.8506 -13.0098 6
      vertex -29.0555 -13.1618 2
      vertex -28.8506 -13.0098 2
    endloop
  endfacet
  facet normal -0.0490774 0.998795 0
    outer loop
      vertex -30.5 -8.4 2
      vertex -30.7548 -8.41252 6
      vertex -30.5 -8.4 6
    endloop
  endfacet
  facet normal -0.0490774 0.998795 0
    outer loop
      vertex -30.7548 -8.41252 6
      vertex -30.5 -8.4 2
      vertex -30.7548 -8.41252 2
    endloop
  endfacet
  facet normal -0.970027 0.242997 0
    outer loop
      vertex -33.05 -10.4928 2
      vertex -32.988 -10.2453 6
      vertex -32.988 -10.2453 2
    endloop
  endfacet
  facet normal -0.970027 0.242997 0
    outer loop
      vertex -32.988 -10.2453 6
      vertex -33.05 -10.4928 2
      vertex -33.05 -10.4928 6
    endloop
  endfacet
  facet normal -0.941644 0.336609 0
    outer loop
      vertex -32.988 -10.2453 2
      vertex -32.9021 -10.005 6
      vertex -32.9021 -10.005 2
    endloop
  endfacet
  facet normal -0.941644 0.336609 0
    outer loop
      vertex -32.9021 -10.005 6
      vertex -32.988 -10.2453 2
      vertex -32.988 -10.2453 6
    endloop
  endfacet
  facet normal 0.336783 0.941582 -0
    outer loop
      vertex -29.505 -8.59791 2
      vertex -29.7453 -8.51196 6
      vertex -29.505 -8.59791 6
    endloop
  endfacet
  facet normal 0.336783 0.941582 0
    outer loop
      vertex -29.7453 -8.51196 6
      vertex -29.505 -8.59791 2
      vertex -29.7453 -8.51196 2
    endloop
  endfacet
  facet normal -0.80314 -0.59579 0
    outer loop
      vertex -32.5098 -12.6494 2
      vertex -32.6618 -12.4445 6
      vertex -32.6618 -12.4445 2
    endloop
  endfacet
  facet normal -0.80314 -0.59579 0
    outer loop
      vertex -32.6618 -12.4445 6
      vertex -32.5098 -12.6494 2
      vertex -32.5098 -12.6494 6
    endloop
  endfacet
  facet normal -0.989142 -0.146961 0
    outer loop
      vertex -33.05 -11.5072 2
      vertex -33.0875 -11.2548 6
      vertex -33.0875 -11.2548 2
    endloop
  endfacet
  facet normal -0.989142 -0.146961 0
    outer loop
      vertex -33.0875 -11.2548 6
      vertex -33.05 -11.5072 2
      vertex -33.05 -11.5072 6
    endloop
  endfacet
  facet normal -0.903959 0.42762 0
    outer loop
      vertex -32.9021 -10.005 2
      vertex -32.793 -9.77437 6
      vertex -32.793 -9.77437 2
    endloop
  endfacet
  facet normal -0.903959 0.42762 0
    outer loop
      vertex -32.793 -9.77437 6
      vertex -32.9021 -10.005 2
      vertex -32.9021 -10.005 6
    endloop
  endfacet
  facet normal -0.671365 -0.741127 0
    outer loop
      vertex -32.3385 -12.8385 2
      vertex -32.1494 -13.0098 6
      vertex -32.3385 -12.8385 6
    endloop
  endfacet
  facet normal -0.671365 -0.741127 -0
    outer loop
      vertex -32.1494 -13.0098 6
      vertex -32.3385 -12.8385 2
      vertex -32.1494 -13.0098 2
    endloop
  endfacet
  facet normal -0.803196 0.595715 0
    outer loop
      vertex -32.6618 -9.55552 2
      vertex -32.5098 -9.35058 6
      vertex -32.5098 -9.35058 2
    endloop
  endfacet
  facet normal -0.803196 0.595715 0
    outer loop
      vertex -32.5098 -9.35058 6
      vertex -32.6618 -9.55552 2
      vertex -32.6618 -9.55552 6
    endloop
  endfacet
  facet normal -0.0489992 -0.998799 0
    outer loop
      vertex -30.7548 -13.5875 2
      vertex -30.5 -13.6 6
      vertex -30.7548 -13.5875 6
    endloop
  endfacet
  facet normal -0.0489992 -0.998799 -0
    outer loop
      vertex -30.5 -13.6 6
      vertex -30.7548 -13.5875 2
      vertex -30.5 -13.6 2
    endloop
  endfacet
  facet normal -0.146961 -0.989142 0
    outer loop
      vertex -31.0072 -13.55 2
      vertex -30.7548 -13.5875 6
      vertex -31.0072 -13.55 6
    endloop
  endfacet
  facet normal -0.146961 -0.989142 -0
    outer loop
      vertex -30.7548 -13.5875 6
      vertex -31.0072 -13.55 2
      vertex -30.7548 -13.5875 2
    endloop
  endfacet
  facet normal -0.989142 0.146961 0
    outer loop
      vertex -33.0875 -10.7452 2
      vertex -33.05 -10.4928 6
      vertex -33.05 -10.4928 2
    endloop
  endfacet
  facet normal -0.989142 0.146961 0
    outer loop
      vertex -33.05 -10.4928 6
      vertex -33.0875 -10.7452 2
      vertex -33.0875 -10.7452 6
    endloop
  endfacet
  facet normal -0.998799 0.0489992 0
    outer loop
      vertex -33.1 -11 2
      vertex -33.0875 -10.7452 6
      vertex -33.0875 -10.7452 2
    endloop
  endfacet
  facet normal -0.998799 0.0489992 0
    outer loop
      vertex -33.0875 -10.7452 6
      vertex -33.1 -11 2
      vertex -33.1 -11 6
    endloop
  endfacet
  facet normal -0.336609 -0.941644 0
    outer loop
      vertex -31.495 -13.4021 2
      vertex -31.2547 -13.488 6
      vertex -31.495 -13.4021 6
    endloop
  endfacet
  facet normal -0.336609 -0.941644 -0
    outer loop
      vertex -31.2547 -13.488 6
      vertex -31.495 -13.4021 2
      vertex -31.2547 -13.488 2
    endloop
  endfacet
  facet normal 0.671365 -0.741127 0
    outer loop
      vertex -28.8506 -13.0098 2
      vertex -28.6615 -12.8385 6
      vertex -28.8506 -13.0098 6
    endloop
  endfacet
  facet normal 0.671365 -0.741127 0
    outer loop
      vertex -28.6615 -12.8385 6
      vertex -28.8506 -13.0098 2
      vertex -28.6615 -12.8385 2
    endloop
  endfacet
  facet normal 0 0 1
    outer loop
      vertex -29.5 -11 6
      vertex -27.9 -11 6
      vertex -27.9125 -10.7452 6
    endloop
  endfacet
  facet normal 0 0 1
    outer loop
      vertex -29.5048 -10.902 6
      vertex -27.9125 -10.7452 6
      vertex -27.95 -10.4928 6
    endloop
  endfacet
  facet normal 0 0 1
    outer loop
      vertex -27.9 -11 6
      vertex -29.5 -11 6
      vertex -27.9125 -11.2548 6
    endloop
  endfacet
  facet normal 0 0 1
    outer loop
      vertex -29.5192 -10.8049 6
      vertex -27.95 -10.4928 6
      vertex -28.012 -10.2453 6
    endloop
  endfacet
  facet normal -0 0 1
    outer loop
      vertex -29.5048 -11.098 6
      vertex -27.9125 -11.2548 6
      vertex -29.5 -11 6
    endloop
  endfacet
  facet normal 0 0 1
    outer loop
      vertex -29.5431 -10.7097 6
      vertex -28.012 -10.2453 6
      vertex -28.0979 -10.005 6
    endloop
  endfacet
  facet normal 0 0 1
    outer loop
      vertex -27.9125 -11.2548 6
      vertex -29.5048 -11.098 6
      vertex -27.95 -11.5072 6
    endloop
  endfacet
  facet normal 0 0 1
    outer loop
      vertex -29.5761 -10.6173 6
      vertex -28.0979 -10.005 6
      vertex -28.207 -9.77437 6
    endloop
  endfacet
  facet normal -0 0 1
    outer loop
      vertex -29.5192 -11.1951 6
      vertex -27.95 -11.5072 6
      vertex -29.5048 -11.098 6
    endloop
  endfacet
  facet normal 0 0 1
    outer loop
      vertex -29.6181 -10.5286 6
      vertex -28.207 -9.77437 6
      vertex -28.3382 -9.55552 6
    endloop
  endfacet
  facet normal 0 0 1
    outer loop
      vertex -27.95 -11.5072 6
      vertex -29.5192 -11.1951 6
      vertex -28.012 -11.7547 6
    endloop
  endfacet
  facet normal 0 0 1
    outer loop
      vertex -29.6685 -10.4444 6
      vertex -28.3382 -9.55552 6
      vertex -28.4902 -9.35058 6
    endloop
  endfacet
  facet normal -0 0 1
    outer loop
      vertex -29.5431 -11.2903 6
      vertex -28.012 -11.7547 6
      vertex -29.5192 -11.1951 6
    endloop
  endfacet
  facet normal 0 0 1
    outer loop
      vertex -29.727 -10.3656 6
      vertex -28.4902 -9.35058 6
      vertex -28.6615 -9.16152 6
    endloop
  endfacet
  facet normal 0 0 1
    outer loop
      vertex -28.012 -11.7547 6
      vertex -29.5431 -11.2903 6
      vertex -28.0979 -11.995 6
    endloop
  endfacet
  facet normal 0 0 1
    outer loop
      vertex -29.7929 -10.2929 6
      vertex -28.6615 -9.16152 6
      vertex -28.8506 -8.99017 6
    endloop
  endfacet
  facet normal -0 0 1
    outer loop
      vertex -29.5761 -11.3827 6
      vertex -28.0979 -11.995 6
      vertex -29.5431 -11.2903 6
    endloop
  endfacet
  facet normal 0 0 1
    outer loop
      vertex -29.8656 -10.227 6
      vertex -28.8506 -8.99017 6
      vertex -29.0555 -8.83818 6
    endloop
  endfacet
  facet normal 0 0 1
    outer loop
      vertex -28.0979 -11.995 6
      vertex -29.5761 -11.3827 6
      vertex -28.207 -12.2256 6
    endloop
  endfacet
  facet normal 0 0 1
    outer loop
      vertex -29.9444 -10.1685 6
      vertex -29.0555 -8.83818 6
      vertex -29.2744 -8.70701 6
    endloop
  endfacet
  facet normal -0 0 1
    outer loop
      vertex -29.6181 -11.4714 6
      vertex -28.207 -12.2256 6
      vertex -29.5761 -11.3827 6
    endloop
  endfacet
  facet normal 0 0 1
    outer loop
      vertex -28.207 -12.2256 6
      vertex -29.6181 -11.4714 6
      vertex -28.3382 -12.4445 6
    endloop
  endfacet
  facet normal 0 0 1
    outer loop
      vertex -27.9125 -10.7452 6
      vertex -29.5048 -10.902 6
      vertex -29.5 -11 6
    endloop
  endfacet
  facet normal 0 0 1
    outer loop
      vertex -30.0286 -10.1181 6
      vertex -29.2744 -8.70701 6
      vertex -29.505 -8.59791 6
    endloop
  endfacet
  facet normal 0 0 1
    outer loop
      vertex -27.95 -10.4928 6
      vertex -29.5192 -10.8049 6
      vertex -29.5048 -10.902 6
    endloop
  endfacet
  facet normal 0 0 1
    outer loop
      vertex -28.012 -10.2453 6
      vertex -29.5431 -10.7097 6
      vertex -29.5192 -10.8049 6
    endloop
  endfacet
  facet normal 0 0 1
    outer loop
      vertex -28.0979 -10.005 6
      vertex -29.5761 -10.6173 6
      vertex -29.5431 -10.7097 6
    endloop
  endfacet
  facet normal 0 0 1
    outer loop
      vertex -28.207 -9.77437 6
      vertex -29.6181 -10.5286 6
      vertex -29.5761 -10.6173 6
    endloop
  endfacet
  facet normal 0 0 1
    outer loop
      vertex -28.3382 -9.55552 6
      vertex -29.6685 -10.4444 6
      vertex -29.6181 -10.5286 6
    endloop
  endfacet
  facet normal 0 0 1
    outer loop
      vertex -28.4902 -9.35058 6
      vertex -29.727 -10.3656 6
      vertex -29.6685 -10.4444 6
    endloop
  endfacet
  facet normal 0 0 1
    outer loop
      vertex -30.1173 -10.0761 6
      vertex -29.505 -8.59791 6
      vertex -29.7453 -8.51196 6
    endloop
  endfacet
  facet normal 0 0 1
    outer loop
      vertex -28.6615 -9.16152 6
      vertex -29.7929 -10.2929 6
      vertex -29.727 -10.3656 6
    endloop
  endfacet
  facet normal 0 0 1
    outer loop
      vertex -28.8506 -8.99017 6
      vertex -29.8656 -10.227 6
      vertex -29.7929 -10.2929 6
    endloop
  endfacet
  facet normal 0 0 1
    outer loop
      vertex -29.0555 -8.83818 6
      vertex -29.9444 -10.1685 6
      vertex -29.8656 -10.227 6
    endloop
  endfacet
  facet normal 0 0 1
    outer loop
      vertex -30.2097 -10.0431 6
      vertex -29.7453 -8.51196 6
      vertex -29.9928 -8.44996 6
    endloop
  endfacet
  facet normal 0 0 1
    outer loop
      vertex -29.2744 -8.70701 6
      vertex -30.0286 -10.1181 6
      vertex -29.9444 -10.1685 6
    endloop
  endfacet
  facet normal 0 0 1
    outer loop
      vertex -29.505 -8.59791 6
      vertex -30.1173 -10.0761 6
      vertex -30.0286 -10.1181 6
    endloop
  endfacet
  facet normal 0 0 1
    outer loop
      vertex -29.7453 -8.51196 6
      vertex -30.2097 -10.0431 6
      vertex -30.1173 -10.0761 6
    endloop
  endfacet
  facet normal 0 0 1
    outer loop
      vertex -30.3049 -10.0192 6
      vertex -29.9928 -8.44996 6
      vertex -30.2452 -8.41252 6
    endloop
  endfacet
  facet normal 0 0 1
    outer loop
      vertex -29.9928 -8.44996 6
      vertex -30.3049 -10.0192 6
      vertex -30.2097 -10.0431 6
    endloop
  endfacet
  facet normal 0 0 1
    outer loop
      vertex -30.2452 -8.41252 6
      vertex -30.402 -10.0048 6
      vertex -30.3049 -10.0192 6
    endloop
  endfacet
  facet normal 0 0 1
    outer loop
      vertex -30.5 -8.4 6
      vertex -30.402 -10.0048 6
      vertex -30.2452 -8.41252 6
    endloop
  endfacet
  facet normal 0 0 1
    outer loop
      vertex -30.5 -8.4 6
      vertex -30.5 -10 6
      vertex -30.402 -10.0048 6
    endloop
  endfacet
  facet normal 0 0 1
    outer loop
      vertex -30.5 -8.4 6
      vertex -30.598 -10.0048 6
      vertex -30.5 -10 6
    endloop
  endfacet
  facet normal -0 0 1
    outer loop
      vertex -30.7548 -8.41252 6
      vertex -30.598 -10.0048 6
      vertex -30.5 -8.4 6
    endloop
  endfacet
  facet normal 0 0 1
    outer loop
      vertex -30.598 -10.0048 6
      vertex -30.7548 -8.41252 6
      vertex -30.6951 -10.0192 6
    endloop
  endfacet
  facet normal -0 0 1
    outer loop
      vertex -31.0072 -8.44996 6
      vertex -30.6951 -10.0192 6
      vertex -30.7548 -8.41252 6
    endloop
  endfacet
  facet normal 0 0 1
    outer loop
      vertex -30.6951 -10.0192 6
      vertex -31.0072 -8.44996 6
      vertex -30.7903 -10.0431 6
    endloop
  endfacet
  facet normal -0 0 1
    outer loop
      vertex -31.2547 -8.51196 6
      vertex -30.7903 -10.0431 6
      vertex -31.0072 -8.44996 6
    endloop
  endfacet
  facet normal 0 0 1
    outer loop
      vertex -30.7903 -10.0431 6
      vertex -31.2547 -8.51196 6
      vertex -30.8827 -10.0761 6
    endloop
  endfacet
  facet normal -0 0 1
    outer loop
      vertex -31.495 -8.59791 6
      vertex -30.8827 -10.0761 6
      vertex -31.2547 -8.51196 6
    endloop
  endfacet
  facet normal 0 0 1
    outer loop
      vertex -30.8827 -10.0761 6
      vertex -31.495 -8.59791 6
      vertex -30.9714 -10.1181 6
    endloop
  endfacet
  facet normal -0 0 1
    outer loop
      vertex -31.7256 -8.70701 6
      vertex -30.9714 -10.1181 6
      vertex -31.495 -8.59791 6
    endloop
  endfacet
  facet normal 0 0 1
    outer loop
      vertex -30.9714 -10.1181 6
      vertex -31.7256 -8.70701 6
      vertex -31.0556 -10.1685 6
    endloop
  endfacet
  facet normal -0 0 1
    outer loop
      vertex -31.9445 -8.83818 6
      vertex -31.0556 -10.1685 6
      vertex -31.7256 -8.70701 6
    endloop
  endfacet
  facet normal 0 0 1
    outer loop
      vertex -31.0556 -10.1685 6
      vertex -31.9445 -8.83818 6
      vertex -31.1344 -10.227 6
    endloop
  endfacet
  facet normal -0 0 1
    outer loop
      vertex -32.1494 -8.99017 6
      vertex -31.1344 -10.227 6
      vertex -31.9445 -8.83818 6
    endloop
  endfacet
  facet normal 0 0 1
    outer loop
      vertex -31.1344 -10.227 6
      vertex -32.1494 -8.99017 6
      vertex -31.2071 -10.2929 6
    endloop
  endfacet
  facet normal -0 0 1
    outer loop
      vertex -32.3385 -9.16152 6
      vertex -31.2071 -10.2929 6
      vertex -32.1494 -8.99017 6
    endloop
  endfacet
  facet normal 0 0 1
    outer loop
      vertex -31.2071 -10.2929 6
      vertex -32.3385 -9.16152 6
      vertex -31.273 -10.3656 6
    endloop
  endfacet
  facet normal -0 0 1
    outer loop
      vertex -32.5098 -9.35058 6
      vertex -31.273 -10.3656 6
      vertex -32.3385 -9.16152 6
    endloop
  endfacet
  facet normal 0 0 1
    outer loop
      vertex -31.273 -10.3656 6
      vertex -32.5098 -9.35058 6
      vertex -31.3315 -10.4444 6
    endloop
  endfacet
  facet normal -0 0 1
    outer loop
      vertex -32.6618 -9.55552 6
      vertex -31.3315 -10.4444 6
      vertex -32.5098 -9.35058 6
    endloop
  endfacet
  facet normal 0 0 1
    outer loop
      vertex -31.3315 -10.4444 6
      vertex -32.6618 -9.55552 6
      vertex -31.3819 -10.5286 6
    endloop
  endfacet
  facet normal -0 0 1
    outer loop
      vertex -29.6685 -11.5556 6
      vertex -28.3382 -12.4445 6
      vertex -29.6181 -11.4714 6
    endloop
  endfacet
  facet normal 0 0 1
    outer loop
      vertex -28.3382 -12.4445 6
      vertex -29.6685 -11.5556 6
      vertex -28.4902 -12.6494 6
    endloop
  endfacet
  facet normal -0 0 1
    outer loop
      vertex -29.727 -11.6344 6
      vertex -28.4902 -12.6494 6
      vertex -29.6685 -11.5556 6
    endloop
  endfacet
  facet normal 0 0 1
    outer loop
      vertex -28.4902 -12.6494 6
      vertex -29.727 -11.6344 6
      vertex -28.6615 -12.8385 6
    endloop
  endfacet
  facet normal -0 0 1
    outer loop
      vertex -29.7929 -11.7071 6
      vertex -28.6615 -12.8385 6
      vertex -29.727 -11.6344 6
    endloop
  endfacet
  facet normal 0 0 1
    outer loop
      vertex -28.6615 -12.8385 6
      vertex -29.7929 -11.7071 6
      vertex -28.8506 -13.0098 6
    endloop
  endfacet
  facet normal -0 0 1
    outer loop
      vertex -29.8656 -11.773 6
      vertex -28.8506 -13.0098 6
      vertex -29.7929 -11.7071 6
    endloop
  endfacet
  facet normal 0 0 1
    outer loop
      vertex -28.8506 -13.0098 6
      vertex -29.8656 -11.773 6
      vertex -29.0555 -13.1618 6
    endloop
  endfacet
  facet normal -0 0 1
    outer loop
      vertex -29.9444 -11.8315 6
      vertex -29.0555 -13.1618 6
      vertex -29.8656 -11.773 6
    endloop
  endfacet
  facet normal 0 0 1
    outer loop
      vertex -29.0555 -13.1618 6
      vertex -29.9444 -11.8315 6
      vertex -29.2744 -13.293 6
    endloop
  endfacet
  facet normal -0 0 1
    outer loop
      vertex -30.0286 -11.8819 6
      vertex -29.2744 -13.293 6
      vertex -29.9444 -11.8315 6
    endloop
  endfacet
  facet normal 0 0 1
    outer loop
      vertex -29.2744 -13.293 6
      vertex -30.0286 -11.8819 6
      vertex -29.505 -13.4021 6
    endloop
  endfacet
  facet normal -0 0 1
    outer loop
      vertex -30.1173 -11.9239 6
      vertex -29.505 -13.4021 6
      vertex -30.0286 -11.8819 6
    endloop
  endfacet
  facet normal 0 0 1
    outer loop
      vertex -29.505 -13.4021 6
      vertex -30.1173 -11.9239 6
      vertex -29.7453 -13.488 6
    endloop
  endfacet
  facet normal -0 0 1
    outer loop
      vertex -30.2097 -11.9569 6
      vertex -29.7453 -13.488 6
      vertex -30.1173 -11.9239 6
    endloop
  endfacet
  facet normal 0 0 1
    outer loop
      vertex -29.7453 -13.488 6
      vertex -30.2097 -11.9569 6
      vertex -29.9928 -13.55 6
    endloop
  endfacet
  facet normal -0 0 1
    outer loop
      vertex -30.3049 -11.9808 6
      vertex -29.9928 -13.55 6
      vertex -30.2097 -11.9569 6
    endloop
  endfacet
  facet normal 0 0 1
    outer loop
      vertex -29.9928 -13.55 6
      vertex -30.3049 -11.9808 6
      vertex -30.2452 -13.5875 6
    endloop
  endfacet
  facet normal -0 0 1
    outer loop
      vertex -30.402 -11.9952 6
      vertex -30.2452 -13.5875 6
      vertex -30.3049 -11.9808 6
    endloop
  endfacet
  facet normal -0 0 1
    outer loop
      vertex -30.5 -12 6
      vertex -30.2452 -13.5875 6
      vertex -30.402 -11.9952 6
    endloop
  endfacet
  facet normal 0 0 1
    outer loop
      vertex -30.5 -12 6
      vertex -30.5 -13.6 6
      vertex -30.2452 -13.5875 6
    endloop
  endfacet
  facet normal 0 0 1
    outer loop
      vertex -30.598 -11.9952 6
      vertex -30.5 -13.6 6
      vertex -30.5 -12 6
    endloop
  endfacet
  facet normal 0 0 1
    outer loop
      vertex -30.7548 -13.5875 6
      vertex -30.598 -11.9952 6
      vertex -30.6951 -11.9808 6
    endloop
  endfacet
  facet normal 0 0 1
    outer loop
      vertex -30.598 -11.9952 6
      vertex -30.7548 -13.5875 6
      vertex -30.5 -13.6 6
    endloop
  endfacet
  facet normal 0 0 1
    outer loop
      vertex -31.0072 -13.55 6
      vertex -30.6951 -11.9808 6
      vertex -30.7903 -11.9569 6
    endloop
  endfacet
  facet normal 0 0 1
    outer loop
      vertex -31.2547 -13.488 6
      vertex -30.7903 -11.9569 6
      vertex -30.8827 -11.9239 6
    endloop
  endfacet
  facet normal 0 0 1
    outer loop
      vertex -31.495 -13.4021 6
      vertex -30.8827 -11.9239 6
      vertex -30.9714 -11.8819 6
    endloop
  endfacet
  facet normal 0 0 1
    outer loop
      vertex -30.6951 -11.9808 6
      vertex -31.0072 -13.55 6
      vertex -30.7548 -13.5875 6
    endloop
  endfacet
  facet normal 0 0 1
    outer loop
      vertex -31.7256 -13.293 6
      vertex -30.9714 -11.8819 6
      vertex -31.0556 -11.8315 6
    endloop
  endfacet
  facet normal 0 0 1
    outer loop
      vertex -31.9445 -13.1618 6
      vertex -31.0556 -11.8315 6
      vertex -31.1344 -11.773 6
    endloop
  endfacet
  facet normal 0 0 1
    outer loop
      vertex -32.1494 -13.0098 6
      vertex -31.1344 -11.773 6
      vertex -31.2071 -11.7071 6
    endloop
  endfacet
  facet normal 0 0 1
    outer loop
      vertex -30.7903 -11.9569 6
      vertex -31.2547 -13.488 6
      vertex -31.0072 -13.55 6
    endloop
  endfacet
  facet normal 0 0 1
    outer loop
      vertex -32.3385 -12.8385 6
      vertex -31.2071 -11.7071 6
      vertex -31.273 -11.6344 6
    endloop
  endfacet
  facet normal 0 0 1
    outer loop
      vertex -32.5098 -12.6494 6
      vertex -31.273 -11.6344 6
      vertex -31.3315 -11.5556 6
    endloop
  endfacet
  facet normal 0 0 1
    outer loop
      vertex -32.6618 -12.4445 6
      vertex -31.3315 -11.5556 6
      vertex -31.3819 -11.4714 6
    endloop
  endfacet
  facet normal 0 0 1
    outer loop
      vertex -32.793 -12.2256 6
      vertex -31.3819 -11.4714 6
      vertex -31.4239 -11.3827 6
    endloop
  endfacet
  facet normal 0 0 1
    outer loop
      vertex -32.9021 -11.995 6
      vertex -31.4239 -11.3827 6
      vertex -31.4569 -11.2903 6
    endloop
  endfacet
  facet normal 0 0 1
    outer loop
      vertex -32.988 -11.7547 6
      vertex -31.4569 -11.2903 6
      vertex -31.4808 -11.1951 6
    endloop
  endfacet
  facet normal 0 0 1
    outer loop
      vertex -30.8827 -11.9239 6
      vertex -31.495 -13.4021 6
      vertex -31.2547 -13.488 6
    endloop
  endfacet
  facet normal 0 0 1
    outer loop
      vertex -33.05 -11.5072 6
      vertex -31.4808 -11.1951 6
      vertex -31.4952 -11.098 6
    endloop
  endfacet
  facet normal 0 0 1
    outer loop
      vertex -33.0875 -11.2548 6
      vertex -31.4952 -11.098 6
      vertex -31.5 -11 6
    endloop
  endfacet
  facet normal -0 0 1
    outer loop
      vertex -32.793 -9.77437 6
      vertex -31.3819 -10.5286 6
      vertex -32.6618 -9.55552 6
    endloop
  endfacet
  facet normal 0 0 1
    outer loop
      vertex -30.9714 -11.8819 6
      vertex -31.7256 -13.293 6
      vertex -31.495 -13.4021 6
    endloop
  endfacet
  facet normal 0 0 1
    outer loop
      vertex -31.3819 -10.5286 6
      vertex -32.793 -9.77437 6
      vertex -31.4239 -10.6173 6
    endloop
  endfacet
  facet normal 0 0 1
    outer loop
      vertex -31.0556 -11.8315 6
      vertex -31.9445 -13.1618 6
      vertex -31.7256 -13.293 6
    endloop
  endfacet
  facet normal -0 0 1
    outer loop
      vertex -32.9021 -10.005 6
      vertex -31.4239 -10.6173 6
      vertex -32.793 -9.77437 6
    endloop
  endfacet
  facet normal 0 0 1
    outer loop
      vertex -31.1344 -11.773 6
      vertex -32.1494 -13.0098 6
      vertex -31.9445 -13.1618 6
    endloop
  endfacet
  facet normal 0 0 1
    outer loop
      vertex -31.4239 -10.6173 6
      vertex -32.9021 -10.005 6
      vertex -31.4569 -10.7097 6
    endloop
  endfacet
  facet normal 0 0 1
    outer loop
      vertex -31.2071 -11.7071 6
      vertex -32.3385 -12.8385 6
      vertex -32.1494 -13.0098 6
    endloop
  endfacet
  facet normal -0 0 1
    outer loop
      vertex -32.988 -10.2453 6
      vertex -31.4569 -10.7097 6
      vertex -32.9021 -10.005 6
    endloop
  endfacet
  facet normal 0 0 1
    outer loop
      vertex -31.273 -11.6344 6
      vertex -32.5098 -12.6494 6
      vertex -32.3385 -12.8385 6
    endloop
  endfacet
  facet normal 0 0 1
    outer loop
      vertex -31.4569 -10.7097 6
      vertex -32.988 -10.2453 6
      vertex -31.4808 -10.8049 6
    endloop
  endfacet
  facet normal 0 0 1
    outer loop
      vertex -31.3315 -11.5556 6
      vertex -32.6618 -12.4445 6
      vertex -32.5098 -12.6494 6
    endloop
  endfacet
  facet normal -0 0 1
    outer loop
      vertex -33.05 -10.4928 6
      vertex -31.4808 -10.8049 6
      vertex -32.988 -10.2453 6
    endloop
  endfacet
  facet normal 0 0 1
    outer loop
      vertex -31.3819 -11.4714 6
      vertex -32.793 -12.2256 6
      vertex -32.6618 -12.4445 6
    endloop
  endfacet
  facet normal 0 0 1
    outer loop
      vertex -31.4808 -10.8049 6
      vertex -33.05 -10.4928 6
      vertex -31.4952 -10.902 6
    endloop
  endfacet
  facet normal 0 0 1
    outer loop
      vertex -31.4239 -11.3827 6
      vertex -32.9021 -11.995 6
      vertex -32.793 -12.2256 6
    endloop
  endfacet
  facet normal -0 0 1
    outer loop
      vertex -33.0875 -10.7452 6
      vertex -31.4952 -10.902 6
      vertex -33.05 -10.4928 6
    endloop
  endfacet
  facet normal 0 0 1
    outer loop
      vertex -31.4569 -11.2903 6
      vertex -32.988 -11.7547 6
      vertex -32.9021 -11.995 6
    endloop
  endfacet
  facet normal 0 0 1
    outer loop
      vertex -31.4952 -10.902 6
      vertex -33.0875 -10.7452 6
      vertex -31.5 -11 6
    endloop
  endfacet
  facet normal 0 0 1
    outer loop
      vertex -31.4808 -11.1951 6
      vertex -33.05 -11.5072 6
      vertex -32.988 -11.7547 6
    endloop
  endfacet
  facet normal 0 0 1
    outer loop
      vertex -33.1 -11 6
      vertex -31.5 -11 6
      vertex -33.0875 -10.7452 6
    endloop
  endfacet
  facet normal 0 0 1
    outer loop
      vertex -31.4952 -11.098 6
      vertex -33.0875 -11.2548 6
      vertex -33.05 -11.5072 6
    endloop
  endfacet
  facet normal 0 0 1
    outer loop
      vertex -31.5 -11 6
      vertex -33.1 -11 6
      vertex -33.0875 -11.2548 6
    endloop
  endfacet
  facet normal -0.740908 -0.671607 0
    outer loop
      vertex -29.727 -10.3656 2
      vertex -29.7929 -10.2929 6
      vertex -29.7929 -10.2929 2
    endloop
  endfacet
  facet normal -0.740908 -0.671607 0
    outer loop
      vertex -29.7929 -10.2929 6
      vertex -29.727 -10.3656 2
      vertex -29.727 -10.3656 6
    endloop
  endfacet
  facet normal -0.989182 -0.146696 0
    outer loop
      vertex -29.5048 -10.902 2
      vertex -29.5192 -10.8049 6
      vertex -29.5192 -10.8049 2
    endloop
  endfacet
  facet normal -0.989182 -0.146696 0
    outer loop
      vertex -29.5192 -10.8049 6
      vertex -29.5048 -10.902 2
      vertex -29.5048 -10.902 6
    endloop
  endfacet
  facet normal -0.998803 -0.0489209 0
    outer loop
      vertex -29.5 -11 2
      vertex -29.5048 -10.902 6
      vertex -29.5048 -10.902 2
    endloop
  endfacet
  facet normal -0.998803 -0.0489209 0
    outer loop
      vertex -29.5048 -10.902 6
      vertex -29.5 -11 2
      vertex -29.5 -11 6
    endloop
  endfacet
  facet normal -0.969902 -0.243494 0
    outer loop
      vertex -29.5192 -10.8049 2
      vertex -29.5431 -10.7097 6
      vertex -29.5431 -10.7097 2
    endloop
  endfacet
  facet normal -0.969902 -0.243494 0
    outer loop
      vertex -29.5431 -10.7097 6
      vertex -29.5192 -10.8049 2
      vertex -29.5192 -10.8049 6
    endloop
  endfacet
  facet normal -0.336336 0.941742 0
    outer loop
      vertex -30.1173 -11.9239 2
      vertex -30.2097 -11.9569 6
      vertex -30.1173 -11.9239 6
    endloop
  endfacet
  facet normal -0.336336 0.941742 0
    outer loop
      vertex -30.2097 -11.9569 6
      vertex -30.1173 -11.9239 2
      vertex -30.2097 -11.9569 2
    endloop
  endfacet
  facet normal -0.858032 -0.513596 0
    outer loop
      vertex -29.6181 -10.5286 2
      vertex -29.6685 -10.4444 6
      vertex -29.6685 -10.4444 2
    endloop
  endfacet
  facet normal -0.858032 -0.513596 0
    outer loop
      vertex -29.6685 -10.4444 6
      vertex -29.6181 -10.5286 2
      vertex -29.6181 -10.5286 6
    endloop
  endfacet
  facet normal -0.941742 -0.336336 0
    outer loop
      vertex -29.5431 -10.7097 2
      vertex -29.5761 -10.6173 6
      vertex -29.5761 -10.6173 2
    endloop
  endfacet
  facet normal -0.941742 -0.336336 0
    outer loop
      vertex -29.5761 -10.6173 6
      vertex -29.5431 -10.7097 2
      vertex -29.5431 -10.7097 6
    endloop
  endfacet
  facet normal -0.243494 -0.969902 0
    outer loop
      vertex -30.3049 -10.0192 2
      vertex -30.2097 -10.0431 6
      vertex -30.3049 -10.0192 6
    endloop
  endfacet
  facet normal -0.243494 -0.969902 -0
    outer loop
      vertex -30.2097 -10.0431 6
      vertex -30.3049 -10.0192 2
      vertex -30.2097 -10.0431 2
    endloop
  endfacet
  facet normal 0.740908 -0.671607 0
    outer loop
      vertex -31.273 -10.3656 6
      vertex -31.2071 -10.2929 2
      vertex -31.2071 -10.2929 6
    endloop
  endfacet
  facet normal 0.740908 -0.671607 0
    outer loop
      vertex -31.2071 -10.2929 2
      vertex -31.273 -10.3656 6
      vertex -31.273 -10.3656 2
    endloop
  endfacet
  facet normal -0.0489209 0.998803 0
    outer loop
      vertex -30.402 -11.9952 2
      vertex -30.5 -12 6
      vertex -30.402 -11.9952 6
    endloop
  endfacet
  facet normal -0.0489209 0.998803 0
    outer loop
      vertex -30.5 -12 6
      vertex -30.402 -11.9952 2
      vertex -30.5 -12 2
    endloop
  endfacet
  facet normal -0.427955 -0.9038 0
    outer loop
      vertex -30.1173 -10.0761 2
      vertex -30.0286 -10.1181 6
      vertex -30.1173 -10.0761 6
    endloop
  endfacet
  facet normal -0.427955 -0.9038 -0
    outer loop
      vertex -30.0286 -10.1181 6
      vertex -30.1173 -10.0761 2
      vertex -30.0286 -10.1181 2
    endloop
  endfacet
  facet normal -0.671607 -0.740908 0
    outer loop
      vertex -29.8656 -10.227 2
      vertex -29.7929 -10.2929 6
      vertex -29.8656 -10.227 6
    endloop
  endfacet
  facet normal -0.671607 -0.740908 -0
    outer loop
      vertex -29.7929 -10.2929 6
      vertex -29.8656 -10.227 2
      vertex -29.7929 -10.2929 2
    endloop
  endfacet
  facet normal 0.59608 0.802925 -0
    outer loop
      vertex -31.0556 -11.8315 2
      vertex -31.1344 -11.773 6
      vertex -31.0556 -11.8315 6
    endloop
  endfacet
  facet normal 0.59608 0.802925 0
    outer loop
      vertex -31.1344 -11.773 6
      vertex -31.0556 -11.8315 2
      vertex -31.1344 -11.773 2
    endloop
  endfacet
  facet normal -0.243494 0.969902 0
    outer loop
      vertex -30.2097 -11.9569 2
      vertex -30.3049 -11.9808 6
      vertex -30.2097 -11.9569 6
    endloop
  endfacet
  facet normal -0.243494 0.969902 0
    outer loop
      vertex -30.3049 -11.9808 6
      vertex -30.2097 -11.9569 2
      vertex -30.3049 -11.9808 2
    endloop
  endfacet
  facet normal -0.989182 0.146696 0
    outer loop
      vertex -29.5192 -11.1951 2
      vertex -29.5048 -11.098 6
      vertex -29.5048 -11.098 2
    endloop
  endfacet
  facet normal -0.989182 0.146696 0
    outer loop
      vertex -29.5048 -11.098 6
      vertex -29.5192 -11.1951 2
      vertex -29.5192 -11.1951 6
    endloop
  endfacet
  facet normal -0.513596 0.858032 0
    outer loop
      vertex -29.9444 -11.8315 2
      vertex -30.0286 -11.8819 6
      vertex -29.9444 -11.8315 6
    endloop
  endfacet
  facet normal -0.513596 0.858032 0
    outer loop
      vertex -30.0286 -11.8819 6
      vertex -29.9444 -11.8315 2
      vertex -30.0286 -11.8819 2
    endloop
  endfacet
  facet normal 0.243494 0.969902 -0
    outer loop
      vertex -30.6951 -11.9808 2
      vertex -30.7903 -11.9569 6
      vertex -30.6951 -11.9808 6
    endloop
  endfacet
  facet normal 0.243494 0.969902 0
    outer loop
      vertex -30.7903 -11.9569 6
      vertex -30.6951 -11.9808 2
      vertex -30.7903 -11.9569 2
    endloop
  endfacet
  facet normal 0.59608 -0.802925 0
    outer loop
      vertex -31.1344 -10.227 2
      vertex -31.0556 -10.1685 6
      vertex -31.1344 -10.227 6
    endloop
  endfacet
  facet normal 0.59608 -0.802925 0
    outer loop
      vertex -31.0556 -10.1685 6
      vertex -31.1344 -10.227 2
      vertex -31.0556 -10.1685 2
    endloop
  endfacet
  facet normal 0.998803 0.0489209 0
    outer loop
      vertex -31.4952 -11.098 6
      vertex -31.5 -11 2
      vertex -31.5 -11 6
    endloop
  endfacet
  facet normal 0.998803 0.0489209 0
    outer loop
      vertex -31.5 -11 2
      vertex -31.4952 -11.098 6
      vertex -31.4952 -11.098 2
    endloop
  endfacet
  facet normal 0.969902 0.243494 0
    outer loop
      vertex -31.4569 -11.2903 6
      vertex -31.4808 -11.1951 2
      vertex -31.4808 -11.1951 6
    endloop
  endfacet
  facet normal 0.969902 0.243494 0
    outer loop
      vertex -31.4808 -11.1951 2
      vertex -31.4569 -11.2903 6
      vertex -31.4569 -11.2903 2
    endloop
  endfacet
  facet normal -0.969902 0.243494 0
    outer loop
      vertex -29.5431 -11.2903 2
      vertex -29.5192 -11.1951 6
      vertex -29.5192 -11.1951 2
    endloop
  endfacet
  facet normal -0.969902 0.243494 0
    outer loop
      vertex -29.5192 -11.1951 6
      vertex -29.5431 -11.2903 2
      vertex -29.5431 -11.2903 6
    endloop
  endfacet
  facet normal 0.513596 -0.858032 0
    outer loop
      vertex -31.0556 -10.1685 2
      vertex -30.9714 -10.1181 6
      vertex -31.0556 -10.1685 6
    endloop
  endfacet
  facet normal 0.513596 -0.858032 0
    outer loop
      vertex -30.9714 -10.1181 6
      vertex -31.0556 -10.1685 2
      vertex -30.9714 -10.1181 2
    endloop
  endfacet
  facet normal -0.59608 -0.802925 0
    outer loop
      vertex -29.9444 -10.1685 2
      vertex -29.8656 -10.227 6
      vertex -29.9444 -10.1685 6
    endloop
  endfacet
  facet normal -0.59608 -0.802925 -0
    outer loop
      vertex -29.8656 -10.227 6
      vertex -29.9444 -10.1685 2
      vertex -29.8656 -10.227 2
    endloop
  endfacet
  facet normal 0.0489209 -0.998803 0
    outer loop
      vertex -30.598 -10.0048 2
      vertex -30.5 -10 6
      vertex -30.598 -10.0048 6
    endloop
  endfacet
  facet normal 0.0489209 -0.998803 0
    outer loop
      vertex -30.5 -10 6
      vertex -30.598 -10.0048 2
      vertex -30.5 -10 2
    endloop
  endfacet
  facet normal 0.9038 0.427955 0
    outer loop
      vertex -31.3819 -11.4714 6
      vertex -31.4239 -11.3827 2
      vertex -31.4239 -11.3827 6
    endloop
  endfacet
  facet normal 0.9038 0.427955 0
    outer loop
      vertex -31.4239 -11.3827 2
      vertex -31.3819 -11.4714 6
      vertex -31.3819 -11.4714 2
    endloop
  endfacet
  facet normal -0.941742 0.336336 0
    outer loop
      vertex -29.5761 -11.3827 2
      vertex -29.5431 -11.2903 6
      vertex -29.5431 -11.2903 2
    endloop
  endfacet
  facet normal -0.941742 0.336336 0
    outer loop
      vertex -29.5431 -11.2903 6
      vertex -29.5761 -11.3827 2
      vertex -29.5761 -11.3827 6
    endloop
  endfacet
  facet normal -0.146696 -0.989182 0
    outer loop
      vertex -30.402 -10.0048 2
      vertex -30.3049 -10.0192 6
      vertex -30.402 -10.0048 6
    endloop
  endfacet
  facet normal -0.146696 -0.989182 -0
    outer loop
      vertex -30.3049 -10.0192 6
      vertex -30.402 -10.0048 2
      vertex -30.3049 -10.0192 2
    endloop
  endfacet
  facet normal 0.427955 -0.9038 0
    outer loop
      vertex -30.9714 -10.1181 2
      vertex -30.8827 -10.0761 6
      vertex -30.9714 -10.1181 6
    endloop
  endfacet
  facet normal 0.427955 -0.9038 0
    outer loop
      vertex -30.8827 -10.0761 6
      vertex -30.9714 -10.1181 2
      vertex -30.8827 -10.0761 2
    endloop
  endfacet
  facet normal -0.513596 -0.858032 0
    outer loop
      vertex -30.0286 -10.1181 2
      vertex -29.9444 -10.1685 6
      vertex -30.0286 -10.1181 6
    endloop
  endfacet
  facet normal -0.513596 -0.858032 -0
    outer loop
      vertex -29.9444 -10.1685 6
      vertex -30.0286 -10.1181 2
      vertex -29.9444 -10.1685 2
    endloop
  endfacet
  facet normal -0.427955 0.9038 0
    outer loop
      vertex -30.0286 -11.8819 2
      vertex -30.1173 -11.9239 6
      vertex -30.0286 -11.8819 6
    endloop
  endfacet
  facet normal -0.427955 0.9038 0
    outer loop
      vertex -30.1173 -11.9239 6
      vertex -30.0286 -11.8819 2
      vertex -30.1173 -11.9239 2
    endloop
  endfacet
  facet normal 0.941742 0.336336 0
    outer loop
      vertex -31.4239 -11.3827 6
      vertex -31.4569 -11.2903 2
      vertex -31.4569 -11.2903 6
    endloop
  endfacet
  facet normal 0.941742 0.336336 0
    outer loop
      vertex -31.4569 -11.2903 2
      vertex -31.4239 -11.3827 6
      vertex -31.4239 -11.3827 2
    endloop
  endfacet
  facet normal -0.858032 0.513596 0
    outer loop
      vertex -29.6685 -11.5556 2
      vertex -29.6181 -11.4714 6
      vertex -29.6181 -11.4714 2
    endloop
  endfacet
  facet normal -0.858032 0.513596 0
    outer loop
      vertex -29.6181 -11.4714 6
      vertex -29.6685 -11.5556 2
      vertex -29.6685 -11.5556 6
    endloop
  endfacet
  facet normal -0.9038 0.427955 0
    outer loop
      vertex -29.6181 -11.4714 2
      vertex -29.5761 -11.3827 6
      vertex -29.5761 -11.3827 2
    endloop
  endfacet
  facet normal -0.9038 0.427955 0
    outer loop
      vertex -29.5761 -11.3827 6
      vertex -29.6181 -11.4714 2
      vertex -29.6181 -11.4714 6
    endloop
  endfacet
  facet normal -0.998803 0.0489209 0
    outer loop
      vertex -29.5048 -11.098 2
      vertex -29.5 -11 6
      vertex -29.5 -11 2
    endloop
  endfacet
  facet normal -0.998803 0.0489209 0
    outer loop
      vertex -29.5 -11 6
      vertex -29.5048 -11.098 2
      vertex -29.5048 -11.098 6
    endloop
  endfacet
  facet normal 0.146696 -0.989182 0
    outer loop
      vertex -30.6951 -10.0192 2
      vertex -30.598 -10.0048 6
      vertex -30.6951 -10.0192 6
    endloop
  endfacet
  facet normal 0.146696 -0.989182 0
    outer loop
      vertex -30.598 -10.0048 6
      vertex -30.6951 -10.0192 2
      vertex -30.598 -10.0048 2
    endloop
  endfacet
  facet normal -0.146696 0.989182 0
    outer loop
      vertex -30.3049 -11.9808 2
      vertex -30.402 -11.9952 6
      vertex -30.3049 -11.9808 6
    endloop
  endfacet
  facet normal -0.146696 0.989182 0
    outer loop
      vertex -30.402 -11.9952 6
      vertex -30.3049 -11.9808 2
      vertex -30.402 -11.9952 2
    endloop
  endfacet
  facet normal -0.740908 0.671607 0
    outer loop
      vertex -29.7929 -11.7071 2
      vertex -29.727 -11.6344 6
      vertex -29.727 -11.6344 2
    endloop
  endfacet
  facet normal -0.740908 0.671607 0
    outer loop
      vertex -29.727 -11.6344 6
      vertex -29.7929 -11.7071 2
      vertex -29.7929 -11.7071 6
    endloop
  endfacet
  facet normal -0.802925 0.59608 0
    outer loop
      vertex -29.727 -11.6344 2
      vertex -29.6685 -11.5556 6
      vertex -29.6685 -11.5556 2
    endloop
  endfacet
  facet normal -0.802925 0.59608 0
    outer loop
      vertex -29.6685 -11.5556 6
      vertex -29.727 -11.6344 2
      vertex -29.727 -11.6344 6
    endloop
  endfacet
  facet normal 0.243494 -0.969902 0
    outer loop
      vertex -30.7903 -10.0431 2
      vertex -30.6951 -10.0192 6
      vertex -30.7903 -10.0431 6
    endloop
  endfacet
  facet normal 0.243494 -0.969902 0
    outer loop
      vertex -30.6951 -10.0192 6
      vertex -30.7903 -10.0431 2
      vertex -30.6951 -10.0192 2
    endloop
  endfacet
  facet normal -0.802925 -0.59608 0
    outer loop
      vertex -29.6685 -10.4444 2
      vertex -29.727 -10.3656 6
      vertex -29.727 -10.3656 2
    endloop
  endfacet
  facet normal -0.802925 -0.59608 0
    outer loop
      vertex -29.727 -10.3656 6
      vertex -29.6685 -10.4444 2
      vertex -29.6685 -10.4444 6
    endloop
  endfacet
  facet normal -0.0489209 -0.998803 0
    outer loop
      vertex -30.5 -10 2
      vertex -30.402 -10.0048 6
      vertex -30.5 -10 6
    endloop
  endfacet
  facet normal -0.0489209 -0.998803 -0
    outer loop
      vertex -30.402 -10.0048 6
      vertex -30.5 -10 2
      vertex -30.402 -10.0048 2
    endloop
  endfacet
  facet normal -0.9038 -0.427955 0
    outer loop
      vertex -29.5761 -10.6173 2
      vertex -29.6181 -10.5286 6
      vertex -29.6181 -10.5286 2
    endloop
  endfacet
  facet normal -0.9038 -0.427955 0
    outer loop
      vertex -29.6181 -10.5286 6
      vertex -29.5761 -10.6173 2
      vertex -29.5761 -10.6173 6
    endloop
  endfacet
  facet normal 0.858032 -0.513596 0
    outer loop
      vertex -31.3819 -10.5286 6
      vertex -31.3315 -10.4444 2
      vertex -31.3315 -10.4444 6
    endloop
  endfacet
  facet normal 0.858032 -0.513596 0
    outer loop
      vertex -31.3315 -10.4444 2
      vertex -31.3819 -10.5286 6
      vertex -31.3819 -10.5286 2
    endloop
  endfacet
  facet normal 0.671607 -0.740908 0
    outer loop
      vertex -31.2071 -10.2929 2
      vertex -31.1344 -10.227 6
      vertex -31.2071 -10.2929 6
    endloop
  endfacet
  facet normal 0.671607 -0.740908 0
    outer loop
      vertex -31.1344 -10.227 6
      vertex -31.2071 -10.2929 2
      vertex -31.1344 -10.227 2
    endloop
  endfacet
  facet normal 0.858032 0.513596 0
    outer loop
      vertex -31.3315 -11.5556 6
      vertex -31.3819 -11.4714 2
      vertex -31.3819 -11.4714 6
    endloop
  endfacet
  facet normal 0.858032 0.513596 0
    outer loop
      vertex -31.3819 -11.4714 2
      vertex -31.3315 -11.5556 6
      vertex -31.3315 -11.5556 2
    endloop
  endfacet
  facet normal 0.427955 0.9038 -0
    outer loop
      vertex -30.8827 -11.9239 2
      vertex -30.9714 -11.8819 6
      vertex -30.8827 -11.9239 6
    endloop
  endfacet
  facet normal 0.427955 0.9038 0
    outer loop
      vertex -30.9714 -11.8819 6
      vertex -30.8827 -11.9239 2
      vertex -30.9714 -11.8819 2
    endloop
  endfacet
  facet normal 0.740908 0.671607 0
    outer loop
      vertex -31.2071 -11.7071 6
      vertex -31.273 -11.6344 2
      vertex -31.273 -11.6344 6
    endloop
  endfacet
  facet normal 0.740908 0.671607 0
    outer loop
      vertex -31.273 -11.6344 2
      vertex -31.2071 -11.7071 6
      vertex -31.2071 -11.7071 2
    endloop
  endfacet
  facet normal 0.336336 -0.941742 0
    outer loop
      vertex -30.8827 -10.0761 2
      vertex -30.7903 -10.0431 6
      vertex -30.8827 -10.0761 6
    endloop
  endfacet
  facet normal 0.336336 -0.941742 0
    outer loop
      vertex -30.7903 -10.0431 6
      vertex -30.8827 -10.0761 2
      vertex -30.7903 -10.0431 2
    endloop
  endfacet
  facet normal 0.513596 0.858032 -0
    outer loop
      vertex -30.9714 -11.8819 2
      vertex -31.0556 -11.8315 6
      vertex -30.9714 -11.8819 6
    endloop
  endfacet
  facet normal 0.513596 0.858032 0
    outer loop
      vertex -31.0556 -11.8315 6
      vertex -30.9714 -11.8819 2
      vertex -31.0556 -11.8315 2
    endloop
  endfacet
  facet normal -0.59608 0.802925 0
    outer loop
      vertex -29.8656 -11.773 2
      vertex -29.9444 -11.8315 6
      vertex -29.8656 -11.773 6
    endloop
  endfacet
  facet normal -0.59608 0.802925 0
    outer loop
      vertex -29.9444 -11.8315 6
      vertex -29.8656 -11.773 2
      vertex -29.9444 -11.8315 2
    endloop
  endfacet
  facet normal 0.941742 -0.336336 0
    outer loop
      vertex -31.4569 -10.7097 6
      vertex -31.4239 -10.6173 2
      vertex -31.4239 -10.6173 6
    endloop
  endfacet
  facet normal 0.941742 -0.336336 0
    outer loop
      vertex -31.4239 -10.6173 2
      vertex -31.4569 -10.7097 6
      vertex -31.4569 -10.7097 2
    endloop
  endfacet
  facet normal 0.989182 0.146696 0
    outer loop
      vertex -31.4808 -11.1951 6
      vertex -31.4952 -11.098 2
      vertex -31.4952 -11.098 6
    endloop
  endfacet
  facet normal 0.989182 0.146696 0
    outer loop
      vertex -31.4952 -11.098 2
      vertex -31.4808 -11.1951 6
      vertex -31.4808 -11.1951 2
    endloop
  endfacet
  facet normal -0.336336 -0.941742 0
    outer loop
      vertex -30.2097 -10.0431 2
      vertex -30.1173 -10.0761 6
      vertex -30.2097 -10.0431 6
    endloop
  endfacet
  facet normal -0.336336 -0.941742 -0
    outer loop
      vertex -30.1173 -10.0761 6
      vertex -30.2097 -10.0431 2
      vertex -30.1173 -10.0761 2
    endloop
  endfacet
  facet normal 0.802925 0.59608 0
    outer loop
      vertex -31.273 -11.6344 6
      vertex -31.3315 -11.5556 2
      vertex -31.3315 -11.5556 6
    endloop
  endfacet
  facet normal 0.802925 0.59608 0
    outer loop
      vertex -31.3315 -11.5556 2
      vertex -31.273 -11.6344 6
      vertex -31.273 -11.6344 2
    endloop
  endfacet
  facet normal 0.969902 -0.243494 0
    outer loop
      vertex -31.4808 -10.8049 6
      vertex -31.4569 -10.7097 2
      vertex -31.4569 -10.7097 6
    endloop
  endfacet
  facet normal 0.969902 -0.243494 0
    outer loop
      vertex -31.4569 -10.7097 2
      vertex -31.4808 -10.8049 6
      vertex -31.4808 -10.8049 2
    endloop
  endfacet
  facet normal 0.9038 -0.427955 0
    outer loop
      vertex -31.4239 -10.6173 6
      vertex -31.3819 -10.5286 2
      vertex -31.3819 -10.5286 6
    endloop
  endfacet
  facet normal 0.9038 -0.427955 0
    outer loop
      vertex -31.3819 -10.5286 2
      vertex -31.4239 -10.6173 6
      vertex -31.4239 -10.6173 2
    endloop
  endfacet
  facet normal 0.671607 0.740908 -0
    outer loop
      vertex -31.1344 -11.773 2
      vertex -31.2071 -11.7071 6
      vertex -31.1344 -11.773 6
    endloop
  endfacet
  facet normal 0.671607 0.740908 0
    outer loop
      vertex -31.2071 -11.7071 6
      vertex -31.1344 -11.773 2
      vertex -31.2071 -11.7071 2
    endloop
  endfacet
  facet normal 0.802925 -0.59608 0
    outer loop
      vertex -31.3315 -10.4444 6
      vertex -31.273 -10.3656 2
      vertex -31.273 -10.3656 6
    endloop
  endfacet
  facet normal 0.802925 -0.59608 0
    outer loop
      vertex -31.273 -10.3656 2
      vertex -31.3315 -10.4444 6
      vertex -31.3315 -10.4444 2
    endloop
  endfacet
  facet normal 0.0489209 0.998803 -0
    outer loop
      vertex -30.5 -12 2
      vertex -30.598 -11.9952 6
      vertex -30.5 -12 6
    endloop
  endfacet
  facet normal 0.0489209 0.998803 0
    outer loop
      vertex -30.598 -11.9952 6
      vertex -30.5 -12 2
      vertex -30.598 -11.9952 2
    endloop
  endfacet
  facet normal 0.146696 0.989182 -0
    outer loop
      vertex -30.598 -11.9952 2
      vertex -30.6951 -11.9808 6
      vertex -30.598 -11.9952 6
    endloop
  endfacet
  facet normal 0.146696 0.989182 0
    outer loop
      vertex -30.6951 -11.9808 6
      vertex -30.598 -11.9952 2
      vertex -30.6951 -11.9808 2
    endloop
  endfacet
  facet normal 0.989182 -0.146696 0
    outer loop
      vertex -31.4952 -10.902 6
      vertex -31.4808 -10.8049 2
      vertex -31.4808 -10.8049 6
    endloop
  endfacet
  facet normal 0.989182 -0.146696 0
    outer loop
      vertex -31.4808 -10.8049 2
      vertex -31.4952 -10.902 6
      vertex -31.4952 -10.902 2
    endloop
  endfacet
  facet normal 0.998803 -0.0489209 0
    outer loop
      vertex -31.5 -11 6
      vertex -31.4952 -10.902 2
      vertex -31.4952 -10.902 6
    endloop
  endfacet
  facet normal 0.998803 -0.0489209 0
    outer loop
      vertex -31.4952 -10.902 2
      vertex -31.5 -11 6
      vertex -31.5 -11 2
    endloop
  endfacet
  facet normal 0.336336 0.941742 -0
    outer loop
      vertex -30.7903 -11.9569 2
      vertex -30.8827 -11.9239 6
      vertex -30.7903 -11.9569 6
    endloop
  endfacet
  facet normal 0.336336 0.941742 0
    outer loop
      vertex -30.8827 -11.9239 6
      vertex -30.7903 -11.9569 2
      vertex -30.8827 -11.9239 2
    endloop
  endfacet
  facet normal -0.671607 0.740908 0
    outer loop
      vertex -29.7929 -11.7071 2
      vertex -29.8656 -11.773 6
      vertex -29.7929 -11.7071 6
    endloop
  endfacet
  facet normal -0.671607 0.740908 0
    outer loop
      vertex -29.8656 -11.773 6
      vertex -29.7929 -11.7071 2
      vertex -29.8656 -11.773 2
    endloop
  endfacet
  facet normal 0.741127 0.671365 0
    outer loop
      vertex -28.4902 12.6494 6
      vertex -28.6615 12.8385 2
      vertex -28.6615 12.8385 6
    endloop
  endfacet
  facet normal 0.741127 0.671365 0
    outer loop
      vertex -28.6615 12.8385 2
      vertex -28.4902 12.6494 6
      vertex -28.4902 12.6494 2
    endloop
  endfacet
  facet normal 0.989142 0.146961 0
    outer loop
      vertex -27.9125 11.2548 6
      vertex -27.95 11.5072 2
      vertex -27.95 11.5072 6
    endloop
  endfacet
  facet normal 0.989142 0.146961 0
    outer loop
      vertex -27.95 11.5072 2
      vertex -27.9125 11.2548 6
      vertex -27.9125 11.2548 2
    endloop
  endfacet
  facet normal 0.998799 0.0489992 0
    outer loop
      vertex -27.9 11 6
      vertex -27.9125 11.2548 2
      vertex -27.9125 11.2548 6
    endloop
  endfacet
  facet normal 0.998799 0.0489992 0
    outer loop
      vertex -27.9125 11.2548 2
      vertex -27.9 11 6
      vertex -27.9 11 2
    endloop
  endfacet
  facet normal 0.970027 0.242997 0
    outer loop
      vertex -27.95 11.5072 6
      vertex -28.012 11.7547 2
      vertex -28.012 11.7547 6
    endloop
  endfacet
  facet normal 0.970027 0.242997 0
    outer loop
      vertex -28.012 11.7547 2
      vertex -27.95 11.5072 6
      vertex -27.95 11.5072 2
    endloop
  endfacet
  facet normal 0.336783 -0.941582 0
    outer loop
      vertex -29.7453 8.51196 2
      vertex -29.505 8.59791 6
      vertex -29.7453 8.51196 6
    endloop
  endfacet
  facet normal 0.336783 -0.941582 0
    outer loop
      vertex -29.505 8.59791 6
      vertex -29.7453 8.51196 2
      vertex -29.505 8.59791 2
    endloop
  endfacet
  facet normal 0.671365 0.741127 -0
    outer loop
      vertex -28.6615 12.8385 2
      vertex -28.8506 13.0098 6
      vertex -28.6615 12.8385 6
    endloop
  endfacet
  facet normal 0.671365 0.741127 0
    outer loop
      vertex -28.8506 13.0098 6
      vertex -28.6615 12.8385 2
      vertex -28.8506 13.0098 2
    endloop
  endfacet
  facet normal 0.941644 0.336609 0
    outer loop
      vertex -28.012 11.7547 6
      vertex -28.0979 11.995 2
      vertex -28.0979 11.995 6
    endloop
  endfacet
  facet normal 0.941644 0.336609 0
    outer loop
      vertex -28.0979 11.995 2
      vertex -28.012 11.7547 6
      vertex -28.012 11.7547 2
    endloop
  endfacet
  facet normal 0.0490774 -0.998795 0
    outer loop
      vertex -30.5 8.4 2
      vertex -30.2452 8.41252 6
      vertex -30.5 8.4 6
    endloop
  endfacet
  facet normal 0.0490774 -0.998795 0
    outer loop
      vertex -30.2452 8.41252 6
      vertex -30.5 8.4 2
      vertex -30.2452 8.41252 2
    endloop
  endfacet
  facet normal -0.595765 -0.803159 0
    outer loop
      vertex -32.1494 8.99017 2
      vertex -31.9445 8.83818 6
      vertex -32.1494 8.99017 6
    endloop
  endfacet
  facet normal -0.595765 -0.803159 -0
    outer loop
      vertex -31.9445 8.83818 6
      vertex -32.1494 8.99017 2
      vertex -31.9445 8.83818 2
    endloop
  endfacet
  facet normal 0.514006 -0.857787 0
    outer loop
      vertex -29.2744 8.70701 2
      vertex -29.0555 8.83818 6
      vertex -29.2744 8.70701 6
    endloop
  endfacet
  facet normal 0.514006 -0.857787 0
    outer loop
      vertex -29.0555 8.83818 6
      vertex -29.2744 8.70701 2
      vertex -29.0555 8.83818 2
    endloop
  endfacet
  facet normal -0.242997 -0.970027 0
    outer loop
      vertex -31.2547 8.51196 2
      vertex -31.0072 8.44996 6
      vertex -31.2547 8.51196 6
    endloop
  endfacet
  facet normal -0.242997 -0.970027 -0
    outer loop
      vertex -31.0072 8.44996 6
      vertex -31.2547 8.51196 2
      vertex -31.0072 8.44996 2
    endloop
  endfacet
  facet normal 0.857735 0.514092 0
    outer loop
      vertex -28.207 12.2256 6
      vertex -28.3382 12.4445 2
      vertex -28.3382 12.4445 6
    endloop
  endfacet
  facet normal 0.857735 0.514092 0
    outer loop
      vertex -28.3382 12.4445 2
      vertex -28.207 12.2256 6
      vertex -28.207 12.2256 2
    endloop
  endfacet
  facet normal -0.998799 -0.0489992 0
    outer loop
      vertex -33.0875 10.7452 2
      vertex -33.1 11 6
      vertex -33.1 11 2
    endloop
  endfacet
  facet normal -0.998799 -0.0489992 0
    outer loop
      vertex -33.1 11 6
      vertex -33.0875 10.7452 2
      vertex -33.0875 10.7452 6
    endloop
  endfacet
  facet normal -0.903959 -0.42762 0
    outer loop
      vertex -32.793 9.77437 2
      vertex -32.9021 10.005 6
      vertex -32.9021 10.005 2
    endloop
  endfacet
  facet normal -0.903959 -0.42762 0
    outer loop
      vertex -32.9021 10.005 6
      vertex -32.793 9.77437 2
      vertex -32.793 9.77437 6
    endloop
  endfacet
  facet normal 0.903937 0.427665 0
    outer loop
      vertex -28.0979 11.995 6
      vertex -28.207 12.2256 2
      vertex -28.207 12.2256 6
    endloop
  endfacet
  facet normal 0.903937 0.427665 0
    outer loop
      vertex -28.207 12.2256 2
      vertex -28.0979 11.995 6
      vertex -28.0979 11.995 2
    endloop
  endfacet
  facet normal 0.970027 -0.242997 0
    outer loop
      vertex -28.012 10.2453 6
      vertex -27.95 10.4928 2
      vertex -27.95 10.4928 6
    endloop
  endfacet
  facet normal 0.970027 -0.242997 0
    outer loop
      vertex -27.95 10.4928 2
      vertex -28.012 10.2453 6
      vertex -28.012 10.2453 2
    endloop
  endfacet
  facet normal -0.514092 0.857735 0
    outer loop
      vertex -31.7256 13.293 2
      vertex -31.9445 13.1618 6
      vertex -31.7256 13.293 6
    endloop
  endfacet
  facet normal -0.514092 0.857735 0
    outer loop
      vertex -31.9445 13.1618 6
      vertex -31.7256 13.293 2
      vertex -31.9445 13.1618 2
    endloop
  endfacet
  facet normal -0.970027 -0.242997 0
    outer loop
      vertex -32.988 10.2453 2
      vertex -33.05 10.4928 6
      vertex -33.05 10.4928 2
    endloop
  endfacet
  facet normal -0.970027 -0.242997 0
    outer loop
      vertex -33.05 10.4928 6
      vertex -32.988 10.2453 2
      vertex -32.988 10.2453 6
    endloop
  endfacet
  facet normal 0.242997 0.970027 -0
    outer loop
      vertex -29.7453 13.488 2
      vertex -29.9928 13.55 6
      vertex -29.7453 13.488 6
    endloop
  endfacet
  facet normal 0.242997 0.970027 0
    outer loop
      vertex -29.9928 13.55 6
      vertex -29.7453 13.488 2
      vertex -29.9928 13.55 2
    endloop
  endfacet
  facet normal 0.941644 -0.336609 0
    outer loop
      vertex -28.0979 10.005 6
      vertex -28.012 10.2453 2
      vertex -28.012 10.2453 6
    endloop
  endfacet
  facet normal 0.941644 -0.336609 0
    outer loop
      vertex -28.012 10.2453 2
      vertex -28.0979 10.005 6
      vertex -28.0979 10.005 2
    endloop
  endfacet
  facet normal 0.989142 -0.146961 0
    outer loop
      vertex -27.95 10.4928 6
      vertex -27.9125 10.7452 2
      vertex -27.9125 10.7452 6
    endloop
  endfacet
  facet normal 0.989142 -0.146961 0
    outer loop
      vertex -27.9125 10.7452 2
      vertex -27.95 10.4928 6
      vertex -27.95 10.4928 2
    endloop
  endfacet
  facet normal 0.146961 0.989142 -0
    outer loop
      vertex -29.9928 13.55 2
      vertex -30.2452 13.5875 6
      vertex -29.9928 13.55 6
    endloop
  endfacet
  facet normal 0.146961 0.989142 0
    outer loop
      vertex -30.2452 13.5875 6
      vertex -29.9928 13.55 2
      vertex -30.2452 13.5875 2
    endloop
  endfacet
  facet normal -0.427665 0.903937 0
    outer loop
      vertex -31.495 13.4021 2
      vertex -31.7256 13.293 6
      vertex -31.495 13.4021 6
    endloop
  endfacet
  facet normal -0.427665 0.903937 0
    outer loop
      vertex -31.7256 13.293 6
      vertex -31.495 13.4021 2
      vertex -31.7256 13.293 2
    endloop
  endfacet
  facet normal -0.146961 0.989142 0
    outer loop
      vertex -30.7548 13.5875 2
      vertex -31.0072 13.55 6
      vertex -30.7548 13.5875 6
    endloop
  endfacet
  facet normal -0.146961 0.989142 0
    outer loop
      vertex -31.0072 13.55 6
      vertex -30.7548 13.5875 2
      vertex -31.0072 13.55 2
    endloop
  endfacet
  facet normal 0.427665 -0.903937 0
    outer loop
      vertex -29.505 8.59791 2
      vertex -29.2744 8.70701 6
      vertex -29.505 8.59791 6
    endloop
  endfacet
  facet normal 0.427665 -0.903937 0
    outer loop
      vertex -29.2744 8.70701 6
      vertex -29.505 8.59791 2
      vertex -29.2744 8.70701 2
    endloop
  endfacet
  facet normal -0.671365 0.741127 0
    outer loop
      vertex -32.1494 13.0098 2
      vertex -32.3385 12.8385 6
      vertex -32.1494 13.0098 6
    endloop
  endfacet
  facet normal -0.671365 0.741127 0
    outer loop
      vertex -32.3385 12.8385 6
      vertex -32.1494 13.0098 2
      vertex -32.3385 12.8385 2
    endloop
  endfacet
  facet normal 0.857683 -0.514179 0
    outer loop
      vertex -28.3382 9.55552 6
      vertex -28.207 9.77437 2
      vertex -28.207 9.77437 6
    endloop
  endfacet
  facet normal 0.857683 -0.514179 0
    outer loop
      vertex -28.207 9.77437 2
      vertex -28.3382 9.55552 6
      vertex -28.3382 9.55552 2
    endloop
  endfacet
  facet normal -0.59579 0.80314 0
    outer loop
      vertex -31.9445 13.1618 2
      vertex -32.1494 13.0098 6
      vertex -31.9445 13.1618 6
    endloop
  endfacet
  facet normal -0.59579 0.80314 0
    outer loop
      vertex -32.1494 13.0098 6
      vertex -31.9445 13.1618 2
      vertex -32.1494 13.0098 2
    endloop
  endfacet
  facet normal 0.903959 -0.42762 0
    outer loop
      vertex -28.207 9.77437 6
      vertex -28.0979 10.005 2
      vertex -28.0979 10.005 6
    endloop
  endfacet
  facet normal 0.903959 -0.42762 0
    outer loop
      vertex -28.0979 10.005 2
      vertex -28.207 9.77437 6
      vertex -28.207 9.77437 2
    endloop
  endfacet
  facet normal 0.998799 -0.0489992 0
    outer loop
      vertex -27.9125 10.7452 6
      vertex -27.9 11 2
      vertex -27.9 11 6
    endloop
  endfacet
  facet normal 0.998799 -0.0489992 0
    outer loop
      vertex -27.9 11 2
      vertex -27.9125 10.7452 6
      vertex -27.9125 10.7452 2
    endloop
  endfacet
  facet normal -0.741127 0.671365 0
    outer loop
      vertex -32.5098 12.6494 2
      vertex -32.3385 12.8385 6
      vertex -32.3385 12.8385 2
    endloop
  endfacet
  facet normal -0.741127 0.671365 0
    outer loop
      vertex -32.3385 12.8385 6
      vertex -32.5098 12.6494 2
      vertex -32.5098 12.6494 6
    endloop
  endfacet
  facet normal -0.941644 -0.336609 0
    outer loop
      vertex -32.9021 10.005 2
      vertex -32.988 10.2453 6
      vertex -32.988 10.2453 2
    endloop
  endfacet
  facet normal -0.941644 -0.336609 0
    outer loop
      vertex -32.988 10.2453 6
      vertex -32.9021 10.005 2
      vertex -32.9021 10.005 6
    endloop
  endfacet
  facet normal 0.514092 0.857735 -0
    outer loop
      vertex -29.0555 13.1618 2
      vertex -29.2744 13.293 6
      vertex -29.0555 13.1618 6
    endloop
  endfacet
  facet normal 0.514092 0.857735 0
    outer loop
      vertex -29.2744 13.293 6
      vertex -29.0555 13.1618 2
      vertex -29.2744 13.293 2
    endloop
  endfacet
  facet normal 0.59579 0.80314 -0
    outer loop
      vertex -28.8506 13.0098 2
      vertex -29.0555 13.1618 6
      vertex -28.8506 13.0098 6
    endloop
  endfacet
  facet normal 0.59579 0.80314 0
    outer loop
      vertex -29.0555 13.1618 6
      vertex -28.8506 13.0098 2
      vertex -29.0555 13.1618 2
    endloop
  endfacet
  facet normal 0.14673 -0.989177 0
    outer loop
      vertex -30.2452 8.41252 2
      vertex -29.9928 8.44996 6
      vertex -30.2452 8.41252 6
    endloop
  endfacet
  facet normal 0.14673 -0.989177 0
    outer loop
      vertex -29.9928 8.44996 6
      vertex -30.2452 8.41252 2
      vertex -29.9928 8.44996 2
    endloop
  endfacet
  facet normal 0.741056 -0.671443 0
    outer loop
      vertex -28.6615 9.16152 6
      vertex -28.4902 9.35058 2
      vertex -28.4902 9.35058 6
    endloop
  endfacet
  facet normal 0.741056 -0.671443 0
    outer loop
      vertex -28.4902 9.35058 2
      vertex -28.6615 9.16152 6
      vertex -28.6615 9.16152 2
    endloop
  endfacet
  facet normal 0.803196 -0.595715 0
    outer loop
      vertex -28.4902 9.35058 6
      vertex -28.3382 9.55552 2
      vertex -28.3382 9.55552 6
    endloop
  endfacet
  facet normal 0.803196 -0.595715 0
    outer loop
      vertex -28.3382 9.55552 2
      vertex -28.4902 9.35058 6
      vertex -28.4902 9.35058 2
    endloop
  endfacet
  facet normal 0.242997 -0.970027 0
    outer loop
      vertex -29.9928 8.44996 2
      vertex -29.7453 8.51196 6
      vertex -29.9928 8.44996 6
    endloop
  endfacet
  facet normal 0.242997 -0.970027 0
    outer loop
      vertex -29.7453 8.51196 6
      vertex -29.9928 8.44996 2
      vertex -29.7453 8.51196 2
    endloop
  endfacet
  facet normal -0.242997 0.970027 0
    outer loop
      vertex -31.0072 13.55 2
      vertex -31.2547 13.488 6
      vertex -31.0072 13.55 6
    endloop
  endfacet
  facet normal -0.242997 0.970027 0
    outer loop
      vertex -31.2547 13.488 6
      vertex -31.0072 13.55 2
      vertex -31.2547 13.488 2
    endloop
  endfacet
  facet normal 0.80314 0.59579 0
    outer loop
      vertex -28.3382 12.4445 6
      vertex -28.4902 12.6494 2
      vertex -28.4902 12.6494 6
    endloop
  endfacet
  facet normal 0.80314 0.59579 0
    outer loop
      vertex -28.4902 12.6494 2
      vertex -28.3382 12.4445 6
      vertex -28.3382 12.4445 2
    endloop
  endfacet
  facet normal 0.0489992 0.998799 -0
    outer loop
      vertex -30.2452 13.5875 2
      vertex -30.5 13.6 6
      vertex -30.2452 13.5875 6
    endloop
  endfacet
  facet normal 0.0489992 0.998799 0
    outer loop
      vertex -30.5 13.6 6
      vertex -30.2452 13.5875 2
      vertex -30.5 13.6 2
    endloop
  endfacet
  facet normal -0.857735 0.514092 0
    outer loop
      vertex -32.793 12.2256 2
      vertex -32.6618 12.4445 6
      vertex -32.6618 12.4445 2
    endloop
  endfacet
  facet normal -0.857735 0.514092 0
    outer loop
      vertex -32.6618 12.4445 6
      vertex -32.793 12.2256 2
      vertex -32.793 12.2256 6
    endloop
  endfacet
  facet normal 0.427665 0.903937 -0
    outer loop
      vertex -29.2744 13.293 2
      vertex -29.505 13.4021 6
      vertex -29.2744 13.293 6
    endloop
  endfacet
  facet normal 0.427665 0.903937 0
    outer loop
      vertex -29.505 13.4021 6
      vertex -29.2744 13.293 2
      vertex -29.505 13.4021 2
    endloop
  endfacet
  facet normal -0.857683 -0.514179 0
    outer loop
      vertex -32.6618 9.55552 2
      vertex -32.793 9.77437 6
      vertex -32.793 9.77437 2
    endloop
  endfacet
  facet normal -0.857683 -0.514179 0
    outer loop
      vertex -32.793 9.77437 6
      vertex -32.6618 9.55552 2
      vertex -32.6618 9.55552 6
    endloop
  endfacet
  facet normal -0.427665 -0.903937 0
    outer loop
      vertex -31.7256 8.70701 2
      vertex -31.495 8.59791 6
      vertex -31.7256 8.70701 6
    endloop
  endfacet
  facet normal -0.427665 -0.903937 -0
    outer loop
      vertex -31.495 8.59791 6
      vertex -31.7256 8.70701 2
      vertex -31.495 8.59791 2
    endloop
  endfacet
  facet normal -0.741056 -0.671443 0
    outer loop
      vertex -32.3385 9.16152 2
      vertex -32.5098 9.35058 6
      vertex -32.5098 9.35058 2
    endloop
  endfacet
  facet normal -0.741056 -0.671443 0
    outer loop
      vertex -32.5098 9.35058 6
      vertex -32.3385 9.16152 2
      vertex -32.3385 9.16152 6
    endloop
  endfacet
  facet normal -0.336609 0.941644 0
    outer loop
      vertex -31.2547 13.488 2
      vertex -31.495 13.4021 6
      vertex -31.2547 13.488 6
    endloop
  endfacet
  facet normal -0.336609 0.941644 0
    outer loop
      vertex -31.495 13.4021 6
      vertex -31.2547 13.488 2
      vertex -31.495 13.4021 2
    endloop
  endfacet
  facet normal -0.514006 -0.857787 0
    outer loop
      vertex -31.9445 8.83818 2
      vertex -31.7256 8.70701 6
      vertex -31.9445 8.83818 6
    endloop
  endfacet
  facet normal -0.514006 -0.857787 -0
    outer loop
      vertex -31.7256 8.70701 6
      vertex -31.9445 8.83818 2
      vertex -31.7256 8.70701 2
    endloop
  endfacet
  facet normal 0.595765 -0.803159 0
    outer loop
      vertex -29.0555 8.83818 2
      vertex -28.8506 8.99017 6
      vertex -29.0555 8.83818 6
    endloop
  endfacet
  facet normal 0.595765 -0.803159 0
    outer loop
      vertex -28.8506 8.99017 6
      vertex -29.0555 8.83818 2
      vertex -28.8506 8.99017 2
    endloop
  endfacet
  facet normal -0.0489992 0.998799 0
    outer loop
      vertex -30.5 13.6 2
      vertex -30.7548 13.5875 6
      vertex -30.5 13.6 6
    endloop
  endfacet
  facet normal -0.0489992 0.998799 0
    outer loop
      vertex -30.7548 13.5875 6
      vertex -30.5 13.6 2
      vertex -30.7548 13.5875 2
    endloop
  endfacet
  facet normal -0.970027 0.242997 0
    outer loop
      vertex -33.05 11.5072 2
      vertex -32.988 11.7547 6
      vertex -32.988 11.7547 2
    endloop
  endfacet
  facet normal -0.970027 0.242997 0
    outer loop
      vertex -32.988 11.7547 6
      vertex -33.05 11.5072 2
      vertex -33.05 11.5072 6
    endloop
  endfacet
  facet normal -0.941644 0.336609 0
    outer loop
      vertex -32.988 11.7547 2
      vertex -32.9021 11.995 6
      vertex -32.9021 11.995 2
    endloop
  endfacet
  facet normal -0.941644 0.336609 0
    outer loop
      vertex -32.9021 11.995 6
      vertex -32.988 11.7547 2
      vertex -32.988 11.7547 6
    endloop
  endfacet
  facet normal 0.336609 0.941644 -0
    outer loop
      vertex -29.505 13.4021 2
      vertex -29.7453 13.488 6
      vertex -29.505 13.4021 6
    endloop
  endfacet
  facet normal 0.336609 0.941644 0
    outer loop
      vertex -29.7453 13.488 6
      vertex -29.505 13.4021 2
      vertex -29.7453 13.488 2
    endloop
  endfacet
  facet normal -0.803196 -0.595715 0
    outer loop
      vertex -32.5098 9.35058 2
      vertex -32.6618 9.55552 6
      vertex -32.6618 9.55552 2
    endloop
  endfacet
  facet normal -0.803196 -0.595715 0
    outer loop
      vertex -32.6618 9.55552 6
      vertex -32.5098 9.35058 2
      vertex -32.5098 9.35058 6
    endloop
  endfacet
  facet normal -0.989142 -0.146961 0
    outer loop
      vertex -33.05 10.4928 2
      vertex -33.0875 10.7452 6
      vertex -33.0875 10.7452 2
    endloop
  endfacet
  facet normal -0.989142 -0.146961 0
    outer loop
      vertex -33.0875 10.7452 6
      vertex -33.05 10.4928 2
      vertex -33.05 10.4928 6
    endloop
  endfacet
  facet normal -0.903937 0.427665 0
    outer loop
      vertex -32.9021 11.995 2
      vertex -32.793 12.2256 6
      vertex -32.793 12.2256 2
    endloop
  endfacet
  facet normal -0.903937 0.427665 0
    outer loop
      vertex -32.793 12.2256 6
      vertex -32.9021 11.995 2
      vertex -32.9021 11.995 6
    endloop
  endfacet
  facet normal -0.671472 -0.74103 0
    outer loop
      vertex -32.3385 9.16152 2
      vertex -32.1494 8.99017 6
      vertex -32.3385 9.16152 6
    endloop
  endfacet
  facet normal -0.671472 -0.74103 -0
    outer loop
      vertex -32.1494 8.99017 6
      vertex -32.3385 9.16152 2
      vertex -32.1494 8.99017 2
    endloop
  endfacet
  facet normal -0.80314 0.59579 0
    outer loop
      vertex -32.6618 12.4445 2
      vertex -32.5098 12.6494 6
      vertex -32.5098 12.6494 2
    endloop
  endfacet
  facet normal -0.80314 0.59579 0
    outer loop
      vertex -32.5098 12.6494 6
      vertex -32.6618 12.4445 2
      vertex -32.6618 12.4445 6
    endloop
  endfacet
  facet normal -0.0490774 -0.998795 0
    outer loop
      vertex -30.7548 8.41252 2
      vertex -30.5 8.4 6
      vertex -30.7548 8.41252 6
    endloop
  endfacet
  facet normal -0.0490774 -0.998795 -0
    outer loop
      vertex -30.5 8.4 6
      vertex -30.7548 8.41252 2
      vertex -30.5 8.4 2
    endloop
  endfacet
  facet normal -0.14673 -0.989177 0
    outer loop
      vertex -31.0072 8.44996 2
      vertex -30.7548 8.41252 6
      vertex -31.0072 8.44996 6
    endloop
  endfacet
  facet normal -0.14673 -0.989177 -0
    outer loop
      vertex -30.7548 8.41252 6
      vertex -31.0072 8.44996 2
      vertex -30.7548 8.41252 2
    endloop
  endfacet
  facet normal -0.989142 0.146961 0
    outer loop
      vertex -33.0875 11.2548 2
      vertex -33.05 11.5072 6
      vertex -33.05 11.5072 2
    endloop
  endfacet
  facet normal -0.989142 0.146961 0
    outer loop
      vertex -33.05 11.5072 6
      vertex -33.0875 11.2548 2
      vertex -33.0875 11.2548 6
    endloop
  endfacet
  facet normal -0.998799 0.0489992 0
    outer loop
      vertex -33.1 11 2
      vertex -33.0875 11.2548 6
      vertex -33.0875 11.2548 2
    endloop
  endfacet
  facet normal -0.998799 0.0489992 0
    outer loop
      vertex -33.0875 11.2548 6
      vertex -33.1 11 2
      vertex -33.1 11 6
    endloop
  endfacet
  facet normal -0.336783 -0.941582 0
    outer loop
      vertex -31.495 8.59791 2
      vertex -31.2547 8.51196 6
      vertex -31.495 8.59791 6
    endloop
  endfacet
  facet normal -0.336783 -0.941582 -0
    outer loop
      vertex -31.2547 8.51196 6
      vertex -31.495 8.59791 2
      vertex -31.2547 8.51196 2
    endloop
  endfacet
  facet normal 0.671472 -0.74103 0
    outer loop
      vertex -28.8506 8.99017 2
      vertex -28.6615 9.16152 6
      vertex -28.8506 8.99017 6
    endloop
  endfacet
  facet normal 0.671472 -0.74103 0
    outer loop
      vertex -28.6615 9.16152 6
      vertex -28.8506 8.99017 2
      vertex -28.6615 9.16152 2
    endloop
  endfacet
  facet normal 0 0 1
    outer loop
      vertex -29.5 11 6
      vertex -27.9 11 6
      vertex -27.9125 11.2548 6
    endloop
  endfacet
  facet normal 0 0 1
    outer loop
      vertex -29.5048 11.098 6
      vertex -27.9125 11.2548 6
      vertex -27.95 11.5072 6
    endloop
  endfacet
  facet normal 0 0 1
    outer loop
      vertex -27.9 11 6
      vertex -29.5 11 6
      vertex -27.9125 10.7452 6
    endloop
  endfacet
  facet normal 0 0 1
    outer loop
      vertex -29.5192 11.1951 6
      vertex -27.95 11.5072 6
      vertex -28.012 11.7547 6
    endloop
  endfacet
  facet normal -0 0 1
    outer loop
      vertex -29.5048 10.902 6
      vertex -27.9125 10.7452 6
      vertex -29.5 11 6
    endloop
  endfacet
  facet normal 0 0 1
    outer loop
      vertex -29.5431 11.2903 6
      vertex -28.012 11.7547 6
      vertex -28.0979 11.995 6
    endloop
  endfacet
  facet normal 0 0 1
    outer loop
      vertex -27.9125 10.7452 6
      vertex -29.5048 10.902 6
      vertex -27.95 10.4928 6
    endloop
  endfacet
  facet normal 0 0 1
    outer loop
      vertex -29.5761 11.3827 6
      vertex -28.0979 11.995 6
      vertex -28.207 12.2256 6
    endloop
  endfacet
  facet normal -0 0 1
    outer loop
      vertex -29.5192 10.8049 6
      vertex -27.95 10.4928 6
      vertex -29.5048 10.902 6
    endloop
  endfacet
  facet normal 0 0 1
    outer loop
      vertex -29.6181 11.4714 6
      vertex -28.207 12.2256 6
      vertex -28.3382 12.4445 6
    endloop
  endfacet
  facet normal 0 0 1
    outer loop
      vertex -27.95 10.4928 6
      vertex -29.5192 10.8049 6
      vertex -28.012 10.2453 6
    endloop
  endfacet
  facet normal 0 0 1
    outer loop
      vertex -29.6685 11.5556 6
      vertex -28.3382 12.4445 6
      vertex -28.4902 12.6494 6
    endloop
  endfacet
  facet normal -0 0 1
    outer loop
      vertex -29.5431 10.7097 6
      vertex -28.012 10.2453 6
      vertex -29.5192 10.8049 6
    endloop
  endfacet
  facet normal 0 0 1
    outer loop
      vertex -29.727 11.6344 6
      vertex -28.4902 12.6494 6
      vertex -28.6615 12.8385 6
    endloop
  endfacet
  facet normal 0 0 1
    outer loop
      vertex -28.012 10.2453 6
      vertex -29.5431 10.7097 6
      vertex -28.0979 10.005 6
    endloop
  endfacet
  facet normal 0 0 1
    outer loop
      vertex -29.7929 11.7071 6
      vertex -28.6615 12.8385 6
      vertex -28.8506 13.0098 6
    endloop
  endfacet
  facet normal -0 0 1
    outer loop
      vertex -29.5761 10.6173 6
      vertex -28.0979 10.005 6
      vertex -29.5431 10.7097 6
    endloop
  endfacet
  facet normal 0 0 1
    outer loop
      vertex -29.8656 11.773 6
      vertex -28.8506 13.0098 6
      vertex -29.0555 13.1618 6
    endloop
  endfacet
  facet normal 0 0 1
    outer loop
      vertex -28.0979 10.005 6
      vertex -29.5761 10.6173 6
      vertex -28.207 9.77437 6
    endloop
  endfacet
  facet normal 0 0 1
    outer loop
      vertex -29.9444 11.8315 6
      vertex -29.0555 13.1618 6
      vertex -29.2744 13.293 6
    endloop
  endfacet
  facet normal -0 0 1
    outer loop
      vertex -29.6181 10.5286 6
      vertex -28.207 9.77437 6
      vertex -29.5761 10.6173 6
    endloop
  endfacet
  facet normal 0 0 1
    outer loop
      vertex -28.207 9.77437 6
      vertex -29.6181 10.5286 6
      vertex -28.3382 9.55552 6
    endloop
  endfacet
  facet normal 0 0 1
    outer loop
      vertex -27.9125 11.2548 6
      vertex -29.5048 11.098 6
      vertex -29.5 11 6
    endloop
  endfacet
  facet normal 0 0 1
    outer loop
      vertex -30.0286 11.8819 6
      vertex -29.2744 13.293 6
      vertex -29.505 13.4021 6
    endloop
  endfacet
  facet normal 0 0 1
    outer loop
      vertex -27.95 11.5072 6
      vertex -29.5192 11.1951 6
      vertex -29.5048 11.098 6
    endloop
  endfacet
  facet normal 0 0 1
    outer loop
      vertex -28.012 11.7547 6
      vertex -29.5431 11.2903 6
      vertex -29.5192 11.1951 6
    endloop
  endfacet
  facet normal 0 0 1
    outer loop
      vertex -28.0979 11.995 6
      vertex -29.5761 11.3827 6
      vertex -29.5431 11.2903 6
    endloop
  endfacet
  facet normal 0 0 1
    outer loop
      vertex -28.207 12.2256 6
      vertex -29.6181 11.4714 6
      vertex -29.5761 11.3827 6
    endloop
  endfacet
  facet normal 0 0 1
    outer loop
      vertex -28.3382 12.4445 6
      vertex -29.6685 11.5556 6
      vertex -29.6181 11.4714 6
    endloop
  endfacet
  facet normal 0 0 1
    outer loop
      vertex -28.4902 12.6494 6
      vertex -29.727 11.6344 6
      vertex -29.6685 11.5556 6
    endloop
  endfacet
  facet normal 0 0 1
    outer loop
      vertex -30.1173 11.9239 6
      vertex -29.505 13.4021 6
      vertex -29.7453 13.488 6
    endloop
  endfacet
  facet normal 0 0 1
    outer loop
      vertex -28.6615 12.8385 6
      vertex -29.7929 11.7071 6
      vertex -29.727 11.6344 6
    endloop
  endfacet
  facet normal 0 0 1
    outer loop
      vertex -28.8506 13.0098 6
      vertex -29.8656 11.773 6
      vertex -29.7929 11.7071 6
    endloop
  endfacet
  facet normal 0 0 1
    outer loop
      vertex -29.0555 13.1618 6
      vertex -29.9444 11.8315 6
      vertex -29.8656 11.773 6
    endloop
  endfacet
  facet normal 0 0 1
    outer loop
      vertex -30.2097 11.9569 6
      vertex -29.7453 13.488 6
      vertex -29.9928 13.55 6
    endloop
  endfacet
  facet normal 0 0 1
    outer loop
      vertex -29.2744 13.293 6
      vertex -30.0286 11.8819 6
      vertex -29.9444 11.8315 6
    endloop
  endfacet
  facet normal 0 0 1
    outer loop
      vertex -29.505 13.4021 6
      vertex -30.1173 11.9239 6
      vertex -30.0286 11.8819 6
    endloop
  endfacet
  facet normal 0 0 1
    outer loop
      vertex -29.7453 13.488 6
      vertex -30.2097 11.9569 6
      vertex -30.1173 11.9239 6
    endloop
  endfacet
  facet normal 0 0 1
    outer loop
      vertex -30.3049 11.9808 6
      vertex -29.9928 13.55 6
      vertex -30.2452 13.5875 6
    endloop
  endfacet
  facet normal 0 0 1
    outer loop
      vertex -29.9928 13.55 6
      vertex -30.3049 11.9808 6
      vertex -30.2097 11.9569 6
    endloop
  endfacet
  facet normal 0 0 1
    outer loop
      vertex -30.2452 13.5875 6
      vertex -30.402 11.9952 6
      vertex -30.3049 11.9808 6
    endloop
  endfacet
  facet normal 0 0 1
    outer loop
      vertex -30.5 13.6 6
      vertex -30.402 11.9952 6
      vertex -30.2452 13.5875 6
    endloop
  endfacet
  facet normal 0 0 1
    outer loop
      vertex -30.5 13.6 6
      vertex -30.5 12 6
      vertex -30.402 11.9952 6
    endloop
  endfacet
  facet normal 0 0 1
    outer loop
      vertex -30.5 13.6 6
      vertex -30.598 11.9952 6
      vertex -30.5 12 6
    endloop
  endfacet
  facet normal -0 0 1
    outer loop
      vertex -30.7548 13.5875 6
      vertex -30.598 11.9952 6
      vertex -30.5 13.6 6
    endloop
  endfacet
  facet normal 0 0 1
    outer loop
      vertex -30.598 11.9952 6
      vertex -30.7548 13.5875 6
      vertex -30.6951 11.9808 6
    endloop
  endfacet
  facet normal -0 0 1
    outer loop
      vertex -31.0072 13.55 6
      vertex -30.6951 11.9808 6
      vertex -30.7548 13.5875 6
    endloop
  endfacet
  facet normal 0 0 1
    outer loop
      vertex -30.6951 11.9808 6
      vertex -31.0072 13.55 6
      vertex -30.7903 11.9569 6
    endloop
  endfacet
  facet normal -0 0 1
    outer loop
      vertex -31.2547 13.488 6
      vertex -30.7903 11.9569 6
      vertex -31.0072 13.55 6
    endloop
  endfacet
  facet normal 0 0 1
    outer loop
      vertex -30.7903 11.9569 6
      vertex -31.2547 13.488 6
      vertex -30.8827 11.9239 6
    endloop
  endfacet
  facet normal -0 0 1
    outer loop
      vertex -31.495 13.4021 6
      vertex -30.8827 11.9239 6
      vertex -31.2547 13.488 6
    endloop
  endfacet
  facet normal 0 0 1
    outer loop
      vertex -30.8827 11.9239 6
      vertex -31.495 13.4021 6
      vertex -30.9714 11.8819 6
    endloop
  endfacet
  facet normal -0 0 1
    outer loop
      vertex -31.7256 13.293 6
      vertex -30.9714 11.8819 6
      vertex -31.495 13.4021 6
    endloop
  endfacet
  facet normal 0 0 1
    outer loop
      vertex -30.9714 11.8819 6
      vertex -31.7256 13.293 6
      vertex -31.0556 11.8315 6
    endloop
  endfacet
  facet normal -0 0 1
    outer loop
      vertex -31.9445 13.1618 6
      vertex -31.0556 11.8315 6
      vertex -31.7256 13.293 6
    endloop
  endfacet
  facet normal 0 0 1
    outer loop
      vertex -31.0556 11.8315 6
      vertex -31.9445 13.1618 6
      vertex -31.1344 11.773 6
    endloop
  endfacet
  facet normal -0 0 1
    outer loop
      vertex -32.1494 13.0098 6
      vertex -31.1344 11.773 6
      vertex -31.9445 13.1618 6
    endloop
  endfacet
  facet normal 0 0 1
    outer loop
      vertex -31.1344 11.773 6
      vertex -32.1494 13.0098 6
      vertex -31.2071 11.7071 6
    endloop
  endfacet
  facet normal -0 0 1
    outer loop
      vertex -32.3385 12.8385 6
      vertex -31.2071 11.7071 6
      vertex -32.1494 13.0098 6
    endloop
  endfacet
  facet normal 0 0 1
    outer loop
      vertex -31.2071 11.7071 6
      vertex -32.3385 12.8385 6
      vertex -31.273 11.6344 6
    endloop
  endfacet
  facet normal -0 0 1
    outer loop
      vertex -32.5098 12.6494 6
      vertex -31.273 11.6344 6
      vertex -32.3385 12.8385 6
    endloop
  endfacet
  facet normal 0 0 1
    outer loop
      vertex -31.273 11.6344 6
      vertex -32.5098 12.6494 6
      vertex -31.3315 11.5556 6
    endloop
  endfacet
  facet normal -0 0 1
    outer loop
      vertex -32.6618 12.4445 6
      vertex -31.3315 11.5556 6
      vertex -32.5098 12.6494 6
    endloop
  endfacet
  facet normal 0 0 1
    outer loop
      vertex -31.3315 11.5556 6
      vertex -32.6618 12.4445 6
      vertex -31.3819 11.4714 6
    endloop
  endfacet
  facet normal -0 0 1
    outer loop
      vertex -29.6685 10.4444 6
      vertex -28.3382 9.55552 6
      vertex -29.6181 10.5286 6
    endloop
  endfacet
  facet normal 0 0 1
    outer loop
      vertex -28.3382 9.55552 6
      vertex -29.6685 10.4444 6
      vertex -28.4902 9.35058 6
    endloop
  endfacet
  facet normal -0 0 1
    outer loop
      vertex -29.727 10.3656 6
      vertex -28.4902 9.35058 6
      vertex -29.6685 10.4444 6
    endloop
  endfacet
  facet normal 0 0 1
    outer loop
      vertex -28.4902 9.35058 6
      vertex -29.727 10.3656 6
      vertex -28.6615 9.16152 6
    endloop
  endfacet
  facet normal -0 0 1
    outer loop
      vertex -29.7929 10.2929 6
      vertex -28.6615 9.16152 6
      vertex -29.727 10.3656 6
    endloop
  endfacet
  facet normal 0 0 1
    outer loop
      vertex -28.6615 9.16152 6
      vertex -29.7929 10.2929 6
      vertex -28.8506 8.99017 6
    endloop
  endfacet
  facet normal -0 0 1
    outer loop
      vertex -29.8656 10.227 6
      vertex -28.8506 8.99017 6
      vertex -29.7929 10.2929 6
    endloop
  endfacet
  facet normal 0 0 1
    outer loop
      vertex -28.8506 8.99017 6
      vertex -29.8656 10.227 6
      vertex -29.0555 8.83818 6
    endloop
  endfacet
  facet normal -0 0 1
    outer loop
      vertex -29.9444 10.1685 6
      vertex -29.0555 8.83818 6
      vertex -29.8656 10.227 6
    endloop
  endfacet
  facet normal 0 0 1
    outer loop
      vertex -29.0555 8.83818 6
      vertex -29.9444 10.1685 6
      vertex -29.2744 8.70701 6
    endloop
  endfacet
  facet normal -0 0 1
    outer loop
      vertex -30.0286 10.1181 6
      vertex -29.2744 8.70701 6
      vertex -29.9444 10.1685 6
    endloop
  endfacet
  facet normal 0 0 1
    outer loop
      vertex -29.2744 8.70701 6
      vertex -30.0286 10.1181 6
      vertex -29.505 8.59791 6
    endloop
  endfacet
  facet normal -0 0 1
    outer loop
      vertex -30.1173 10.0761 6
      vertex -29.505 8.59791 6
      vertex -30.0286 10.1181 6
    endloop
  endfacet
  facet normal 0 0 1
    outer loop
      vertex -29.505 8.59791 6
      vertex -30.1173 10.0761 6
      vertex -29.7453 8.51196 6
    endloop
  endfacet
  facet normal -0 0 1
    outer loop
      vertex -30.2097 10.0431 6
      vertex -29.7453 8.51196 6
      vertex -30.1173 10.0761 6
    endloop
  endfacet
  facet normal 0 0 1
    outer loop
      vertex -29.7453 8.51196 6
      vertex -30.2097 10.0431 6
      vertex -29.9928 8.44996 6
    endloop
  endfacet
  facet normal -0 0 1
    outer loop
      vertex -30.3049 10.0192 6
      vertex -29.9928 8.44996 6
      vertex -30.2097 10.0431 6
    endloop
  endfacet
  facet normal 0 0 1
    outer loop
      vertex -29.9928 8.44996 6
      vertex -30.3049 10.0192 6
      vertex -30.2452 8.41252 6
    endloop
  endfacet
  facet normal -0 0 1
    outer loop
      vertex -30.402 10.0048 6
      vertex -30.2452 8.41252 6
      vertex -30.3049 10.0192 6
    endloop
  endfacet
  facet normal -0 0 1
    outer loop
      vertex -30.5 10 6
      vertex -30.2452 8.41252 6
      vertex -30.402 10.0048 6
    endloop
  endfacet
  facet normal 0 0 1
    outer loop
      vertex -30.5 10 6
      vertex -30.5 8.4 6
      vertex -30.2452 8.41252 6
    endloop
  endfacet
  facet normal 0 0 1
    outer loop
      vertex -30.598 10.0048 6
      vertex -30.5 8.4 6
      vertex -30.5 10 6
    endloop
  endfacet
  facet normal 0 0 1
    outer loop
      vertex -30.7548 8.41252 6
      vertex -30.598 10.0048 6
      vertex -30.6951 10.0192 6
    endloop
  endfacet
  facet normal 0 0 1
    outer loop
      vertex -30.598 10.0048 6
      vertex -30.7548 8.41252 6
      vertex -30.5 8.4 6
    endloop
  endfacet
  facet normal 0 0 1
    outer loop
      vertex -31.0072 8.44996 6
      vertex -30.6951 10.0192 6
      vertex -30.7903 10.0431 6
    endloop
  endfacet
  facet normal 0 0 1
    outer loop
      vertex -31.2547 8.51196 6
      vertex -30.7903 10.0431 6
      vertex -30.8827 10.0761 6
    endloop
  endfacet
  facet normal 0 0 1
    outer loop
      vertex -31.495 8.59791 6
      vertex -30.8827 10.0761 6
      vertex -30.9714 10.1181 6
    endloop
  endfacet
  facet normal 0 0 1
    outer loop
      vertex -30.6951 10.0192 6
      vertex -31.0072 8.44996 6
      vertex -30.7548 8.41252 6
    endloop
  endfacet
  facet normal 0 0 1
    outer loop
      vertex -31.7256 8.70701 6
      vertex -30.9714 10.1181 6
      vertex -31.0556 10.1685 6
    endloop
  endfacet
  facet normal 0 0 1
    outer loop
      vertex -31.9445 8.83818 6
      vertex -31.0556 10.1685 6
      vertex -31.1344 10.227 6
    endloop
  endfacet
  facet normal 0 0 1
    outer loop
      vertex -32.1494 8.99017 6
      vertex -31.1344 10.227 6
      vertex -31.2071 10.2929 6
    endloop
  endfacet
  facet normal 0 0 1
    outer loop
      vertex -30.7903 10.0431 6
      vertex -31.2547 8.51196 6
      vertex -31.0072 8.44996 6
    endloop
  endfacet
  facet normal 0 0 1
    outer loop
      vertex -32.3385 9.16152 6
      vertex -31.2071 10.2929 6
      vertex -31.273 10.3656 6
    endloop
  endfacet
  facet normal 0 0 1
    outer loop
      vertex -32.5098 9.35058 6
      vertex -31.273 10.3656 6
      vertex -31.3315 10.4444 6
    endloop
  endfacet
  facet normal 0 0 1
    outer loop
      vertex -32.6618 9.55552 6
      vertex -31.3315 10.4444 6
      vertex -31.3819 10.5286 6
    endloop
  endfacet
  facet normal 0 0 1
    outer loop
      vertex -32.793 9.77437 6
      vertex -31.3819 10.5286 6
      vertex -31.4239 10.6173 6
    endloop
  endfacet
  facet normal 0 0 1
    outer loop
      vertex -32.9021 10.005 6
      vertex -31.4239 10.6173 6
      vertex -31.4569 10.7097 6
    endloop
  endfacet
  facet normal 0 0 1
    outer loop
      vertex -32.988 10.2453 6
      vertex -31.4569 10.7097 6
      vertex -31.4808 10.8049 6
    endloop
  endfacet
  facet normal 0 0 1
    outer loop
      vertex -30.8827 10.0761 6
      vertex -31.495 8.59791 6
      vertex -31.2547 8.51196 6
    endloop
  endfacet
  facet normal 0 0 1
    outer loop
      vertex -33.05 10.4928 6
      vertex -31.4808 10.8049 6
      vertex -31.4952 10.902 6
    endloop
  endfacet
  facet normal 0 0 1
    outer loop
      vertex -33.0875 10.7452 6
      vertex -31.4952 10.902 6
      vertex -31.5 11 6
    endloop
  endfacet
  facet normal -0 0 1
    outer loop
      vertex -32.793 12.2256 6
      vertex -31.3819 11.4714 6
      vertex -32.6618 12.4445 6
    endloop
  endfacet
  facet normal 0 0 1
    outer loop
      vertex -30.9714 10.1181 6
      vertex -31.7256 8.70701 6
      vertex -31.495 8.59791 6
    endloop
  endfacet
  facet normal 0 0 1
    outer loop
      vertex -31.3819 11.4714 6
      vertex -32.793 12.2256 6
      vertex -31.4239 11.3827 6
    endloop
  endfacet
  facet normal 0 0 1
    outer loop
      vertex -31.0556 10.1685 6
      vertex -31.9445 8.83818 6
      vertex -31.7256 8.70701 6
    endloop
  endfacet
  facet normal -0 0 1
    outer loop
      vertex -32.9021 11.995 6
      vertex -31.4239 11.3827 6
      vertex -32.793 12.2256 6
    endloop
  endfacet
  facet normal 0 0 1
    outer loop
      vertex -31.1344 10.227 6
      vertex -32.1494 8.99017 6
      vertex -31.9445 8.83818 6
    endloop
  endfacet
  facet normal 0 0 1
    outer loop
      vertex -31.4239 11.3827 6
      vertex -32.9021 11.995 6
      vertex -31.4569 11.2903 6
    endloop
  endfacet
  facet normal 0 0 1
    outer loop
      vertex -31.2071 10.2929 6
      vertex -32.3385 9.16152 6
      vertex -32.1494 8.99017 6
    endloop
  endfacet
  facet normal -0 0 1
    outer loop
      vertex -32.988 11.7547 6
      vertex -31.4569 11.2903 6
      vertex -32.9021 11.995 6
    endloop
  endfacet
  facet normal 0 0 1
    outer loop
      vertex -31.273 10.3656 6
      vertex -32.5098 9.35058 6
      vertex -32.3385 9.16152 6
    endloop
  endfacet
  facet normal 0 0 1
    outer loop
      vertex -31.4569 11.2903 6
      vertex -32.988 11.7547 6
      vertex -31.4808 11.1951 6
    endloop
  endfacet
  facet normal 0 0 1
    outer loop
      vertex -31.3315 10.4444 6
      vertex -32.6618 9.55552 6
      vertex -32.5098 9.35058 6
    endloop
  endfacet
  facet normal -0 0 1
    outer loop
      vertex -33.05 11.5072 6
      vertex -31.4808 11.1951 6
      vertex -32.988 11.7547 6
    endloop
  endfacet
  facet normal 0 0 1
    outer loop
      vertex -31.3819 10.5286 6
      vertex -32.793 9.77437 6
      vertex -32.6618 9.55552 6
    endloop
  endfacet
  facet normal 0 0 1
    outer loop
      vertex -31.4808 11.1951 6
      vertex -33.05 11.5072 6
      vertex -31.4952 11.098 6
    endloop
  endfacet
  facet normal 0 0 1
    outer loop
      vertex -31.4239 10.6173 6
      vertex -32.9021 10.005 6
      vertex -32.793 9.77437 6
    endloop
  endfacet
  facet normal -0 0 1
    outer loop
      vertex -33.0875 11.2548 6
      vertex -31.4952 11.098 6
      vertex -33.05 11.5072 6
    endloop
  endfacet
  facet normal 0 0 1
    outer loop
      vertex -31.4569 10.7097 6
      vertex -32.988 10.2453 6
      vertex -32.9021 10.005 6
    endloop
  endfacet
  facet normal 0 0 1
    outer loop
      vertex -31.4952 11.098 6
      vertex -33.0875 11.2548 6
      vertex -31.5 11 6
    endloop
  endfacet
  facet normal 0 0 1
    outer loop
      vertex -31.4808 10.8049 6
      vertex -33.05 10.4928 6
      vertex -32.988 10.2453 6
    endloop
  endfacet
  facet normal 0 0 1
    outer loop
      vertex -33.1 11 6
      vertex -31.5 11 6
      vertex -33.0875 11.2548 6
    endloop
  endfacet
  facet normal 0 0 1
    outer loop
      vertex -31.4952 10.902 6
      vertex -33.0875 10.7452 6
      vertex -33.05 10.4928 6
    endloop
  endfacet
  facet normal 0 0 1
    outer loop
      vertex -31.5 11 6
      vertex -33.1 11 6
      vertex -33.0875 10.7452 6
    endloop
  endfacet
  facet normal -0.740908 -0.671607 0
    outer loop
      vertex -29.727 11.6344 2
      vertex -29.7929 11.7071 6
      vertex -29.7929 11.7071 2
    endloop
  endfacet
  facet normal -0.740908 -0.671607 0
    outer loop
      vertex -29.7929 11.7071 6
      vertex -29.727 11.6344 2
      vertex -29.727 11.6344 6
    endloop
  endfacet
  facet normal -0.989182 -0.146696 0
    outer loop
      vertex -29.5048 11.098 2
      vertex -29.5192 11.1951 6
      vertex -29.5192 11.1951 2
    endloop
  endfacet
  facet normal -0.989182 -0.146696 0
    outer loop
      vertex -29.5192 11.1951 6
      vertex -29.5048 11.098 2
      vertex -29.5048 11.098 6
    endloop
  endfacet
  facet normal -0.998803 -0.0489209 0
    outer loop
      vertex -29.5 11 2
      vertex -29.5048 11.098 6
      vertex -29.5048 11.098 2
    endloop
  endfacet
  facet normal -0.998803 -0.0489209 0
    outer loop
      vertex -29.5048 11.098 6
      vertex -29.5 11 2
      vertex -29.5 11 6
    endloop
  endfacet
  facet normal -0.969902 -0.243494 0
    outer loop
      vertex -29.5192 11.1951 2
      vertex -29.5431 11.2903 6
      vertex -29.5431 11.2903 2
    endloop
  endfacet
  facet normal -0.969902 -0.243494 0
    outer loop
      vertex -29.5431 11.2903 6
      vertex -29.5192 11.1951 2
      vertex -29.5192 11.1951 6
    endloop
  endfacet
  facet normal -0.336336 0.941742 0
    outer loop
      vertex -30.1173 10.0761 2
      vertex -30.2097 10.0431 6
      vertex -30.1173 10.0761 6
    endloop
  endfacet
  facet normal -0.336336 0.941742 0
    outer loop
      vertex -30.2097 10.0431 6
      vertex -30.1173 10.0761 2
      vertex -30.2097 10.0431 2
    endloop
  endfacet
  facet normal -0.858032 -0.513596 0
    outer loop
      vertex -29.6181 11.4714 2
      vertex -29.6685 11.5556 6
      vertex -29.6685 11.5556 2
    endloop
  endfacet
  facet normal -0.858032 -0.513596 0
    outer loop
      vertex -29.6685 11.5556 6
      vertex -29.6181 11.4714 2
      vertex -29.6181 11.4714 6
    endloop
  endfacet
  facet normal -0.941742 -0.336336 0
    outer loop
      vertex -29.5431 11.2903 2
      vertex -29.5761 11.3827 6
      vertex -29.5761 11.3827 2
    endloop
  endfacet
  facet normal -0.941742 -0.336336 0
    outer loop
      vertex -29.5761 11.3827 6
      vertex -29.5431 11.2903 2
      vertex -29.5431 11.2903 6
    endloop
  endfacet
  facet normal -0.243494 -0.969902 0
    outer loop
      vertex -30.3049 11.9808 2
      vertex -30.2097 11.9569 6
      vertex -30.3049 11.9808 6
    endloop
  endfacet
  facet normal -0.243494 -0.969902 -0
    outer loop
      vertex -30.2097 11.9569 6
      vertex -30.3049 11.9808 2
      vertex -30.2097 11.9569 2
    endloop
  endfacet
  facet normal 0.740908 -0.671607 0
    outer loop
      vertex -31.273 11.6344 6
      vertex -31.2071 11.7071 2
      vertex -31.2071 11.7071 6
    endloop
  endfacet
  facet normal 0.740908 -0.671607 0
    outer loop
      vertex -31.2071 11.7071 2
      vertex -31.273 11.6344 6
      vertex -31.273 11.6344 2
    endloop
  endfacet
  facet normal -0.0489209 0.998803 0
    outer loop
      vertex -30.402 10.0048 2
      vertex -30.5 10 6
      vertex -30.402 10.0048 6
    endloop
  endfacet
  facet normal -0.0489209 0.998803 0
    outer loop
      vertex -30.5 10 6
      vertex -30.402 10.0048 2
      vertex -30.5 10 2
    endloop
  endfacet
  facet normal -0.427955 -0.9038 0
    outer loop
      vertex -30.1173 11.9239 2
      vertex -30.0286 11.8819 6
      vertex -30.1173 11.9239 6
    endloop
  endfacet
  facet normal -0.427955 -0.9038 -0
    outer loop
      vertex -30.0286 11.8819 6
      vertex -30.1173 11.9239 2
      vertex -30.0286 11.8819 2
    endloop
  endfacet
  facet normal -0.671607 -0.740908 0
    outer loop
      vertex -29.8656 11.773 2
      vertex -29.7929 11.7071 6
      vertex -29.8656 11.773 6
    endloop
  endfacet
  facet normal -0.671607 -0.740908 -0
    outer loop
      vertex -29.7929 11.7071 6
      vertex -29.8656 11.773 2
      vertex -29.7929 11.7071 2
    endloop
  endfacet
  facet normal 0.59608 0.802925 -0
    outer loop
      vertex -31.0556 10.1685 2
      vertex -31.1344 10.227 6
      vertex -31.0556 10.1685 6
    endloop
  endfacet
  facet normal 0.59608 0.802925 0
    outer loop
      vertex -31.1344 10.227 6
      vertex -31.0556 10.1685 2
      vertex -31.1344 10.227 2
    endloop
  endfacet
  facet normal -0.243494 0.969902 0
    outer loop
      vertex -30.2097 10.0431 2
      vertex -30.3049 10.0192 6
      vertex -30.2097 10.0431 6
    endloop
  endfacet
  facet normal -0.243494 0.969902 0
    outer loop
      vertex -30.3049 10.0192 6
      vertex -30.2097 10.0431 2
      vertex -30.3049 10.0192 2
    endloop
  endfacet
  facet normal -0.989182 0.146696 0
    outer loop
      vertex -29.5192 10.8049 2
      vertex -29.5048 10.902 6
      vertex -29.5048 10.902 2
    endloop
  endfacet
  facet normal -0.989182 0.146696 0
    outer loop
      vertex -29.5048 10.902 6
      vertex -29.5192 10.8049 2
      vertex -29.5192 10.8049 6
    endloop
  endfacet
  facet normal -0.513596 0.858032 0
    outer loop
      vertex -29.9444 10.1685 2
      vertex -30.0286 10.1181 6
      vertex -29.9444 10.1685 6
    endloop
  endfacet
  facet normal -0.513596 0.858032 0
    outer loop
      vertex -30.0286 10.1181 6
      vertex -29.9444 10.1685 2
      vertex -30.0286 10.1181 2
    endloop
  endfacet
  facet normal 0.243494 0.969902 -0
    outer loop
      vertex -30.6951 10.0192 2
      vertex -30.7903 10.0431 6
      vertex -30.6951 10.0192 6
    endloop
  endfacet
  facet normal 0.243494 0.969902 0
    outer loop
      vertex -30.7903 10.0431 6
      vertex -30.6951 10.0192 2
      vertex -30.7903 10.0431 2
    endloop
  endfacet
  facet normal 0.59608 -0.802925 0
    outer loop
      vertex -31.1344 11.773 2
      vertex -31.0556 11.8315 6
      vertex -31.1344 11.773 6
    endloop
  endfacet
  facet normal 0.59608 -0.802925 0
    outer loop
      vertex -31.0556 11.8315 6
      vertex -31.1344 11.773 2
      vertex -31.0556 11.8315 2
    endloop
  endfacet
  facet normal 0.998803 0.0489209 0
    outer loop
      vertex -31.4952 10.902 6
      vertex -31.5 11 2
      vertex -31.5 11 6
    endloop
  endfacet
  facet normal 0.998803 0.0489209 0
    outer loop
      vertex -31.5 11 2
      vertex -31.4952 10.902 6
      vertex -31.4952 10.902 2
    endloop
  endfacet
  facet normal 0.969902 0.243494 0
    outer loop
      vertex -31.4569 10.7097 6
      vertex -31.4808 10.8049 2
      vertex -31.4808 10.8049 6
    endloop
  endfacet
  facet normal 0.969902 0.243494 0
    outer loop
      vertex -31.4808 10.8049 2
      vertex -31.4569 10.7097 6
      vertex -31.4569 10.7097 2
    endloop
  endfacet
  facet normal -0.969902 0.243494 0
    outer loop
      vertex -29.5431 10.7097 2
      vertex -29.5192 10.8049 6
      vertex -29.5192 10.8049 2
    endloop
  endfacet
  facet normal -0.969902 0.243494 0
    outer loop
      vertex -29.5192 10.8049 6
      vertex -29.5431 10.7097 2
      vertex -29.5431 10.7097 6
    endloop
  endfacet
  facet normal 0.513596 -0.858032 0
    outer loop
      vertex -31.0556 11.8315 2
      vertex -30.9714 11.8819 6
      vertex -31.0556 11.8315 6
    endloop
  endfacet
  facet normal 0.513596 -0.858032 0
    outer loop
      vertex -30.9714 11.8819 6
      vertex -31.0556 11.8315 2
      vertex -30.9714 11.8819 2
    endloop
  endfacet
  facet normal -0.59608 -0.802925 0
    outer loop
      vertex -29.9444 11.8315 2
      vertex -29.8656 11.773 6
      vertex -29.9444 11.8315 6
    endloop
  endfacet
  facet normal -0.59608 -0.802925 -0
    outer loop
      vertex -29.8656 11.773 6
      vertex -29.9444 11.8315 2
      vertex -29.8656 11.773 2
    endloop
  endfacet
  facet normal 0.0489209 -0.998803 0
    outer loop
      vertex -30.598 11.9952 2
      vertex -30.5 12 6
      vertex -30.598 11.9952 6
    endloop
  endfacet
  facet normal 0.0489209 -0.998803 0
    outer loop
      vertex -30.5 12 6
      vertex -30.598 11.9952 2
      vertex -30.5 12 2
    endloop
  endfacet
  facet normal 0.9038 0.427955 0
    outer loop
      vertex -31.3819 10.5286 6
      vertex -31.4239 10.6173 2
      vertex -31.4239 10.6173 6
    endloop
  endfacet
  facet normal 0.9038 0.427955 0
    outer loop
      vertex -31.4239 10.6173 2
      vertex -31.3819 10.5286 6
      vertex -31.3819 10.5286 2
    endloop
  endfacet
  facet normal -0.941742 0.336336 0
    outer loop
      vertex -29.5761 10.6173 2
      vertex -29.5431 10.7097 6
      vertex -29.5431 10.7097 2
    endloop
  endfacet
  facet normal -0.941742 0.336336 0
    outer loop
      vertex -29.5431 10.7097 6
      vertex -29.5761 10.6173 2
      vertex -29.5761 10.6173 6
    endloop
  endfacet
  facet normal -0.146696 -0.989182 0
    outer loop
      vertex -30.402 11.9952 2
      vertex -30.3049 11.9808 6
      vertex -30.402 11.9952 6
    endloop
  endfacet
  facet normal -0.146696 -0.989182 -0
    outer loop
      vertex -30.3049 11.9808 6
      vertex -30.402 11.9952 2
      vertex -30.3049 11.9808 2
    endloop
  endfacet
  facet normal 0.427955 -0.9038 0
    outer loop
      vertex -30.9714 11.8819 2
      vertex -30.8827 11.9239 6
      vertex -30.9714 11.8819 6
    endloop
  endfacet
  facet normal 0.427955 -0.9038 0
    outer loop
      vertex -30.8827 11.9239 6
      vertex -30.9714 11.8819 2
      vertex -30.8827 11.9239 2
    endloop
  endfacet
  facet normal -0.513596 -0.858032 0
    outer loop
      vertex -30.0286 11.8819 2
      vertex -29.9444 11.8315 6
      vertex -30.0286 11.8819 6
    endloop
  endfacet
  facet normal -0.513596 -0.858032 -0
    outer loop
      vertex -29.9444 11.8315 6
      vertex -30.0286 11.8819 2
      vertex -29.9444 11.8315 2
    endloop
  endfacet
  facet normal -0.427955 0.9038 0
    outer loop
      vertex -30.0286 10.1181 2
      vertex -30.1173 10.0761 6
      vertex -30.0286 10.1181 6
    endloop
  endfacet
  facet normal -0.427955 0.9038 0
    outer loop
      vertex -30.1173 10.0761 6
      vertex -30.0286 10.1181 2
      vertex -30.1173 10.0761 2
    endloop
  endfacet
  facet normal 0.941742 0.336336 0
    outer loop
      vertex -31.4239 10.6173 6
      vertex -31.4569 10.7097 2
      vertex -31.4569 10.7097 6
    endloop
  endfacet
  facet normal 0.941742 0.336336 0
    outer loop
      vertex -31.4569 10.7097 2
      vertex -31.4239 10.6173 6
      vertex -31.4239 10.6173 2
    endloop
  endfacet
  facet normal -0.858032 0.513596 0
    outer loop
      vertex -29.6685 10.4444 2
      vertex -29.6181 10.5286 6
      vertex -29.6181 10.5286 2
    endloop
  endfacet
  facet normal -0.858032 0.513596 0
    outer loop
      vertex -29.6181 10.5286 6
      vertex -29.6685 10.4444 2
      vertex -29.6685 10.4444 6
    endloop
  endfacet
  facet normal -0.9038 0.427955 0
    outer loop
      vertex -29.6181 10.5286 2
      vertex -29.5761 10.6173 6
      vertex -29.5761 10.6173 2
    endloop
  endfacet
  facet normal -0.9038 0.427955 0
    outer loop
      vertex -29.5761 10.6173 6
      vertex -29.6181 10.5286 2
      vertex -29.6181 10.5286 6
    endloop
  endfacet
  facet normal -0.998803 0.0489209 0
    outer loop
      vertex -29.5048 10.902 2
      vertex -29.5 11 6
      vertex -29.5 11 2
    endloop
  endfacet
  facet normal -0.998803 0.0489209 0
    outer loop
      vertex -29.5 11 6
      vertex -29.5048 10.902 2
      vertex -29.5048 10.902 6
    endloop
  endfacet
  facet normal 0.146696 -0.989182 0
    outer loop
      vertex -30.6951 11.9808 2
      vertex -30.598 11.9952 6
      vertex -30.6951 11.9808 6
    endloop
  endfacet
  facet normal 0.146696 -0.989182 0
    outer loop
      vertex -30.598 11.9952 6
      vertex -30.6951 11.9808 2
      vertex -30.598 11.9952 2
    endloop
  endfacet
  facet normal -0.146696 0.989182 0
    outer loop
      vertex -30.3049 10.0192 2
      vertex -30.402 10.0048 6
      vertex -30.3049 10.0192 6
    endloop
  endfacet
  facet normal -0.146696 0.989182 0
    outer loop
      vertex -30.402 10.0048 6
      vertex -30.3049 10.0192 2
      vertex -30.402 10.0048 2
    endloop
  endfacet
  facet normal -0.740908 0.671607 0
    outer loop
      vertex -29.7929 10.2929 2
      vertex -29.727 10.3656 6
      vertex -29.727 10.3656 2
    endloop
  endfacet
  facet normal -0.740908 0.671607 0
    outer loop
      vertex -29.727 10.3656 6
      vertex -29.7929 10.2929 2
      vertex -29.7929 10.2929 6
    endloop
  endfacet
  facet normal -0.802925 0.59608 0
    outer loop
      vertex -29.727 10.3656 2
      vertex -29.6685 10.4444 6
      vertex -29.6685 10.4444 2
    endloop
  endfacet
  facet normal -0.802925 0.59608 0
    outer loop
      vertex -29.6685 10.4444 6
      vertex -29.727 10.3656 2
      vertex -29.727 10.3656 6
    endloop
  endfacet
  facet normal 0.243494 -0.969902 0
    outer loop
      vertex -30.7903 11.9569 2
      vertex -30.6951 11.9808 6
      vertex -30.7903 11.9569 6
    endloop
  endfacet
  facet normal 0.243494 -0.969902 0
    outer loop
      vertex -30.6951 11.9808 6
      vertex -30.7903 11.9569 2
      vertex -30.6951 11.9808 2
    endloop
  endfacet
  facet normal -0.802925 -0.59608 0
    outer loop
      vertex -29.6685 11.5556 2
      vertex -29.727 11.6344 6
      vertex -29.727 11.6344 2
    endloop
  endfacet
  facet normal -0.802925 -0.59608 0
    outer loop
      vertex -29.727 11.6344 6
      vertex -29.6685 11.5556 2
      vertex -29.6685 11.5556 6
    endloop
  endfacet
  facet normal -0.0489209 -0.998803 0
    outer loop
      vertex -30.5 12 2
      vertex -30.402 11.9952 6
      vertex -30.5 12 6
    endloop
  endfacet
  facet normal -0.0489209 -0.998803 -0
    outer loop
      vertex -30.402 11.9952 6
      vertex -30.5 12 2
      vertex -30.402 11.9952 2
    endloop
  endfacet
  facet normal -0.9038 -0.427955 0
    outer loop
      vertex -29.5761 11.3827 2
      vertex -29.6181 11.4714 6
      vertex -29.6181 11.4714 2
    endloop
  endfacet
  facet normal -0.9038 -0.427955 0
    outer loop
      vertex -29.6181 11.4714 6
      vertex -29.5761 11.3827 2
      vertex -29.5761 11.3827 6
    endloop
  endfacet
  facet normal 0.858032 -0.513596 0
    outer loop
      vertex -31.3819 11.4714 6
      vertex -31.3315 11.5556 2
      vertex -31.3315 11.5556 6
    endloop
  endfacet
  facet normal 0.858032 -0.513596 0
    outer loop
      vertex -31.3315 11.5556 2
      vertex -31.3819 11.4714 6
      vertex -31.3819 11.4714 2
    endloop
  endfacet
  facet normal 0.671607 -0.740908 0
    outer loop
      vertex -31.2071 11.7071 2
      vertex -31.1344 11.773 6
      vertex -31.2071 11.7071 6
    endloop
  endfacet
  facet normal 0.671607 -0.740908 0
    outer loop
      vertex -31.1344 11.773 6
      vertex -31.2071 11.7071 2
      vertex -31.1344 11.773 2
    endloop
  endfacet
  facet normal 0.858032 0.513596 0
    outer loop
      vertex -31.3315 10.4444 6
      vertex -31.3819 10.5286 2
      vertex -31.3819 10.5286 6
    endloop
  endfacet
  facet normal 0.858032 0.513596 0
    outer loop
      vertex -31.3819 10.5286 2
      vertex -31.3315 10.4444 6
      vertex -31.3315 10.4444 2
    endloop
  endfacet
  facet normal 0.427955 0.9038 -0
    outer loop
      vertex -30.8827 10.0761 2
      vertex -30.9714 10.1181 6
      vertex -30.8827 10.0761 6
    endloop
  endfacet
  facet normal 0.427955 0.9038 0
    outer loop
      vertex -30.9714 10.1181 6
      vertex -30.8827 10.0761 2
      vertex -30.9714 10.1181 2
    endloop
  endfacet
  facet normal 0.740908 0.671607 0
    outer loop
      vertex -31.2071 10.2929 6
      vertex -31.273 10.3656 2
      vertex -31.273 10.3656 6
    endloop
  endfacet
  facet normal 0.740908 0.671607 0
    outer loop
      vertex -31.273 10.3656 2
      vertex -31.2071 10.2929 6
      vertex -31.2071 10.2929 2
    endloop
  endfacet
  facet normal 0.336336 -0.941742 0
    outer loop
      vertex -30.8827 11.9239 2
      vertex -30.7903 11.9569 6
      vertex -30.8827 11.9239 6
    endloop
  endfacet
  facet normal 0.336336 -0.941742 0
    outer loop
      vertex -30.7903 11.9569 6
      vertex -30.8827 11.9239 2
      vertex -30.7903 11.9569 2
    endloop
  endfacet
  facet normal 0.513596 0.858032 -0
    outer loop
      vertex -30.9714 10.1181 2
      vertex -31.0556 10.1685 6
      vertex -30.9714 10.1181 6
    endloop
  endfacet
  facet normal 0.513596 0.858032 0
    outer loop
      vertex -31.0556 10.1685 6
      vertex -30.9714 10.1181 2
      vertex -31.0556 10.1685 2
    endloop
  endfacet
  facet normal -0.59608 0.802925 0
    outer loop
      vertex -29.8656 10.227 2
      vertex -29.9444 10.1685 6
      vertex -29.8656 10.227 6
    endloop
  endfacet
  facet normal -0.59608 0.802925 0
    outer loop
      vertex -29.9444 10.1685 6
      vertex -29.8656 10.227 2
      vertex -29.9444 10.1685 2
    endloop
  endfacet
  facet normal 0.941742 -0.336336 0
    outer loop
      vertex -31.4569 11.2903 6
      vertex -31.4239 11.3827 2
      vertex -31.4239 11.3827 6
    endloop
  endfacet
  facet normal 0.941742 -0.336336 0
    outer loop
      vertex -31.4239 11.3827 2
      vertex -31.4569 11.2903 6
      vertex -31.4569 11.2903 2
    endloop
  endfacet
  facet normal 0.989182 0.146696 0
    outer loop
      vertex -31.4808 10.8049 6
      vertex -31.4952 10.902 2
      vertex -31.4952 10.902 6
    endloop
  endfacet
  facet normal 0.989182 0.146696 0
    outer loop
      vertex -31.4952 10.902 2
      vertex -31.4808 10.8049 6
      vertex -31.4808 10.8049 2
    endloop
  endfacet
  facet normal -0.336336 -0.941742 0
    outer loop
      vertex -30.2097 11.9569 2
      vertex -30.1173 11.9239 6
      vertex -30.2097 11.9569 6
    endloop
  endfacet
  facet normal -0.336336 -0.941742 -0
    outer loop
      vertex -30.1173 11.9239 6
      vertex -30.2097 11.9569 2
      vertex -30.1173 11.9239 2
    endloop
  endfacet
  facet normal 0.802925 0.59608 0
    outer loop
      vertex -31.273 10.3656 6
      vertex -31.3315 10.4444 2
      vertex -31.3315 10.4444 6
    endloop
  endfacet
  facet normal 0.802925 0.59608 0
    outer loop
      vertex -31.3315 10.4444 2
      vertex -31.273 10.3656 6
      vertex -31.273 10.3656 2
    endloop
  endfacet
  facet normal 0.969902 -0.243494 0
    outer loop
      vertex -31.4808 11.1951 6
      vertex -31.4569 11.2903 2
      vertex -31.4569 11.2903 6
    endloop
  endfacet
  facet normal 0.969902 -0.243494 0
    outer loop
      vertex -31.4569 11.2903 2
      vertex -31.4808 11.1951 6
      vertex -31.4808 11.1951 2
    endloop
  endfacet
  facet normal 0.9038 -0.427955 0
    outer loop
      vertex -31.4239 11.3827 6
      vertex -31.3819 11.4714 2
      vertex -31.3819 11.4714 6
    endloop
  endfacet
  facet normal 0.9038 -0.427955 0
    outer loop
      vertex -31.3819 11.4714 2
      vertex -31.4239 11.3827 6
      vertex -31.4239 11.3827 2
    endloop
  endfacet
  facet normal 0.671607 0.740908 -0
    outer loop
      vertex -31.1344 10.227 2
      vertex -31.2071 10.2929 6
      vertex -31.1344 10.227 6
    endloop
  endfacet
  facet normal 0.671607 0.740908 0
    outer loop
      vertex -31.2071 10.2929 6
      vertex -31.1344 10.227 2
      vertex -31.2071 10.2929 2
    endloop
  endfacet
  facet normal 0.802925 -0.59608 0
    outer loop
      vertex -31.3315 11.5556 6
      vertex -31.273 11.6344 2
      vertex -31.273 11.6344 6
    endloop
  endfacet
  facet normal 0.802925 -0.59608 0
    outer loop
      vertex -31.273 11.6344 2
      vertex -31.3315 11.5556 6
      vertex -31.3315 11.5556 2
    endloop
  endfacet
  facet normal 0.0489209 0.998803 -0
    outer loop
      vertex -30.5 10 2
      vertex -30.598 10.0048 6
      vertex -30.5 10 6
    endloop
  endfacet
  facet normal 0.0489209 0.998803 0
    outer loop
      vertex -30.598 10.0048 6
      vertex -30.5 10 2
      vertex -30.598 10.0048 2
    endloop
  endfacet
  facet normal 0.146696 0.989182 -0
    outer loop
      vertex -30.598 10.0048 2
      vertex -30.6951 10.0192 6
      vertex -30.598 10.0048 6
    endloop
  endfacet
  facet normal 0.146696 0.989182 0
    outer loop
      vertex -30.6951 10.0192 6
      vertex -30.598 10.0048 2
      vertex -30.6951 10.0192 2
    endloop
  endfacet
  facet normal 0.989182 -0.146696 0
    outer loop
      vertex -31.4952 11.098 6
      vertex -31.4808 11.1951 2
      vertex -31.4808 11.1951 6
    endloop
  endfacet
  facet normal 0.989182 -0.146696 0
    outer loop
      vertex -31.4808 11.1951 2
      vertex -31.4952 11.098 6
      vertex -31.4952 11.098 2
    endloop
  endfacet
  facet normal 0.998803 -0.0489209 0
    outer loop
      vertex -31.5 11 6
      vertex -31.4952 11.098 2
      vertex -31.4952 11.098 6
    endloop
  endfacet
  facet normal 0.998803 -0.0489209 0
    outer loop
      vertex -31.4952 11.098 2
      vertex -31.5 11 6
      vertex -31.5 11 2
    endloop
  endfacet
  facet normal 0.336336 0.941742 -0
    outer loop
      vertex -30.7903 10.0431 2
      vertex -30.8827 10.0761 6
      vertex -30.7903 10.0431 6
    endloop
  endfacet
  facet normal 0.336336 0.941742 0
    outer loop
      vertex -30.8827 10.0761 6
      vertex -30.7903 10.0431 2
      vertex -30.8827 10.0761 2
    endloop
  endfacet
  facet normal -0.671607 0.740908 0
    outer loop
      vertex -29.7929 10.2929 2
      vertex -29.8656 10.227 6
      vertex -29.7929 10.2929 6
    endloop
  endfacet
  facet normal -0.671607 0.740908 0
    outer loop
      vertex -29.8656 10.227 6
      vertex -29.7929 10.2929 2
      vertex -29.8656 10.227 2
    endloop
  endfacet
  facet normal 0.741056 0.671443 0
    outer loop
      vertex 32.5098 -9.35058 6
      vertex 32.3385 -9.16152 2
      vertex 32.3385 -9.16152 6
    endloop
  endfacet
  facet normal 0.741056 0.671443 0
    outer loop
      vertex 32.3385 -9.16152 2
      vertex 32.5098 -9.35058 6
      vertex 32.5098 -9.35058 2
    endloop
  endfacet
  facet normal 0.989142 0.146961 0
    outer loop
      vertex 33.0875 -10.7452 6
      vertex 33.05 -10.4928 2
      vertex 33.05 -10.4928 6
    endloop
  endfacet
  facet normal 0.989142 0.146961 0
    outer loop
      vertex 33.05 -10.4928 2
      vertex 33.0875 -10.7452 6
      vertex 33.0875 -10.7452 2
    endloop
  endfacet
  facet normal 0.998799 0.0489992 0
    outer loop
      vertex 33.1 -11 6
      vertex 33.0875 -10.7452 2
      vertex 33.0875 -10.7452 6
    endloop
  endfacet
  facet normal 0.998799 0.0489992 0
    outer loop
      vertex 33.0875 -10.7452 2
      vertex 33.1 -11 6
      vertex 33.1 -11 2
    endloop
  endfacet
  facet normal 0.970027 0.242997 0
    outer loop
      vertex 33.05 -10.4928 6
      vertex 32.988 -10.2453 2
      vertex 32.988 -10.2453 6
    endloop
  endfacet
  facet normal 0.970027 0.242997 0
    outer loop
      vertex 32.988 -10.2453 2
      vertex 33.05 -10.4928 6
      vertex 33.05 -10.4928 2
    endloop
  endfacet
  facet normal 0.336609 -0.941644 0
    outer loop
      vertex 31.2547 -13.488 2
      vertex 31.495 -13.4021 6
      vertex 31.2547 -13.488 6
    endloop
  endfacet
  facet normal 0.336609 -0.941644 0
    outer loop
      vertex 31.495 -13.4021 6
      vertex 31.2547 -13.488 2
      vertex 31.495 -13.4021 2
    endloop
  endfacet
  facet normal 0.671472 0.74103 -0
    outer loop
      vertex 32.3385 -9.16152 2
      vertex 32.1494 -8.99017 6
      vertex 32.3385 -9.16152 6
    endloop
  endfacet
  facet normal 0.671472 0.74103 0
    outer loop
      vertex 32.1494 -8.99017 6
      vertex 32.3385 -9.16152 2
      vertex 32.1494 -8.99017 2
    endloop
  endfacet
  facet normal 0.941644 0.336609 0
    outer loop
      vertex 32.988 -10.2453 6
      vertex 32.9021 -10.005 2
      vertex 32.9021 -10.005 6
    endloop
  endfacet
  facet normal 0.941644 0.336609 0
    outer loop
      vertex 32.9021 -10.005 2
      vertex 32.988 -10.2453 6
      vertex 32.988 -10.2453 2
    endloop
  endfacet
  facet normal 0.0489992 -0.998799 0
    outer loop
      vertex 30.5 -13.6 2
      vertex 30.7548 -13.5875 6
      vertex 30.5 -13.6 6
    endloop
  endfacet
  facet normal 0.0489992 -0.998799 0
    outer loop
      vertex 30.7548 -13.5875 6
      vertex 30.5 -13.6 2
      vertex 30.7548 -13.5875 2
    endloop
  endfacet
  facet normal -0.59579 -0.80314 0
    outer loop
      vertex 28.8506 -13.0098 2
      vertex 29.0555 -13.1618 6
      vertex 28.8506 -13.0098 6
    endloop
  endfacet
  facet normal -0.59579 -0.80314 -0
    outer loop
      vertex 29.0555 -13.1618 6
      vertex 28.8506 -13.0098 2
      vertex 29.0555 -13.1618 2
    endloop
  endfacet
  facet normal 0.514092 -0.857735 0
    outer loop
      vertex 31.7256 -13.293 2
      vertex 31.9445 -13.1618 6
      vertex 31.7256 -13.293 6
    endloop
  endfacet
  facet normal 0.514092 -0.857735 0
    outer loop
      vertex 31.9445 -13.1618 6
      vertex 31.7256 -13.293 2
      vertex 31.9445 -13.1618 2
    endloop
  endfacet
  facet normal -0.242997 -0.970027 0
    outer loop
      vertex 29.7453 -13.488 2
      vertex 29.9928 -13.55 6
      vertex 29.7453 -13.488 6
    endloop
  endfacet
  facet normal -0.242997 -0.970027 -0
    outer loop
      vertex 29.9928 -13.55 6
      vertex 29.7453 -13.488 2
      vertex 29.9928 -13.55 2
    endloop
  endfacet
  facet normal 0.857683 0.514179 0
    outer loop
      vertex 32.793 -9.77437 6
      vertex 32.6618 -9.55552 2
      vertex 32.6618 -9.55552 6
    endloop
  endfacet
  facet normal 0.857683 0.514179 0
    outer loop
      vertex 32.6618 -9.55552 2
      vertex 32.793 -9.77437 6
      vertex 32.793 -9.77437 2
    endloop
  endfacet
  facet normal -0.998799 -0.0489992 0
    outer loop
      vertex 27.9125 -11.2548 2
      vertex 27.9 -11 6
      vertex 27.9 -11 2
    endloop
  endfacet
  facet normal -0.998799 -0.0489992 0
    outer loop
      vertex 27.9 -11 6
      vertex 27.9125 -11.2548 2
      vertex 27.9125 -11.2548 6
    endloop
  endfacet
  facet normal -0.903937 -0.427665 0
    outer loop
      vertex 28.207 -12.2256 2
      vertex 28.0979 -11.995 6
      vertex 28.0979 -11.995 2
    endloop
  endfacet
  facet normal -0.903937 -0.427665 0
    outer loop
      vertex 28.0979 -11.995 6
      vertex 28.207 -12.2256 2
      vertex 28.207 -12.2256 6
    endloop
  endfacet
  facet normal 0.903959 0.42762 0
    outer loop
      vertex 32.9021 -10.005 6
      vertex 32.793 -9.77437 2
      vertex 32.793 -9.77437 6
    endloop
  endfacet
  facet normal 0.903959 0.42762 0
    outer loop
      vertex 32.793 -9.77437 2
      vertex 32.9021 -10.005 6
      vertex 32.9021 -10.005 2
    endloop
  endfacet
  facet normal 0.970027 -0.242997 0
    outer loop
      vertex 32.988 -11.7547 6
      vertex 33.05 -11.5072 2
      vertex 33.05 -11.5072 6
    endloop
  endfacet
  facet normal 0.970027 -0.242997 0
    outer loop
      vertex 33.05 -11.5072 2
      vertex 32.988 -11.7547 6
      vertex 32.988 -11.7547 2
    endloop
  endfacet
  facet normal -0.514006 0.857787 0
    outer loop
      vertex 29.2744 -8.70701 2
      vertex 29.0555 -8.83818 6
      vertex 29.2744 -8.70701 6
    endloop
  endfacet
  facet normal -0.514006 0.857787 0
    outer loop
      vertex 29.0555 -8.83818 6
      vertex 29.2744 -8.70701 2
      vertex 29.0555 -8.83818 2
    endloop
  endfacet
  facet normal -0.970027 -0.242997 0
    outer loop
      vertex 28.012 -11.7547 2
      vertex 27.95 -11.5072 6
      vertex 27.95 -11.5072 2
    endloop
  endfacet
  facet normal -0.970027 -0.242997 0
    outer loop
      vertex 27.95 -11.5072 6
      vertex 28.012 -11.7547 2
      vertex 28.012 -11.7547 6
    endloop
  endfacet
  facet normal 0.242997 0.970027 -0
    outer loop
      vertex 31.2547 -8.51196 2
      vertex 31.0072 -8.44996 6
      vertex 31.2547 -8.51196 6
    endloop
  endfacet
  facet normal 0.242997 0.970027 0
    outer loop
      vertex 31.0072 -8.44996 6
      vertex 31.2547 -8.51196 2
      vertex 31.0072 -8.44996 2
    endloop
  endfacet
  facet normal 0.941644 -0.336609 0
    outer loop
      vertex 32.9021 -11.995 6
      vertex 32.988 -11.7547 2
      vertex 32.988 -11.7547 6
    endloop
  endfacet
  facet normal 0.941644 -0.336609 0
    outer loop
      vertex 32.988 -11.7547 2
      vertex 32.9021 -11.995 6
      vertex 32.9021 -11.995 2
    endloop
  endfacet
  facet normal 0.989142 -0.146961 0
    outer loop
      vertex 33.05 -11.5072 6
      vertex 33.0875 -11.2548 2
      vertex 33.0875 -11.2548 6
    endloop
  endfacet
  facet normal 0.989142 -0.146961 0
    outer loop
      vertex 33.0875 -11.2548 2
      vertex 33.05 -11.5072 6
      vertex 33.05 -11.5072 2
    endloop
  endfacet
  facet normal 0.14673 0.989177 -0
    outer loop
      vertex 31.0072 -8.44996 2
      vertex 30.7548 -8.41252 6
      vertex 31.0072 -8.44996 6
    endloop
  endfacet
  facet normal 0.14673 0.989177 0
    outer loop
      vertex 30.7548 -8.41252 6
      vertex 31.0072 -8.44996 2
      vertex 30.7548 -8.41252 2
    endloop
  endfacet
  facet normal -0.427665 0.903937 0
    outer loop
      vertex 29.505 -8.59791 2
      vertex 29.2744 -8.70701 6
      vertex 29.505 -8.59791 6
    endloop
  endfacet
  facet normal -0.427665 0.903937 0
    outer loop
      vertex 29.2744 -8.70701 6
      vertex 29.505 -8.59791 2
      vertex 29.2744 -8.70701 2
    endloop
  endfacet
  facet normal -0.14673 0.989177 0
    outer loop
      vertex 30.2452 -8.41252 2
      vertex 29.9928 -8.44996 6
      vertex 30.2452 -8.41252 6
    endloop
  endfacet
  facet normal -0.14673 0.989177 0
    outer loop
      vertex 29.9928 -8.44996 6
      vertex 30.2452 -8.41252 2
      vertex 29.9928 -8.44996 2
    endloop
  endfacet
  facet normal 0.427665 -0.903937 0
    outer loop
      vertex 31.495 -13.4021 2
      vertex 31.7256 -13.293 6
      vertex 31.495 -13.4021 6
    endloop
  endfacet
  facet normal 0.427665 -0.903937 0
    outer loop
      vertex 31.7256 -13.293 6
      vertex 31.495 -13.4021 2
      vertex 31.7256 -13.293 2
    endloop
  endfacet
  facet normal -0.671472 0.74103 0
    outer loop
      vertex 28.8506 -8.99017 2
      vertex 28.6615 -9.16152 6
      vertex 28.8506 -8.99017 6
    endloop
  endfacet
  facet normal -0.671472 0.74103 0
    outer loop
      vertex 28.6615 -9.16152 6
      vertex 28.8506 -8.99017 2
      vertex 28.6615 -9.16152 2
    endloop
  endfacet
  facet normal 0.857735 -0.514092 0
    outer loop
      vertex 32.6618 -12.4445 6
      vertex 32.793 -12.2256 2
      vertex 32.793 -12.2256 6
    endloop
  endfacet
  facet normal 0.857735 -0.514092 0
    outer loop
      vertex 32.793 -12.2256 2
      vertex 32.6618 -12.4445 6
      vertex 32.6618 -12.4445 2
    endloop
  endfacet
  facet normal -0.595765 0.803159 0
    outer loop
      vertex 29.0555 -8.83818 2
      vertex 28.8506 -8.99017 6
      vertex 29.0555 -8.83818 6
    endloop
  endfacet
  facet normal -0.595765 0.803159 0
    outer loop
      vertex 28.8506 -8.99017 6
      vertex 29.0555 -8.83818 2
      vertex 28.8506 -8.99017 2
    endloop
  endfacet
  facet normal 0.903937 -0.427665 0
    outer loop
      vertex 32.793 -12.2256 6
      vertex 32.9021 -11.995 2
      vertex 32.9021 -11.995 6
    endloop
  endfacet
  facet normal 0.903937 -0.427665 0
    outer loop
      vertex 32.9021 -11.995 2
      vertex 32.793 -12.2256 6
      vertex 32.793 -12.2256 2
    endloop
  endfacet
  facet normal 0.998799 -0.0489992 0
    outer loop
      vertex 33.0875 -11.2548 6
      vertex 33.1 -11 2
      vertex 33.1 -11 6
    endloop
  endfacet
  facet normal 0.998799 -0.0489992 0
    outer loop
      vertex 33.1 -11 2
      vertex 33.0875 -11.2548 6
      vertex 33.0875 -11.2548 2
    endloop
  endfacet
  facet normal -0.741056 0.671443 0
    outer loop
      vertex 28.4902 -9.35058 2
      vertex 28.6615 -9.16152 6
      vertex 28.6615 -9.16152 2
    endloop
  endfacet
  facet normal -0.741056 0.671443 0
    outer loop
      vertex 28.6615 -9.16152 6
      vertex 28.4902 -9.35058 2
      vertex 28.4902 -9.35058 6
    endloop
  endfacet
  facet normal -0.941644 -0.336609 0
    outer loop
      vertex 28.0979 -11.995 2
      vertex 28.012 -11.7547 6
      vertex 28.012 -11.7547 2
    endloop
  endfacet
  facet normal -0.941644 -0.336609 0
    outer loop
      vertex 28.012 -11.7547 6
      vertex 28.0979 -11.995 2
      vertex 28.0979 -11.995 6
    endloop
  endfacet
  facet normal 0.514006 0.857787 -0
    outer loop
      vertex 31.9445 -8.83818 2
      vertex 31.7256 -8.70701 6
      vertex 31.9445 -8.83818 6
    endloop
  endfacet
  facet normal 0.514006 0.857787 0
    outer loop
      vertex 31.7256 -8.70701 6
      vertex 31.9445 -8.83818 2
      vertex 31.7256 -8.70701 2
    endloop
  endfacet
  facet normal 0.595765 0.803159 -0
    outer loop
      vertex 32.1494 -8.99017 2
      vertex 31.9445 -8.83818 6
      vertex 32.1494 -8.99017 6
    endloop
  endfacet
  facet normal 0.595765 0.803159 0
    outer loop
      vertex 31.9445 -8.83818 6
      vertex 32.1494 -8.99017 2
      vertex 31.9445 -8.83818 2
    endloop
  endfacet
  facet normal 0.146961 -0.989142 0
    outer loop
      vertex 30.7548 -13.5875 2
      vertex 31.0072 -13.55 6
      vertex 30.7548 -13.5875 6
    endloop
  endfacet
  facet normal 0.146961 -0.989142 0
    outer loop
      vertex 31.0072 -13.55 6
      vertex 30.7548 -13.5875 2
      vertex 31.0072 -13.55 2
    endloop
  endfacet
  facet normal 0.741127 -0.671365 0
    outer loop
      vertex 32.3385 -12.8385 6
      vertex 32.5098 -12.6494 2
      vertex 32.5098 -12.6494 6
    endloop
  endfacet
  facet normal 0.741127 -0.671365 0
    outer loop
      vertex 32.5098 -12.6494 2
      vertex 32.3385 -12.8385 6
      vertex 32.3385 -12.8385 2
    endloop
  endfacet
  facet normal 0.80314 -0.59579 0
    outer loop
      vertex 32.5098 -12.6494 6
      vertex 32.6618 -12.4445 2
      vertex 32.6618 -12.4445 6
    endloop
  endfacet
  facet normal 0.80314 -0.59579 0
    outer loop
      vertex 32.6618 -12.4445 2
      vertex 32.5098 -12.6494 6
      vertex 32.5098 -12.6494 2
    endloop
  endfacet
  facet normal 0.242997 -0.970027 0
    outer loop
      vertex 31.0072 -13.55 2
      vertex 31.2547 -13.488 6
      vertex 31.0072 -13.55 6
    endloop
  endfacet
  facet normal 0.242997 -0.970027 0
    outer loop
      vertex 31.2547 -13.488 6
      vertex 31.0072 -13.55 2
      vertex 31.2547 -13.488 2
    endloop
  endfacet
  facet normal -0.242997 0.970027 0
    outer loop
      vertex 29.9928 -8.44996 2
      vertex 29.7453 -8.51196 6
      vertex 29.9928 -8.44996 6
    endloop
  endfacet
  facet normal -0.242997 0.970027 0
    outer loop
      vertex 29.7453 -8.51196 6
      vertex 29.9928 -8.44996 2
      vertex 29.7453 -8.51196 2
    endloop
  endfacet
  facet normal 0.803196 0.595715 0
    outer loop
      vertex 32.6618 -9.55552 6
      vertex 32.5098 -9.35058 2
      vertex 32.5098 -9.35058 6
    endloop
  endfacet
  facet normal 0.803196 0.595715 0
    outer loop
      vertex 32.5098 -9.35058 2
      vertex 32.6618 -9.55552 6
      vertex 32.6618 -9.55552 2
    endloop
  endfacet
  facet normal 0.0490774 0.998795 -0
    outer loop
      vertex 30.7548 -8.41252 2
      vertex 30.5 -8.4 6
      vertex 30.7548 -8.41252 6
    endloop
  endfacet
  facet normal 0.0490774 0.998795 0
    outer loop
      vertex 30.5 -8.4 6
      vertex 30.7548 -8.41252 2
      vertex 30.5 -8.4 2
    endloop
  endfacet
  facet normal -0.857683 0.514179 0
    outer loop
      vertex 28.207 -9.77437 2
      vertex 28.3382 -9.55552 6
      vertex 28.3382 -9.55552 2
    endloop
  endfacet
  facet normal -0.857683 0.514179 0
    outer loop
      vertex 28.3382 -9.55552 6
      vertex 28.207 -9.77437 2
      vertex 28.207 -9.77437 6
    endloop
  endfacet
  facet normal 0.427665 0.903937 -0
    outer loop
      vertex 31.7256 -8.70701 2
      vertex 31.495 -8.59791 6
      vertex 31.7256 -8.70701 6
    endloop
  endfacet
  facet normal 0.427665 0.903937 0
    outer loop
      vertex 31.495 -8.59791 6
      vertex 31.7256 -8.70701 2
      vertex 31.495 -8.59791 2
    endloop
  endfacet
  facet normal -0.857735 -0.514092 0
    outer loop
      vertex 28.3382 -12.4445 2
      vertex 28.207 -12.2256 6
      vertex 28.207 -12.2256 2
    endloop
  endfacet
  facet normal -0.857735 -0.514092 0
    outer loop
      vertex 28.207 -12.2256 6
      vertex 28.3382 -12.4445 2
      vertex 28.3382 -12.4445 6
    endloop
  endfacet
  facet normal -0.427665 -0.903937 0
    outer loop
      vertex 29.2744 -13.293 2
      vertex 29.505 -13.4021 6
      vertex 29.2744 -13.293 6
    endloop
  endfacet
  facet normal -0.427665 -0.903937 -0
    outer loop
      vertex 29.505 -13.4021 6
      vertex 29.2744 -13.293 2
      vertex 29.505 -13.4021 2
    endloop
  endfacet
  facet normal -0.741127 -0.671365 0
    outer loop
      vertex 28.6615 -12.8385 2
      vertex 28.4902 -12.6494 6
      vertex 28.4902 -12.6494 2
    endloop
  endfacet
  facet normal -0.741127 -0.671365 0
    outer loop
      vertex 28.4902 -12.6494 6
      vertex 28.6615 -12.8385 2
      vertex 28.6615 -12.8385 6
    endloop
  endfacet
  facet normal -0.336783 0.941582 0
    outer loop
      vertex 29.7453 -8.51196 2
      vertex 29.505 -8.59791 6
      vertex 29.7453 -8.51196 6
    endloop
  endfacet
  facet normal -0.336783 0.941582 0
    outer loop
      vertex 29.505 -8.59791 6
      vertex 29.7453 -8.51196 2
      vertex 29.505 -8.59791 2
    endloop
  endfacet
  facet normal -0.514092 -0.857735 0
    outer loop
      vertex 29.0555 -13.1618 2
      vertex 29.2744 -13.293 6
      vertex 29.0555 -13.1618 6
    endloop
  endfacet
  facet normal -0.514092 -0.857735 -0
    outer loop
      vertex 29.2744 -13.293 6
      vertex 29.0555 -13.1618 2
      vertex 29.2744 -13.293 2
    endloop
  endfacet
  facet normal 0.59579 -0.80314 0
    outer loop
      vertex 31.9445 -13.1618 2
      vertex 32.1494 -13.0098 6
      vertex 31.9445 -13.1618 6
    endloop
  endfacet
  facet normal 0.59579 -0.80314 0
    outer loop
      vertex 32.1494 -13.0098 6
      vertex 31.9445 -13.1618 2
      vertex 32.1494 -13.0098 2
    endloop
  endfacet
  facet normal -0.0490774 0.998795 0
    outer loop
      vertex 30.5 -8.4 2
      vertex 30.2452 -8.41252 6
      vertex 30.5 -8.4 6
    endloop
  endfacet
  facet normal -0.0490774 0.998795 0
    outer loop
      vertex 30.2452 -8.41252 6
      vertex 30.5 -8.4 2
      vertex 30.2452 -8.41252 2
    endloop
  endfacet
  facet normal -0.970027 0.242997 0
    outer loop
      vertex 27.95 -10.4928 2
      vertex 28.012 -10.2453 6
      vertex 28.012 -10.2453 2
    endloop
  endfacet
  facet normal -0.970027 0.242997 0
    outer loop
      vertex 28.012 -10.2453 6
      vertex 27.95 -10.4928 2
      vertex 27.95 -10.4928 6
    endloop
  endfacet
  facet normal -0.941644 0.336609 0
    outer loop
      vertex 28.012 -10.2453 2
      vertex 28.0979 -10.005 6
      vertex 28.0979 -10.005 2
    endloop
  endfacet
  facet normal -0.941644 0.336609 0
    outer loop
      vertex 28.0979 -10.005 6
      vertex 28.012 -10.2453 2
      vertex 28.012 -10.2453 6
    endloop
  endfacet
  facet normal 0.336783 0.941582 -0
    outer loop
      vertex 31.495 -8.59791 2
      vertex 31.2547 -8.51196 6
      vertex 31.495 -8.59791 6
    endloop
  endfacet
  facet normal 0.336783 0.941582 0
    outer loop
      vertex 31.2547 -8.51196 6
      vertex 31.495 -8.59791 2
      vertex 31.2547 -8.51196 2
    endloop
  endfacet
  facet normal -0.80314 -0.59579 0
    outer loop
      vertex 28.4902 -12.6494 2
      vertex 28.3382 -12.4445 6
      vertex 28.3382 -12.4445 2
    endloop
  endfacet
  facet normal -0.80314 -0.59579 0
    outer loop
      vertex 28.3382 -12.4445 6
      vertex 28.4902 -12.6494 2
      vertex 28.4902 -12.6494 6
    endloop
  endfacet
  facet normal -0.989142 -0.146961 0
    outer loop
      vertex 27.95 -11.5072 2
      vertex 27.9125 -11.2548 6
      vertex 27.9125 -11.2548 2
    endloop
  endfacet
  facet normal -0.989142 -0.146961 0
    outer loop
      vertex 27.9125 -11.2548 6
      vertex 27.95 -11.5072 2
      vertex 27.95 -11.5072 6
    endloop
  endfacet
  facet normal -0.903959 0.42762 0
    outer loop
      vertex 28.0979 -10.005 2
      vertex 28.207 -9.77437 6
      vertex 28.207 -9.77437 2
    endloop
  endfacet
  facet normal -0.903959 0.42762 0
    outer loop
      vertex 28.207 -9.77437 6
      vertex 28.0979 -10.005 2
      vertex 28.0979 -10.005 6
    endloop
  endfacet
  facet normal -0.671365 -0.741127 0
    outer loop
      vertex 28.6615 -12.8385 2
      vertex 28.8506 -13.0098 6
      vertex 28.6615 -12.8385 6
    endloop
  endfacet
  facet normal -0.671365 -0.741127 -0
    outer loop
      vertex 28.8506 -13.0098 6
      vertex 28.6615 -12.8385 2
      vertex 28.8506 -13.0098 2
    endloop
  endfacet
  facet normal -0.803196 0.595715 0
    outer loop
      vertex 28.3382 -9.55552 2
      vertex 28.4902 -9.35058 6
      vertex 28.4902 -9.35058 2
    endloop
  endfacet
  facet normal -0.803196 0.595715 0
    outer loop
      vertex 28.4902 -9.35058 6
      vertex 28.3382 -9.55552 2
      vertex 28.3382 -9.55552 6
    endloop
  endfacet
  facet normal -0.0489992 -0.998799 0
    outer loop
      vertex 30.2452 -13.5875 2
      vertex 30.5 -13.6 6
      vertex 30.2452 -13.5875 6
    endloop
  endfacet
  facet normal -0.0489992 -0.998799 -0
    outer loop
      vertex 30.5 -13.6 6
      vertex 30.2452 -13.5875 2
      vertex 30.5 -13.6 2
    endloop
  endfacet
  facet normal -0.146961 -0.989142 0
    outer loop
      vertex 29.9928 -13.55 2
      vertex 30.2452 -13.5875 6
      vertex 29.9928 -13.55 6
    endloop
  endfacet
  facet normal -0.146961 -0.989142 -0
    outer loop
      vertex 30.2452 -13.5875 6
      vertex 29.9928 -13.55 2
      vertex 30.2452 -13.5875 2
    endloop
  endfacet
  facet normal -0.989142 0.146961 0
    outer loop
      vertex 27.9125 -10.7452 2
      vertex 27.95 -10.4928 6
      vertex 27.95 -10.4928 2
    endloop
  endfacet
  facet normal -0.989142 0.146961 0
    outer loop
      vertex 27.95 -10.4928 6
      vertex 27.9125 -10.7452 2
      vertex 27.9125 -10.7452 6
    endloop
  endfacet
  facet normal -0.998799 0.0489992 0
    outer loop
      vertex 27.9 -11 2
      vertex 27.9125 -10.7452 6
      vertex 27.9125 -10.7452 2
    endloop
  endfacet
  facet normal -0.998799 0.0489992 0
    outer loop
      vertex 27.9125 -10.7452 6
      vertex 27.9 -11 2
      vertex 27.9 -11 6
    endloop
  endfacet
  facet normal -0.336609 -0.941644 0
    outer loop
      vertex 29.505 -13.4021 2
      vertex 29.7453 -13.488 6
      vertex 29.505 -13.4021 6
    endloop
  endfacet
  facet normal -0.336609 -0.941644 -0
    outer loop
      vertex 29.7453 -13.488 6
      vertex 29.505 -13.4021 2
      vertex 29.7453 -13.488 2
    endloop
  endfacet
  facet normal 0.671365 -0.741127 0
    outer loop
      vertex 32.1494 -13.0098 2
      vertex 32.3385 -12.8385 6
      vertex 32.1494 -13.0098 6
    endloop
  endfacet
  facet normal 0.671365 -0.741127 0
    outer loop
      vertex 32.3385 -12.8385 6
      vertex 32.1494 -13.0098 2
      vertex 32.3385 -12.8385 2
    endloop
  endfacet
  facet normal 0 0 1
    outer loop
      vertex 31.5 -11 6
      vertex 33.1 -11 6
      vertex 33.0875 -10.7452 6
    endloop
  endfacet
  facet normal 0 0 1
    outer loop
      vertex 31.4952 -10.902 6
      vertex 33.0875 -10.7452 6
      vertex 33.05 -10.4928 6
    endloop
  endfacet
  facet normal 0 0 1
    outer loop
      vertex 33.1 -11 6
      vertex 31.5 -11 6
      vertex 33.0875 -11.2548 6
    endloop
  endfacet
  facet normal 0 0 1
    outer loop
      vertex 31.4808 -10.8049 6
      vertex 33.05 -10.4928 6
      vertex 32.988 -10.2453 6
    endloop
  endfacet
  facet normal -0 0 1
    outer loop
      vertex 31.4952 -11.098 6
      vertex 33.0875 -11.2548 6
      vertex 31.5 -11 6
    endloop
  endfacet
  facet normal 0 0 1
    outer loop
      vertex 31.4569 -10.7097 6
      vertex 32.988 -10.2453 6
      vertex 32.9021 -10.005 6
    endloop
  endfacet
  facet normal 0 0 1
    outer loop
      vertex 33.0875 -11.2548 6
      vertex 31.4952 -11.098 6
      vertex 33.05 -11.5072 6
    endloop
  endfacet
  facet normal 0 0 1
    outer loop
      vertex 31.4239 -10.6173 6
      vertex 32.9021 -10.005 6
      vertex 32.793 -9.77437 6
    endloop
  endfacet
  facet normal -0 0 1
    outer loop
      vertex 31.4808 -11.1951 6
      vertex 33.05 -11.5072 6
      vertex 31.4952 -11.098 6
    endloop
  endfacet
  facet normal 0 0 1
    outer loop
      vertex 31.3819 -10.5286 6
      vertex 32.793 -9.77437 6
      vertex 32.6618 -9.55552 6
    endloop
  endfacet
  facet normal 0 0 1
    outer loop
      vertex 33.05 -11.5072 6
      vertex 31.4808 -11.1951 6
      vertex 32.988 -11.7547 6
    endloop
  endfacet
  facet normal 0 0 1
    outer loop
      vertex 31.3315 -10.4444 6
      vertex 32.6618 -9.55552 6
      vertex 32.5098 -9.35058 6
    endloop
  endfacet
  facet normal -0 0 1
    outer loop
      vertex 31.4569 -11.2903 6
      vertex 32.988 -11.7547 6
      vertex 31.4808 -11.1951 6
    endloop
  endfacet
  facet normal 0 0 1
    outer loop
      vertex 31.273 -10.3656 6
      vertex 32.5098 -9.35058 6
      vertex 32.3385 -9.16152 6
    endloop
  endfacet
  facet normal 0 0 1
    outer loop
      vertex 32.988 -11.7547 6
      vertex 31.4569 -11.2903 6
      vertex 32.9021 -11.995 6
    endloop
  endfacet
  facet normal 0 0 1
    outer loop
      vertex 31.2071 -10.2929 6
      vertex 32.3385 -9.16152 6
      vertex 32.1494 -8.99017 6
    endloop
  endfacet
  facet normal -0 0 1
    outer loop
      vertex 31.4239 -11.3827 6
      vertex 32.9021 -11.995 6
      vertex 31.4569 -11.2903 6
    endloop
  endfacet
  facet normal 0 0 1
    outer loop
      vertex 31.1344 -10.227 6
      vertex 32.1494 -8.99017 6
      vertex 31.9445 -8.83818 6
    endloop
  endfacet
  facet normal 0 0 1
    outer loop
      vertex 32.9021 -11.995 6
      vertex 31.4239 -11.3827 6
      vertex 32.793 -12.2256 6
    endloop
  endfacet
  facet normal 0 0 1
    outer loop
      vertex 31.0556 -10.1685 6
      vertex 31.9445 -8.83818 6
      vertex 31.7256 -8.70701 6
    endloop
  endfacet
  facet normal -0 0 1
    outer loop
      vertex 31.3819 -11.4714 6
      vertex 32.793 -12.2256 6
      vertex 31.4239 -11.3827 6
    endloop
  endfacet
  facet normal 0 0 1
    outer loop
      vertex 32.793 -12.2256 6
      vertex 31.3819 -11.4714 6
      vertex 32.6618 -12.4445 6
    endloop
  endfacet
  facet normal 0 0 1
    outer loop
      vertex 33.0875 -10.7452 6
      vertex 31.4952 -10.902 6
      vertex 31.5 -11 6
    endloop
  endfacet
  facet normal 0 0 1
    outer loop
      vertex 30.9714 -10.1181 6
      vertex 31.7256 -8.70701 6
      vertex 31.495 -8.59791 6
    endloop
  endfacet
  facet normal 0 0 1
    outer loop
      vertex 33.05 -10.4928 6
      vertex 31.4808 -10.8049 6
      vertex 31.4952 -10.902 6
    endloop
  endfacet
  facet normal 0 0 1
    outer loop
      vertex 32.988 -10.2453 6
      vertex 31.4569 -10.7097 6
      vertex 31.4808 -10.8049 6
    endloop
  endfacet
  facet normal 0 0 1
    outer loop
      vertex 32.9021 -10.005 6
      vertex 31.4239 -10.6173 6
      vertex 31.4569 -10.7097 6
    endloop
  endfacet
  facet normal 0 0 1
    outer loop
      vertex 32.793 -9.77437 6
      vertex 31.3819 -10.5286 6
      vertex 31.4239 -10.6173 6
    endloop
  endfacet
  facet normal 0 0 1
    outer loop
      vertex 32.6618 -9.55552 6
      vertex 31.3315 -10.4444 6
      vertex 31.3819 -10.5286 6
    endloop
  endfacet
  facet normal 0 0 1
    outer loop
      vertex 32.5098 -9.35058 6
      vertex 31.273 -10.3656 6
      vertex 31.3315 -10.4444 6
    endloop
  endfacet
  facet normal 0 0 1
    outer loop
      vertex 30.8827 -10.0761 6
      vertex 31.495 -8.59791 6
      vertex 31.2547 -8.51196 6
    endloop
  endfacet
  facet normal 0 0 1
    outer loop
      vertex 32.3385 -9.16152 6
      vertex 31.2071 -10.2929 6
      vertex 31.273 -10.3656 6
    endloop
  endfacet
  facet normal 0 0 1
    outer loop
      vertex 32.1494 -8.99017 6
      vertex 31.1344 -10.227 6
      vertex 31.2071 -10.2929 6
    endloop
  endfacet
  facet normal 0 0 1
    outer loop
      vertex 31.9445 -8.83818 6
      vertex 31.0556 -10.1685 6
      vertex 31.1344 -10.227 6
    endloop
  endfacet
  facet normal 0 0 1
    outer loop
      vertex 30.7903 -10.0431 6
      vertex 31.2547 -8.51196 6
      vertex 31.0072 -8.44996 6
    endloop
  endfacet
  facet normal 0 0 1
    outer loop
      vertex 31.7256 -8.70701 6
      vertex 30.9714 -10.1181 6
      vertex 31.0556 -10.1685 6
    endloop
  endfacet
  facet normal 0 0 1
    outer loop
      vertex 31.495 -8.59791 6
      vertex 30.8827 -10.0761 6
      vertex 30.9714 -10.1181 6
    endloop
  endfacet
  facet normal 0 0 1
    outer loop
      vertex 31.2547 -8.51196 6
      vertex 30.7903 -10.0431 6
      vertex 30.8827 -10.0761 6
    endloop
  endfacet
  facet normal 0 0 1
    outer loop
      vertex 30.6951 -10.0192 6
      vertex 31.0072 -8.44996 6
      vertex 30.7548 -8.41252 6
    endloop
  endfacet
  facet normal 0 0 1
    outer loop
      vertex 31.0072 -8.44996 6
      vertex 30.6951 -10.0192 6
      vertex 30.7903 -10.0431 6
    endloop
  endfacet
  facet normal 0 0 1
    outer loop
      vertex 30.7548 -8.41252 6
      vertex 30.598 -10.0048 6
      vertex 30.6951 -10.0192 6
    endloop
  endfacet
  facet normal 0 0 1
    outer loop
      vertex 30.5 -8.4 6
      vertex 30.598 -10.0048 6
      vertex 30.7548 -8.41252 6
    endloop
  endfacet
  facet normal 0 0 1
    outer loop
      vertex 30.5 -8.4 6
      vertex 30.5 -10 6
      vertex 30.598 -10.0048 6
    endloop
  endfacet
  facet normal 0 0 1
    outer loop
      vertex 30.5 -8.4 6
      vertex 30.402 -10.0048 6
      vertex 30.5 -10 6
    endloop
  endfacet
  facet normal -0 0 1
    outer loop
      vertex 30.2452 -8.41252 6
      vertex 30.402 -10.0048 6
      vertex 30.5 -8.4 6
    endloop
  endfacet
  facet normal 0 0 1
    outer loop
      vertex 30.402 -10.0048 6
      vertex 30.2452 -8.41252 6
      vertex 30.3049 -10.0192 6
    endloop
  endfacet
  facet normal -0 0 1
    outer loop
      vertex 29.9928 -8.44996 6
      vertex 30.3049 -10.0192 6
      vertex 30.2452 -8.41252 6
    endloop
  endfacet
  facet normal 0 0 1
    outer loop
      vertex 30.3049 -10.0192 6
      vertex 29.9928 -8.44996 6
      vertex 30.2097 -10.0431 6
    endloop
  endfacet
  facet normal -0 0 1
    outer loop
      vertex 29.7453 -8.51196 6
      vertex 30.2097 -10.0431 6
      vertex 29.9928 -8.44996 6
    endloop
  endfacet
  facet normal 0 0 1
    outer loop
      vertex 30.2097 -10.0431 6
      vertex 29.7453 -8.51196 6
      vertex 30.1173 -10.0761 6
    endloop
  endfacet
  facet normal -0 0 1
    outer loop
      vertex 29.505 -8.59791 6
      vertex 30.1173 -10.0761 6
      vertex 29.7453 -8.51196 6
    endloop
  endfacet
  facet normal 0 0 1
    outer loop
      vertex 30.1173 -10.0761 6
      vertex 29.505 -8.59791 6
      vertex 30.0286 -10.1181 6
    endloop
  endfacet
  facet normal -0 0 1
    outer loop
      vertex 29.2744 -8.70701 6
      vertex 30.0286 -10.1181 6
      vertex 29.505 -8.59791 6
    endloop
  endfacet
  facet normal 0 0 1
    outer loop
      vertex 30.0286 -10.1181 6
      vertex 29.2744 -8.70701 6
      vertex 29.9444 -10.1685 6
    endloop
  endfacet
  facet normal -0 0 1
    outer loop
      vertex 29.0555 -8.83818 6
      vertex 29.9444 -10.1685 6
      vertex 29.2744 -8.70701 6
    endloop
  endfacet
  facet normal 0 0 1
    outer loop
      vertex 29.9444 -10.1685 6
      vertex 29.0555 -8.83818 6
      vertex 29.8656 -10.227 6
    endloop
  endfacet
  facet normal -0 0 1
    outer loop
      vertex 28.8506 -8.99017 6
      vertex 29.8656 -10.227 6
      vertex 29.0555 -8.83818 6
    endloop
  endfacet
  facet normal 0 0 1
    outer loop
      vertex 29.8656 -10.227 6
      vertex 28.8506 -8.99017 6
      vertex 29.7929 -10.2929 6
    endloop
  endfacet
  facet normal -0 0 1
    outer loop
      vertex 28.6615 -9.16152 6
      vertex 29.7929 -10.2929 6
      vertex 28.8506 -8.99017 6
    endloop
  endfacet
  facet normal 0 0 1
    outer loop
      vertex 29.7929 -10.2929 6
      vertex 28.6615 -9.16152 6
      vertex 29.727 -10.3656 6
    endloop
  endfacet
  facet normal -0 0 1
    outer loop
      vertex 28.4902 -9.35058 6
      vertex 29.727 -10.3656 6
      vertex 28.6615 -9.16152 6
    endloop
  endfacet
  facet normal 0 0 1
    outer loop
      vertex 29.727 -10.3656 6
      vertex 28.4902 -9.35058 6
      vertex 29.6685 -10.4444 6
    endloop
  endfacet
  facet normal -0 0 1
    outer loop
      vertex 28.3382 -9.55552 6
      vertex 29.6685 -10.4444 6
      vertex 28.4902 -9.35058 6
    endloop
  endfacet
  facet normal 0 0 1
    outer loop
      vertex 29.6685 -10.4444 6
      vertex 28.3382 -9.55552 6
      vertex 29.6181 -10.5286 6
    endloop
  endfacet
  facet normal -0 0 1
    outer loop
      vertex 31.3315 -11.5556 6
      vertex 32.6618 -12.4445 6
      vertex 31.3819 -11.4714 6
    endloop
  endfacet
  facet normal 0 0 1
    outer loop
      vertex 32.6618 -12.4445 6
      vertex 31.3315 -11.5556 6
      vertex 32.5098 -12.6494 6
    endloop
  endfacet
  facet normal -0 0 1
    outer loop
      vertex 31.273 -11.6344 6
      vertex 32.5098 -12.6494 6
      vertex 31.3315 -11.5556 6
    endloop
  endfacet
  facet normal 0 0 1
    outer loop
      vertex 32.5098 -12.6494 6
      vertex 31.273 -11.6344 6
      vertex 32.3385 -12.8385 6
    endloop
  endfacet
  facet normal -0 0 1
    outer loop
      vertex 31.2071 -11.7071 6
      vertex 32.3385 -12.8385 6
      vertex 31.273 -11.6344 6
    endloop
  endfacet
  facet normal 0 0 1
    outer loop
      vertex 32.3385 -12.8385 6
      vertex 31.2071 -11.7071 6
      vertex 32.1494 -13.0098 6
    endloop
  endfacet
  facet normal -0 0 1
    outer loop
      vertex 31.1344 -11.773 6
      vertex 32.1494 -13.0098 6
      vertex 31.2071 -11.7071 6
    endloop
  endfacet
  facet normal 0 0 1
    outer loop
      vertex 32.1494 -13.0098 6
      vertex 31.1344 -11.773 6
      vertex 31.9445 -13.1618 6
    endloop
  endfacet
  facet normal -0 0 1
    outer loop
      vertex 31.0556 -11.8315 6
      vertex 31.9445 -13.1618 6
      vertex 31.1344 -11.773 6
    endloop
  endfacet
  facet normal 0 0 1
    outer loop
      vertex 31.9445 -13.1618 6
      vertex 31.0556 -11.8315 6
      vertex 31.7256 -13.293 6
    endloop
  endfacet
  facet normal -0 0 1
    outer loop
      vertex 30.9714 -11.8819 6
      vertex 31.7256 -13.293 6
      vertex 31.0556 -11.8315 6
    endloop
  endfacet
  facet normal 0 0 1
    outer loop
      vertex 31.7256 -13.293 6
      vertex 30.9714 -11.8819 6
      vertex 31.495 -13.4021 6
    endloop
  endfacet
  facet normal -0 0 1
    outer loop
      vertex 30.8827 -11.9239 6
      vertex 31.495 -13.4021 6
      vertex 30.9714 -11.8819 6
    endloop
  endfacet
  facet normal 0 0 1
    outer loop
      vertex 31.495 -13.4021 6
      vertex 30.8827 -11.9239 6
      vertex 31.2547 -13.488 6
    endloop
  endfacet
  facet normal -0 0 1
    outer loop
      vertex 30.7903 -11.9569 6
      vertex 31.2547 -13.488 6
      vertex 30.8827 -11.9239 6
    endloop
  endfacet
  facet normal 0 0 1
    outer loop
      vertex 31.2547 -13.488 6
      vertex 30.7903 -11.9569 6
      vertex 31.0072 -13.55 6
    endloop
  endfacet
  facet normal -0 0 1
    outer loop
      vertex 30.6951 -11.9808 6
      vertex 31.0072 -13.55 6
      vertex 30.7903 -11.9569 6
    endloop
  endfacet
  facet normal 0 0 1
    outer loop
      vertex 31.0072 -13.55 6
      vertex 30.6951 -11.9808 6
      vertex 30.7548 -13.5875 6
    endloop
  endfacet
  facet normal -0 0 1
    outer loop
      vertex 30.598 -11.9952 6
      vertex 30.7548 -13.5875 6
      vertex 30.6951 -11.9808 6
    endloop
  endfacet
  facet normal -0 0 1
    outer loop
      vertex 30.5 -12 6
      vertex 30.7548 -13.5875 6
      vertex 30.598 -11.9952 6
    endloop
  endfacet
  facet normal 0 0 1
    outer loop
      vertex 30.5 -12 6
      vertex 30.5 -13.6 6
      vertex 30.7548 -13.5875 6
    endloop
  endfacet
  facet normal 0 0 1
    outer loop
      vertex 30.402 -11.9952 6
      vertex 30.5 -13.6 6
      vertex 30.5 -12 6
    endloop
  endfacet
  facet normal 0 0 1
    outer loop
      vertex 30.2452 -13.5875 6
      vertex 30.402 -11.9952 6
      vertex 30.3049 -11.9808 6
    endloop
  endfacet
  facet normal 0 0 1
    outer loop
      vertex 30.402 -11.9952 6
      vertex 30.2452 -13.5875 6
      vertex 30.5 -13.6 6
    endloop
  endfacet
  facet normal 0 0 1
    outer loop
      vertex 29.9928 -13.55 6
      vertex 30.3049 -11.9808 6
      vertex 30.2097 -11.9569 6
    endloop
  endfacet
  facet normal 0 0 1
    outer loop
      vertex 29.7453 -13.488 6
      vertex 30.2097 -11.9569 6
      vertex 30.1173 -11.9239 6
    endloop
  endfacet
  facet normal 0 0 1
    outer loop
      vertex 29.505 -13.4021 6
      vertex 30.1173 -11.9239 6
      vertex 30.0286 -11.8819 6
    endloop
  endfacet
  facet normal 0 0 1
    outer loop
      vertex 30.3049 -11.9808 6
      vertex 29.9928 -13.55 6
      vertex 30.2452 -13.5875 6
    endloop
  endfacet
  facet normal 0 0 1
    outer loop
      vertex 29.2744 -13.293 6
      vertex 30.0286 -11.8819 6
      vertex 29.9444 -11.8315 6
    endloop
  endfacet
  facet normal 0 0 1
    outer loop
      vertex 29.0555 -13.1618 6
      vertex 29.9444 -11.8315 6
      vertex 29.8656 -11.773 6
    endloop
  endfacet
  facet normal 0 0 1
    outer loop
      vertex 28.8506 -13.0098 6
      vertex 29.8656 -11.773 6
      vertex 29.7929 -11.7071 6
    endloop
  endfacet
  facet normal 0 0 1
    outer loop
      vertex 30.2097 -11.9569 6
      vertex 29.7453 -13.488 6
      vertex 29.9928 -13.55 6
    endloop
  endfacet
  facet normal 0 0 1
    outer loop
      vertex 28.6615 -12.8385 6
      vertex 29.7929 -11.7071 6
      vertex 29.727 -11.6344 6
    endloop
  endfacet
  facet normal 0 0 1
    outer loop
      vertex 28.4902 -12.6494 6
      vertex 29.727 -11.6344 6
      vertex 29.6685 -11.5556 6
    endloop
  endfacet
  facet normal 0 0 1
    outer loop
      vertex 28.3382 -12.4445 6
      vertex 29.6685 -11.5556 6
      vertex 29.6181 -11.4714 6
    endloop
  endfacet
  facet normal 0 0 1
    outer loop
      vertex 28.207 -12.2256 6
      vertex 29.6181 -11.4714 6
      vertex 29.5761 -11.3827 6
    endloop
  endfacet
  facet normal 0 0 1
    outer loop
      vertex 28.0979 -11.995 6
      vertex 29.5761 -11.3827 6
      vertex 29.5431 -11.2903 6
    endloop
  endfacet
  facet normal 0 0 1
    outer loop
      vertex 28.012 -11.7547 6
      vertex 29.5431 -11.2903 6
      vertex 29.5192 -11.1951 6
    endloop
  endfacet
  facet normal 0 0 1
    outer loop
      vertex 30.1173 -11.9239 6
      vertex 29.505 -13.4021 6
      vertex 29.7453 -13.488 6
    endloop
  endfacet
  facet normal 0 0 1
    outer loop
      vertex 27.95 -11.5072 6
      vertex 29.5192 -11.1951 6
      vertex 29.5048 -11.098 6
    endloop
  endfacet
  facet normal 0 0 1
    outer loop
      vertex 27.9125 -11.2548 6
      vertex 29.5048 -11.098 6
      vertex 29.5 -11 6
    endloop
  endfacet
  facet normal -0 0 1
    outer loop
      vertex 28.207 -9.77437 6
      vertex 29.6181 -10.5286 6
      vertex 28.3382 -9.55552 6
    endloop
  endfacet
  facet normal 0 0 1
    outer loop
      vertex 30.0286 -11.8819 6
      vertex 29.2744 -13.293 6
      vertex 29.505 -13.4021 6
    endloop
  endfacet
  facet normal 0 0 1
    outer loop
      vertex 29.6181 -10.5286 6
      vertex 28.207 -9.77437 6
      vertex 29.5761 -10.6173 6
    endloop
  endfacet
  facet normal 0 0 1
    outer loop
      vertex 29.9444 -11.8315 6
      vertex 29.0555 -13.1618 6
      vertex 29.2744 -13.293 6
    endloop
  endfacet
  facet normal -0 0 1
    outer loop
      vertex 28.0979 -10.005 6
      vertex 29.5761 -10.6173 6
      vertex 28.207 -9.77437 6
    endloop
  endfacet
  facet normal 0 0 1
    outer loop
      vertex 29.8656 -11.773 6
      vertex 28.8506 -13.0098 6
      vertex 29.0555 -13.1618 6
    endloop
  endfacet
  facet normal 0 0 1
    outer loop
      vertex 29.5761 -10.6173 6
      vertex 28.0979 -10.005 6
      vertex 29.5431 -10.7097 6
    endloop
  endfacet
  facet normal 0 0 1
    outer loop
      vertex 29.7929 -11.7071 6
      vertex 28.6615 -12.8385 6
      vertex 28.8506 -13.0098 6
    endloop
  endfacet
  facet normal -0 0 1
    outer loop
      vertex 28.012 -10.2453 6
      vertex 29.5431 -10.7097 6
      vertex 28.0979 -10.005 6
    endloop
  endfacet
  facet normal 0 0 1
    outer loop
      vertex 29.727 -11.6344 6
      vertex 28.4902 -12.6494 6
      vertex 28.6615 -12.8385 6
    endloop
  endfacet
  facet normal 0 0 1
    outer loop
      vertex 29.5431 -10.7097 6
      vertex 28.012 -10.2453 6
      vertex 29.5192 -10.8049 6
    endloop
  endfacet
  facet normal 0 0 1
    outer loop
      vertex 29.6685 -11.5556 6
      vertex 28.3382 -12.4445 6
      vertex 28.4902 -12.6494 6
    endloop
  endfacet
  facet normal -0 0 1
    outer loop
      vertex 27.95 -10.4928 6
      vertex 29.5192 -10.8049 6
      vertex 28.012 -10.2453 6
    endloop
  endfacet
  facet normal 0 0 1
    outer loop
      vertex 29.6181 -11.4714 6
      vertex 28.207 -12.2256 6
      vertex 28.3382 -12.4445 6
    endloop
  endfacet
  facet normal 0 0 1
    outer loop
      vertex 29.5192 -10.8049 6
      vertex 27.95 -10.4928 6
      vertex 29.5048 -10.902 6
    endloop
  endfacet
  facet normal 0 0 1
    outer loop
      vertex 29.5761 -11.3827 6
      vertex 28.0979 -11.995 6
      vertex 28.207 -12.2256 6
    endloop
  endfacet
  facet normal -0 0 1
    outer loop
      vertex 27.9125 -10.7452 6
      vertex 29.5048 -10.902 6
      vertex 27.95 -10.4928 6
    endloop
  endfacet
  facet normal 0 0 1
    outer loop
      vertex 29.5431 -11.2903 6
      vertex 28.012 -11.7547 6
      vertex 28.0979 -11.995 6
    endloop
  endfacet
  facet normal 0 0 1
    outer loop
      vertex 29.5048 -10.902 6
      vertex 27.9125 -10.7452 6
      vertex 29.5 -11 6
    endloop
  endfacet
  facet normal 0 0 1
    outer loop
      vertex 29.5192 -11.1951 6
      vertex 27.95 -11.5072 6
      vertex 28.012 -11.7547 6
    endloop
  endfacet
  facet normal 0 0 1
    outer loop
      vertex 27.9 -11 6
      vertex 29.5 -11 6
      vertex 27.9125 -10.7452 6
    endloop
  endfacet
  facet normal 0 0 1
    outer loop
      vertex 29.5048 -11.098 6
      vertex 27.9125 -11.2548 6
      vertex 27.95 -11.5072 6
    endloop
  endfacet
  facet normal 0 0 1
    outer loop
      vertex 29.5 -11 6
      vertex 27.9 -11 6
      vertex 27.9125 -11.2548 6
    endloop
  endfacet
  facet normal -0.740908 -0.671607 0
    outer loop
      vertex 31.273 -10.3656 2
      vertex 31.2071 -10.2929 6
      vertex 31.2071 -10.2929 2
    endloop
  endfacet
  facet normal -0.740908 -0.671607 0
    outer loop
      vertex 31.2071 -10.2929 6
      vertex 31.273 -10.3656 2
      vertex 31.273 -10.3656 6
    endloop
  endfacet
  facet normal -0.989182 -0.146696 0
    outer loop
      vertex 31.4952 -10.902 2
      vertex 31.4808 -10.8049 6
      vertex 31.4808 -10.8049 2
    endloop
  endfacet
  facet normal -0.989182 -0.146696 0
    outer loop
      vertex 31.4808 -10.8049 6
      vertex 31.4952 -10.902 2
      vertex 31.4952 -10.902 6
    endloop
  endfacet
  facet normal -0.998803 -0.0489209 0
    outer loop
      vertex 31.5 -11 2
      vertex 31.4952 -10.902 6
      vertex 31.4952 -10.902 2
    endloop
  endfacet
  facet normal -0.998803 -0.0489209 0
    outer loop
      vertex 31.4952 -10.902 6
      vertex 31.5 -11 2
      vertex 31.5 -11 6
    endloop
  endfacet
  facet normal -0.969902 -0.243494 0
    outer loop
      vertex 31.4808 -10.8049 2
      vertex 31.4569 -10.7097 6
      vertex 31.4569 -10.7097 2
    endloop
  endfacet
  facet normal -0.969902 -0.243494 0
    outer loop
      vertex 31.4569 -10.7097 6
      vertex 31.4808 -10.8049 2
      vertex 31.4808 -10.8049 6
    endloop
  endfacet
  facet normal -0.336336 0.941742 0
    outer loop
      vertex 30.8827 -11.9239 2
      vertex 30.7903 -11.9569 6
      vertex 30.8827 -11.9239 6
    endloop
  endfacet
  facet normal -0.336336 0.941742 0
    outer loop
      vertex 30.7903 -11.9569 6
      vertex 30.8827 -11.9239 2
      vertex 30.7903 -11.9569 2
    endloop
  endfacet
  facet normal -0.858032 -0.513596 0
    outer loop
      vertex 31.3819 -10.5286 2
      vertex 31.3315 -10.4444 6
      vertex 31.3315 -10.4444 2
    endloop
  endfacet
  facet normal -0.858032 -0.513596 0
    outer loop
      vertex 31.3315 -10.4444 6
      vertex 31.3819 -10.5286 2
      vertex 31.3819 -10.5286 6
    endloop
  endfacet
  facet normal -0.941742 -0.336336 0
    outer loop
      vertex 31.4569 -10.7097 2
      vertex 31.4239 -10.6173 6
      vertex 31.4239 -10.6173 2
    endloop
  endfacet
  facet normal -0.941742 -0.336336 0
    outer loop
      vertex 31.4239 -10.6173 6
      vertex 31.4569 -10.7097 2
      vertex 31.4569 -10.7097 6
    endloop
  endfacet
  facet normal -0.243494 -0.969902 0
    outer loop
      vertex 30.6951 -10.0192 2
      vertex 30.7903 -10.0431 6
      vertex 30.6951 -10.0192 6
    endloop
  endfacet
  facet normal -0.243494 -0.969902 -0
    outer loop
      vertex 30.7903 -10.0431 6
      vertex 30.6951 -10.0192 2
      vertex 30.7903 -10.0431 2
    endloop
  endfacet
  facet normal 0.740908 -0.671607 0
    outer loop
      vertex 29.727 -10.3656 6
      vertex 29.7929 -10.2929 2
      vertex 29.7929 -10.2929 6
    endloop
  endfacet
  facet normal 0.740908 -0.671607 0
    outer loop
      vertex 29.7929 -10.2929 2
      vertex 29.727 -10.3656 6
      vertex 29.727 -10.3656 2
    endloop
  endfacet
  facet normal -0.0489209 0.998803 0
    outer loop
      vertex 30.598 -11.9952 2
      vertex 30.5 -12 6
      vertex 30.598 -11.9952 6
    endloop
  endfacet
  facet normal -0.0489209 0.998803 0
    outer loop
      vertex 30.5 -12 6
      vertex 30.598 -11.9952 2
      vertex 30.5 -12 2
    endloop
  endfacet
  facet normal -0.427955 -0.9038 0
    outer loop
      vertex 30.8827 -10.0761 2
      vertex 30.9714 -10.1181 6
      vertex 30.8827 -10.0761 6
    endloop
  endfacet
  facet normal -0.427955 -0.9038 -0
    outer loop
      vertex 30.9714 -10.1181 6
      vertex 30.8827 -10.0761 2
      vertex 30.9714 -10.1181 2
    endloop
  endfacet
  facet normal -0.671607 -0.740908 0
    outer loop
      vertex 31.1344 -10.227 2
      vertex 31.2071 -10.2929 6
      vertex 31.1344 -10.227 6
    endloop
  endfacet
  facet normal -0.671607 -0.740908 -0
    outer loop
      vertex 31.2071 -10.2929 6
      vertex 31.1344 -10.227 2
      vertex 31.2071 -10.2929 2
    endloop
  endfacet
  facet normal 0.59608 0.802925 -0
    outer loop
      vertex 29.9444 -11.8315 2
      vertex 29.8656 -11.773 6
      vertex 29.9444 -11.8315 6
    endloop
  endfacet
  facet normal 0.59608 0.802925 0
    outer loop
      vertex 29.8656 -11.773 6
      vertex 29.9444 -11.8315 2
      vertex 29.8656 -11.773 2
    endloop
  endfacet
  facet normal -0.243494 0.969902 0
    outer loop
      vertex 30.7903 -11.9569 2
      vertex 30.6951 -11.9808 6
      vertex 30.7903 -11.9569 6
    endloop
  endfacet
  facet normal -0.243494 0.969902 0
    outer loop
      vertex 30.6951 -11.9808 6
      vertex 30.7903 -11.9569 2
      vertex 30.6951 -11.9808 2
    endloop
  endfacet
  facet normal -0.989182 0.146696 0
    outer loop
      vertex 31.4808 -11.1951 2
      vertex 31.4952 -11.098 6
      vertex 31.4952 -11.098 2
    endloop
  endfacet
  facet normal -0.989182 0.146696 0
    outer loop
      vertex 31.4952 -11.098 6
      vertex 31.4808 -11.1951 2
      vertex 31.4808 -11.1951 6
    endloop
  endfacet
  facet normal -0.513596 0.858032 0
    outer loop
      vertex 31.0556 -11.8315 2
      vertex 30.9714 -11.8819 6
      vertex 31.0556 -11.8315 6
    endloop
  endfacet
  facet normal -0.513596 0.858032 0
    outer loop
      vertex 30.9714 -11.8819 6
      vertex 31.0556 -11.8315 2
      vertex 30.9714 -11.8819 2
    endloop
  endfacet
  facet normal 0.243494 0.969902 -0
    outer loop
      vertex 30.3049 -11.9808 2
      vertex 30.2097 -11.9569 6
      vertex 30.3049 -11.9808 6
    endloop
  endfacet
  facet normal 0.243494 0.969902 0
    outer loop
      vertex 30.2097 -11.9569 6
      vertex 30.3049 -11.9808 2
      vertex 30.2097 -11.9569 2
    endloop
  endfacet
  facet normal 0.59608 -0.802925 0
    outer loop
      vertex 29.8656 -10.227 2
      vertex 29.9444 -10.1685 6
      vertex 29.8656 -10.227 6
    endloop
  endfacet
  facet normal 0.59608 -0.802925 0
    outer loop
      vertex 29.9444 -10.1685 6
      vertex 29.8656 -10.227 2
      vertex 29.9444 -10.1685 2
    endloop
  endfacet
  facet normal 0.998803 0.0489209 0
    outer loop
      vertex 29.5048 -11.098 6
      vertex 29.5 -11 2
      vertex 29.5 -11 6
    endloop
  endfacet
  facet normal 0.998803 0.0489209 0
    outer loop
      vertex 29.5 -11 2
      vertex 29.5048 -11.098 6
      vertex 29.5048 -11.098 2
    endloop
  endfacet
  facet normal 0.969902 0.243494 0
    outer loop
      vertex 29.5431 -11.2903 6
      vertex 29.5192 -11.1951 2
      vertex 29.5192 -11.1951 6
    endloop
  endfacet
  facet normal 0.969902 0.243494 0
    outer loop
      vertex 29.5192 -11.1951 2
      vertex 29.5431 -11.2903 6
      vertex 29.5431 -11.2903 2
    endloop
  endfacet
  facet normal -0.969902 0.243494 0
    outer loop
      vertex 31.4569 -11.2903 2
      vertex 31.4808 -11.1951 6
      vertex 31.4808 -11.1951 2
    endloop
  endfacet
  facet normal -0.969902 0.243494 0
    outer loop
      vertex 31.4808 -11.1951 6
      vertex 31.4569 -11.2903 2
      vertex 31.4569 -11.2903 6
    endloop
  endfacet
  facet normal 0.513596 -0.858032 0
    outer loop
      vertex 29.9444 -10.1685 2
      vertex 30.0286 -10.1181 6
      vertex 29.9444 -10.1685 6
    endloop
  endfacet
  facet normal 0.513596 -0.858032 0
    outer loop
      vertex 30.0286 -10.1181 6
      vertex 29.9444 -10.1685 2
      vertex 30.0286 -10.1181 2
    endloop
  endfacet
  facet normal -0.59608 -0.802925 0
    outer loop
      vertex 31.0556 -10.1685 2
      vertex 31.1344 -10.227 6
      vertex 31.0556 -10.1685 6
    endloop
  endfacet
  facet normal -0.59608 -0.802925 -0
    outer loop
      vertex 31.1344 -10.227 6
      vertex 31.0556 -10.1685 2
      vertex 31.1344 -10.227 2
    endloop
  endfacet
  facet normal 0.0489209 -0.998803 0
    outer loop
      vertex 30.402 -10.0048 2
      vertex 30.5 -10 6
      vertex 30.402 -10.0048 6
    endloop
  endfacet
  facet normal 0.0489209 -0.998803 0
    outer loop
      vertex 30.5 -10 6
      vertex 30.402 -10.0048 2
      vertex 30.5 -10 2
    endloop
  endfacet
  facet normal 0.9038 0.427955 0
    outer loop
      vertex 29.6181 -11.4714 6
      vertex 29.5761 -11.3827 2
      vertex 29.5761 -11.3827 6
    endloop
  endfacet
  facet normal 0.9038 0.427955 0
    outer loop
      vertex 29.5761 -11.3827 2
      vertex 29.6181 -11.4714 6
      vertex 29.6181 -11.4714 2
    endloop
  endfacet
  facet normal -0.941742 0.336336 0
    outer loop
      vertex 31.4239 -11.3827 2
      vertex 31.4569 -11.2903 6
      vertex 31.4569 -11.2903 2
    endloop
  endfacet
  facet normal -0.941742 0.336336 0
    outer loop
      vertex 31.4569 -11.2903 6
      vertex 31.4239 -11.3827 2
      vertex 31.4239 -11.3827 6
    endloop
  endfacet
  facet normal -0.146696 -0.989182 0
    outer loop
      vertex 30.598 -10.0048 2
      vertex 30.6951 -10.0192 6
      vertex 30.598 -10.0048 6
    endloop
  endfacet
  facet normal -0.146696 -0.989182 -0
    outer loop
      vertex 30.6951 -10.0192 6
      vertex 30.598 -10.0048 2
      vertex 30.6951 -10.0192 2
    endloop
  endfacet
  facet normal 0.427955 -0.9038 0
    outer loop
      vertex 30.0286 -10.1181 2
      vertex 30.1173 -10.0761 6
      vertex 30.0286 -10.1181 6
    endloop
  endfacet
  facet normal 0.427955 -0.9038 0
    outer loop
      vertex 30.1173 -10.0761 6
      vertex 30.0286 -10.1181 2
      vertex 30.1173 -10.0761 2
    endloop
  endfacet
  facet normal -0.513596 -0.858032 0
    outer loop
      vertex 30.9714 -10.1181 2
      vertex 31.0556 -10.1685 6
      vertex 30.9714 -10.1181 6
    endloop
  endfacet
  facet normal -0.513596 -0.858032 -0
    outer loop
      vertex 31.0556 -10.1685 6
      vertex 30.9714 -10.1181 2
      vertex 31.0556 -10.1685 2
    endloop
  endfacet
  facet normal -0.427955 0.9038 0
    outer loop
      vertex 30.9714 -11.8819 2
      vertex 30.8827 -11.9239 6
      vertex 30.9714 -11.8819 6
    endloop
  endfacet
  facet normal -0.427955 0.9038 0
    outer loop
      vertex 30.8827 -11.9239 6
      vertex 30.9714 -11.8819 2
      vertex 30.8827 -11.9239 2
    endloop
  endfacet
  facet normal 0.941742 0.336336 0
    outer loop
      vertex 29.5761 -11.3827 6
      vertex 29.5431 -11.2903 2
      vertex 29.5431 -11.2903 6
    endloop
  endfacet
  facet normal 0.941742 0.336336 0
    outer loop
      vertex 29.5431 -11.2903 2
      vertex 29.5761 -11.3827 6
      vertex 29.5761 -11.3827 2
    endloop
  endfacet
  facet normal -0.858032 0.513596 0
    outer loop
      vertex 31.3315 -11.5556 2
      vertex 31.3819 -11.4714 6
      vertex 31.3819 -11.4714 2
    endloop
  endfacet
  facet normal -0.858032 0.513596 0
    outer loop
      vertex 31.3819 -11.4714 6
      vertex 31.3315 -11.5556 2
      vertex 31.3315 -11.5556 6
    endloop
  endfacet
  facet normal -0.9038 0.427955 0
    outer loop
      vertex 31.3819 -11.4714 2
      vertex 31.4239 -11.3827 6
      vertex 31.4239 -11.3827 2
    endloop
  endfacet
  facet normal -0.9038 0.427955 0
    outer loop
      vertex 31.4239 -11.3827 6
      vertex 31.3819 -11.4714 2
      vertex 31.3819 -11.4714 6
    endloop
  endfacet
  facet normal -0.998803 0.0489209 0
    outer loop
      vertex 31.4952 -11.098 2
      vertex 31.5 -11 6
      vertex 31.5 -11 2
    endloop
  endfacet
  facet normal -0.998803 0.0489209 0
    outer loop
      vertex 31.5 -11 6
      vertex 31.4952 -11.098 2
      vertex 31.4952 -11.098 6
    endloop
  endfacet
  facet normal 0.146696 -0.989182 0
    outer loop
      vertex 30.3049 -10.0192 2
      vertex 30.402 -10.0048 6
      vertex 30.3049 -10.0192 6
    endloop
  endfacet
  facet normal 0.146696 -0.989182 0
    outer loop
      vertex 30.402 -10.0048 6
      vertex 30.3049 -10.0192 2
      vertex 30.402 -10.0048 2
    endloop
  endfacet
  facet normal -0.146696 0.989182 0
    outer loop
      vertex 30.6951 -11.9808 2
      vertex 30.598 -11.9952 6
      vertex 30.6951 -11.9808 6
    endloop
  endfacet
  facet normal -0.146696 0.989182 0
    outer loop
      vertex 30.598 -11.9952 6
      vertex 30.6951 -11.9808 2
      vertex 30.598 -11.9952 2
    endloop
  endfacet
  facet normal -0.740908 0.671607 0
    outer loop
      vertex 31.2071 -11.7071 2
      vertex 31.273 -11.6344 6
      vertex 31.273 -11.6344 2
    endloop
  endfacet
  facet normal -0.740908 0.671607 0
    outer loop
      vertex 31.273 -11.6344 6
      vertex 31.2071 -11.7071 2
      vertex 31.2071 -11.7071 6
    endloop
  endfacet
  facet normal -0.802925 0.59608 0
    outer loop
      vertex 31.273 -11.6344 2
      vertex 31.3315 -11.5556 6
      vertex 31.3315 -11.5556 2
    endloop
  endfacet
  facet normal -0.802925 0.59608 0
    outer loop
      vertex 31.3315 -11.5556 6
      vertex 31.273 -11.6344 2
      vertex 31.273 -11.6344 6
    endloop
  endfacet
  facet normal 0.243494 -0.969902 0
    outer loop
      vertex 30.2097 -10.0431 2
      vertex 30.3049 -10.0192 6
      vertex 30.2097 -10.0431 6
    endloop
  endfacet
  facet normal 0.243494 -0.969902 0
    outer loop
      vertex 30.3049 -10.0192 6
      vertex 30.2097 -10.0431 2
      vertex 30.3049 -10.0192 2
    endloop
  endfacet
  facet normal -0.802925 -0.59608 0
    outer loop
      vertex 31.3315 -10.4444 2
      vertex 31.273 -10.3656 6
      vertex 31.273 -10.3656 2
    endloop
  endfacet
  facet normal -0.802925 -0.59608 0
    outer loop
      vertex 31.273 -10.3656 6
      vertex 31.3315 -10.4444 2
      vertex 31.3315 -10.4444 6
    endloop
  endfacet
  facet normal -0.0489209 -0.998803 0
    outer loop
      vertex 30.5 -10 2
      vertex 30.598 -10.0048 6
      vertex 30.5 -10 6
    endloop
  endfacet
  facet normal -0.0489209 -0.998803 -0
    outer loop
      vertex 30.598 -10.0048 6
      vertex 30.5 -10 2
      vertex 30.598 -10.0048 2
    endloop
  endfacet
  facet normal -0.9038 -0.427955 0
    outer loop
      vertex 31.4239 -10.6173 2
      vertex 31.3819 -10.5286 6
      vertex 31.3819 -10.5286 2
    endloop
  endfacet
  facet normal -0.9038 -0.427955 0
    outer loop
      vertex 31.3819 -10.5286 6
      vertex 31.4239 -10.6173 2
      vertex 31.4239 -10.6173 6
    endloop
  endfacet
  facet normal 0.858032 -0.513596 0
    outer loop
      vertex 29.6181 -10.5286 6
      vertex 29.6685 -10.4444 2
      vertex 29.6685 -10.4444 6
    endloop
  endfacet
  facet normal 0.858032 -0.513596 0
    outer loop
      vertex 29.6685 -10.4444 2
      vertex 29.6181 -10.5286 6
      vertex 29.6181 -10.5286 2
    endloop
  endfacet
  facet normal 0.671607 -0.740908 0
    outer loop
      vertex 29.7929 -10.2929 2
      vertex 29.8656 -10.227 6
      vertex 29.7929 -10.2929 6
    endloop
  endfacet
  facet normal 0.671607 -0.740908 0
    outer loop
      vertex 29.8656 -10.227 6
      vertex 29.7929 -10.2929 2
      vertex 29.8656 -10.227 2
    endloop
  endfacet
  facet normal 0.858032 0.513596 0
    outer loop
      vertex 29.6685 -11.5556 6
      vertex 29.6181 -11.4714 2
      vertex 29.6181 -11.4714 6
    endloop
  endfacet
  facet normal 0.858032 0.513596 0
    outer loop
      vertex 29.6181 -11.4714 2
      vertex 29.6685 -11.5556 6
      vertex 29.6685 -11.5556 2
    endloop
  endfacet
  facet normal 0.427955 0.9038 -0
    outer loop
      vertex 30.1173 -11.9239 2
      vertex 30.0286 -11.8819 6
      vertex 30.1173 -11.9239 6
    endloop
  endfacet
  facet normal 0.427955 0.9038 0
    outer loop
      vertex 30.0286 -11.8819 6
      vertex 30.1173 -11.9239 2
      vertex 30.0286 -11.8819 2
    endloop
  endfacet
  facet normal 0.740908 0.671607 0
    outer loop
      vertex 29.7929 -11.7071 6
      vertex 29.727 -11.6344 2
      vertex 29.727 -11.6344 6
    endloop
  endfacet
  facet normal 0.740908 0.671607 0
    outer loop
      vertex 29.727 -11.6344 2
      vertex 29.7929 -11.7071 6
      vertex 29.7929 -11.7071 2
    endloop
  endfacet
  facet normal 0.336336 -0.941742 0
    outer loop
      vertex 30.1173 -10.0761 2
      vertex 30.2097 -10.0431 6
      vertex 30.1173 -10.0761 6
    endloop
  endfacet
  facet normal 0.336336 -0.941742 0
    outer loop
      vertex 30.2097 -10.0431 6
      vertex 30.1173 -10.0761 2
      vertex 30.2097 -10.0431 2
    endloop
  endfacet
  facet normal 0.513596 0.858032 -0
    outer loop
      vertex 30.0286 -11.8819 2
      vertex 29.9444 -11.8315 6
      vertex 30.0286 -11.8819 6
    endloop
  endfacet
  facet normal 0.513596 0.858032 0
    outer loop
      vertex 29.9444 -11.8315 6
      vertex 30.0286 -11.8819 2
      vertex 29.9444 -11.8315 2
    endloop
  endfacet
  facet normal -0.59608 0.802925 0
    outer loop
      vertex 31.1344 -11.773 2
      vertex 31.0556 -11.8315 6
      vertex 31.1344 -11.773 6
    endloop
  endfacet
  facet normal -0.59608 0.802925 0
    outer loop
      vertex 31.0556 -11.8315 6
      vertex 31.1344 -11.773 2
      vertex 31.0556 -11.8315 2
    endloop
  endfacet
  facet normal 0.941742 -0.336336 0
    outer loop
      vertex 29.5431 -10.7097 6
      vertex 29.5761 -10.6173 2
      vertex 29.5761 -10.6173 6
    endloop
  endfacet
  facet normal 0.941742 -0.336336 0
    outer loop
      vertex 29.5761 -10.6173 2
      vertex 29.5431 -10.7097 6
      vertex 29.5431 -10.7097 2
    endloop
  endfacet
  facet normal 0.989182 0.146696 0
    outer loop
      vertex 29.5192 -11.1951 6
      vertex 29.5048 -11.098 2
      vertex 29.5048 -11.098 6
    endloop
  endfacet
  facet normal 0.989182 0.146696 0
    outer loop
      vertex 29.5048 -11.098 2
      vertex 29.5192 -11.1951 6
      vertex 29.5192 -11.1951 2
    endloop
  endfacet
  facet normal -0.336336 -0.941742 0
    outer loop
      vertex 30.7903 -10.0431 2
      vertex 30.8827 -10.0761 6
      vertex 30.7903 -10.0431 6
    endloop
  endfacet
  facet normal -0.336336 -0.941742 -0
    outer loop
      vertex 30.8827 -10.0761 6
      vertex 30.7903 -10.0431 2
      vertex 30.8827 -10.0761 2
    endloop
  endfacet
  facet normal 0.802925 0.59608 0
    outer loop
      vertex 29.727 -11.6344 6
      vertex 29.6685 -11.5556 2
      vertex 29.6685 -11.5556 6
    endloop
  endfacet
  facet normal 0.802925 0.59608 0
    outer loop
      vertex 29.6685 -11.5556 2
      vertex 29.727 -11.6344 6
      vertex 29.727 -11.6344 2
    endloop
  endfacet
  facet normal 0.969902 -0.243494 0
    outer loop
      vertex 29.5192 -10.8049 6
      vertex 29.5431 -10.7097 2
      vertex 29.5431 -10.7097 6
    endloop
  endfacet
  facet normal 0.969902 -0.243494 0
    outer loop
      vertex 29.5431 -10.7097 2
      vertex 29.5192 -10.8049 6
      vertex 29.5192 -10.8049 2
    endloop
  endfacet
  facet normal 0.9038 -0.427955 0
    outer loop
      vertex 29.5761 -10.6173 6
      vertex 29.6181 -10.5286 2
      vertex 29.6181 -10.5286 6
    endloop
  endfacet
  facet normal 0.9038 -0.427955 0
    outer loop
      vertex 29.6181 -10.5286 2
      vertex 29.5761 -10.6173 6
      vertex 29.5761 -10.6173 2
    endloop
  endfacet
  facet normal 0.671607 0.740908 -0
    outer loop
      vertex 29.8656 -11.773 2
      vertex 29.7929 -11.7071 6
      vertex 29.8656 -11.773 6
    endloop
  endfacet
  facet normal 0.671607 0.740908 0
    outer loop
      vertex 29.7929 -11.7071 6
      vertex 29.8656 -11.773 2
      vertex 29.7929 -11.7071 2
    endloop
  endfacet
  facet normal 0.802925 -0.59608 0
    outer loop
      vertex 29.6685 -10.4444 6
      vertex 29.727 -10.3656 2
      vertex 29.727 -10.3656 6
    endloop
  endfacet
  facet normal 0.802925 -0.59608 0
    outer loop
      vertex 29.727 -10.3656 2
      vertex 29.6685 -10.4444 6
      vertex 29.6685 -10.4444 2
    endloop
  endfacet
  facet normal 0.0489209 0.998803 -0
    outer loop
      vertex 30.5 -12 2
      vertex 30.402 -11.9952 6
      vertex 30.5 -12 6
    endloop
  endfacet
  facet normal 0.0489209 0.998803 0
    outer loop
      vertex 30.402 -11.9952 6
      vertex 30.5 -12 2
      vertex 30.402 -11.9952 2
    endloop
  endfacet
  facet normal 0.146696 0.989182 -0
    outer loop
      vertex 30.402 -11.9952 2
      vertex 30.3049 -11.9808 6
      vertex 30.402 -11.9952 6
    endloop
  endfacet
  facet normal 0.146696 0.989182 0
    outer loop
      vertex 30.3049 -11.9808 6
      vertex 30.402 -11.9952 2
      vertex 30.3049 -11.9808 2
    endloop
  endfacet
  facet normal 0.989182 -0.146696 0
    outer loop
      vertex 29.5048 -10.902 6
      vertex 29.5192 -10.8049 2
      vertex 29.5192 -10.8049 6
    endloop
  endfacet
  facet normal 0.989182 -0.146696 0
    outer loop
      vertex 29.5192 -10.8049 2
      vertex 29.5048 -10.902 6
      vertex 29.5048 -10.902 2
    endloop
  endfacet
  facet normal 0.998803 -0.0489209 0
    outer loop
      vertex 29.5 -11 6
      vertex 29.5048 -10.902 2
      vertex 29.5048 -10.902 6
    endloop
  endfacet
  facet normal 0.998803 -0.0489209 0
    outer loop
      vertex 29.5048 -10.902 2
      vertex 29.5 -11 6
      vertex 29.5 -11 2
    endloop
  endfacet
  facet normal 0.336336 0.941742 -0
    outer loop
      vertex 30.2097 -11.9569 2
      vertex 30.1173 -11.9239 6
      vertex 30.2097 -11.9569 6
    endloop
  endfacet
  facet normal 0.336336 0.941742 0
    outer loop
      vertex 30.1173 -11.9239 6
      vertex 30.2097 -11.9569 2
      vertex 30.1173 -11.9239 2
    endloop
  endfacet
  facet normal -0.671607 0.740908 0
    outer loop
      vertex 31.2071 -11.7071 2
      vertex 31.1344 -11.773 6
      vertex 31.2071 -11.7071 6
    endloop
  endfacet
  facet normal -0.671607 0.740908 0
    outer loop
      vertex 31.1344 -11.773 6
      vertex 31.2071 -11.7071 2
      vertex 31.1344 -11.773 2
    endloop
  endfacet
  facet normal 0.741127 0.671365 0
    outer loop
      vertex 32.5098 12.6494 6
      vertex 32.3385 12.8385 2
      vertex 32.3385 12.8385 6
    endloop
  endfacet
  facet normal 0.741127 0.671365 0
    outer loop
      vertex 32.3385 12.8385 2
      vertex 32.5098 12.6494 6
      vertex 32.5098 12.6494 2
    endloop
  endfacet
  facet normal 0.989142 0.146961 0
    outer loop
      vertex 33.0875 11.2548 6
      vertex 33.05 11.5072 2
      vertex 33.05 11.5072 6
    endloop
  endfacet
  facet normal 0.989142 0.146961 0
    outer loop
      vertex 33.05 11.5072 2
      vertex 33.0875 11.2548 6
      vertex 33.0875 11.2548 2
    endloop
  endfacet
  facet normal 0.998799 0.0489992 0
    outer loop
      vertex 33.1 11 6
      vertex 33.0875 11.2548 2
      vertex 33.0875 11.2548 6
    endloop
  endfacet
  facet normal 0.998799 0.0489992 0
    outer loop
      vertex 33.0875 11.2548 2
      vertex 33.1 11 6
      vertex 33.1 11 2
    endloop
  endfacet
  facet normal 0.970027 0.242997 0
    outer loop
      vertex 33.05 11.5072 6
      vertex 32.988 11.7547 2
      vertex 32.988 11.7547 6
    endloop
  endfacet
  facet normal 0.970027 0.242997 0
    outer loop
      vertex 32.988 11.7547 2
      vertex 33.05 11.5072 6
      vertex 33.05 11.5072 2
    endloop
  endfacet
  facet normal 0.336783 -0.941582 0
    outer loop
      vertex 31.2547 8.51196 2
      vertex 31.495 8.59791 6
      vertex 31.2547 8.51196 6
    endloop
  endfacet
  facet normal 0.336783 -0.941582 0
    outer loop
      vertex 31.495 8.59791 6
      vertex 31.2547 8.51196 2
      vertex 31.495 8.59791 2
    endloop
  endfacet
  facet normal 0.671365 0.741127 -0
    outer loop
      vertex 32.3385 12.8385 2
      vertex 32.1494 13.0098 6
      vertex 32.3385 12.8385 6
    endloop
  endfacet
  facet normal 0.671365 0.741127 0
    outer loop
      vertex 32.1494 13.0098 6
      vertex 32.3385 12.8385 2
      vertex 32.1494 13.0098 2
    endloop
  endfacet
  facet normal 0.941644 0.336609 0
    outer loop
      vertex 32.988 11.7547 6
      vertex 32.9021 11.995 2
      vertex 32.9021 11.995 6
    endloop
  endfacet
  facet normal 0.941644 0.336609 0
    outer loop
      vertex 32.9021 11.995 2
      vertex 32.988 11.7547 6
      vertex 32.988 11.7547 2
    endloop
  endfacet
  facet normal 0.0490774 -0.998795 0
    outer loop
      vertex 30.5 8.4 2
      vertex 30.7548 8.41252 6
      vertex 30.5 8.4 6
    endloop
  endfacet
  facet normal 0.0490774 -0.998795 0
    outer loop
      vertex 30.7548 8.41252 6
      vertex 30.5 8.4 2
      vertex 30.7548 8.41252 2
    endloop
  endfacet
  facet normal -0.595765 -0.803159 0
    outer loop
      vertex 28.8506 8.99017 2
      vertex 29.0555 8.83818 6
      vertex 28.8506 8.99017 6
    endloop
  endfacet
  facet normal -0.595765 -0.803159 -0
    outer loop
      vertex 29.0555 8.83818 6
      vertex 28.8506 8.99017 2
      vertex 29.0555 8.83818 2
    endloop
  endfacet
  facet normal 0.514006 -0.857787 0
    outer loop
      vertex 31.7256 8.70701 2
      vertex 31.9445 8.83818 6
      vertex 31.7256 8.70701 6
    endloop
  endfacet
  facet normal 0.514006 -0.857787 0
    outer loop
      vertex 31.9445 8.83818 6
      vertex 31.7256 8.70701 2
      vertex 31.9445 8.83818 2
    endloop
  endfacet
  facet normal -0.242997 -0.970027 0
    outer loop
      vertex 29.7453 8.51196 2
      vertex 29.9928 8.44996 6
      vertex 29.7453 8.51196 6
    endloop
  endfacet
  facet normal -0.242997 -0.970027 -0
    outer loop
      vertex 29.9928 8.44996 6
      vertex 29.7453 8.51196 2
      vertex 29.9928 8.44996 2
    endloop
  endfacet
  facet normal 0.857735 0.514092 0
    outer loop
      vertex 32.793 12.2256 6
      vertex 32.6618 12.4445 2
      vertex 32.6618 12.4445 6
    endloop
  endfacet
  facet normal 0.857735 0.514092 0
    outer loop
      vertex 32.6618 12.4445 2
      vertex 32.793 12.2256 6
      vertex 32.793 12.2256 2
    endloop
  endfacet
  facet normal -0.998799 -0.0489992 0
    outer loop
      vertex 27.9125 10.7452 2
      vertex 27.9 11 6
      vertex 27.9 11 2
    endloop
  endfacet
  facet normal -0.998799 -0.0489992 0
    outer loop
      vertex 27.9 11 6
      vertex 27.9125 10.7452 2
      vertex 27.9125 10.7452 6
    endloop
  endfacet
  facet normal -0.903959 -0.42762 0
    outer loop
      vertex 28.207 9.77437 2
      vertex 28.0979 10.005 6
      vertex 28.0979 10.005 2
    endloop
  endfacet
  facet normal -0.903959 -0.42762 0
    outer loop
      vertex 28.0979 10.005 6
      vertex 28.207 9.77437 2
      vertex 28.207 9.77437 6
    endloop
  endfacet
  facet normal 0.903937 0.427665 0
    outer loop
      vertex 32.9021 11.995 6
      vertex 32.793 12.2256 2
      vertex 32.793 12.2256 6
    endloop
  endfacet
  facet normal 0.903937 0.427665 0
    outer loop
      vertex 32.793 12.2256 2
      vertex 32.9021 11.995 6
      vertex 32.9021 11.995 2
    endloop
  endfacet
  facet normal 0.970027 -0.242997 0
    outer loop
      vertex 32.988 10.2453 6
      vertex 33.05 10.4928 2
      vertex 33.05 10.4928 6
    endloop
  endfacet
  facet normal 0.970027 -0.242997 0
    outer loop
      vertex 33.05 10.4928 2
      vertex 32.988 10.2453 6
      vertex 32.988 10.2453 2
    endloop
  endfacet
  facet normal -0.514092 0.857735 0
    outer loop
      vertex 29.2744 13.293 2
      vertex 29.0555 13.1618 6
      vertex 29.2744 13.293 6
    endloop
  endfacet
  facet normal -0.514092 0.857735 0
    outer loop
      vertex 29.0555 13.1618 6
      vertex 29.2744 13.293 2
      vertex 29.0555 13.1618 2
    endloop
  endfacet
  facet normal -0.970027 -0.242997 0
    outer loop
      vertex 28.012 10.2453 2
      vertex 27.95 10.4928 6
      vertex 27.95 10.4928 2
    endloop
  endfacet
  facet normal -0.970027 -0.242997 0
    outer loop
      vertex 27.95 10.4928 6
      vertex 28.012 10.2453 2
      vertex 28.012 10.2453 6
    endloop
  endfacet
  facet normal 0.242997 0.970027 -0
    outer loop
      vertex 31.2547 13.488 2
      vertex 31.0072 13.55 6
      vertex 31.2547 13.488 6
    endloop
  endfacet
  facet normal 0.242997 0.970027 0
    outer loop
      vertex 31.0072 13.55 6
      vertex 31.2547 13.488 2
      vertex 31.0072 13.55 2
    endloop
  endfacet
  facet normal 0.941644 -0.336609 0
    outer loop
      vertex 32.9021 10.005 6
      vertex 32.988 10.2453 2
      vertex 32.988 10.2453 6
    endloop
  endfacet
  facet normal 0.941644 -0.336609 0
    outer loop
      vertex 32.988 10.2453 2
      vertex 32.9021 10.005 6
      vertex 32.9021 10.005 2
    endloop
  endfacet
  facet normal 0.989142 -0.146961 0
    outer loop
      vertex 33.05 10.4928 6
      vertex 33.0875 10.7452 2
      vertex 33.0875 10.7452 6
    endloop
  endfacet
  facet normal 0.989142 -0.146961 0
    outer loop
      vertex 33.0875 10.7452 2
      vertex 33.05 10.4928 6
      vertex 33.05 10.4928 2
    endloop
  endfacet
  facet normal 0.146961 0.989142 -0
    outer loop
      vertex 31.0072 13.55 2
      vertex 30.7548 13.5875 6
      vertex 31.0072 13.55 6
    endloop
  endfacet
  facet normal 0.146961 0.989142 0
    outer loop
      vertex 30.7548 13.5875 6
      vertex 31.0072 13.55 2
      vertex 30.7548 13.5875 2
    endloop
  endfacet
  facet normal -0.427665 0.903937 0
    outer loop
      vertex 29.505 13.4021 2
      vertex 29.2744 13.293 6
      vertex 29.505 13.4021 6
    endloop
  endfacet
  facet normal -0.427665 0.903937 0
    outer loop
      vertex 29.2744 13.293 6
      vertex 29.505 13.4021 2
      vertex 29.2744 13.293 2
    endloop
  endfacet
  facet normal -0.146961 0.989142 0
    outer loop
      vertex 30.2452 13.5875 2
      vertex 29.9928 13.55 6
      vertex 30.2452 13.5875 6
    endloop
  endfacet
  facet normal -0.146961 0.989142 0
    outer loop
      vertex 29.9928 13.55 6
      vertex 30.2452 13.5875 2
      vertex 29.9928 13.55 2
    endloop
  endfacet
  facet normal 0.427665 -0.903937 0
    outer loop
      vertex 31.495 8.59791 2
      vertex 31.7256 8.70701 6
      vertex 31.495 8.59791 6
    endloop
  endfacet
  facet normal 0.427665 -0.903937 0
    outer loop
      vertex 31.7256 8.70701 6
      vertex 31.495 8.59791 2
      vertex 31.7256 8.70701 2
    endloop
  endfacet
  facet normal -0.671365 0.741127 0
    outer loop
      vertex 28.8506 13.0098 2
      vertex 28.6615 12.8385 6
      vertex 28.8506 13.0098 6
    endloop
  endfacet
  facet normal -0.671365 0.741127 0
    outer loop
      vertex 28.6615 12.8385 6
      vertex 28.8506 13.0098 2
      vertex 28.6615 12.8385 2
    endloop
  endfacet
  facet normal 0.857683 -0.514179 0
    outer loop
      vertex 32.6618 9.55552 6
      vertex 32.793 9.77437 2
      vertex 32.793 9.77437 6
    endloop
  endfacet
  facet normal 0.857683 -0.514179 0
    outer loop
      vertex 32.793 9.77437 2
      vertex 32.6618 9.55552 6
      vertex 32.6618 9.55552 2
    endloop
  endfacet
  facet normal -0.59579 0.80314 0
    outer loop
      vertex 29.0555 13.1618 2
      vertex 28.8506 13.0098 6
      vertex 29.0555 13.1618 6
    endloop
  endfacet
  facet normal -0.59579 0.80314 0
    outer loop
      vertex 28.8506 13.0098 6
      vertex 29.0555 13.1618 2
      vertex 28.8506 13.0098 2
    endloop
  endfacet
  facet normal 0.903959 -0.42762 0
    outer loop
      vertex 32.793 9.77437 6
      vertex 32.9021 10.005 2
      vertex 32.9021 10.005 6
    endloop
  endfacet
  facet normal 0.903959 -0.42762 0
    outer loop
      vertex 32.9021 10.005 2
      vertex 32.793 9.77437 6
      vertex 32.793 9.77437 2
    endloop
  endfacet
  facet normal 0.998799 -0.0489992 0
    outer loop
      vertex 33.0875 10.7452 6
      vertex 33.1 11 2
      vertex 33.1 11 6
    endloop
  endfacet
  facet normal 0.998799 -0.0489992 0
    outer loop
      vertex 33.1 11 2
      vertex 33.0875 10.7452 6
      vertex 33.0875 10.7452 2
    endloop
  endfacet
  facet normal -0.741127 0.671365 0
    outer loop
      vertex 28.4902 12.6494 2
      vertex 28.6615 12.8385 6
      vertex 28.6615 12.8385 2
    endloop
  endfacet
  facet normal -0.741127 0.671365 0
    outer loop
      vertex 28.6615 12.8385 6
      vertex 28.4902 12.6494 2
      vertex 28.4902 12.6494 6
    endloop
  endfacet
  facet normal -0.941644 -0.336609 0
    outer loop
      vertex 28.0979 10.005 2
      vertex 28.012 10.2453 6
      vertex 28.012 10.2453 2
    endloop
  endfacet
  facet normal -0.941644 -0.336609 0
    outer loop
      vertex 28.012 10.2453 6
      vertex 28.0979 10.005 2
      vertex 28.0979 10.005 6
    endloop
  endfacet
  facet normal 0.514092 0.857735 -0
    outer loop
      vertex 31.9445 13.1618 2
      vertex 31.7256 13.293 6
      vertex 31.9445 13.1618 6
    endloop
  endfacet
  facet normal 0.514092 0.857735 0
    outer loop
      vertex 31.7256 13.293 6
      vertex 31.9445 13.1618 2
      vertex 31.7256 13.293 2
    endloop
  endfacet
  facet normal 0.59579 0.80314 -0
    outer loop
      vertex 32.1494 13.0098 2
      vertex 31.9445 13.1618 6
      vertex 32.1494 13.0098 6
    endloop
  endfacet
  facet normal 0.59579 0.80314 0
    outer loop
      vertex 31.9445 13.1618 6
      vertex 32.1494 13.0098 2
      vertex 31.9445 13.1618 2
    endloop
  endfacet
  facet normal 0.14673 -0.989177 0
    outer loop
      vertex 30.7548 8.41252 2
      vertex 31.0072 8.44996 6
      vertex 30.7548 8.41252 6
    endloop
  endfacet
  facet normal 0.14673 -0.989177 0
    outer loop
      vertex 31.0072 8.44996 6
      vertex 30.7548 8.41252 2
      vertex 31.0072 8.44996 2
    endloop
  endfacet
  facet normal 0.741056 -0.671443 0
    outer loop
      vertex 32.3385 9.16152 6
      vertex 32.5098 9.35058 2
      vertex 32.5098 9.35058 6
    endloop
  endfacet
  facet normal 0.741056 -0.671443 0
    outer loop
      vertex 32.5098 9.35058 2
      vertex 32.3385 9.16152 6
      vertex 32.3385 9.16152 2
    endloop
  endfacet
  facet normal 0.803196 -0.595715 0
    outer loop
      vertex 32.5098 9.35058 6
      vertex 32.6618 9.55552 2
      vertex 32.6618 9.55552 6
    endloop
  endfacet
  facet normal 0.803196 -0.595715 0
    outer loop
      vertex 32.6618 9.55552 2
      vertex 32.5098 9.35058 6
      vertex 32.5098 9.35058 2
    endloop
  endfacet
  facet normal 0.242997 -0.970027 0
    outer loop
      vertex 31.0072 8.44996 2
      vertex 31.2547 8.51196 6
      vertex 31.0072 8.44996 6
    endloop
  endfacet
  facet normal 0.242997 -0.970027 0
    outer loop
      vertex 31.2547 8.51196 6
      vertex 31.0072 8.44996 2
      vertex 31.2547 8.51196 2
    endloop
  endfacet
  facet normal -0.242997 0.970027 0
    outer loop
      vertex 29.9928 13.55 2
      vertex 29.7453 13.488 6
      vertex 29.9928 13.55 6
    endloop
  endfacet
  facet normal -0.242997 0.970027 0
    outer loop
      vertex 29.7453 13.488 6
      vertex 29.9928 13.55 2
      vertex 29.7453 13.488 2
    endloop
  endfacet
  facet normal 0.80314 0.59579 0
    outer loop
      vertex 32.6618 12.4445 6
      vertex 32.5098 12.6494 2
      vertex 32.5098 12.6494 6
    endloop
  endfacet
  facet normal 0.80314 0.59579 0
    outer loop
      vertex 32.5098 12.6494 2
      vertex 32.6618 12.4445 6
      vertex 32.6618 12.4445 2
    endloop
  endfacet
  facet normal 0.0489992 0.998799 -0
    outer loop
      vertex 30.7548 13.5875 2
      vertex 30.5 13.6 6
      vertex 30.7548 13.5875 6
    endloop
  endfacet
  facet normal 0.0489992 0.998799 0
    outer loop
      vertex 30.5 13.6 6
      vertex 30.7548 13.5875 2
      vertex 30.5 13.6 2
    endloop
  endfacet
  facet normal -0.857735 0.514092 0
    outer loop
      vertex 28.207 12.2256 2
      vertex 28.3382 12.4445 6
      vertex 28.3382 12.4445 2
    endloop
  endfacet
  facet normal -0.857735 0.514092 0
    outer loop
      vertex 28.3382 12.4445 6
      vertex 28.207 12.2256 2
      vertex 28.207 12.2256 6
    endloop
  endfacet
  facet normal 0.427665 0.903937 -0
    outer loop
      vertex 31.7256 13.293 2
      vertex 31.495 13.4021 6
      vertex 31.7256 13.293 6
    endloop
  endfacet
  facet normal 0.427665 0.903937 0
    outer loop
      vertex 31.495 13.4021 6
      vertex 31.7256 13.293 2
      vertex 31.495 13.4021 2
    endloop
  endfacet
  facet normal -0.857683 -0.514179 0
    outer loop
      vertex 28.3382 9.55552 2
      vertex 28.207 9.77437 6
      vertex 28.207 9.77437 2
    endloop
  endfacet
  facet normal -0.857683 -0.514179 0
    outer loop
      vertex 28.207 9.77437 6
      vertex 28.3382 9.55552 2
      vertex 28.3382 9.55552 6
    endloop
  endfacet
  facet normal -0.427665 -0.903937 0
    outer loop
      vertex 29.2744 8.70701 2
      vertex 29.505 8.59791 6
      vertex 29.2744 8.70701 6
    endloop
  endfacet
  facet normal -0.427665 -0.903937 -0
    outer loop
      vertex 29.505 8.59791 6
      vertex 29.2744 8.70701 2
      vertex 29.505 8.59791 2
    endloop
  endfacet
  facet normal -0.741056 -0.671443 0
    outer loop
      vertex 28.6615 9.16152 2
      vertex 28.4902 9.35058 6
      vertex 28.4902 9.35058 2
    endloop
  endfacet
  facet normal -0.741056 -0.671443 0
    outer loop
      vertex 28.4902 9.35058 6
      vertex 28.6615 9.16152 2
      vertex 28.6615 9.16152 6
    endloop
  endfacet
  facet normal -0.336609 0.941644 0
    outer loop
      vertex 29.7453 13.488 2
      vertex 29.505 13.4021 6
      vertex 29.7453 13.488 6
    endloop
  endfacet
  facet normal -0.336609 0.941644 0
    outer loop
      vertex 29.505 13.4021 6
      vertex 29.7453 13.488 2
      vertex 29.505 13.4021 2
    endloop
  endfacet
  facet normal -0.514006 -0.857787 0
    outer loop
      vertex 29.0555 8.83818 2
      vertex 29.2744 8.70701 6
      vertex 29.0555 8.83818 6
    endloop
  endfacet
  facet normal -0.514006 -0.857787 -0
    outer loop
      vertex 29.2744 8.70701 6
      vertex 29.0555 8.83818 2
      vertex 29.2744 8.70701 2
    endloop
  endfacet
  facet normal 0.595765 -0.803159 0
    outer loop
      vertex 31.9445 8.83818 2
      vertex 32.1494 8.99017 6
      vertex 31.9445 8.83818 6
    endloop
  endfacet
  facet normal 0.595765 -0.803159 0
    outer loop
      vertex 32.1494 8.99017 6
      vertex 31.9445 8.83818 2
      vertex 32.1494 8.99017 2
    endloop
  endfacet
  facet normal -0.0489992 0.998799 0
    outer loop
      vertex 30.5 13.6 2
      vertex 30.2452 13.5875 6
      vertex 30.5 13.6 6
    endloop
  endfacet
  facet normal -0.0489992 0.998799 0
    outer loop
      vertex 30.2452 13.5875 6
      vertex 30.5 13.6 2
      vertex 30.2452 13.5875 2
    endloop
  endfacet
  facet normal -0.970027 0.242997 0
    outer loop
      vertex 27.95 11.5072 2
      vertex 28.012 11.7547 6
      vertex 28.012 11.7547 2
    endloop
  endfacet
  facet normal -0.970027 0.242997 0
    outer loop
      vertex 28.012 11.7547 6
      vertex 27.95 11.5072 2
      vertex 27.95 11.5072 6
    endloop
  endfacet
  facet normal -0.941644 0.336609 0
    outer loop
      vertex 28.012 11.7547 2
      vertex 28.0979 11.995 6
      vertex 28.0979 11.995 2
    endloop
  endfacet
  facet normal -0.941644 0.336609 0
    outer loop
      vertex 28.0979 11.995 6
      vertex 28.012 11.7547 2
      vertex 28.012 11.7547 6
    endloop
  endfacet
  facet normal 0.336609 0.941644 -0
    outer loop
      vertex 31.495 13.4021 2
      vertex 31.2547 13.488 6
      vertex 31.495 13.4021 6
    endloop
  endfacet
  facet normal 0.336609 0.941644 0
    outer loop
      vertex 31.2547 13.488 6
      vertex 31.495 13.4021 2
      vertex 31.2547 13.488 2
    endloop
  endfacet
  facet normal -0.803196 -0.595715 0
    outer loop
      vertex 28.4902 9.35058 2
      vertex 28.3382 9.55552 6
      vertex 28.3382 9.55552 2
    endloop
  endfacet
  facet normal -0.803196 -0.595715 0
    outer loop
      vertex 28.3382 9.55552 6
      vertex 28.4902 9.35058 2
      vertex 28.4902 9.35058 6
    endloop
  endfacet
  facet normal -0.989142 -0.146961 0
    outer loop
      vertex 27.95 10.4928 2
      vertex 27.9125 10.7452 6
      vertex 27.9125 10.7452 2
    endloop
  endfacet
  facet normal -0.989142 -0.146961 0
    outer loop
      vertex 27.9125 10.7452 6
      vertex 27.95 10.4928 2
      vertex 27.95 10.4928 6
    endloop
  endfacet
  facet normal -0.903937 0.427665 0
    outer loop
      vertex 28.0979 11.995 2
      vertex 28.207 12.2256 6
      vertex 28.207 12.2256 2
    endloop
  endfacet
  facet normal -0.903937 0.427665 0
    outer loop
      vertex 28.207 12.2256 6
      vertex 28.0979 11.995 2
      vertex 28.0979 11.995 6
    endloop
  endfacet
  facet normal -0.671472 -0.74103 0
    outer loop
      vertex 28.6615 9.16152 2
      vertex 28.8506 8.99017 6
      vertex 28.6615 9.16152 6
    endloop
  endfacet
  facet normal -0.671472 -0.74103 -0
    outer loop
      vertex 28.8506 8.99017 6
      vertex 28.6615 9.16152 2
      vertex 28.8506 8.99017 2
    endloop
  endfacet
  facet normal -0.80314 0.59579 0
    outer loop
      vertex 28.3382 12.4445 2
      vertex 28.4902 12.6494 6
      vertex 28.4902 12.6494 2
    endloop
  endfacet
  facet normal -0.80314 0.59579 0
    outer loop
      vertex 28.4902 12.6494 6
      vertex 28.3382 12.4445 2
      vertex 28.3382 12.4445 6
    endloop
  endfacet
  facet normal -0.0490774 -0.998795 0
    outer loop
      vertex 30.2452 8.41252 2
      vertex 30.5 8.4 6
      vertex 30.2452 8.41252 6
    endloop
  endfacet
  facet normal -0.0490774 -0.998795 -0
    outer loop
      vertex 30.5 8.4 6
      vertex 30.2452 8.41252 2
      vertex 30.5 8.4 2
    endloop
  endfacet
  facet normal -0.14673 -0.989177 0
    outer loop
      vertex 29.9928 8.44996 2
      vertex 30.2452 8.41252 6
      vertex 29.9928 8.44996 6
    endloop
  endfacet
  facet normal -0.14673 -0.989177 -0
    outer loop
      vertex 30.2452 8.41252 6
      vertex 29.9928 8.44996 2
      vertex 30.2452 8.41252 2
    endloop
  endfacet
  facet normal -0.989142 0.146961 0
    outer loop
      vertex 27.9125 11.2548 2
      vertex 27.95 11.5072 6
      vertex 27.95 11.5072 2
    endloop
  endfacet
  facet normal -0.989142 0.146961 0
    outer loop
      vertex 27.95 11.5072 6
      vertex 27.9125 11.2548 2
      vertex 27.9125 11.2548 6
    endloop
  endfacet
  facet normal -0.998799 0.0489992 0
    outer loop
      vertex 27.9 11 2
      vertex 27.9125 11.2548 6
      vertex 27.9125 11.2548 2
    endloop
  endfacet
  facet normal -0.998799 0.0489992 0
    outer loop
      vertex 27.9125 11.2548 6
      vertex 27.9 11 2
      vertex 27.9 11 6
    endloop
  endfacet
  facet normal -0.336783 -0.941582 0
    outer loop
      vertex 29.505 8.59791 2
      vertex 29.7453 8.51196 6
      vertex 29.505 8.59791 6
    endloop
  endfacet
  facet normal -0.336783 -0.941582 -0
    outer loop
      vertex 29.7453 8.51196 6
      vertex 29.505 8.59791 2
      vertex 29.7453 8.51196 2
    endloop
  endfacet
  facet normal 0.671472 -0.74103 0
    outer loop
      vertex 32.1494 8.99017 2
      vertex 32.3385 9.16152 6
      vertex 32.1494 8.99017 6
    endloop
  endfacet
  facet normal 0.671472 -0.74103 0
    outer loop
      vertex 32.3385 9.16152 6
      vertex 32.1494 8.99017 2
      vertex 32.3385 9.16152 2
    endloop
  endfacet
  facet normal 0 0 1
    outer loop
      vertex 31.5 11 6
      vertex 33.1 11 6
      vertex 33.0875 11.2548 6
    endloop
  endfacet
  facet normal 0 0 1
    outer loop
      vertex 31.4952 11.098 6
      vertex 33.0875 11.2548 6
      vertex 33.05 11.5072 6
    endloop
  endfacet
  facet normal 0 0 1
    outer loop
      vertex 33.1 11 6
      vertex 31.5 11 6
      vertex 33.0875 10.7452 6
    endloop
  endfacet
  facet normal 0 0 1
    outer loop
      vertex 31.4808 11.1951 6
      vertex 33.05 11.5072 6
      vertex 32.988 11.7547 6
    endloop
  endfacet
  facet normal -0 0 1
    outer loop
      vertex 31.4952 10.902 6
      vertex 33.0875 10.7452 6
      vertex 31.5 11 6
    endloop
  endfacet
  facet normal 0 0 1
    outer loop
      vertex 31.4569 11.2903 6
      vertex 32.988 11.7547 6
      vertex 32.9021 11.995 6
    endloop
  endfacet
  facet normal 0 0 1
    outer loop
      vertex 33.0875 10.7452 6
      vertex 31.4952 10.902 6
      vertex 33.05 10.4928 6
    endloop
  endfacet
  facet normal 0 0 1
    outer loop
      vertex 31.4239 11.3827 6
      vertex 32.9021 11.995 6
      vertex 32.793 12.2256 6
    endloop
  endfacet
  facet normal -0 0 1
    outer loop
      vertex 31.4808 10.8049 6
      vertex 33.05 10.4928 6
      vertex 31.4952 10.902 6
    endloop
  endfacet
  facet normal 0 0 1
    outer loop
      vertex 31.3819 11.4714 6
      vertex 32.793 12.2256 6
      vertex 32.6618 12.4445 6
    endloop
  endfacet
  facet normal 0 0 1
    outer loop
      vertex 33.05 10.4928 6
      vertex 31.4808 10.8049 6
      vertex 32.988 10.2453 6
    endloop
  endfacet
  facet normal 0 0 1
    outer loop
      vertex 31.3315 11.5556 6
      vertex 32.6618 12.4445 6
      vertex 32.5098 12.6494 6
    endloop
  endfacet
  facet normal -0 0 1
    outer loop
      vertex 31.4569 10.7097 6
      vertex 32.988 10.2453 6
      vertex 31.4808 10.8049 6
    endloop
  endfacet
  facet normal 0 0 1
    outer loop
      vertex 31.273 11.6344 6
      vertex 32.5098 12.6494 6
      vertex 32.3385 12.8385 6
    endloop
  endfacet
  facet normal 0 0 1
    outer loop
      vertex 32.988 10.2453 6
      vertex 31.4569 10.7097 6
      vertex 32.9021 10.005 6
    endloop
  endfacet
  facet normal 0 0 1
    outer loop
      vertex 31.2071 11.7071 6
      vertex 32.3385 12.8385 6
      vertex 32.1494 13.0098 6
    endloop
  endfacet
  facet normal -0 0 1
    outer loop
      vertex 31.4239 10.6173 6
      vertex 32.9021 10.005 6
      vertex 31.4569 10.7097 6
    endloop
  endfacet
  facet normal 0 0 1
    outer loop
      vertex 31.1344 11.773 6
      vertex 32.1494 13.0098 6
      vertex 31.9445 13.1618 6
    endloop
  endfacet
  facet normal 0 0 1
    outer loop
      vertex 32.9021 10.005 6
      vertex 31.4239 10.6173 6
      vertex 32.793 9.77437 6
    endloop
  endfacet
  facet normal 0 0 1
    outer loop
      vertex 31.0556 11.8315 6
      vertex 31.9445 13.1618 6
      vertex 31.7256 13.293 6
    endloop
  endfacet
  facet normal -0 0 1
    outer loop
      vertex 31.3819 10.5286 6
      vertex 32.793 9.77437 6
      vertex 31.4239 10.6173 6
    endloop
  endfacet
  facet normal 0 0 1
    outer loop
      vertex 32.793 9.77437 6
      vertex 31.3819 10.5286 6
      vertex 32.6618 9.55552 6
    endloop
  endfacet
  facet normal 0 0 1
    outer loop
      vertex 33.0875 11.2548 6
      vertex 31.4952 11.098 6
      vertex 31.5 11 6
    endloop
  endfacet
  facet normal 0 0 1
    outer loop
      vertex 30.9714 11.8819 6
      vertex 31.7256 13.293 6
      vertex 31.495 13.4021 6
    endloop
  endfacet
  facet normal 0 0 1
    outer loop
      vertex 33.05 11.5072 6
      vertex 31.4808 11.1951 6
      vertex 31.4952 11.098 6
    endloop
  endfacet
  facet normal 0 0 1
    outer loop
      vertex 32.988 11.7547 6
      vertex 31.4569 11.2903 6
      vertex 31.4808 11.1951 6
    endloop
  endfacet
  facet normal 0 0 1
    outer loop
      vertex 32.9021 11.995 6
      vertex 31.4239 11.3827 6
      vertex 31.4569 11.2903 6
    endloop
  endfacet
  facet normal 0 0 1
    outer loop
      vertex 32.793 12.2256 6
      vertex 31.3819 11.4714 6
      vertex 31.4239 11.3827 6
    endloop
  endfacet
  facet normal 0 0 1
    outer loop
      vertex 32.6618 12.4445 6
      vertex 31.3315 11.5556 6
      vertex 31.3819 11.4714 6
    endloop
  endfacet
  facet normal 0 0 1
    outer loop
      vertex 32.5098 12.6494 6
      vertex 31.273 11.6344 6
      vertex 31.3315 11.5556 6
    endloop
  endfacet
  facet normal 0 0 1
    outer loop
      vertex 30.8827 11.9239 6
      vertex 31.495 13.4021 6
      vertex 31.2547 13.488 6
    endloop
  endfacet
  facet normal 0 0 1
    outer loop
      vertex 32.3385 12.8385 6
      vertex 31.2071 11.7071 6
      vertex 31.273 11.6344 6
    endloop
  endfacet
  facet normal 0 0 1
    outer loop
      vertex 32.1494 13.0098 6
      vertex 31.1344 11.773 6
      vertex 31.2071 11.7071 6
    endloop
  endfacet
  facet normal 0 0 1
    outer loop
      vertex 31.9445 13.1618 6
      vertex 31.0556 11.8315 6
      vertex 31.1344 11.773 6
    endloop
  endfacet
  facet normal 0 0 1
    outer loop
      vertex 30.7903 11.9569 6
      vertex 31.2547 13.488 6
      vertex 31.0072 13.55 6
    endloop
  endfacet
  facet normal 0 0 1
    outer loop
      vertex 31.7256 13.293 6
      vertex 30.9714 11.8819 6
      vertex 31.0556 11.8315 6
    endloop
  endfacet
  facet normal 0 0 1
    outer loop
      vertex 31.495 13.4021 6
      vertex 30.8827 11.9239 6
      vertex 30.9714 11.8819 6
    endloop
  endfacet
  facet normal 0 0 1
    outer loop
      vertex 31.2547 13.488 6
      vertex 30.7903 11.9569 6
      vertex 30.8827 11.9239 6
    endloop
  endfacet
  facet normal 0 0 1
    outer loop
      vertex 30.6951 11.9808 6
      vertex 31.0072 13.55 6
      vertex 30.7548 13.5875 6
    endloop
  endfacet
  facet normal 0 0 1
    outer loop
      vertex 31.0072 13.55 6
      vertex 30.6951 11.9808 6
      vertex 30.7903 11.9569 6
    endloop
  endfacet
  facet normal 0 0 1
    outer loop
      vertex 30.7548 13.5875 6
      vertex 30.598 11.9952 6
      vertex 30.6951 11.9808 6
    endloop
  endfacet
  facet normal 0 0 1
    outer loop
      vertex 30.5 13.6 6
      vertex 30.598 11.9952 6
      vertex 30.7548 13.5875 6
    endloop
  endfacet
  facet normal 0 0 1
    outer loop
      vertex 30.5 13.6 6
      vertex 30.5 12 6
      vertex 30.598 11.9952 6
    endloop
  endfacet
  facet normal 0 0 1
    outer loop
      vertex 30.5 13.6 6
      vertex 30.402 11.9952 6
      vertex 30.5 12 6
    endloop
  endfacet
  facet normal -0 0 1
    outer loop
      vertex 30.2452 13.5875 6
      vertex 30.402 11.9952 6
      vertex 30.5 13.6 6
    endloop
  endfacet
  facet normal 0 0 1
    outer loop
      vertex 30.402 11.9952 6
      vertex 30.2452 13.5875 6
      vertex 30.3049 11.9808 6
    endloop
  endfacet
  facet normal -0 0 1
    outer loop
      vertex 29.9928 13.55 6
      vertex 30.3049 11.9808 6
      vertex 30.2452 13.5875 6
    endloop
  endfacet
  facet normal 0 0 1
    outer loop
      vertex 30.3049 11.9808 6
      vertex 29.9928 13.55 6
      vertex 30.2097 11.9569 6
    endloop
  endfacet
  facet normal -0 0 1
    outer loop
      vertex 29.7453 13.488 6
      vertex 30.2097 11.9569 6
      vertex 29.9928 13.55 6
    endloop
  endfacet
  facet normal 0 0 1
    outer loop
      vertex 30.2097 11.9569 6
      vertex 29.7453 13.488 6
      vertex 30.1173 11.9239 6
    endloop
  endfacet
  facet normal -0 0 1
    outer loop
      vertex 29.505 13.4021 6
      vertex 30.1173 11.9239 6
      vertex 29.7453 13.488 6
    endloop
  endfacet
  facet normal 0 0 1
    outer loop
      vertex 30.1173 11.9239 6
      vertex 29.505 13.4021 6
      vertex 30.0286 11.8819 6
    endloop
  endfacet
  facet normal -0 0 1
    outer loop
      vertex 29.2744 13.293 6
      vertex 30.0286 11.8819 6
      vertex 29.505 13.4021 6
    endloop
  endfacet
  facet normal 0 0 1
    outer loop
      vertex 30.0286 11.8819 6
      vertex 29.2744 13.293 6
      vertex 29.9444 11.8315 6
    endloop
  endfacet
  facet normal -0 0 1
    outer loop
      vertex 29.0555 13.1618 6
      vertex 29.9444 11.8315 6
      vertex 29.2744 13.293 6
    endloop
  endfacet
  facet normal 0 0 1
    outer loop
      vertex 29.9444 11.8315 6
      vertex 29.0555 13.1618 6
      vertex 29.8656 11.773 6
    endloop
  endfacet
  facet normal -0 0 1
    outer loop
      vertex 28.8506 13.0098 6
      vertex 29.8656 11.773 6
      vertex 29.0555 13.1618 6
    endloop
  endfacet
  facet normal 0 0 1
    outer loop
      vertex 29.8656 11.773 6
      vertex 28.8506 13.0098 6
      vertex 29.7929 11.7071 6
    endloop
  endfacet
  facet normal -0 0 1
    outer loop
      vertex 28.6615 12.8385 6
      vertex 29.7929 11.7071 6
      vertex 28.8506 13.0098 6
    endloop
  endfacet
  facet normal 0 0 1
    outer loop
      vertex 29.7929 11.7071 6
      vertex 28.6615 12.8385 6
      vertex 29.727 11.6344 6
    endloop
  endfacet
  facet normal -0 0 1
    outer loop
      vertex 28.4902 12.6494 6
      vertex 29.727 11.6344 6
      vertex 28.6615 12.8385 6
    endloop
  endfacet
  facet normal 0 0 1
    outer loop
      vertex 29.727 11.6344 6
      vertex 28.4902 12.6494 6
      vertex 29.6685 11.5556 6
    endloop
  endfacet
  facet normal -0 0 1
    outer loop
      vertex 28.3382 12.4445 6
      vertex 29.6685 11.5556 6
      vertex 28.4902 12.6494 6
    endloop
  endfacet
  facet normal 0 0 1
    outer loop
      vertex 29.6685 11.5556 6
      vertex 28.3382 12.4445 6
      vertex 29.6181 11.4714 6
    endloop
  endfacet
  facet normal -0 0 1
    outer loop
      vertex 31.3315 10.4444 6
      vertex 32.6618 9.55552 6
      vertex 31.3819 10.5286 6
    endloop
  endfacet
  facet normal 0 0 1
    outer loop
      vertex 32.6618 9.55552 6
      vertex 31.3315 10.4444 6
      vertex 32.5098 9.35058 6
    endloop
  endfacet
  facet normal -0 0 1
    outer loop
      vertex 31.273 10.3656 6
      vertex 32.5098 9.35058 6
      vertex 31.3315 10.4444 6
    endloop
  endfacet
  facet normal 0 0 1
    outer loop
      vertex 32.5098 9.35058 6
      vertex 31.273 10.3656 6
      vertex 32.3385 9.16152 6
    endloop
  endfacet
  facet normal -0 0 1
    outer loop
      vertex 31.2071 10.2929 6
      vertex 32.3385 9.16152 6
      vertex 31.273 10.3656 6
    endloop
  endfacet
  facet normal 0 0 1
    outer loop
      vertex 32.3385 9.16152 6
      vertex 31.2071 10.2929 6
      vertex 32.1494 8.99017 6
    endloop
  endfacet
  facet normal -0 0 1
    outer loop
      vertex 31.1344 10.227 6
      vertex 32.1494 8.99017 6
      vertex 31.2071 10.2929 6
    endloop
  endfacet
  facet normal 0 0 1
    outer loop
      vertex 32.1494 8.99017 6
      vertex 31.1344 10.227 6
      vertex 31.9445 8.83818 6
    endloop
  endfacet
  facet normal -0 0 1
    outer loop
      vertex 31.0556 10.1685 6
      vertex 31.9445 8.83818 6
      vertex 31.1344 10.227 6
    endloop
  endfacet
  facet normal 0 0 1
    outer loop
      vertex 31.9445 8.83818 6
      vertex 31.0556 10.1685 6
      vertex 31.7256 8.70701 6
    endloop
  endfacet
  facet normal -0 0 1
    outer loop
      vertex 30.9714 10.1181 6
      vertex 31.7256 8.70701 6
      vertex 31.0556 10.1685 6
    endloop
  endfacet
  facet normal 0 0 1
    outer loop
      vertex 31.7256 8.70701 6
      vertex 30.9714 10.1181 6
      vertex 31.495 8.59791 6
    endloop
  endfacet
  facet normal -0 0 1
    outer loop
      vertex 30.8827 10.0761 6
      vertex 31.495 8.59791 6
      vertex 30.9714 10.1181 6
    endloop
  endfacet
  facet normal 0 0 1
    outer loop
      vertex 31.495 8.59791 6
      vertex 30.8827 10.0761 6
      vertex 31.2547 8.51196 6
    endloop
  endfacet
  facet normal -0 0 1
    outer loop
      vertex 30.7903 10.0431 6
      vertex 31.2547 8.51196 6
      vertex 30.8827 10.0761 6
    endloop
  endfacet
  facet normal 0 0 1
    outer loop
      vertex 31.2547 8.51196 6
      vertex 30.7903 10.0431 6
      vertex 31.0072 8.44996 6
    endloop
  endfacet
  facet normal -0 0 1
    outer loop
      vertex 30.6951 10.0192 6
      vertex 31.0072 8.44996 6
      vertex 30.7903 10.0431 6
    endloop
  endfacet
  facet normal 0 0 1
    outer loop
      vertex 31.0072 8.44996 6
      vertex 30.6951 10.0192 6
      vertex 30.7548 8.41252 6
    endloop
  endfacet
  facet normal -0 0 1
    outer loop
      vertex 30.598 10.0048 6
      vertex 30.7548 8.41252 6
      vertex 30.6951 10.0192 6
    endloop
  endfacet
  facet normal -0 0 1
    outer loop
      vertex 30.5 10 6
      vertex 30.7548 8.41252 6
      vertex 30.598 10.0048 6
    endloop
  endfacet
  facet normal 0 0 1
    outer loop
      vertex 30.5 10 6
      vertex 30.5 8.4 6
      vertex 30.7548 8.41252 6
    endloop
  endfacet
  facet normal 0 0 1
    outer loop
      vertex 30.402 10.0048 6
      vertex 30.5 8.4 6
      vertex 30.5 10 6
    endloop
  endfacet
  facet normal 0 0 1
    outer loop
      vertex 30.2452 8.41252 6
      vertex 30.402 10.0048 6
      vertex 30.3049 10.0192 6
    endloop
  endfacet
  facet normal 0 0 1
    outer loop
      vertex 30.402 10.0048 6
      vertex 30.2452 8.41252 6
      vertex 30.5 8.4 6
    endloop
  endfacet
  facet normal 0 0 1
    outer loop
      vertex 29.9928 8.44996 6
      vertex 30.3049 10.0192 6
      vertex 30.2097 10.0431 6
    endloop
  endfacet
  facet normal 0 0 1
    outer loop
      vertex 29.7453 8.51196 6
      vertex 30.2097 10.0431 6
      vertex 30.1173 10.0761 6
    endloop
  endfacet
  facet normal 0 0 1
    outer loop
      vertex 29.505 8.59791 6
      vertex 30.1173 10.0761 6
      vertex 30.0286 10.1181 6
    endloop
  endfacet
  facet normal 0 0 1
    outer loop
      vertex 30.3049 10.0192 6
      vertex 29.9928 8.44996 6
      vertex 30.2452 8.41252 6
    endloop
  endfacet
  facet normal 0 0 1
    outer loop
      vertex 29.2744 8.70701 6
      vertex 30.0286 10.1181 6
      vertex 29.9444 10.1685 6
    endloop
  endfacet
  facet normal 0 0 1
    outer loop
      vertex 29.0555 8.83818 6
      vertex 29.9444 10.1685 6
      vertex 29.8656 10.227 6
    endloop
  endfacet
  facet normal 0 0 1
    outer loop
      vertex 28.8506 8.99017 6
      vertex 29.8656 10.227 6
      vertex 29.7929 10.2929 6
    endloop
  endfacet
  facet normal 0 0 1
    outer loop
      vertex 30.2097 10.0431 6
      vertex 29.7453 8.51196 6
      vertex 29.9928 8.44996 6
    endloop
  endfacet
  facet normal 0 0 1
    outer loop
      vertex 28.6615 9.16152 6
      vertex 29.7929 10.2929 6
      vertex 29.727 10.3656 6
    endloop
  endfacet
  facet normal 0 0 1
    outer loop
      vertex 28.4902 9.35058 6
      vertex 29.727 10.3656 6
      vertex 29.6685 10.4444 6
    endloop
  endfacet
  facet normal 0 0 1
    outer loop
      vertex 28.3382 9.55552 6
      vertex 29.6685 10.4444 6
      vertex 29.6181 10.5286 6
    endloop
  endfacet
  facet normal 0 0 1
    outer loop
      vertex 28.207 9.77437 6
      vertex 29.6181 10.5286 6
      vertex 29.5761 10.6173 6
    endloop
  endfacet
  facet normal 0 0 1
    outer loop
      vertex 28.0979 10.005 6
      vertex 29.5761 10.6173 6
      vertex 29.5431 10.7097 6
    endloop
  endfacet
  facet normal 0 0 1
    outer loop
      vertex 28.012 10.2453 6
      vertex 29.5431 10.7097 6
      vertex 29.5192 10.8049 6
    endloop
  endfacet
  facet normal 0 0 1
    outer loop
      vertex 30.1173 10.0761 6
      vertex 29.505 8.59791 6
      vertex 29.7453 8.51196 6
    endloop
  endfacet
  facet normal 0 0 1
    outer loop
      vertex 27.95 10.4928 6
      vertex 29.5192 10.8049 6
      vertex 29.5048 10.902 6
    endloop
  endfacet
  facet normal 0 0 1
    outer loop
      vertex 27.9125 10.7452 6
      vertex 29.5048 10.902 6
      vertex 29.5 11 6
    endloop
  endfacet
  facet normal -0 0 1
    outer loop
      vertex 28.207 12.2256 6
      vertex 29.6181 11.4714 6
      vertex 28.3382 12.4445 6
    endloop
  endfacet
  facet normal 0 0 1
    outer loop
      vertex 30.0286 10.1181 6
      vertex 29.2744 8.70701 6
      vertex 29.505 8.59791 6
    endloop
  endfacet
  facet normal 0 0 1
    outer loop
      vertex 29.6181 11.4714 6
      vertex 28.207 12.2256 6
      vertex 29.5761 11.3827 6
    endloop
  endfacet
  facet normal 0 0 1
    outer loop
      vertex 29.9444 10.1685 6
      vertex 29.0555 8.83818 6
      vertex 29.2744 8.70701 6
    endloop
  endfacet
  facet normal -0 0 1
    outer loop
      vertex 28.0979 11.995 6
      vertex 29.5761 11.3827 6
      vertex 28.207 12.2256 6
    endloop
  endfacet
  facet normal 0 0 1
    outer loop
      vertex 29.8656 10.227 6
      vertex 28.8506 8.99017 6
      vertex 29.0555 8.83818 6
    endloop
  endfacet
  facet normal 0 0 1
    outer loop
      vertex 29.5761 11.3827 6
      vertex 28.0979 11.995 6
      vertex 29.5431 11.2903 6
    endloop
  endfacet
  facet normal 0 0 1
    outer loop
      vertex 29.7929 10.2929 6
      vertex 28.6615 9.16152 6
      vertex 28.8506 8.99017 6
    endloop
  endfacet
  facet normal -0 0 1
    outer loop
      vertex 28.012 11.7547 6
      vertex 29.5431 11.2903 6
      vertex 28.0979 11.995 6
    endloop
  endfacet
  facet normal 0 0 1
    outer loop
      vertex 29.727 10.3656 6
      vertex 28.4902 9.35058 6
      vertex 28.6615 9.16152 6
    endloop
  endfacet
  facet normal 0 0 1
    outer loop
      vertex 29.5431 11.2903 6
      vertex 28.012 11.7547 6
      vertex 29.5192 11.1951 6
    endloop
  endfacet
  facet normal 0 0 1
    outer loop
      vertex 29.6685 10.4444 6
      vertex 28.3382 9.55552 6
      vertex 28.4902 9.35058 6
    endloop
  endfacet
  facet normal -0 0 1
    outer loop
      vertex 27.95 11.5072 6
      vertex 29.5192 11.1951 6
      vertex 28.012 11.7547 6
    endloop
  endfacet
  facet normal 0 0 1
    outer loop
      vertex 29.6181 10.5286 6
      vertex 28.207 9.77437 6
      vertex 28.3382 9.55552 6
    endloop
  endfacet
  facet normal 0 0 1
    outer loop
      vertex 29.5192 11.1951 6
      vertex 27.95 11.5072 6
      vertex 29.5048 11.098 6
    endloop
  endfacet
  facet normal 0 0 1
    outer loop
      vertex 29.5761 10.6173 6
      vertex 28.0979 10.005 6
      vertex 28.207 9.77437 6
    endloop
  endfacet
  facet normal -0 0 1
    outer loop
      vertex 27.9125 11.2548 6
      vertex 29.5048 11.098 6
      vertex 27.95 11.5072 6
    endloop
  endfacet
  facet normal 0 0 1
    outer loop
      vertex 29.5431 10.7097 6
      vertex 28.012 10.2453 6
      vertex 28.0979 10.005 6
    endloop
  endfacet
  facet normal 0 0 1
    outer loop
      vertex 29.5048 11.098 6
      vertex 27.9125 11.2548 6
      vertex 29.5 11 6
    endloop
  endfacet
  facet normal 0 0 1
    outer loop
      vertex 29.5192 10.8049 6
      vertex 27.95 10.4928 6
      vertex 28.012 10.2453 6
    endloop
  endfacet
  facet normal 0 0 1
    outer loop
      vertex 27.9 11 6
      vertex 29.5 11 6
      vertex 27.9125 11.2548 6
    endloop
  endfacet
  facet normal 0 0 1
    outer loop
      vertex 29.5048 10.902 6
      vertex 27.9125 10.7452 6
      vertex 27.95 10.4928 6
    endloop
  endfacet
  facet normal 0 0 1
    outer loop
      vertex 29.5 11 6
      vertex 27.9 11 6
      vertex 27.9125 10.7452 6
    endloop
  endfacet
  facet normal -0.740908 -0.671607 0
    outer loop
      vertex 31.273 11.6344 2
      vertex 31.2071 11.7071 6
      vertex 31.2071 11.7071 2
    endloop
  endfacet
  facet normal -0.740908 -0.671607 0
    outer loop
      vertex 31.2071 11.7071 6
      vertex 31.273 11.6344 2
      vertex 31.273 11.6344 6
    endloop
  endfacet
  facet normal -0.989182 -0.146696 0
    outer loop
      vertex 31.4952 11.098 2
      vertex 31.4808 11.1951 6
      vertex 31.4808 11.1951 2
    endloop
  endfacet
  facet normal -0.989182 -0.146696 0
    outer loop
      vertex 31.4808 11.1951 6
      vertex 31.4952 11.098 2
      vertex 31.4952 11.098 6
    endloop
  endfacet
  facet normal -0.998803 -0.0489209 0
    outer loop
      vertex 31.5 11 2
      vertex 31.4952 11.098 6
      vertex 31.4952 11.098 2
    endloop
  endfacet
  facet normal -0.998803 -0.0489209 0
    outer loop
      vertex 31.4952 11.098 6
      vertex 31.5 11 2
      vertex 31.5 11 6
    endloop
  endfacet
  facet normal -0.969902 -0.243494 0
    outer loop
      vertex 31.4808 11.1951 2
      vertex 31.4569 11.2903 6
      vertex 31.4569 11.2903 2
    endloop
  endfacet
  facet normal -0.969902 -0.243494 0
    outer loop
      vertex 31.4569 11.2903 6
      vertex 31.4808 11.1951 2
      vertex 31.4808 11.1951 6
    endloop
  endfacet
  facet normal -0.336336 0.941742 0
    outer loop
      vertex 30.8827 10.0761 2
      vertex 30.7903 10.0431 6
      vertex 30.8827 10.0761 6
    endloop
  endfacet
  facet normal -0.336336 0.941742 0
    outer loop
      vertex 30.7903 10.0431 6
      vertex 30.8827 10.0761 2
      vertex 30.7903 10.0431 2
    endloop
  endfacet
  facet normal -0.858032 -0.513596 0
    outer loop
      vertex 31.3819 11.4714 2
      vertex 31.3315 11.5556 6
      vertex 31.3315 11.5556 2
    endloop
  endfacet
  facet normal -0.858032 -0.513596 0
    outer loop
      vertex 31.3315 11.5556 6
      vertex 31.3819 11.4714 2
      vertex 31.3819 11.4714 6
    endloop
  endfacet
  facet normal -0.941742 -0.336336 0
    outer loop
      vertex 31.4569 11.2903 2
      vertex 31.4239 11.3827 6
      vertex 31.4239 11.3827 2
    endloop
  endfacet
  facet normal -0.941742 -0.336336 0
    outer loop
      vertex 31.4239 11.3827 6
      vertex 31.4569 11.2903 2
      vertex 31.4569 11.2903 6
    endloop
  endfacet
  facet normal -0.243494 -0.969902 0
    outer loop
      vertex 30.6951 11.9808 2
      vertex 30.7903 11.9569 6
      vertex 30.6951 11.9808 6
    endloop
  endfacet
  facet normal -0.243494 -0.969902 -0
    outer loop
      vertex 30.7903 11.9569 6
      vertex 30.6951 11.9808 2
      vertex 30.7903 11.9569 2
    endloop
  endfacet
  facet normal 0.740908 -0.671607 0
    outer loop
      vertex 29.727 11.6344 6
      vertex 29.7929 11.7071 2
      vertex 29.7929 11.7071 6
    endloop
  endfacet
  facet normal 0.740908 -0.671607 0
    outer loop
      vertex 29.7929 11.7071 2
      vertex 29.727 11.6344 6
      vertex 29.727 11.6344 2
    endloop
  endfacet
  facet normal -0.0489209 0.998803 0
    outer loop
      vertex 30.598 10.0048 2
      vertex 30.5 10 6
      vertex 30.598 10.0048 6
    endloop
  endfacet
  facet normal -0.0489209 0.998803 0
    outer loop
      vertex 30.5 10 6
      vertex 30.598 10.0048 2
      vertex 30.5 10 2
    endloop
  endfacet
  facet normal -0.427955 -0.9038 0
    outer loop
      vertex 30.8827 11.9239 2
      vertex 30.9714 11.8819 6
      vertex 30.8827 11.9239 6
    endloop
  endfacet
  facet normal -0.427955 -0.9038 -0
    outer loop
      vertex 30.9714 11.8819 6
      vertex 30.8827 11.9239 2
      vertex 30.9714 11.8819 2
    endloop
  endfacet
  facet normal -0.671607 -0.740908 0
    outer loop
      vertex 31.1344 11.773 2
      vertex 31.2071 11.7071 6
      vertex 31.1344 11.773 6
    endloop
  endfacet
  facet normal -0.671607 -0.740908 -0
    outer loop
      vertex 31.2071 11.7071 6
      vertex 31.1344 11.773 2
      vertex 31.2071 11.7071 2
    endloop
  endfacet
  facet normal 0.59608 0.802925 -0
    outer loop
      vertex 29.9444 10.1685 2
      vertex 29.8656 10.227 6
      vertex 29.9444 10.1685 6
    endloop
  endfacet
  facet normal 0.59608 0.802925 0
    outer loop
      vertex 29.8656 10.227 6
      vertex 29.9444 10.1685 2
      vertex 29.8656 10.227 2
    endloop
  endfacet
  facet normal -0.243494 0.969902 0
    outer loop
      vertex 30.7903 10.0431 2
      vertex 30.6951 10.0192 6
      vertex 30.7903 10.0431 6
    endloop
  endfacet
  facet normal -0.243494 0.969902 0
    outer loop
      vertex 30.6951 10.0192 6
      vertex 30.7903 10.0431 2
      vertex 30.6951 10.0192 2
    endloop
  endfacet
  facet normal -0.989182 0.146696 0
    outer loop
      vertex 31.4808 10.8049 2
      vertex 31.4952 10.902 6
      vertex 31.4952 10.902 2
    endloop
  endfacet
  facet normal -0.989182 0.146696 0
    outer loop
      vertex 31.4952 10.902 6
      vertex 31.4808 10.8049 2
      vertex 31.4808 10.8049 6
    endloop
  endfacet
  facet normal -0.513596 0.858032 0
    outer loop
      vertex 31.0556 10.1685 2
      vertex 30.9714 10.1181 6
      vertex 31.0556 10.1685 6
    endloop
  endfacet
  facet normal -0.513596 0.858032 0
    outer loop
      vertex 30.9714 10.1181 6
      vertex 31.0556 10.1685 2
      vertex 30.9714 10.1181 2
    endloop
  endfacet
  facet normal 0.243494 0.969902 -0
    outer loop
      vertex 30.3049 10.0192 2
      vertex 30.2097 10.0431 6
      vertex 30.3049 10.0192 6
    endloop
  endfacet
  facet normal 0.243494 0.969902 0
    outer loop
      vertex 30.2097 10.0431 6
      vertex 30.3049 10.0192 2
      vertex 30.2097 10.0431 2
    endloop
  endfacet
  facet normal 0.59608 -0.802925 0
    outer loop
      vertex 29.8656 11.773 2
      vertex 29.9444 11.8315 6
      vertex 29.8656 11.773 6
    endloop
  endfacet
  facet normal 0.59608 -0.802925 0
    outer loop
      vertex 29.9444 11.8315 6
      vertex 29.8656 11.773 2
      vertex 29.9444 11.8315 2
    endloop
  endfacet
  facet normal 0.998803 0.0489209 0
    outer loop
      vertex 29.5048 10.902 6
      vertex 29.5 11 2
      vertex 29.5 11 6
    endloop
  endfacet
  facet normal 0.998803 0.0489209 0
    outer loop
      vertex 29.5 11 2
      vertex 29.5048 10.902 6
      vertex 29.5048 10.902 2
    endloop
  endfacet
  facet normal 0.969902 0.243494 0
    outer loop
      vertex 29.5431 10.7097 6
      vertex 29.5192 10.8049 2
      vertex 29.5192 10.8049 6
    endloop
  endfacet
  facet normal 0.969902 0.243494 0
    outer loop
      vertex 29.5192 10.8049 2
      vertex 29.5431 10.7097 6
      vertex 29.5431 10.7097 2
    endloop
  endfacet
  facet normal -0.969902 0.243494 0
    outer loop
      vertex 31.4569 10.7097 2
      vertex 31.4808 10.8049 6
      vertex 31.4808 10.8049 2
    endloop
  endfacet
  facet normal -0.969902 0.243494 0
    outer loop
      vertex 31.4808 10.8049 6
      vertex 31.4569 10.7097 2
      vertex 31.4569 10.7097 6
    endloop
  endfacet
  facet normal 0.513596 -0.858032 0
    outer loop
      vertex 29.9444 11.8315 2
      vertex 30.0286 11.8819 6
      vertex 29.9444 11.8315 6
    endloop
  endfacet
  facet normal 0.513596 -0.858032 0
    outer loop
      vertex 30.0286 11.8819 6
      vertex 29.9444 11.8315 2
      vertex 30.0286 11.8819 2
    endloop
  endfacet
  facet normal -0.59608 -0.802925 0
    outer loop
      vertex 31.0556 11.8315 2
      vertex 31.1344 11.773 6
      vertex 31.0556 11.8315 6
    endloop
  endfacet
  facet normal -0.59608 -0.802925 -0
    outer loop
      vertex 31.1344 11.773 6
      vertex 31.0556 11.8315 2
      vertex 31.1344 11.773 2
    endloop
  endfacet
  facet normal 0.0489209 -0.998803 0
    outer loop
      vertex 30.402 11.9952 2
      vertex 30.5 12 6
      vertex 30.402 11.9952 6
    endloop
  endfacet
  facet normal 0.0489209 -0.998803 0
    outer loop
      vertex 30.5 12 6
      vertex 30.402 11.9952 2
      vertex 30.5 12 2
    endloop
  endfacet
  facet normal 0.9038 0.427955 0
    outer loop
      vertex 29.6181 10.5286 6
      vertex 29.5761 10.6173 2
      vertex 29.5761 10.6173 6
    endloop
  endfacet
  facet normal 0.9038 0.427955 0
    outer loop
      vertex 29.5761 10.6173 2
      vertex 29.6181 10.5286 6
      vertex 29.6181 10.5286 2
    endloop
  endfacet
  facet normal -0.941742 0.336336 0
    outer loop
      vertex 31.4239 10.6173 2
      vertex 31.4569 10.7097 6
      vertex 31.4569 10.7097 2
    endloop
  endfacet
  facet normal -0.941742 0.336336 0
    outer loop
      vertex 31.4569 10.7097 6
      vertex 31.4239 10.6173 2
      vertex 31.4239 10.6173 6
    endloop
  endfacet
  facet normal -0.146696 -0.989182 0
    outer loop
      vertex 30.598 11.9952 2
      vertex 30.6951 11.9808 6
      vertex 30.598 11.9952 6
    endloop
  endfacet
  facet normal -0.146696 -0.989182 -0
    outer loop
      vertex 30.6951 11.9808 6
      vertex 30.598 11.9952 2
      vertex 30.6951 11.9808 2
    endloop
  endfacet
  facet normal 0.427955 -0.9038 0
    outer loop
      vertex 30.0286 11.8819 2
      vertex 30.1173 11.9239 6
      vertex 30.0286 11.8819 6
    endloop
  endfacet
  facet normal 0.427955 -0.9038 0
    outer loop
      vertex 30.1173 11.9239 6
      vertex 30.0286 11.8819 2
      vertex 30.1173 11.9239 2
    endloop
  endfacet
  facet normal -0.513596 -0.858032 0
    outer loop
      vertex 30.9714 11.8819 2
      vertex 31.0556 11.8315 6
      vertex 30.9714 11.8819 6
    endloop
  endfacet
  facet normal -0.513596 -0.858032 -0
    outer loop
      vertex 31.0556 11.8315 6
      vertex 30.9714 11.8819 2
      vertex 31.0556 11.8315 2
    endloop
  endfacet
  facet normal -0.427955 0.9038 0
    outer loop
      vertex 30.9714 10.1181 2
      vertex 30.8827 10.0761 6
      vertex 30.9714 10.1181 6
    endloop
  endfacet
  facet normal -0.427955 0.9038 0
    outer loop
      vertex 30.8827 10.0761 6
      vertex 30.9714 10.1181 2
      vertex 30.8827 10.0761 2
    endloop
  endfacet
  facet normal 0.941742 0.336336 0
    outer loop
      vertex 29.5761 10.6173 6
      vertex 29.5431 10.7097 2
      vertex 29.5431 10.7097 6
    endloop
  endfacet
  facet normal 0.941742 0.336336 0
    outer loop
      vertex 29.5431 10.7097 2
      vertex 29.5761 10.6173 6
      vertex 29.5761 10.6173 2
    endloop
  endfacet
  facet normal -0.858032 0.513596 0
    outer loop
      vertex 31.3315 10.4444 2
      vertex 31.3819 10.5286 6
      vertex 31.3819 10.5286 2
    endloop
  endfacet
  facet normal -0.858032 0.513596 0
    outer loop
      vertex 31.3819 10.5286 6
      vertex 31.3315 10.4444 2
      vertex 31.3315 10.4444 6
    endloop
  endfacet
  facet normal -0.9038 0.427955 0
    outer loop
      vertex 31.3819 10.5286 2
      vertex 31.4239 10.6173 6
      vertex 31.4239 10.6173 2
    endloop
  endfacet
  facet normal -0.9038 0.427955 0
    outer loop
      vertex 31.4239 10.6173 6
      vertex 31.3819 10.5286 2
      vertex 31.3819 10.5286 6
    endloop
  endfacet
  facet normal -0.998803 0.0489209 0
    outer loop
      vertex 31.4952 10.902 2
      vertex 31.5 11 6
      vertex 31.5 11 2
    endloop
  endfacet
  facet normal -0.998803 0.0489209 0
    outer loop
      vertex 31.5 11 6
      vertex 31.4952 10.902 2
      vertex 31.4952 10.902 6
    endloop
  endfacet
  facet normal 0.146696 -0.989182 0
    outer loop
      vertex 30.3049 11.9808 2
      vertex 30.402 11.9952 6
      vertex 30.3049 11.9808 6
    endloop
  endfacet
  facet normal 0.146696 -0.989182 0
    outer loop
      vertex 30.402 11.9952 6
      vertex 30.3049 11.9808 2
      vertex 30.402 11.9952 2
    endloop
  endfacet
  facet normal -0.146696 0.989182 0
    outer loop
      vertex 30.6951 10.0192 2
      vertex 30.598 10.0048 6
      vertex 30.6951 10.0192 6
    endloop
  endfacet
  facet normal -0.146696 0.989182 0
    outer loop
      vertex 30.598 10.0048 6
      vertex 30.6951 10.0192 2
      vertex 30.598 10.0048 2
    endloop
  endfacet
  facet normal -0.740908 0.671607 0
    outer loop
      vertex 31.2071 10.2929 2
      vertex 31.273 10.3656 6
      vertex 31.273 10.3656 2
    endloop
  endfacet
  facet normal -0.740908 0.671607 0
    outer loop
      vertex 31.273 10.3656 6
      vertex 31.2071 10.2929 2
      vertex 31.2071 10.2929 6
    endloop
  endfacet
  facet normal -0.802925 0.59608 0
    outer loop
      vertex 31.273 10.3656 2
      vertex 31.3315 10.4444 6
      vertex 31.3315 10.4444 2
    endloop
  endfacet
  facet normal -0.802925 0.59608 0
    outer loop
      vertex 31.3315 10.4444 6
      vertex 31.273 10.3656 2
      vertex 31.273 10.3656 6
    endloop
  endfacet
  facet normal 0.243494 -0.969902 0
    outer loop
      vertex 30.2097 11.9569 2
      vertex 30.3049 11.9808 6
      vertex 30.2097 11.9569 6
    endloop
  endfacet
  facet normal 0.243494 -0.969902 0
    outer loop
      vertex 30.3049 11.9808 6
      vertex 30.2097 11.9569 2
      vertex 30.3049 11.9808 2
    endloop
  endfacet
  facet normal -0.802925 -0.59608 0
    outer loop
      vertex 31.3315 11.5556 2
      vertex 31.273 11.6344 6
      vertex 31.273 11.6344 2
    endloop
  endfacet
  facet normal -0.802925 -0.59608 0
    outer loop
      vertex 31.273 11.6344 6
      vertex 31.3315 11.5556 2
      vertex 31.3315 11.5556 6
    endloop
  endfacet
  facet normal -0.0489209 -0.998803 0
    outer loop
      vertex 30.5 12 2
      vertex 30.598 11.9952 6
      vertex 30.5 12 6
    endloop
  endfacet
  facet normal -0.0489209 -0.998803 -0
    outer loop
      vertex 30.598 11.9952 6
      vertex 30.5 12 2
      vertex 30.598 11.9952 2
    endloop
  endfacet
  facet normal -0.9038 -0.427955 0
    outer loop
      vertex 31.4239 11.3827 2
      vertex 31.3819 11.4714 6
      vertex 31.3819 11.4714 2
    endloop
  endfacet
  facet normal -0.9038 -0.427955 0
    outer loop
      vertex 31.3819 11.4714 6
      vertex 31.4239 11.3827 2
      vertex 31.4239 11.3827 6
    endloop
  endfacet
  facet normal 0.858032 -0.513596 0
    outer loop
      vertex 29.6181 11.4714 6
      vertex 29.6685 11.5556 2
      vertex 29.6685 11.5556 6
    endloop
  endfacet
  facet normal 0.858032 -0.513596 0
    outer loop
      vertex 29.6685 11.5556 2
      vertex 29.6181 11.4714 6
      vertex 29.6181 11.4714 2
    endloop
  endfacet
  facet normal 0.671607 -0.740908 0
    outer loop
      vertex 29.7929 11.7071 2
      vertex 29.8656 11.773 6
      vertex 29.7929 11.7071 6
    endloop
  endfacet
  facet normal 0.671607 -0.740908 0
    outer loop
      vertex 29.8656 11.773 6
      vertex 29.7929 11.7071 2
      vertex 29.8656 11.773 2
    endloop
  endfacet
  facet normal 0.858032 0.513596 0
    outer loop
      vertex 29.6685 10.4444 6
      vertex 29.6181 10.5286 2
      vertex 29.6181 10.5286 6
    endloop
  endfacet
  facet normal 0.858032 0.513596 0
    outer loop
      vertex 29.6181 10.5286 2
      vertex 29.6685 10.4444 6
      vertex 29.6685 10.4444 2
    endloop
  endfacet
  facet normal 0.427955 0.9038 -0
    outer loop
      vertex 30.1173 10.0761 2
      vertex 30.0286 10.1181 6
      vertex 30.1173 10.0761 6
    endloop
  endfacet
  facet normal 0.427955 0.9038 0
    outer loop
      vertex 30.0286 10.1181 6
      vertex 30.1173 10.0761 2
      vertex 30.0286 10.1181 2
    endloop
  endfacet
  facet normal 0.740908 0.671607 0
    outer loop
      vertex 29.7929 10.2929 6
      vertex 29.727 10.3656 2
      vertex 29.727 10.3656 6
    endloop
  endfacet
  facet normal 0.740908 0.671607 0
    outer loop
      vertex 29.727 10.3656 2
      vertex 29.7929 10.2929 6
      vertex 29.7929 10.2929 2
    endloop
  endfacet
  facet normal 0.336336 -0.941742 0
    outer loop
      vertex 30.1173 11.9239 2
      vertex 30.2097 11.9569 6
      vertex 30.1173 11.9239 6
    endloop
  endfacet
  facet normal 0.336336 -0.941742 0
    outer loop
      vertex 30.2097 11.9569 6
      vertex 30.1173 11.9239 2
      vertex 30.2097 11.9569 2
    endloop
  endfacet
  facet normal 0.513596 0.858032 -0
    outer loop
      vertex 30.0286 10.1181 2
      vertex 29.9444 10.1685 6
      vertex 30.0286 10.1181 6
    endloop
  endfacet
  facet normal 0.513596 0.858032 0
    outer loop
      vertex 29.9444 10.1685 6
      vertex 30.0286 10.1181 2
      vertex 29.9444 10.1685 2
    endloop
  endfacet
  facet normal -0.59608 0.802925 0
    outer loop
      vertex 31.1344 10.227 2
      vertex 31.0556 10.1685 6
      vertex 31.1344 10.227 6
    endloop
  endfacet
  facet normal -0.59608 0.802925 0
    outer loop
      vertex 31.0556 10.1685 6
      vertex 31.1344 10.227 2
      vertex 31.0556 10.1685 2
    endloop
  endfacet
  facet normal 0.941742 -0.336336 0
    outer loop
      vertex 29.5431 11.2903 6
      vertex 29.5761 11.3827 2
      vertex 29.5761 11.3827 6
    endloop
  endfacet
  facet normal 0.941742 -0.336336 0
    outer loop
      vertex 29.5761 11.3827 2
      vertex 29.5431 11.2903 6
      vertex 29.5431 11.2903 2
    endloop
  endfacet
  facet normal 0.989182 0.146696 0
    outer loop
      vertex 29.5192 10.8049 6
      vertex 29.5048 10.902 2
      vertex 29.5048 10.902 6
    endloop
  endfacet
  facet normal 0.989182 0.146696 0
    outer loop
      vertex 29.5048 10.902 2
      vertex 29.5192 10.8049 6
      vertex 29.5192 10.8049 2
    endloop
  endfacet
  facet normal -0.336336 -0.941742 0
    outer loop
      vertex 30.7903 11.9569 2
      vertex 30.8827 11.9239 6
      vertex 30.7903 11.9569 6
    endloop
  endfacet
  facet normal -0.336336 -0.941742 -0
    outer loop
      vertex 30.8827 11.9239 6
      vertex 30.7903 11.9569 2
      vertex 30.8827 11.9239 2
    endloop
  endfacet
  facet normal 0.802925 0.59608 0
    outer loop
      vertex 29.727 10.3656 6
      vertex 29.6685 10.4444 2
      vertex 29.6685 10.4444 6
    endloop
  endfacet
  facet normal 0.802925 0.59608 0
    outer loop
      vertex 29.6685 10.4444 2
      vertex 29.727 10.3656 6
      vertex 29.727 10.3656 2
    endloop
  endfacet
  facet normal 0.969902 -0.243494 0
    outer loop
      vertex 29.5192 11.1951 6
      vertex 29.5431 11.2903 2
      vertex 29.5431 11.2903 6
    endloop
  endfacet
  facet normal 0.969902 -0.243494 0
    outer loop
      vertex 29.5431 11.2903 2
      vertex 29.5192 11.1951 6
      vertex 29.5192 11.1951 2
    endloop
  endfacet
  facet normal 0.9038 -0.427955 0
    outer loop
      vertex 29.5761 11.3827 6
      vertex 29.6181 11.4714 2
      vertex 29.6181 11.4714 6
    endloop
  endfacet
  facet normal 0.9038 -0.427955 0
    outer loop
      vertex 29.6181 11.4714 2
      vertex 29.5761 11.3827 6
      vertex 29.5761 11.3827 2
    endloop
  endfacet
  facet normal 0.671607 0.740908 -0
    outer loop
      vertex 29.8656 10.227 2
      vertex 29.7929 10.2929 6
      vertex 29.8656 10.227 6
    endloop
  endfacet
  facet normal 0.671607 0.740908 0
    outer loop
      vertex 29.7929 10.2929 6
      vertex 29.8656 10.227 2
      vertex 29.7929 10.2929 2
    endloop
  endfacet
  facet normal 0.802925 -0.59608 0
    outer loop
      vertex 29.6685 11.5556 6
      vertex 29.727 11.6344 2
      vertex 29.727 11.6344 6
    endloop
  endfacet
  facet normal 0.802925 -0.59608 0
    outer loop
      vertex 29.727 11.6344 2
      vertex 29.6685 11.5556 6
      vertex 29.6685 11.5556 2
    endloop
  endfacet
  facet normal 0.0489209 0.998803 -0
    outer loop
      vertex 30.5 10 2
      vertex 30.402 10.0048 6
      vertex 30.5 10 6
    endloop
  endfacet
  facet normal 0.0489209 0.998803 0
    outer loop
      vertex 30.402 10.0048 6
      vertex 30.5 10 2
      vertex 30.402 10.0048 2
    endloop
  endfacet
  facet normal 0.146696 0.989182 -0
    outer loop
      vertex 30.402 10.0048 2
      vertex 30.3049 10.0192 6
      vertex 30.402 10.0048 6
    endloop
  endfacet
  facet normal 0.146696 0.989182 0
    outer loop
      vertex 30.3049 10.0192 6
      vertex 30.402 10.0048 2
      vertex 30.3049 10.0192 2
    endloop
  endfacet
  facet normal 0.989182 -0.146696 0
    outer loop
      vertex 29.5048 11.098 6
      vertex 29.5192 11.1951 2
      vertex 29.5192 11.1951 6
    endloop
  endfacet
  facet normal 0.989182 -0.146696 0
    outer loop
      vertex 29.5192 11.1951 2
      vertex 29.5048 11.098 6
      vertex 29.5048 11.098 2
    endloop
  endfacet
  facet normal 0.998803 -0.0489209 0
    outer loop
      vertex 29.5 11 6
      vertex 29.5048 11.098 2
      vertex 29.5048 11.098 6
    endloop
  endfacet
  facet normal 0.998803 -0.0489209 0
    outer loop
      vertex 29.5048 11.098 2
      vertex 29.5 11 6
      vertex 29.5 11 2
    endloop
  endfacet
  facet normal 0.336336 0.941742 -0
    outer loop
      vertex 30.2097 10.0431 2
      vertex 30.1173 10.0761 6
      vertex 30.2097 10.0431 6
    endloop
  endfacet
  facet normal 0.336336 0.941742 0
    outer loop
      vertex 30.1173 10.0761 6
      vertex 30.2097 10.0431 2
      vertex 30.1173 10.0761 2
    endloop
  endfacet
  facet normal -0.671607 0.740908 0
    outer loop
      vertex 31.2071 10.2929 2
      vertex 31.1344 10.227 6
      vertex 31.2071 10.2929 6
    endloop
  endfacet
  facet normal -0.671607 0.740908 0
    outer loop
      vertex 31.1344 10.227 6
      vertex 31.2071 10.2929 2
      vertex 31.1344 10.227 2
    endloop
  endfacet
endsolid OpenSCAD_Model
