solid OpenSCAD_Model
  facet normal -0.242835 0.970068 0
    outer loop
      vertex -25.5355 6.46889 0
      vertex -25.6879 6.43074 2
      vertex -25.5355 6.46889 2
    endloop
  endfacet
  facet normal -0.242835 0.970068 0
    outer loop
      vertex -25.6879 6.43074 2
      vertex -25.5355 6.46889 0
      vertex -25.6879 6.43074 0
    endloop
  endfacet
  facet normal -0.989213 0.146484 0
    outer loop
      vertex -24.4307 7.68785 0
      vertex -24.4077 7.84317 2
      vertex -24.4077 7.84317 0
    endloop
  endfacet
  facet normal -0.989213 0.146484 0
    outer loop
      vertex -24.4077 7.84317 2
      vertex -24.4307 7.68785 0
      vertex -24.4307 7.68785 2
    endloop
  endfacet
  facet normal -0.998797 0.0490387 0
    outer loop
      vertex -24.4077 7.84317 0
      vertex -24.4 8 2
      vertex -24.4 8 0
    endloop
  endfacet
  facet normal -0.998797 0.0490387 0
    outer loop
      vertex -24.4 8 2
      vertex -24.4077 7.84317 0
      vertex -24.4077 7.84317 2
    endloop
  endfacet
  facet normal -0.969959 0.24327 0
    outer loop
      vertex -24.4689 7.53554 0
      vertex -24.4307 7.68785 2
      vertex -24.4307 7.68785 0
    endloop
  endfacet
  facet normal -0.969959 0.24327 0
    outer loop
      vertex -24.4307 7.68785 2
      vertex -24.4689 7.53554 0
      vertex -24.4689 7.53554 2
    endloop
  endfacet
  facet normal 0.857779 0.514018 0
    outer loop
      vertex -27.3304 7.11109 2
      vertex -27.4111 7.24576 0
      vertex -27.4111 7.24576 2
    endloop
  endfacet
  facet normal 0.857779 0.514018 0
    outer loop
      vertex -27.4111 7.24576 0
      vertex -27.3304 7.11109 2
      vertex -27.3304 7.11109 0
    endloop
  endfacet
  facet normal 0.741092 0.671404 0
    outer loop
      vertex -27.1314 6.86863 2
      vertex -27.2368 6.98497 0
      vertex -27.2368 6.98497 2
    endloop
  endfacet
  facet normal 0.741092 0.671404 0
    outer loop
      vertex -27.2368 6.98497 0
      vertex -27.1314 6.86863 2
      vertex -27.1314 6.86863 0
    endloop
  endfacet
  facet normal -0.242895 -0.970053 0
    outer loop
      vertex -25.6879 9.56926 0
      vertex -25.5355 9.5311 2
      vertex -25.6879 9.56926 2
    endloop
  endfacet
  facet normal -0.242895 -0.970053 -0
    outer loop
      vertex -25.5355 9.5311 2
      vertex -25.6879 9.56926 0
      vertex -25.5355 9.5311 0
    endloop
  endfacet
  facet normal 0.146752 0.989173 -0
    outer loop
      vertex -26.1568 6.4077 0
      vertex -26.3121 6.43074 2
      vertex -26.1568 6.4077 2
    endloop
  endfacet
  facet normal 0.146752 0.989173 0
    outer loop
      vertex -26.3121 6.43074 2
      vertex -26.1568 6.4077 0
      vertex -26.3121 6.43074 0
    endloop
  endfacet
  facet normal 0.0491116 -0.998793 0
    outer loop
      vertex -26.1568 9.59229 0
      vertex -26 9.6 2
      vertex -26.1568 9.59229 2
    endloop
  endfacet
  facet normal 0.0491116 -0.998793 0
    outer loop
      vertex -26 9.6 2
      vertex -26.1568 9.59229 0
      vertex -26 9.6 0
    endloop
  endfacet
  facet normal 0.242835 0.970068 -0
    outer loop
      vertex -26.3121 6.43074 0
      vertex -26.4645 6.46889 2
      vertex -26.3121 6.43074 2
    endloop
  endfacet
  facet normal 0.242835 0.970068 0
    outer loop
      vertex -26.4645 6.46889 2
      vertex -26.3121 6.43074 0
      vertex -26.4645 6.46889 0
    endloop
  endfacet
  facet normal -0.336926 -0.941531 0
    outer loop
      vertex -25.5355 9.5311 0
      vertex -25.3877 9.47821 2
      vertex -25.5355 9.5311 2
    endloop
  endfacet
  facet normal -0.336926 -0.941531 -0
    outer loop
      vertex -25.3877 9.47821 2
      vertex -25.5355 9.5311 0
      vertex -25.3877 9.47821 0
    endloop
  endfacet
  facet normal -0.336982 0.941511 0
    outer loop
      vertex -25.3877 6.52179 0
      vertex -25.5355 6.46889 2
      vertex -25.3877 6.52179 2
    endloop
  endfacet
  facet normal -0.336982 0.941511 0
    outer loop
      vertex -25.5355 6.46889 2
      vertex -25.3877 6.52179 0
      vertex -25.5355 6.46889 0
    endloop
  endfacet
  facet normal -0.671388 0.741106 0
    outer loop
      vertex -24.8686 6.86863 0
      vertex -24.985 6.76318 2
      vertex -24.8686 6.86863 2
    endloop
  endfacet
  facet normal -0.671388 0.741106 0
    outer loop
      vertex -24.985 6.76318 2
      vertex -24.8686 6.86863 0
      vertex -24.985 6.76318 0
    endloop
  endfacet
  facet normal -0.595732 0.803184 0
    outer loop
      vertex -24.985 6.76318 0
      vertex -25.1111 6.66965 2
      vertex -24.985 6.76318 2
    endloop
  endfacet
  facet normal -0.595732 0.803184 0
    outer loop
      vertex -25.1111 6.66965 2
      vertex -24.985 6.76318 0
      vertex -25.1111 6.66965 0
    endloop
  endfacet
  facet normal -0.998797 -0.0490387 0
    outer loop
      vertex -24.4 8 0
      vertex -24.4077 8.15683 2
      vertex -24.4077 8.15683 0
    endloop
  endfacet
  facet normal -0.998797 -0.0490387 0
    outer loop
      vertex -24.4077 8.15683 2
      vertex -24.4 8 0
      vertex -24.4 8 2
    endloop
  endfacet
  facet normal -0.803015 0.595958 0
    outer loop
      vertex -24.7632 6.98497 0
      vertex -24.6696 7.11109 2
      vertex -24.6696 7.11109 0
    endloop
  endfacet
  facet normal -0.803015 0.595958 0
    outer loop
      vertex -24.6696 7.11109 2
      vertex -24.7632 6.98497 0
      vertex -24.7632 6.98497 2
    endloop
  endfacet
  facet normal -0.0491116 -0.998793 0
    outer loop
      vertex -26 9.6 0
      vertex -25.8432 9.59229 2
      vertex -26 9.6 2
    endloop
  endfacet
  facet normal -0.0491116 -0.998793 -0
    outer loop
      vertex -25.8432 9.59229 2
      vertex -26 9.6 0
      vertex -25.8432 9.59229 0
    endloop
  endfacet
  facet normal -0.989212 -0.146493 0
    outer loop
      vertex -24.4077 8.15683 0
      vertex -24.4307 8.31214 2
      vertex -24.4307 8.31214 0
    endloop
  endfacet
  facet normal -0.989212 -0.146493 0
    outer loop
      vertex -24.4307 8.31214 2
      vertex -24.4077 8.15683 0
      vertex -24.4077 8.15683 2
    endloop
  endfacet
  facet normal 0.969959 -0.24327 0
    outer loop
      vertex -27.5693 8.31214 2
      vertex -27.5311 8.46445 0
      vertex -27.5311 8.46445 2
    endloop
  endfacet
  facet normal 0.969959 -0.24327 0
    outer loop
      vertex -27.5311 8.46445 0
      vertex -27.5693 8.31214 2
      vertex -27.5693 8.31214 0
    endloop
  endfacet
  facet normal -0.146689 -0.989183 0
    outer loop
      vertex -25.8432 9.59229 0
      vertex -25.6879 9.56926 2
      vertex -25.8432 9.59229 2
    endloop
  endfacet
  facet normal -0.146689 -0.989183 -0
    outer loop
      vertex -25.6879 9.56926 2
      vertex -25.8432 9.59229 0
      vertex -25.6879 9.56926 0
    endloop
  endfacet
  facet normal 0.336982 0.941511 -0
    outer loop
      vertex -26.4645 6.46889 0
      vertex -26.6123 6.52179 2
      vertex -26.4645 6.46889 2
    endloop
  endfacet
  facet normal 0.336982 0.941511 0
    outer loop
      vertex -26.6123 6.52179 2
      vertex -26.4645 6.46889 0
      vertex -26.6123 6.52179 0
    endloop
  endfacet
  facet normal 0.595732 0.803184 -0
    outer loop
      vertex -26.8889 6.66965 0
      vertex -27.015 6.76318 2
      vertex -26.8889 6.66965 2
    endloop
  endfacet
  facet normal 0.595732 0.803184 0
    outer loop
      vertex -27.015 6.76318 2
      vertex -26.8889 6.66965 0
      vertex -27.015 6.76318 0
    endloop
  endfacet
  facet normal 0.94154 -0.336901 0
    outer loop
      vertex -27.5311 8.46445 2
      vertex -27.4782 8.61229 0
      vertex -27.4782 8.61229 2
    endloop
  endfacet
  facet normal 0.94154 -0.336901 0
    outer loop
      vertex -27.4782 8.61229 0
      vertex -27.5311 8.46445 2
      vertex -27.5311 8.46445 0
    endloop
  endfacet
  facet normal -0.741092 -0.671404 0
    outer loop
      vertex -24.7632 9.01503 0
      vertex -24.8686 9.13137 2
      vertex -24.8686 9.13137 0
    endloop
  endfacet
  facet normal -0.741092 -0.671404 0
    outer loop
      vertex -24.8686 9.13137 2
      vertex -24.7632 9.01503 0
      vertex -24.7632 9.01503 2
    endloop
  endfacet
  facet normal 0.427692 0.903925 -0
    outer loop
      vertex -26.6123 6.52179 0
      vertex -26.7542 6.58893 2
      vertex -26.6123 6.52179 2
    endloop
  endfacet
  facet normal 0.427692 0.903925 0
    outer loop
      vertex -26.7542 6.58893 2
      vertex -26.6123 6.52179 0
      vertex -26.7542 6.58893 0
    endloop
  endfacet
  facet normal 0.146689 -0.989183 0
    outer loop
      vertex -26.3121 9.56926 0
      vertex -26.1568 9.59229 2
      vertex -26.3121 9.56926 2
    endloop
  endfacet
  facet normal 0.146689 -0.989183 0
    outer loop
      vertex -26.1568 9.59229 2
      vertex -26.3121 9.56926 0
      vertex -26.1568 9.59229 0
    endloop
  endfacet
  facet normal -0.427692 -0.903925 0
    outer loop
      vertex -25.3877 9.47821 0
      vertex -25.2458 9.41107 2
      vertex -25.3877 9.47821 2
    endloop
  endfacet
  facet normal -0.427692 -0.903925 -0
    outer loop
      vertex -25.2458 9.41107 2
      vertex -25.3877 9.47821 0
      vertex -25.2458 9.41107 0
    endloop
  endfacet
  facet normal -0.904081 0.427361 0
    outer loop
      vertex -24.5889 7.24576 0
      vertex -24.5218 7.38771 2
      vertex -24.5218 7.38771 0
    endloop
  endfacet
  facet normal -0.904081 0.427361 0
    outer loop
      vertex -24.5218 7.38771 2
      vertex -24.5889 7.24576 0
      vertex -24.5889 7.24576 2
    endloop
  endfacet
  facet normal 0.514027 0.857774 -0
    outer loop
      vertex -26.7542 6.58893 0
      vertex -26.8889 6.66965 2
      vertex -26.7542 6.58893 2
    endloop
  endfacet
  facet normal 0.514027 0.857774 0
    outer loop
      vertex -26.8889 6.66965 2
      vertex -26.7542 6.58893 0
      vertex -26.8889 6.66965 0
    endloop
  endfacet
  facet normal -0.94154 -0.336901 0
    outer loop
      vertex -24.4689 8.46445 0
      vertex -24.5218 8.61229 2
      vertex -24.5218 8.61229 0
    endloop
  endfacet
  facet normal -0.94154 -0.336901 0
    outer loop
      vertex -24.5218 8.61229 2
      vertex -24.4689 8.46445 0
      vertex -24.4689 8.46445 2
    endloop
  endfacet
  facet normal 0.671388 -0.741106 0
    outer loop
      vertex -27.1314 9.13137 0
      vertex -27.015 9.23682 2
      vertex -27.1314 9.13137 2
    endloop
  endfacet
  facet normal 0.671388 -0.741106 0
    outer loop
      vertex -27.015 9.23682 2
      vertex -27.1314 9.13137 0
      vertex -27.015 9.23682 0
    endloop
  endfacet
  facet normal -0.514027 0.857774 0
    outer loop
      vertex -25.1111 6.66965 0
      vertex -25.2458 6.58893 2
      vertex -25.1111 6.66965 2
    endloop
  endfacet
  facet normal -0.514027 0.857774 0
    outer loop
      vertex -25.2458 6.58893 2
      vertex -25.1111 6.66965 0
      vertex -25.2458 6.58893 0
    endloop
  endfacet
  facet normal -0.741092 0.671404 0
    outer loop
      vertex -24.8686 6.86863 0
      vertex -24.7632 6.98497 2
      vertex -24.7632 6.98497 0
    endloop
  endfacet
  facet normal -0.741092 0.671404 0
    outer loop
      vertex -24.7632 6.98497 2
      vertex -24.8686 6.86863 0
      vertex -24.8686 6.86863 2
    endloop
  endfacet
  facet normal -0.941533 0.336921 0
    outer loop
      vertex -24.5218 7.38771 0
      vertex -24.4689 7.53554 2
      vertex -24.4689 7.53554 0
    endloop
  endfacet
  facet normal -0.941533 0.336921 0
    outer loop
      vertex -24.4689 7.53554 2
      vertex -24.5218 7.38771 0
      vertex -24.5218 7.38771 2
    endloop
  endfacet
  facet normal -0.90407 -0.427385 0
    outer loop
      vertex -24.5218 8.61229 0
      vertex -24.5889 8.75423 2
      vertex -24.5889 8.75423 0
    endloop
  endfacet
  facet normal -0.90407 -0.427385 0
    outer loop
      vertex -24.5889 8.75423 2
      vertex -24.5218 8.61229 0
      vertex -24.5218 8.61229 2
    endloop
  endfacet
  facet normal -0.595732 -0.803184 0
    outer loop
      vertex -25.1111 9.33035 0
      vertex -24.985 9.23682 2
      vertex -25.1111 9.33035 2
    endloop
  endfacet
  facet normal -0.595732 -0.803184 -0
    outer loop
      vertex -24.985 9.23682 2
      vertex -25.1111 9.33035 0
      vertex -24.985 9.23682 0
    endloop
  endfacet
  facet normal 0.595732 -0.803184 0
    outer loop
      vertex -27.015 9.23682 0
      vertex -26.8889 9.33035 2
      vertex -27.015 9.23682 2
    endloop
  endfacet
  facet normal 0.595732 -0.803184 0
    outer loop
      vertex -26.8889 9.33035 2
      vertex -27.015 9.23682 0
      vertex -26.8889 9.33035 0
    endloop
  endfacet
  facet normal -0.803015 -0.595958 0
    outer loop
      vertex -24.6696 8.88891 0
      vertex -24.7632 9.01503 2
      vertex -24.7632 9.01503 0
    endloop
  endfacet
  facet normal -0.803015 -0.595958 0
    outer loop
      vertex -24.7632 9.01503 2
      vertex -24.6696 8.88891 0
      vertex -24.6696 8.88891 2
    endloop
  endfacet
  facet normal -0.427692 0.903925 0
    outer loop
      vertex -25.2458 6.58893 0
      vertex -25.3877 6.52179 2
      vertex -25.2458 6.58893 2
    endloop
  endfacet
  facet normal -0.427692 0.903925 0
    outer loop
      vertex -25.3877 6.52179 2
      vertex -25.2458 6.58893 0
      vertex -25.3877 6.52179 0
    endloop
  endfacet
  facet normal -0.146752 0.989173 0
    outer loop
      vertex -25.6879 6.43074 0
      vertex -25.8432 6.4077 2
      vertex -25.6879 6.43074 2
    endloop
  endfacet
  facet normal -0.146752 0.989173 0
    outer loop
      vertex -25.8432 6.4077 2
      vertex -25.6879 6.43074 0
      vertex -25.8432 6.4077 0
    endloop
  endfacet
  facet normal -0.857779 0.514018 0
    outer loop
      vertex -24.6696 7.11109 0
      vertex -24.5889 7.24576 2
      vertex -24.5889 7.24576 0
    endloop
  endfacet
  facet normal -0.857779 0.514018 0
    outer loop
      vertex -24.5889 7.24576 2
      vertex -24.6696 7.11109 0
      vertex -24.6696 7.11109 2
    endloop
  endfacet
  facet normal 0.514027 -0.857774 0
    outer loop
      vertex -26.8889 9.33035 0
      vertex -26.7542 9.41107 2
      vertex -26.8889 9.33035 2
    endloop
  endfacet
  facet normal 0.514027 -0.857774 0
    outer loop
      vertex -26.7542 9.41107 2
      vertex -26.8889 9.33035 0
      vertex -26.7542 9.41107 0
    endloop
  endfacet
  facet normal 0.671388 0.741106 -0
    outer loop
      vertex -27.015 6.76318 0
      vertex -27.1314 6.86863 2
      vertex -27.015 6.76318 2
    endloop
  endfacet
  facet normal 0.671388 0.741106 0
    outer loop
      vertex -27.1314 6.86863 2
      vertex -27.015 6.76318 0
      vertex -27.1314 6.86863 0
    endloop
  endfacet
  facet normal 0.90407 -0.427385 0
    outer loop
      vertex -27.4782 8.61229 2
      vertex -27.4111 8.75423 0
      vertex -27.4111 8.75423 2
    endloop
  endfacet
  facet normal 0.90407 -0.427385 0
    outer loop
      vertex -27.4111 8.75423 0
      vertex -27.4782 8.61229 2
      vertex -27.4782 8.61229 0
    endloop
  endfacet
  facet normal 0.336926 -0.941531 0
    outer loop
      vertex -26.6123 9.47821 0
      vertex -26.4645 9.5311 2
      vertex -26.6123 9.47821 2
    endloop
  endfacet
  facet normal 0.336926 -0.941531 0
    outer loop
      vertex -26.4645 9.5311 2
      vertex -26.6123 9.47821 0
      vertex -26.4645 9.5311 0
    endloop
  endfacet
  facet normal 0.427692 -0.903925 0
    outer loop
      vertex -26.7542 9.41107 0
      vertex -26.6123 9.47821 2
      vertex -26.7542 9.41107 2
    endloop
  endfacet
  facet normal 0.427692 -0.903925 0
    outer loop
      vertex -26.6123 9.47821 2
      vertex -26.7542 9.41107 0
      vertex -26.6123 9.47821 0
    endloop
  endfacet
  facet normal 0.049048 0.998796 -0
    outer loop
      vertex -26 6.4 0
      vertex -26.1568 6.4077 2
      vertex -26 6.4 2
    endloop
  endfacet
  facet normal 0.049048 0.998796 0
    outer loop
      vertex -26.1568 6.4077 2
      vertex -26 6.4 0
      vertex -26.1568 6.4077 0
    endloop
  endfacet
  facet normal 0.989213 0.146484 0
    outer loop
      vertex -27.5693 7.68785 2
      vertex -27.5923 7.84317 0
      vertex -27.5923 7.84317 2
    endloop
  endfacet
  facet normal 0.989213 0.146484 0
    outer loop
      vertex -27.5923 7.84317 0
      vertex -27.5693 7.68785 2
      vertex -27.5693 7.68785 0
    endloop
  endfacet
  facet normal 0.998797 0.0490387 0
    outer loop
      vertex -27.5923 7.84317 2
      vertex -27.6 8 0
      vertex -27.6 8 2
    endloop
  endfacet
  facet normal 0.998797 0.0490387 0
    outer loop
      vertex -27.6 8 0
      vertex -27.5923 7.84317 2
      vertex -27.5923 7.84317 0
    endloop
  endfacet
  facet normal 0.741092 -0.671404 0
    outer loop
      vertex -27.2368 9.01503 2
      vertex -27.1314 9.13137 0
      vertex -27.1314 9.13137 2
    endloop
  endfacet
  facet normal 0.741092 -0.671404 0
    outer loop
      vertex -27.1314 9.13137 0
      vertex -27.2368 9.01503 2
      vertex -27.2368 9.01503 0
    endloop
  endfacet
  facet normal 0.803015 0.595958 0
    outer loop
      vertex -27.2368 6.98497 2
      vertex -27.3304 7.11109 0
      vertex -27.3304 7.11109 2
    endloop
  endfacet
  facet normal 0.803015 0.595958 0
    outer loop
      vertex -27.3304 7.11109 0
      vertex -27.2368 6.98497 2
      vertex -27.2368 6.98497 0
    endloop
  endfacet
  facet normal 0.989212 -0.146493 0
    outer loop
      vertex -27.5923 8.15683 2
      vertex -27.5693 8.31214 0
      vertex -27.5693 8.31214 2
    endloop
  endfacet
  facet normal 0.989212 -0.146493 0
    outer loop
      vertex -27.5693 8.31214 0
      vertex -27.5923 8.15683 2
      vertex -27.5923 8.15683 0
    endloop
  endfacet
  facet normal 0.941533 0.336921 0
    outer loop
      vertex -27.4782 7.38771 2
      vertex -27.5311 7.53554 0
      vertex -27.5311 7.53554 2
    endloop
  endfacet
  facet normal 0.941533 0.336921 0
    outer loop
      vertex -27.5311 7.53554 0
      vertex -27.4782 7.38771 2
      vertex -27.4782 7.38771 0
    endloop
  endfacet
  facet normal 0.803015 -0.595958 0
    outer loop
      vertex -27.3304 8.88891 2
      vertex -27.2368 9.01503 0
      vertex -27.2368 9.01503 2
    endloop
  endfacet
  facet normal 0.803015 -0.595958 0
    outer loop
      vertex -27.2368 9.01503 0
      vertex -27.3304 8.88891 2
      vertex -27.3304 8.88891 0
    endloop
  endfacet
  facet normal 0.969959 0.24327 0
    outer loop
      vertex -27.5311 7.53554 2
      vertex -27.5693 7.68785 0
      vertex -27.5693 7.68785 2
    endloop
  endfacet
  facet normal 0.969959 0.24327 0
    outer loop
      vertex -27.5693 7.68785 0
      vertex -27.5311 7.53554 2
      vertex -27.5311 7.53554 0
    endloop
  endfacet
  facet normal -0.049048 0.998796 0
    outer loop
      vertex -25.8432 6.4077 0
      vertex -26 6.4 2
      vertex -25.8432 6.4077 2
    endloop
  endfacet
  facet normal -0.049048 0.998796 0
    outer loop
      vertex -26 6.4 2
      vertex -25.8432 6.4077 0
      vertex -26 6.4 0
    endloop
  endfacet
  facet normal 0.998797 -0.0490387 0
    outer loop
      vertex -27.6 8 2
      vertex -27.5923 8.15683 0
      vertex -27.5923 8.15683 2
    endloop
  endfacet
  facet normal 0.998797 -0.0490387 0
    outer loop
      vertex -27.5923 8.15683 0
      vertex -27.6 8 2
      vertex -27.6 8 0
    endloop
  endfacet
  facet normal -0.514027 -0.857774 0
    outer loop
      vertex -25.2458 9.41107 0
      vertex -25.1111 9.33035 2
      vertex -25.2458 9.41107 2
    endloop
  endfacet
  facet normal -0.514027 -0.857774 -0
    outer loop
      vertex -25.1111 9.33035 2
      vertex -25.2458 9.41107 0
      vertex -25.1111 9.33035 0
    endloop
  endfacet
  facet normal -0.969959 -0.24327 0
    outer loop
      vertex -24.4307 8.31214 0
      vertex -24.4689 8.46445 2
      vertex -24.4689 8.46445 0
    endloop
  endfacet
  facet normal -0.969959 -0.24327 0
    outer loop
      vertex -24.4689 8.46445 2
      vertex -24.4307 8.31214 0
      vertex -24.4307 8.31214 2
    endloop
  endfacet
  facet normal 0.242895 -0.970053 0
    outer loop
      vertex -26.4645 9.5311 0
      vertex -26.3121 9.56926 2
      vertex -26.4645 9.5311 2
    endloop
  endfacet
  facet normal 0.242895 -0.970053 0
    outer loop
      vertex -26.3121 9.56926 2
      vertex -26.4645 9.5311 0
      vertex -26.3121 9.56926 0
    endloop
  endfacet
  facet normal 0.857796 -0.51399 0
    outer loop
      vertex -27.4111 8.75423 2
      vertex -27.3304 8.88891 0
      vertex -27.3304 8.88891 2
    endloop
  endfacet
  facet normal 0.857796 -0.51399 0
    outer loop
      vertex -27.3304 8.88891 0
      vertex -27.4111 8.75423 2
      vertex -27.4111 8.75423 0
    endloop
  endfacet
  facet normal 0.904081 0.427361 0
    outer loop
      vertex -27.4111 7.24576 2
      vertex -27.4782 7.38771 0
      vertex -27.4782 7.38771 2
    endloop
  endfacet
  facet normal 0.904081 0.427361 0
    outer loop
      vertex -27.4782 7.38771 0
      vertex -27.4111 7.24576 2
      vertex -27.4111 7.24576 0
    endloop
  endfacet
  facet normal -0.857796 -0.51399 0
    outer loop
      vertex -24.5889 8.75423 0
      vertex -24.6696 8.88891 2
      vertex -24.6696 8.88891 0
    endloop
  endfacet
  facet normal -0.857796 -0.51399 0
    outer loop
      vertex -24.6696 8.88891 2
      vertex -24.5889 8.75423 0
      vertex -24.5889 8.75423 2
    endloop
  endfacet
  facet normal -0.671388 -0.741106 0
    outer loop
      vertex -24.985 9.23682 0
      vertex -24.8686 9.13137 2
      vertex -24.985 9.23682 2
    endloop
  endfacet
  facet normal -0.671388 -0.741106 -0
    outer loop
      vertex -24.8686 9.13137 2
      vertex -24.985 9.23682 0
      vertex -24.8686 9.13137 0
    endloop
  endfacet
  facet normal 0.336926 0.941531 -0
    outer loop
      vertex -26.4645 -9.5311 0
      vertex -26.6123 -9.47821 2
      vertex -26.4645 -9.5311 2
    endloop
  endfacet
  facet normal 0.336926 0.941531 0
    outer loop
      vertex -26.6123 -9.47821 2
      vertex -26.4645 -9.5311 0
      vertex -26.6123 -9.47821 0
    endloop
  endfacet
  facet normal -0.989212 0.146493 0
    outer loop
      vertex -24.4307 -8.31214 0
      vertex -24.4077 -8.15683 2
      vertex -24.4077 -8.15683 0
    endloop
  endfacet
  facet normal -0.989212 0.146493 0
    outer loop
      vertex -24.4077 -8.15683 2
      vertex -24.4307 -8.31214 0
      vertex -24.4307 -8.31214 2
    endloop
  endfacet
  facet normal -0.998797 0.0490387 0
    outer loop
      vertex -24.4077 -8.15683 0
      vertex -24.4 -8 2
      vertex -24.4 -8 0
    endloop
  endfacet
  facet normal -0.998797 0.0490387 0
    outer loop
      vertex -24.4 -8 2
      vertex -24.4077 -8.15683 0
      vertex -24.4077 -8.15683 2
    endloop
  endfacet
  facet normal -0.969959 0.24327 0
    outer loop
      vertex -24.4689 -8.46445 0
      vertex -24.4307 -8.31214 2
      vertex -24.4307 -8.31214 0
    endloop
  endfacet
  facet normal -0.969959 0.24327 0
    outer loop
      vertex -24.4307 -8.31214 2
      vertex -24.4689 -8.46445 0
      vertex -24.4689 -8.46445 2
    endloop
  endfacet
  facet normal 0.427692 -0.903925 0
    outer loop
      vertex -26.7542 -6.58893 0
      vertex -26.6123 -6.52179 2
      vertex -26.7542 -6.58893 2
    endloop
  endfacet
  facet normal 0.427692 -0.903925 0
    outer loop
      vertex -26.6123 -6.52179 2
      vertex -26.7542 -6.58893 0
      vertex -26.6123 -6.52179 0
    endloop
  endfacet
  facet normal -0.671388 -0.741106 0
    outer loop
      vertex -24.985 -6.76318 0
      vertex -24.8686 -6.86863 2
      vertex -24.985 -6.76318 2
    endloop
  endfacet
  facet normal -0.671388 -0.741106 -0
    outer loop
      vertex -24.8686 -6.86863 2
      vertex -24.985 -6.76318 0
      vertex -24.8686 -6.86863 0
    endloop
  endfacet
  facet normal -0.90407 0.427385 0
    outer loop
      vertex -24.5889 -8.75423 0
      vertex -24.5218 -8.61229 2
      vertex -24.5218 -8.61229 0
    endloop
  endfacet
  facet normal -0.90407 0.427385 0
    outer loop
      vertex -24.5218 -8.61229 2
      vertex -24.5889 -8.75423 0
      vertex -24.5889 -8.75423 2
    endloop
  endfacet
  facet normal -0.998797 -0.0490387 0
    outer loop
      vertex -24.4 -8 0
      vertex -24.4077 -7.84317 2
      vertex -24.4077 -7.84317 0
    endloop
  endfacet
  facet normal -0.998797 -0.0490387 0
    outer loop
      vertex -24.4077 -7.84317 2
      vertex -24.4 -8 0
      vertex -24.4 -8 2
    endloop
  endfacet
  facet normal -0.803015 -0.595958 0
    outer loop
      vertex -24.6696 -7.11109 0
      vertex -24.7632 -6.98497 2
      vertex -24.7632 -6.98497 0
    endloop
  endfacet
  facet normal -0.803015 -0.595958 0
    outer loop
      vertex -24.7632 -6.98497 2
      vertex -24.6696 -7.11109 0
      vertex -24.6696 -7.11109 2
    endloop
  endfacet
  facet normal -0.941533 -0.336921 0
    outer loop
      vertex -24.4689 -7.53554 0
      vertex -24.5218 -7.38771 2
      vertex -24.5218 -7.38771 0
    endloop
  endfacet
  facet normal -0.941533 -0.336921 0
    outer loop
      vertex -24.5218 -7.38771 2
      vertex -24.4689 -7.53554 0
      vertex -24.4689 -7.53554 2
    endloop
  endfacet
  facet normal 0.514027 0.857774 -0
    outer loop
      vertex -26.7542 -9.41107 0
      vertex -26.8889 -9.33035 2
      vertex -26.7542 -9.41107 2
    endloop
  endfacet
  facet normal 0.514027 0.857774 0
    outer loop
      vertex -26.8889 -9.33035 2
      vertex -26.7542 -9.41107 0
      vertex -26.8889 -9.33035 0
    endloop
  endfacet
  facet normal 0.90407 0.427385 0
    outer loop
      vertex -27.4111 -8.75423 2
      vertex -27.4782 -8.61229 0
      vertex -27.4782 -8.61229 2
    endloop
  endfacet
  facet normal 0.90407 0.427385 0
    outer loop
      vertex -27.4782 -8.61229 0
      vertex -27.4111 -8.75423 2
      vertex -27.4111 -8.75423 0
    endloop
  endfacet
  facet normal -0.0491116 0.998793 0
    outer loop
      vertex -25.8432 -9.59229 0
      vertex -26 -9.6 2
      vertex -25.8432 -9.59229 2
    endloop
  endfacet
  facet normal -0.0491116 0.998793 0
    outer loop
      vertex -26 -9.6 2
      vertex -25.8432 -9.59229 0
      vertex -26 -9.6 0
    endloop
  endfacet
  facet normal 0.741092 -0.671404 0
    outer loop
      vertex -27.2368 -6.98497 2
      vertex -27.1314 -6.86863 0
      vertex -27.1314 -6.86863 2
    endloop
  endfacet
  facet normal 0.741092 -0.671404 0
    outer loop
      vertex -27.1314 -6.86863 0
      vertex -27.2368 -6.98497 2
      vertex -27.2368 -6.98497 0
    endloop
  endfacet
  facet normal 0.146689 0.989183 -0
    outer loop
      vertex -26.1568 -9.59229 0
      vertex -26.3121 -9.56926 2
      vertex -26.1568 -9.59229 2
    endloop
  endfacet
  facet normal 0.146689 0.989183 0
    outer loop
      vertex -26.3121 -9.56926 2
      vertex -26.1568 -9.59229 0
      vertex -26.3121 -9.56926 0
    endloop
  endfacet
  facet normal 0.242895 0.970053 -0
    outer loop
      vertex -26.3121 -9.56926 0
      vertex -26.4645 -9.5311 2
      vertex -26.3121 -9.56926 2
    endloop
  endfacet
  facet normal 0.242895 0.970053 0
    outer loop
      vertex -26.4645 -9.5311 2
      vertex -26.3121 -9.56926 0
      vertex -26.4645 -9.5311 0
    endloop
  endfacet
  facet normal 0.904081 -0.427361 0
    outer loop
      vertex -27.4782 -7.38771 2
      vertex -27.4111 -7.24576 0
      vertex -27.4111 -7.24576 2
    endloop
  endfacet
  facet normal 0.904081 -0.427361 0
    outer loop
      vertex -27.4111 -7.24576 0
      vertex -27.4782 -7.38771 2
      vertex -27.4782 -7.38771 0
    endloop
  endfacet
  facet normal 0.969959 -0.24327 0
    outer loop
      vertex -27.5693 -7.68785 2
      vertex -27.5311 -7.53554 0
      vertex -27.5311 -7.53554 2
    endloop
  endfacet
  facet normal 0.969959 -0.24327 0
    outer loop
      vertex -27.5311 -7.53554 0
      vertex -27.5693 -7.68785 2
      vertex -27.5693 -7.68785 0
    endloop
  endfacet
  facet normal 0.0491116 0.998793 -0
    outer loop
      vertex -26 -9.6 0
      vertex -26.1568 -9.59229 2
      vertex -26 -9.6 2
    endloop
  endfacet
  facet normal 0.0491116 0.998793 0
    outer loop
      vertex -26.1568 -9.59229 2
      vertex -26 -9.6 0
      vertex -26.1568 -9.59229 0
    endloop
  endfacet
  facet normal -0.049048 -0.998796 0
    outer loop
      vertex -26 -6.4 0
      vertex -25.8432 -6.4077 2
      vertex -26 -6.4 2
    endloop
  endfacet
  facet normal -0.049048 -0.998796 -0
    outer loop
      vertex -25.8432 -6.4077 2
      vertex -26 -6.4 0
      vertex -25.8432 -6.4077 0
    endloop
  endfacet
  facet normal -0.427692 0.903925 0
    outer loop
      vertex -25.2458 -9.41107 0
      vertex -25.3877 -9.47821 2
      vertex -25.2458 -9.41107 2
    endloop
  endfacet
  facet normal -0.427692 0.903925 0
    outer loop
      vertex -25.3877 -9.47821 2
      vertex -25.2458 -9.41107 0
      vertex -25.3877 -9.47821 0
    endloop
  endfacet
  facet normal -0.146752 -0.989173 0
    outer loop
      vertex -25.8432 -6.4077 0
      vertex -25.6879 -6.43074 2
      vertex -25.8432 -6.4077 2
    endloop
  endfacet
  facet normal -0.146752 -0.989173 -0
    outer loop
      vertex -25.6879 -6.43074 2
      vertex -25.8432 -6.4077 0
      vertex -25.6879 -6.43074 0
    endloop
  endfacet
  facet normal -0.146689 0.989183 0
    outer loop
      vertex -25.6879 -9.56926 0
      vertex -25.8432 -9.59229 2
      vertex -25.6879 -9.56926 2
    endloop
  endfacet
  facet normal -0.146689 0.989183 0
    outer loop
      vertex -25.8432 -9.59229 2
      vertex -25.6879 -9.56926 0
      vertex -25.8432 -9.59229 0
    endloop
  endfacet
  facet normal -0.94154 0.336901 0
    outer loop
      vertex -24.5218 -8.61229 0
      vertex -24.4689 -8.46445 2
      vertex -24.4689 -8.46445 0
    endloop
  endfacet
  facet normal -0.94154 0.336901 0
    outer loop
      vertex -24.4689 -8.46445 2
      vertex -24.5218 -8.61229 0
      vertex -24.5218 -8.61229 2
    endloop
  endfacet
  facet normal -0.803015 0.595958 0
    outer loop
      vertex -24.7632 -9.01503 0
      vertex -24.6696 -8.88891 2
      vertex -24.6696 -8.88891 0
    endloop
  endfacet
  facet normal -0.803015 0.595958 0
    outer loop
      vertex -24.6696 -8.88891 2
      vertex -24.7632 -9.01503 0
      vertex -24.7632 -9.01503 2
    endloop
  endfacet
  facet normal -0.741092 -0.671404 0
    outer loop
      vertex -24.7632 -6.98497 0
      vertex -24.8686 -6.86863 2
      vertex -24.8686 -6.86863 0
    endloop
  endfacet
  facet normal -0.741092 -0.671404 0
    outer loop
      vertex -24.8686 -6.86863 2
      vertex -24.7632 -6.98497 0
      vertex -24.7632 -6.98497 2
    endloop
  endfacet
  facet normal -0.671388 0.741106 0
    outer loop
      vertex -24.8686 -9.13137 0
      vertex -24.985 -9.23682 2
      vertex -24.8686 -9.13137 2
    endloop
  endfacet
  facet normal -0.671388 0.741106 0
    outer loop
      vertex -24.985 -9.23682 2
      vertex -24.8686 -9.13137 0
      vertex -24.985 -9.23682 0
    endloop
  endfacet
  facet normal 0.146752 -0.989173 0
    outer loop
      vertex -26.3121 -6.43074 0
      vertex -26.1568 -6.4077 2
      vertex -26.3121 -6.43074 2
    endloop
  endfacet
  facet normal 0.146752 -0.989173 0
    outer loop
      vertex -26.1568 -6.4077 2
      vertex -26.3121 -6.43074 0
      vertex -26.1568 -6.4077 0
    endloop
  endfacet
  facet normal -0.242895 0.970053 0
    outer loop
      vertex -25.5355 -9.5311 0
      vertex -25.6879 -9.56926 2
      vertex -25.5355 -9.5311 2
    endloop
  endfacet
  facet normal -0.242895 0.970053 0
    outer loop
      vertex -25.6879 -9.56926 2
      vertex -25.5355 -9.5311 0
      vertex -25.6879 -9.56926 0
    endloop
  endfacet
  facet normal 0.803015 -0.595958 0
    outer loop
      vertex -27.3304 -7.11109 2
      vertex -27.2368 -6.98497 0
      vertex -27.2368 -6.98497 2
    endloop
  endfacet
  facet normal 0.803015 -0.595958 0
    outer loop
      vertex -27.2368 -6.98497 0
      vertex -27.3304 -7.11109 2
      vertex -27.3304 -7.11109 0
    endloop
  endfacet
  facet normal -0.741092 0.671404 0
    outer loop
      vertex -24.8686 -9.13137 0
      vertex -24.7632 -9.01503 2
      vertex -24.7632 -9.01503 0
    endloop
  endfacet
  facet normal -0.741092 0.671404 0
    outer loop
      vertex -24.7632 -9.01503 2
      vertex -24.8686 -9.13137 0
      vertex -24.8686 -9.13137 2
    endloop
  endfacet
  facet normal -0.242835 -0.970068 0
    outer loop
      vertex -25.6879 -6.43074 0
      vertex -25.5355 -6.46889 2
      vertex -25.6879 -6.43074 2
    endloop
  endfacet
  facet normal -0.242835 -0.970068 -0
    outer loop
      vertex -25.5355 -6.46889 2
      vertex -25.6879 -6.43074 0
      vertex -25.5355 -6.46889 0
    endloop
  endfacet
  facet normal -0.427692 -0.903925 0
    outer loop
      vertex -25.3877 -6.52179 0
      vertex -25.2458 -6.58893 2
      vertex -25.3877 -6.52179 2
    endloop
  endfacet
  facet normal -0.427692 -0.903925 -0
    outer loop
      vertex -25.2458 -6.58893 2
      vertex -25.3877 -6.52179 0
      vertex -25.2458 -6.58893 0
    endloop
  endfacet
  facet normal 0.242835 -0.970068 0
    outer loop
      vertex -26.4645 -6.46889 0
      vertex -26.3121 -6.43074 2
      vertex -26.4645 -6.46889 2
    endloop
  endfacet
  facet normal 0.242835 -0.970068 0
    outer loop
      vertex -26.3121 -6.43074 2
      vertex -26.4645 -6.46889 0
      vertex -26.3121 -6.43074 0
    endloop
  endfacet
  facet normal 0.857779 -0.514018 0
    outer loop
      vertex -27.4111 -7.24576 2
      vertex -27.3304 -7.11109 0
      vertex -27.3304 -7.11109 2
    endloop
  endfacet
  facet normal 0.857779 -0.514018 0
    outer loop
      vertex -27.3304 -7.11109 0
      vertex -27.4111 -7.24576 2
      vertex -27.4111 -7.24576 0
    endloop
  endfacet
  facet normal -0.595732 0.803184 0
    outer loop
      vertex -24.985 -9.23682 0
      vertex -25.1111 -9.33035 2
      vertex -24.985 -9.23682 2
    endloop
  endfacet
  facet normal -0.595732 0.803184 0
    outer loop
      vertex -25.1111 -9.33035 2
      vertex -24.985 -9.23682 0
      vertex -25.1111 -9.33035 0
    endloop
  endfacet
  facet normal -0.514027 0.857774 0
    outer loop
      vertex -25.1111 -9.33035 0
      vertex -25.2458 -9.41107 2
      vertex -25.1111 -9.33035 2
    endloop
  endfacet
  facet normal -0.514027 0.857774 0
    outer loop
      vertex -25.2458 -9.41107 2
      vertex -25.1111 -9.33035 0
      vertex -25.2458 -9.41107 0
    endloop
  endfacet
  facet normal 0.427692 0.903925 -0
    outer loop
      vertex -26.6123 -9.47821 0
      vertex -26.7542 -9.41107 2
      vertex -26.6123 -9.47821 2
    endloop
  endfacet
  facet normal 0.427692 0.903925 0
    outer loop
      vertex -26.7542 -9.41107 2
      vertex -26.6123 -9.47821 0
      vertex -26.7542 -9.41107 0
    endloop
  endfacet
  facet normal -0.595732 -0.803184 0
    outer loop
      vertex -25.1111 -6.66965 0
      vertex -24.985 -6.76318 2
      vertex -25.1111 -6.66965 2
    endloop
  endfacet
  facet normal -0.595732 -0.803184 -0
    outer loop
      vertex -24.985 -6.76318 2
      vertex -25.1111 -6.66965 0
      vertex -24.985 -6.76318 0
    endloop
  endfacet
  facet normal -0.969959 -0.24327 0
    outer loop
      vertex -24.4307 -7.68785 0
      vertex -24.4689 -7.53554 2
      vertex -24.4689 -7.53554 0
    endloop
  endfacet
  facet normal -0.969959 -0.24327 0
    outer loop
      vertex -24.4689 -7.53554 2
      vertex -24.4307 -7.68785 0
      vertex -24.4307 -7.68785 2
    endloop
  endfacet
  facet normal -0.336926 0.941531 0
    outer loop
      vertex -25.3877 -9.47821 0
      vertex -25.5355 -9.5311 2
      vertex -25.3877 -9.47821 2
    endloop
  endfacet
  facet normal -0.336926 0.941531 0
    outer loop
      vertex -25.5355 -9.5311 2
      vertex -25.3877 -9.47821 0
      vertex -25.5355 -9.5311 0
    endloop
  endfacet
  facet normal -0.989213 -0.146484 0
    outer loop
      vertex -24.4077 -7.84317 0
      vertex -24.4307 -7.68785 2
      vertex -24.4307 -7.68785 0
    endloop
  endfacet
  facet normal -0.989213 -0.146484 0
    outer loop
      vertex -24.4307 -7.68785 2
      vertex -24.4077 -7.84317 0
      vertex -24.4077 -7.84317 2
    endloop
  endfacet
  facet normal 0.671388 0.741106 -0
    outer loop
      vertex -27.015 -9.23682 0
      vertex -27.1314 -9.13137 2
      vertex -27.015 -9.23682 2
    endloop
  endfacet
  facet normal 0.671388 0.741106 0
    outer loop
      vertex -27.1314 -9.13137 2
      vertex -27.015 -9.23682 0
      vertex -27.1314 -9.13137 0
    endloop
  endfacet
  facet normal -0.857796 0.51399 0
    outer loop
      vertex -24.6696 -8.88891 0
      vertex -24.5889 -8.75423 2
      vertex -24.5889 -8.75423 0
    endloop
  endfacet
  facet normal -0.857796 0.51399 0
    outer loop
      vertex -24.5889 -8.75423 2
      vertex -24.6696 -8.88891 0
      vertex -24.6696 -8.88891 2
    endloop
  endfacet
  facet normal 0.941533 -0.336921 0
    outer loop
      vertex -27.5311 -7.53554 2
      vertex -27.4782 -7.38771 0
      vertex -27.4782 -7.38771 2
    endloop
  endfacet
  facet normal 0.941533 -0.336921 0
    outer loop
      vertex -27.4782 -7.38771 0
      vertex -27.5311 -7.53554 2
      vertex -27.5311 -7.53554 0
    endloop
  endfacet
  facet normal 0.049048 -0.998796 0
    outer loop
      vertex -26.1568 -6.4077 0
      vertex -26 -6.4 2
      vertex -26.1568 -6.4077 2
    endloop
  endfacet
  facet normal 0.049048 -0.998796 0
    outer loop
      vertex -26 -6.4 2
      vertex -26.1568 -6.4077 0
      vertex -26 -6.4 0
    endloop
  endfacet
  facet normal 0.514027 -0.857774 0
    outer loop
      vertex -26.8889 -6.66965 0
      vertex -26.7542 -6.58893 2
      vertex -26.8889 -6.66965 2
    endloop
  endfacet
  facet normal 0.514027 -0.857774 0
    outer loop
      vertex -26.7542 -6.58893 2
      vertex -26.8889 -6.66965 0
      vertex -26.7542 -6.58893 0
    endloop
  endfacet
  facet normal 0.741092 0.671404 0
    outer loop
      vertex -27.1314 -9.13137 2
      vertex -27.2368 -9.01503 0
      vertex -27.2368 -9.01503 2
    endloop
  endfacet
  facet normal 0.741092 0.671404 0
    outer loop
      vertex -27.2368 -9.01503 0
      vertex -27.1314 -9.13137 2
      vertex -27.1314 -9.13137 0
    endloop
  endfacet
  facet normal 0.857796 0.51399 0
    outer loop
      vertex -27.3304 -8.88891 2
      vertex -27.4111 -8.75423 0
      vertex -27.4111 -8.75423 2
    endloop
  endfacet
  facet normal 0.857796 0.51399 0
    outer loop
      vertex -27.4111 -8.75423 0
      vertex -27.3304 -8.88891 2
      vertex -27.3304 -8.88891 0
    endloop
  endfacet
  facet normal 0.989213 -0.146484 0
    outer loop
      vertex -27.5923 -7.84317 2
      vertex -27.5693 -7.68785 0
      vertex -27.5693 -7.68785 2
    endloop
  endfacet
  facet normal 0.989213 -0.146484 0
    outer loop
      vertex -27.5693 -7.68785 0
      vertex -27.5923 -7.84317 2
      vertex -27.5923 -7.84317 0
    endloop
  endfacet
  facet normal 0.336982 -0.941511 0
    outer loop
      vertex -26.6123 -6.52179 0
      vertex -26.4645 -6.46889 2
      vertex -26.6123 -6.52179 2
    endloop
  endfacet
  facet normal 0.336982 -0.941511 0
    outer loop
      vertex -26.4645 -6.46889 2
      vertex -26.6123 -6.52179 0
      vertex -26.4645 -6.46889 0
    endloop
  endfacet
  facet normal 0.989212 0.146493 0
    outer loop
      vertex -27.5693 -8.31214 2
      vertex -27.5923 -8.15683 0
      vertex -27.5923 -8.15683 2
    endloop
  endfacet
  facet normal 0.989212 0.146493 0
    outer loop
      vertex -27.5923 -8.15683 0
      vertex -27.5693 -8.31214 2
      vertex -27.5693 -8.31214 0
    endloop
  endfacet
  facet normal -0.336982 -0.941511 0
    outer loop
      vertex -25.5355 -6.46889 0
      vertex -25.3877 -6.52179 2
      vertex -25.5355 -6.46889 2
    endloop
  endfacet
  facet normal -0.336982 -0.941511 -0
    outer loop
      vertex -25.3877 -6.52179 2
      vertex -25.5355 -6.46889 0
      vertex -25.3877 -6.52179 0
    endloop
  endfacet
  facet normal -0.904081 -0.427361 0
    outer loop
      vertex -24.5218 -7.38771 0
      vertex -24.5889 -7.24576 2
      vertex -24.5889 -7.24576 0
    endloop
  endfacet
  facet normal -0.904081 -0.427361 0
    outer loop
      vertex -24.5889 -7.24576 2
      vertex -24.5218 -7.38771 0
      vertex -24.5218 -7.38771 2
    endloop
  endfacet
  facet normal 0.595732 0.803184 -0
    outer loop
      vertex -26.8889 -9.33035 0
      vertex -27.015 -9.23682 2
      vertex -26.8889 -9.33035 2
    endloop
  endfacet
  facet normal 0.595732 0.803184 0
    outer loop
      vertex -27.015 -9.23682 2
      vertex -26.8889 -9.33035 0
      vertex -27.015 -9.23682 0
    endloop
  endfacet
  facet normal -0.514027 -0.857774 0
    outer loop
      vertex -25.2458 -6.58893 0
      vertex -25.1111 -6.66965 2
      vertex -25.2458 -6.58893 2
    endloop
  endfacet
  facet normal -0.514027 -0.857774 -0
    outer loop
      vertex -25.1111 -6.66965 2
      vertex -25.2458 -6.58893 0
      vertex -25.1111 -6.66965 0
    endloop
  endfacet
  facet normal -0.857779 -0.514018 0
    outer loop
      vertex -24.5889 -7.24576 0
      vertex -24.6696 -7.11109 2
      vertex -24.6696 -7.11109 0
    endloop
  endfacet
  facet normal -0.857779 -0.514018 0
    outer loop
      vertex -24.6696 -7.11109 2
      vertex -24.5889 -7.24576 0
      vertex -24.5889 -7.24576 2
    endloop
  endfacet
  facet normal 0.969959 0.24327 0
    outer loop
      vertex -27.5311 -8.46445 2
      vertex -27.5693 -8.31214 0
      vertex -27.5693 -8.31214 2
    endloop
  endfacet
  facet normal 0.969959 0.24327 0
    outer loop
      vertex -27.5693 -8.31214 0
      vertex -27.5311 -8.46445 2
      vertex -27.5311 -8.46445 0
    endloop
  endfacet
  facet normal 0.94154 0.336901 0
    outer loop
      vertex -27.4782 -8.61229 2
      vertex -27.5311 -8.46445 0
      vertex -27.5311 -8.46445 2
    endloop
  endfacet
  facet normal 0.94154 0.336901 0
    outer loop
      vertex -27.5311 -8.46445 0
      vertex -27.4782 -8.61229 2
      vertex -27.4782 -8.61229 0
    endloop
  endfacet
  facet normal 0.671388 -0.741106 0
    outer loop
      vertex -27.1314 -6.86863 0
      vertex -27.015 -6.76318 2
      vertex -27.1314 -6.86863 2
    endloop
  endfacet
  facet normal 0.671388 -0.741106 0
    outer loop
      vertex -27.015 -6.76318 2
      vertex -27.1314 -6.86863 0
      vertex -27.015 -6.76318 0
    endloop
  endfacet
  facet normal 0.595732 -0.803184 0
    outer loop
      vertex -27.015 -6.76318 0
      vertex -26.8889 -6.66965 2
      vertex -27.015 -6.76318 2
    endloop
  endfacet
  facet normal 0.595732 -0.803184 0
    outer loop
      vertex -26.8889 -6.66965 2
      vertex -27.015 -6.76318 0
      vertex -26.8889 -6.66965 0
    endloop
  endfacet
  facet normal 0.998797 0.0490387 0
    outer loop
      vertex -27.5923 -8.15683 2
      vertex -27.6 -8 0
      vertex -27.6 -8 2
    endloop
  endfacet
  facet normal 0.998797 0.0490387 0
    outer loop
      vertex -27.6 -8 0
      vertex -27.5923 -8.15683 2
      vertex -27.5923 -8.15683 0
    endloop
  endfacet
  facet normal 0.998797 -0.0490387 0
    outer loop
      vertex -27.6 -8 2
      vertex -27.5923 -7.84317 0
      vertex -27.5923 -7.84317 2
    endloop
  endfacet
  facet normal 0.998797 -0.0490387 0
    outer loop
      vertex -27.5923 -7.84317 0
      vertex -27.6 -8 2
      vertex -27.6 -8 0
    endloop
  endfacet
  facet normal 0.803015 0.595958 0
    outer loop
      vertex -27.2368 -9.01503 2
      vertex -27.3304 -8.88891 0
      vertex -27.3304 -8.88891 2
    endloop
  endfacet
  facet normal 0.803015 0.595958 0
    outer loop
      vertex -27.3304 -8.88891 0
      vertex -27.2368 -9.01503 2
      vertex -27.2368 -9.01503 0
    endloop
  endfacet
  facet normal -0.595691 -0.803214 0
    outer loop
      vertex -5.35555 9.96516 0
      vertex -5.2925 9.9184 2
      vertex -5.35555 9.96516 2
    endloop
  endfacet
  facet normal -0.595691 -0.803214 -0
    outer loop
      vertex -5.2925 9.9184 2
      vertex -5.35555 9.96516 0
      vertex -5.2925 9.9184 0
    endloop
  endfacet
  facet normal 0.336296 -0.941756 0
    outer loop
      vertex -6.50615 10.0391 0
      vertex -6.43222 10.0655 2
      vertex -6.50615 10.0391 2
    endloop
  endfacet
  facet normal 0.336296 -0.941756 0
    outer loop
      vertex -6.43222 10.0655 2
      vertex -6.50615 10.0391 0
      vertex -6.43222 10.0655 0
    endloop
  endfacet
  facet normal -0.513952 -0.857819 0
    outer loop
      vertex -5.42288 10.0055 0
      vertex -5.35555 9.96516 2
      vertex -5.42288 10.0055 2
    endloop
  endfacet
  facet normal -0.513952 -0.857819 -0
    outer loop
      vertex -5.35555 9.96516 2
      vertex -5.42288 10.0055 0
      vertex -5.35555 9.96516 0
    endloop
  endfacet
  facet normal 1 -0 0
    outer loop
      vertex -7 -9.29999 2
      vertex -7 9.29999 0
      vertex -7 9.29999 2
    endloop
  endfacet
  facet normal 1 0 0
    outer loop
      vertex -7 9.29999 0
      vertex -7 -9.29999 2
      vertex -7 -9.29999 0
    endloop
  endfacet
  facet normal -0.0496771 -0.998765 0
    outer loop
      vertex -5.8 10.1 0
      vertex -5.72159 10.0961 2
      vertex -5.8 10.1 2
    endloop
  endfacet
  facet normal -0.0496771 -0.998765 -0
    outer loop
      vertex -5.72159 10.0961 2
      vertex -5.8 10.1 0
      vertex -5.72159 10.0961 0
    endloop
  endfacet
  facet normal 0.941554 0.336861 0
    outer loop
      vertex -6.9391 -9.60614 2
      vertex -6.96555 -9.53221 0
      vertex -6.96555 -9.53221 2
    endloop
  endfacet
  facet normal 0.941554 0.336861 0
    outer loop
      vertex -6.96555 -9.53221 0
      vertex -6.9391 -9.60614 2
      vertex -6.9391 -9.60614 0
    endloop
  endfacet
  facet normal 0.427906 -0.903823 0
    outer loop
      vertex -6.57712 10.0055 0
      vertex -6.50615 10.0391 2
      vertex -6.57712 10.0055 2
    endloop
  endfacet
  facet normal 0.427906 -0.903823 0
    outer loop
      vertex -6.50615 10.0391 2
      vertex -6.57712 10.0055 0
      vertex -6.50615 10.0391 0
    endloop
  endfacet
  facet normal 0 -1 0
    outer loop
      vertex -6.2 10.1 0
      vertex -5.8 10.1 2
      vertex -6.2 10.1 2
    endloop
  endfacet
  facet normal 0 -1 -0
    outer loop
      vertex -5.8 10.1 2
      vertex -6.2 10.1 0
      vertex -5.8 10.1 0
    endloop
  endfacet
  facet normal 0.671417 -0.74108 0
    outer loop
      vertex -6.76569 9.86568 0
      vertex -6.7075 9.9184 2
      vertex -6.76569 9.86568 2
    endloop
  endfacet
  facet normal 0.671417 -0.74108 0
    outer loop
      vertex -6.7075 9.9184 2
      vertex -6.76569 9.86568 0
      vertex -6.7075 9.9184 0
    endloop
  endfacet
  facet normal -1 0 0
    outer loop
      vertex -5 -9.29999 0
      vertex -5 9.29999 2
      vertex -5 9.29999 0
    endloop
  endfacet
  facet normal -1 -0 0
    outer loop
      vertex -5 9.29999 2
      vertex -5 -9.29999 0
      vertex -5 -9.29999 2
    endloop
  endfacet
  facet normal 0.513952 -0.857819 0
    outer loop
      vertex -6.64445 9.96516 0
      vertex -6.57712 10.0055 2
      vertex -6.64445 9.96516 2
    endloop
  endfacet
  facet normal 0.513952 -0.857819 0
    outer loop
      vertex -6.57712 10.0055 2
      vertex -6.64445 9.96516 0
      vertex -6.57712 10.0055 0
    endloop
  endfacet
  facet normal 0.671417 0.74108 -0
    outer loop
      vertex -6.7075 -9.9184 0
      vertex -6.76569 -9.86568 2
      vertex -6.7075 -9.9184 2
    endloop
  endfacet
  facet normal 0.671417 0.74108 0
    outer loop
      vertex -6.76569 -9.86568 2
      vertex -6.7075 -9.9184 0
      vertex -6.76569 -9.86568 0
    endloop
  endfacet
  facet normal -0.243255 0.969962 0
    outer loop
      vertex -5.56778 -10.0655 0
      vertex -5.64394 -10.0846 2
      vertex -5.56778 -10.0655 2
    endloop
  endfacet
  facet normal -0.243255 0.969962 0
    outer loop
      vertex -5.64394 -10.0846 2
      vertex -5.56778 -10.0655 0
      vertex -5.64394 -10.0846 0
    endloop
  endfacet
  facet normal 0.99879 -0.0491689 0
    outer loop
      vertex -7 9.29999 2
      vertex -6.99614 9.3784 0
      vertex -6.99614 9.3784 2
    endloop
  endfacet
  facet normal 0.99879 -0.0491689 0
    outer loop
      vertex -6.99614 9.3784 0
      vertex -7 9.29999 2
      vertex -7 9.29999 0
    endloop
  endfacet
  facet normal -0.803214 0.595691 0
    outer loop
      vertex -5.18159 -9.8075 0
      vertex -5.13483 -9.74445 2
      vertex -5.13483 -9.74445 0
    endloop
  endfacet
  facet normal -0.803214 0.595691 0
    outer loop
      vertex -5.13483 -9.74445 2
      vertex -5.18159 -9.8075 0
      vertex -5.18159 -9.8075 2
    endloop
  endfacet
  facet normal -0.427906 -0.903823 0
    outer loop
      vertex -5.49385 10.0391 0
      vertex -5.42288 10.0055 2
      vertex -5.49385 10.0391 2
    endloop
  endfacet
  facet normal -0.427906 -0.903823 -0
    outer loop
      vertex -5.42288 10.0055 2
      vertex -5.49385 10.0391 0
      vertex -5.42288 10.0055 0
    endloop
  endfacet
  facet normal 0.513952 0.857819 -0
    outer loop
      vertex -6.57712 -10.0055 0
      vertex -6.64445 -9.96516 2
      vertex -6.57712 -10.0055 2
    endloop
  endfacet
  facet normal 0.513952 0.857819 0
    outer loop
      vertex -6.64445 -9.96516 2
      vertex -6.57712 -10.0055 0
      vertex -6.64445 -9.96516 0
    endloop
  endfacet
  facet normal -0.99879 0.0491689 0
    outer loop
      vertex -5.00386 -9.3784 0
      vertex -5 -9.29999 2
      vertex -5 -9.29999 0
    endloop
  endfacet
  facet normal -0.99879 0.0491689 0
    outer loop
      vertex -5 -9.29999 2
      vertex -5.00386 -9.3784 0
      vertex -5.00386 -9.3784 2
    endloop
  endfacet
  facet normal 0.243255 -0.969962 0
    outer loop
      vertex -6.43222 10.0655 0
      vertex -6.35606 10.0846 2
      vertex -6.43222 10.0655 2
    endloop
  endfacet
  facet normal 0.243255 -0.969962 0
    outer loop
      vertex -6.35606 10.0846 2
      vertex -6.43222 10.0655 0
      vertex -6.35606 10.0846 0
    endloop
  endfacet
  facet normal 0.85774 0.514084 0
    outer loop
      vertex -6.86517 -9.74445 2
      vertex -6.90553 -9.67711 0
      vertex -6.90553 -9.67711 2
    endloop
  endfacet
  facet normal 0.85774 0.514084 0
    outer loop
      vertex -6.90553 -9.67711 0
      vertex -6.86517 -9.74445 2
      vertex -6.86517 -9.74445 0
    endloop
  endfacet
  facet normal 0.243255 0.969962 -0
    outer loop
      vertex -6.35606 -10.0846 0
      vertex -6.43222 -10.0655 2
      vertex -6.35606 -10.0846 2
    endloop
  endfacet
  facet normal 0.243255 0.969962 0
    outer loop
      vertex -6.43222 -10.0655 2
      vertex -6.35606 -10.0846 0
      vertex -6.43222 -10.0655 0
    endloop
  endfacet
  facet normal 0.803214 -0.595691 0
    outer loop
      vertex -6.86517 9.74445 2
      vertex -6.81841 9.8075 0
      vertex -6.81841 9.8075 2
    endloop
  endfacet
  facet normal 0.803214 -0.595691 0
    outer loop
      vertex -6.81841 9.8075 0
      vertex -6.86517 9.74445 2
      vertex -6.86517 9.74445 0
    endloop
  endfacet
  facet normal 0.989173 -0.146752 0
    outer loop
      vertex -6.99614 9.3784 2
      vertex -6.98462 9.45605 0
      vertex -6.98462 9.45605 2
    endloop
  endfacet
  facet normal 0.989173 -0.146752 0
    outer loop
      vertex -6.98462 9.45605 0
      vertex -6.99614 9.3784 2
      vertex -6.99614 9.3784 0
    endloop
  endfacet
  facet normal -0.243255 -0.969962 0
    outer loop
      vertex -5.64394 10.0846 0
      vertex -5.56778 10.0655 2
      vertex -5.64394 10.0846 2
    endloop
  endfacet
  facet normal -0.243255 -0.969962 -0
    outer loop
      vertex -5.56778 10.0655 2
      vertex -5.64394 10.0846 0
      vertex -5.56778 10.0655 0
    endloop
  endfacet
  facet normal -0.741023 -0.67148 0
    outer loop
      vertex -5.18159 9.8075 0
      vertex -5.23431 9.86568 2
      vertex -5.23431 9.86568 0
    endloop
  endfacet
  facet normal -0.741023 -0.67148 0
    outer loop
      vertex -5.23431 9.86568 2
      vertex -5.18159 9.8075 0
      vertex -5.18159 9.8075 2
    endloop
  endfacet
  facet normal 0.0496771 -0.998765 0
    outer loop
      vertex -6.27841 10.0961 0
      vertex -6.2 10.1 2
      vertex -6.27841 10.0961 2
    endloop
  endfacet
  facet normal 0.0496771 -0.998765 0
    outer loop
      vertex -6.2 10.1 2
      vertex -6.27841 10.0961 0
      vertex -6.2 10.1 0
    endloop
  endfacet
  facet normal -0.941554 0.336861 0
    outer loop
      vertex -5.0609 -9.60614 0
      vertex -5.03445 -9.53221 2
      vertex -5.03445 -9.53221 0
    endloop
  endfacet
  facet normal -0.941554 0.336861 0
    outer loop
      vertex -5.03445 -9.53221 2
      vertex -5.0609 -9.60614 0
      vertex -5.0609 -9.60614 2
    endloop
  endfacet
  facet normal 0.595691 0.803214 -0
    outer loop
      vertex -6.64445 -9.96516 0
      vertex -6.7075 -9.9184 2
      vertex -6.64445 -9.96516 2
    endloop
  endfacet
  facet normal 0.595691 0.803214 0
    outer loop
      vertex -6.7075 -9.9184 2
      vertex -6.64445 -9.96516 0
      vertex -6.7075 -9.9184 0
    endloop
  endfacet
  facet normal -0.903971 0.427594 0
    outer loop
      vertex -5.09447 -9.67711 0
      vertex -5.0609 -9.60614 2
      vertex -5.0609 -9.60614 0
    endloop
  endfacet
  facet normal -0.903971 0.427594 0
    outer loop
      vertex -5.0609 -9.60614 2
      vertex -5.09447 -9.67711 0
      vertex -5.09447 -9.67711 2
    endloop
  endfacet
  facet normal -0.941554 -0.336861 0
    outer loop
      vertex -5.03445 9.53221 0
      vertex -5.0609 9.60614 2
      vertex -5.0609 9.60614 0
    endloop
  endfacet
  facet normal -0.941554 -0.336861 0
    outer loop
      vertex -5.0609 9.60614 2
      vertex -5.03445 9.53221 0
      vertex -5.03445 9.53221 2
    endloop
  endfacet
  facet normal 0.941554 -0.336861 0
    outer loop
      vertex -6.96555 9.53221 2
      vertex -6.9391 9.60614 0
      vertex -6.9391 9.60614 2
    endloop
  endfacet
  facet normal 0.941554 -0.336861 0
    outer loop
      vertex -6.9391 9.60614 0
      vertex -6.96555 9.53221 2
      vertex -6.96555 9.53221 0
    endloop
  endfacet
  facet normal 0.989173 0.146752 0
    outer loop
      vertex -6.98462 -9.45605 2
      vertex -6.99614 -9.3784 0
      vertex -6.99614 -9.3784 2
    endloop
  endfacet
  facet normal 0.989173 0.146752 0
    outer loop
      vertex -6.99614 -9.3784 0
      vertex -6.98462 -9.45605 2
      vertex -6.98462 -9.45605 0
    endloop
  endfacet
  facet normal 0.970053 0.242895 0
    outer loop
      vertex -6.96555 -9.53221 2
      vertex -6.98462 -9.45605 0
      vertex -6.98462 -9.45605 2
    endloop
  endfacet
  facet normal 0.970053 0.242895 0
    outer loop
      vertex -6.98462 -9.45605 0
      vertex -6.96555 -9.53221 2
      vertex -6.96555 -9.53221 0
    endloop
  endfacet
  facet normal 0.595691 -0.803214 0
    outer loop
      vertex -6.7075 9.9184 0
      vertex -6.64445 9.96516 2
      vertex -6.7075 9.9184 2
    endloop
  endfacet
  facet normal 0.595691 -0.803214 0
    outer loop
      vertex -6.64445 9.96516 2
      vertex -6.7075 9.9184 0
      vertex -6.64445 9.96516 0
    endloop
  endfacet
  facet normal -0.671417 0.74108 0
    outer loop
      vertex -5.23431 -9.86568 0
      vertex -5.2925 -9.9184 2
      vertex -5.23431 -9.86568 2
    endloop
  endfacet
  facet normal -0.671417 0.74108 0
    outer loop
      vertex -5.2925 -9.9184 2
      vertex -5.23431 -9.86568 0
      vertex -5.2925 -9.9184 0
    endloop
  endfacet
  facet normal 0.741023 0.67148 0
    outer loop
      vertex -6.76569 -9.86568 2
      vertex -6.81841 -9.8075 0
      vertex -6.81841 -9.8075 2
    endloop
  endfacet
  facet normal 0.741023 0.67148 0
    outer loop
      vertex -6.81841 -9.8075 0
      vertex -6.76569 -9.86568 2
      vertex -6.76569 -9.86568 0
    endloop
  endfacet
  facet normal 0 1 -0
    outer loop
      vertex -5.8 -10.1 0
      vertex -6.2 -10.1 2
      vertex -5.8 -10.1 2
    endloop
  endfacet
  facet normal 0 1 0
    outer loop
      vertex -6.2 -10.1 2
      vertex -5.8 -10.1 0
      vertex -6.2 -10.1 0
    endloop
  endfacet
  facet normal -0.336296 -0.941756 0
    outer loop
      vertex -5.56778 10.0655 0
      vertex -5.49385 10.0391 2
      vertex -5.56778 10.0655 2
    endloop
  endfacet
  facet normal -0.336296 -0.941756 -0
    outer loop
      vertex -5.49385 10.0391 2
      vertex -5.56778 10.0655 0
      vertex -5.49385 10.0391 0
    endloop
  endfacet
  facet normal 0.146502 -0.98921 0
    outer loop
      vertex -6.35606 10.0846 0
      vertex -6.27841 10.0961 2
      vertex -6.35606 10.0846 2
    endloop
  endfacet
  facet normal 0.146502 -0.98921 0
    outer loop
      vertex -6.27841 10.0961 2
      vertex -6.35606 10.0846 0
      vertex -6.27841 10.0961 0
    endloop
  endfacet
  facet normal -0.989173 0.146752 0
    outer loop
      vertex -5.01538 -9.45605 0
      vertex -5.00386 -9.3784 2
      vertex -5.00386 -9.3784 0
    endloop
  endfacet
  facet normal -0.989173 0.146752 0
    outer loop
      vertex -5.00386 -9.3784 2
      vertex -5.01538 -9.45605 0
      vertex -5.01538 -9.45605 2
    endloop
  endfacet
  facet normal 0.146502 0.98921 -0
    outer loop
      vertex -6.27841 -10.0961 0
      vertex -6.35606 -10.0846 2
      vertex -6.27841 -10.0961 2
    endloop
  endfacet
  facet normal 0.146502 0.98921 0
    outer loop
      vertex -6.35606 -10.0846 2
      vertex -6.27841 -10.0961 0
      vertex -6.35606 -10.0846 0
    endloop
  endfacet
  facet normal 0.85774 -0.514084 0
    outer loop
      vertex -6.90553 9.67711 2
      vertex -6.86517 9.74445 0
      vertex -6.86517 9.74445 2
    endloop
  endfacet
  facet normal 0.85774 -0.514084 0
    outer loop
      vertex -6.86517 9.74445 0
      vertex -6.90553 9.67711 2
      vertex -6.90553 9.67711 0
    endloop
  endfacet
  facet normal 0.970053 -0.242895 0
    outer loop
      vertex -6.98462 9.45605 2
      vertex -6.96555 9.53221 0
      vertex -6.96555 9.53221 2
    endloop
  endfacet
  facet normal 0.970053 -0.242895 0
    outer loop
      vertex -6.96555 9.53221 0
      vertex -6.98462 9.45605 2
      vertex -6.98462 9.45605 0
    endloop
  endfacet
  facet normal 0.903971 -0.427594 0
    outer loop
      vertex -6.9391 9.60614 2
      vertex -6.90553 9.67711 0
      vertex -6.90553 9.67711 2
    endloop
  endfacet
  facet normal 0.903971 -0.427594 0
    outer loop
      vertex -6.90553 9.67711 0
      vertex -6.9391 9.60614 2
      vertex -6.9391 9.60614 0
    endloop
  endfacet
  facet normal 0.903971 0.427594 0
    outer loop
      vertex -6.90553 -9.67711 2
      vertex -6.9391 -9.60614 0
      vertex -6.9391 -9.60614 2
    endloop
  endfacet
  facet normal 0.903971 0.427594 0
    outer loop
      vertex -6.9391 -9.60614 0
      vertex -6.90553 -9.67711 2
      vertex -6.90553 -9.67711 0
    endloop
  endfacet
  facet normal 0.99879 0.0491689 0
    outer loop
      vertex -6.99614 -9.3784 2
      vertex -7 -9.29999 0
      vertex -7 -9.29999 2
    endloop
  endfacet
  facet normal 0.99879 0.0491689 0
    outer loop
      vertex -7 -9.29999 0
      vertex -6.99614 -9.3784 2
      vertex -6.99614 -9.3784 0
    endloop
  endfacet
  facet normal -0.146502 -0.98921 0
    outer loop
      vertex -5.72159 10.0961 0
      vertex -5.64394 10.0846 2
      vertex -5.72159 10.0961 2
    endloop
  endfacet
  facet normal -0.146502 -0.98921 -0
    outer loop
      vertex -5.64394 10.0846 2
      vertex -5.72159 10.0961 0
      vertex -5.64394 10.0846 0
    endloop
  endfacet
  facet normal 0.427906 0.903823 -0
    outer loop
      vertex -6.50615 -10.0391 0
      vertex -6.57712 -10.0055 2
      vertex -6.50615 -10.0391 2
    endloop
  endfacet
  facet normal 0.427906 0.903823 0
    outer loop
      vertex -6.57712 -10.0055 2
      vertex -6.50615 -10.0391 0
      vertex -6.57712 -10.0055 0
    endloop
  endfacet
  facet normal 0.336296 0.941756 -0
    outer loop
      vertex -6.43222 -10.0655 0
      vertex -6.50615 -10.0391 2
      vertex -6.43222 -10.0655 2
    endloop
  endfacet
  facet normal 0.336296 0.941756 0
    outer loop
      vertex -6.50615 -10.0391 2
      vertex -6.43222 -10.0655 0
      vertex -6.50615 -10.0391 0
    endloop
  endfacet
  facet normal 0.803214 0.595691 0
    outer loop
      vertex -6.81841 -9.8075 2
      vertex -6.86517 -9.74445 0
      vertex -6.86517 -9.74445 2
    endloop
  endfacet
  facet normal 0.803214 0.595691 0
    outer loop
      vertex -6.86517 -9.74445 0
      vertex -6.81841 -9.8075 2
      vertex -6.81841 -9.8075 0
    endloop
  endfacet
  facet normal -0.513952 0.857819 0
    outer loop
      vertex -5.35555 -9.96516 0
      vertex -5.42288 -10.0055 2
      vertex -5.35555 -9.96516 2
    endloop
  endfacet
  facet normal -0.513952 0.857819 0
    outer loop
      vertex -5.42288 -10.0055 2
      vertex -5.35555 -9.96516 0
      vertex -5.42288 -10.0055 0
    endloop
  endfacet
  facet normal -0.85774 -0.514084 0
    outer loop
      vertex -5.09447 9.67711 0
      vertex -5.13483 9.74445 2
      vertex -5.13483 9.74445 0
    endloop
  endfacet
  facet normal -0.85774 -0.514084 0
    outer loop
      vertex -5.13483 9.74445 2
      vertex -5.09447 9.67711 0
      vertex -5.09447 9.67711 2
    endloop
  endfacet
  facet normal -0.85774 0.514084 0
    outer loop
      vertex -5.13483 -9.74445 0
      vertex -5.09447 -9.67711 2
      vertex -5.09447 -9.67711 0
    endloop
  endfacet
  facet normal -0.85774 0.514084 0
    outer loop
      vertex -5.09447 -9.67711 2
      vertex -5.13483 -9.74445 0
      vertex -5.13483 -9.74445 2
    endloop
  endfacet
  facet normal 0.741023 -0.67148 0
    outer loop
      vertex -6.81841 9.8075 2
      vertex -6.76569 9.86568 0
      vertex -6.76569 9.86568 2
    endloop
  endfacet
  facet normal 0.741023 -0.67148 0
    outer loop
      vertex -6.76569 9.86568 0
      vertex -6.81841 9.8075 2
      vertex -6.81841 9.8075 0
    endloop
  endfacet
  facet normal -0.970053 -0.242895 0
    outer loop
      vertex -5.01538 9.45605 0
      vertex -5.03445 9.53221 2
      vertex -5.03445 9.53221 0
    endloop
  endfacet
  facet normal -0.970053 -0.242895 0
    outer loop
      vertex -5.03445 9.53221 2
      vertex -5.01538 9.45605 0
      vertex -5.01538 9.45605 2
    endloop
  endfacet
  facet normal -0.970053 0.242895 0
    outer loop
      vertex -5.03445 -9.53221 0
      vertex -5.01538 -9.45605 2
      vertex -5.01538 -9.45605 0
    endloop
  endfacet
  facet normal -0.970053 0.242895 0
    outer loop
      vertex -5.01538 -9.45605 2
      vertex -5.03445 -9.53221 0
      vertex -5.03445 -9.53221 2
    endloop
  endfacet
  facet normal -0.595691 0.803214 0
    outer loop
      vertex -5.2925 -9.9184 0
      vertex -5.35555 -9.96516 2
      vertex -5.2925 -9.9184 2
    endloop
  endfacet
  facet normal -0.595691 0.803214 0
    outer loop
      vertex -5.35555 -9.96516 2
      vertex -5.2925 -9.9184 0
      vertex -5.35555 -9.96516 0
    endloop
  endfacet
  facet normal -0.989173 -0.146752 0
    outer loop
      vertex -5.00386 9.3784 0
      vertex -5.01538 9.45605 2
      vertex -5.01538 9.45605 0
    endloop
  endfacet
  facet normal -0.989173 -0.146752 0
    outer loop
      vertex -5.01538 9.45605 2
      vertex -5.00386 9.3784 0
      vertex -5.00386 9.3784 2
    endloop
  endfacet
  facet normal 0.0496771 0.998765 -0
    outer loop
      vertex -6.2 -10.1 0
      vertex -6.27841 -10.0961 2
      vertex -6.2 -10.1 2
    endloop
  endfacet
  facet normal 0.0496771 0.998765 0
    outer loop
      vertex -6.27841 -10.0961 2
      vertex -6.2 -10.1 0
      vertex -6.27841 -10.0961 0
    endloop
  endfacet
  facet normal -0.146502 0.98921 0
    outer loop
      vertex -5.64394 -10.0846 0
      vertex -5.72159 -10.0961 2
      vertex -5.64394 -10.0846 2
    endloop
  endfacet
  facet normal -0.146502 0.98921 0
    outer loop
      vertex -5.72159 -10.0961 2
      vertex -5.64394 -10.0846 0
      vertex -5.72159 -10.0961 0
    endloop
  endfacet
  facet normal -0.903971 -0.427594 0
    outer loop
      vertex -5.0609 9.60614 0
      vertex -5.09447 9.67711 2
      vertex -5.09447 9.67711 0
    endloop
  endfacet
  facet normal -0.903971 -0.427594 0
    outer loop
      vertex -5.09447 9.67711 2
      vertex -5.0609 9.60614 0
      vertex -5.0609 9.60614 2
    endloop
  endfacet
  facet normal -0.741023 0.67148 0
    outer loop
      vertex -5.23431 -9.86568 0
      vertex -5.18159 -9.8075 2
      vertex -5.18159 -9.8075 0
    endloop
  endfacet
  facet normal -0.741023 0.67148 0
    outer loop
      vertex -5.18159 -9.8075 2
      vertex -5.23431 -9.86568 0
      vertex -5.23431 -9.86568 2
    endloop
  endfacet
  facet normal -0.336296 0.941756 0
    outer loop
      vertex -5.49385 -10.0391 0
      vertex -5.56778 -10.0655 2
      vertex -5.49385 -10.0391 2
    endloop
  endfacet
  facet normal -0.336296 0.941756 0
    outer loop
      vertex -5.56778 -10.0655 2
      vertex -5.49385 -10.0391 0
      vertex -5.56778 -10.0655 0
    endloop
  endfacet
  facet normal -0.99879 -0.0491689 0
    outer loop
      vertex -5 9.29999 0
      vertex -5.00386 9.3784 2
      vertex -5.00386 9.3784 0
    endloop
  endfacet
  facet normal -0.99879 -0.0491689 0
    outer loop
      vertex -5.00386 9.3784 2
      vertex -5 9.29999 0
      vertex -5 9.29999 2
    endloop
  endfacet
  facet normal -0.0496771 0.998765 0
    outer loop
      vertex -5.72159 -10.0961 0
      vertex -5.8 -10.1 2
      vertex -5.72159 -10.0961 2
    endloop
  endfacet
  facet normal -0.0496771 0.998765 0
    outer loop
      vertex -5.8 -10.1 2
      vertex -5.72159 -10.0961 0
      vertex -5.8 -10.1 0
    endloop
  endfacet
  facet normal -0.427906 0.903823 0
    outer loop
      vertex -5.42288 -10.0055 0
      vertex -5.49385 -10.0391 2
      vertex -5.42288 -10.0055 2
    endloop
  endfacet
  facet normal -0.427906 0.903823 0
    outer loop
      vertex -5.49385 -10.0391 2
      vertex -5.42288 -10.0055 0
      vertex -5.49385 -10.0391 0
    endloop
  endfacet
  facet normal -0.803214 -0.595691 0
    outer loop
      vertex -5.13483 9.74445 0
      vertex -5.18159 9.8075 2
      vertex -5.18159 9.8075 0
    endloop
  endfacet
  facet normal -0.803214 -0.595691 0
    outer loop
      vertex -5.18159 9.8075 2
      vertex -5.13483 9.74445 0
      vertex -5.13483 9.74445 2
    endloop
  endfacet
  facet normal -0.671417 -0.74108 0
    outer loop
      vertex -5.2925 9.9184 0
      vertex -5.23431 9.86568 2
      vertex -5.2925 9.9184 2
    endloop
  endfacet
  facet normal -0.671417 -0.74108 -0
    outer loop
      vertex -5.23431 9.86568 2
      vertex -5.2925 9.9184 0
      vertex -5.23431 9.86568 0
    endloop
  endfacet
  facet normal -0.595691 -0.803214 0
    outer loop
      vertex 1.64445 9.96516 0
      vertex 1.7075 9.9184 2
      vertex 1.64445 9.96516 2
    endloop
  endfacet
  facet normal -0.595691 -0.803214 -0
    outer loop
      vertex 1.7075 9.9184 2
      vertex 1.64445 9.96516 0
      vertex 1.7075 9.9184 0
    endloop
  endfacet
  facet normal -0.941554 0.336861 0
    outer loop
      vertex 1.9391 -9.60614 0
      vertex 1.96555 -9.53221 2
      vertex 1.96555 -9.53221 0
    endloop
  endfacet
  facet normal -0.941554 0.336861 0
    outer loop
      vertex 1.96555 -9.53221 2
      vertex 1.9391 -9.60614 0
      vertex 1.9391 -9.60614 2
    endloop
  endfacet
  facet normal -0.0496771 0.998765 0
    outer loop
      vertex 1.27841 -10.0961 0
      vertex 1.2 -10.1 2
      vertex 1.27841 -10.0961 2
    endloop
  endfacet
  facet normal -0.0496771 0.998765 0
    outer loop
      vertex 1.2 -10.1 2
      vertex 1.27841 -10.0961 0
      vertex 1.2 -10.1 0
    endloop
  endfacet
  facet normal 0.989173 -0.146757 0
    outer loop
      vertex 0.00386047 9.3784 2
      vertex 0.0153809 9.45605 0
      vertex 0.0153809 9.45605 2
    endloop
  endfacet
  facet normal 0.989173 -0.146757 0
    outer loop
      vertex 0.0153809 9.45605 0
      vertex 0.00386047 9.3784 2
      vertex 0.00386047 9.3784 0
    endloop
  endfacet
  facet normal -0.513952 -0.857819 0
    outer loop
      vertex 1.57712 10.0055 0
      vertex 1.64445 9.96516 2
      vertex 1.57712 10.0055 2
    endloop
  endfacet
  facet normal -0.513952 -0.857819 -0
    outer loop
      vertex 1.64445 9.96516 2
      vertex 1.57712 10.0055 0
      vertex 1.64445 9.96516 0
    endloop
  endfacet
  facet normal 0.3363 0.941755 -0
    outer loop
      vertex 0.56778 -10.0655 0
      vertex 0.493851 -10.0391 2
      vertex 0.56778 -10.0655 2
    endloop
  endfacet
  facet normal 0.3363 0.941755 0
    outer loop
      vertex 0.493851 -10.0391 2
      vertex 0.56778 -10.0655 0
      vertex 0.493851 -10.0391 0
    endloop
  endfacet
  facet normal 0.671467 -0.741034 0
    outer loop
      vertex 0.234314 9.86568 0
      vertex 0.292496 9.9184 2
      vertex 0.234314 9.86568 2
    endloop
  endfacet
  facet normal 0.671467 -0.741034 0
    outer loop
      vertex 0.292496 9.9184 2
      vertex 0.234314 9.86568 0
      vertex 0.292496 9.9184 0
    endloop
  endfacet
  facet normal 0.427911 -0.903821 0
    outer loop
      vertex 0.422882 10.0055 0
      vertex 0.493851 10.0391 2
      vertex 0.422882 10.0055 2
    endloop
  endfacet
  facet normal 0.427911 -0.903821 0
    outer loop
      vertex 0.493851 10.0391 2
      vertex 0.422882 10.0055 0
      vertex 0.493851 10.0391 0
    endloop
  endfacet
  facet normal 0.99879 -0.0491748 0
    outer loop
      vertex 0 9.29999 2
      vertex 0.00386047 9.3784 0
      vertex 0.00386047 9.3784 2
    endloop
  endfacet
  facet normal 0.99879 -0.0491748 0
    outer loop
      vertex 0.00386047 9.3784 0
      vertex 0 9.29999 2
      vertex 0 9.29999 0
    endloop
  endfacet
  facet normal 1 -0 0
    outer loop
      vertex 0 -9.29999 2
      vertex 0 9.29999 0
      vertex 0 9.29999 2
    endloop
  endfacet
  facet normal 1 0 0
    outer loop
      vertex 0 9.29999 0
      vertex 0 -9.29999 2
      vertex 0 -9.29999 0
    endloop
  endfacet
  facet normal 0.595697 -0.80321 0
    outer loop
      vertex 0.292496 9.9184 0
      vertex 0.355545 9.96516 2
      vertex 0.292496 9.9184 2
    endloop
  endfacet
  facet normal 0.595697 -0.80321 0
    outer loop
      vertex 0.355545 9.96516 2
      vertex 0.292496 9.9184 0
      vertex 0.355545 9.96516 0
    endloop
  endfacet
  facet normal 0.671467 0.741034 -0
    outer loop
      vertex 0.292496 -9.9184 0
      vertex 0.234314 -9.86568 2
      vertex 0.292496 -9.9184 2
    endloop
  endfacet
  facet normal 0.671467 0.741034 0
    outer loop
      vertex 0.234314 -9.86568 2
      vertex 0.292496 -9.9184 0
      vertex 0.234314 -9.86568 0
    endloop
  endfacet
  facet normal -0.427906 -0.903823 0
    outer loop
      vertex 1.50615 10.0391 0
      vertex 1.57712 10.0055 2
      vertex 1.50615 10.0391 2
    endloop
  endfacet
  facet normal -0.427906 -0.903823 -0
    outer loop
      vertex 1.57712 10.0055 2
      vertex 1.50615 10.0391 0
      vertex 1.57712 10.0055 0
    endloop
  endfacet
  facet normal -0.85774 -0.514084 0
    outer loop
      vertex 1.90553 9.67711 0
      vertex 1.86517 9.74445 2
      vertex 1.86517 9.74445 0
    endloop
  endfacet
  facet normal -0.85774 -0.514084 0
    outer loop
      vertex 1.86517 9.74445 2
      vertex 1.90553 9.67711 0
      vertex 1.90553 9.67711 2
    endloop
  endfacet
  facet normal 0.803165 0.595756 0
    outer loop
      vertex 0.181595 -9.8075 2
      vertex 0.134827 -9.74445 0
      vertex 0.134827 -9.74445 2
    endloop
  endfacet
  facet normal 0.803165 0.595756 0
    outer loop
      vertex 0.134827 -9.74445 0
      vertex 0.181595 -9.8075 2
      vertex 0.181595 -9.8075 0
    endloop
  endfacet
  facet normal -0.989173 -0.146752 0
    outer loop
      vertex 1.99614 9.3784 0
      vertex 1.98462 9.45605 2
      vertex 1.98462 9.45605 0
    endloop
  endfacet
  facet normal -0.989173 -0.146752 0
    outer loop
      vertex 1.98462 9.45605 2
      vertex 1.99614 9.3784 0
      vertex 1.99614 9.3784 2
    endloop
  endfacet
  facet normal -0.989173 0.146752 0
    outer loop
      vertex 1.98462 -9.45605 0
      vertex 1.99614 -9.3784 2
      vertex 1.99614 -9.3784 0
    endloop
  endfacet
  facet normal -0.989173 0.146752 0
    outer loop
      vertex 1.99614 -9.3784 2
      vertex 1.98462 -9.45605 0
      vertex 1.98462 -9.45605 2
    endloop
  endfacet
  facet normal 0.99879 0.0491748 0
    outer loop
      vertex 0.00386047 -9.3784 2
      vertex 0 -9.29999 0
      vertex 0 -9.29999 2
    endloop
  endfacet
  facet normal 0.99879 0.0491748 0
    outer loop
      vertex 0 -9.29999 0
      vertex 0.00386047 -9.3784 2
      vertex 0.00386047 -9.3784 0
    endloop
  endfacet
  facet normal 0.427911 0.903821 -0
    outer loop
      vertex 0.493851 -10.0391 0
      vertex 0.422882 -10.0055 2
      vertex 0.493851 -10.0391 2
    endloop
  endfacet
  facet normal 0.427911 0.903821 0
    outer loop
      vertex 0.422882 -10.0055 2
      vertex 0.493851 -10.0391 0
      vertex 0.422882 -10.0055 0
    endloop
  endfacet
  facet normal -0.970053 0.242895 0
    outer loop
      vertex 1.96555 -9.53221 0
      vertex 1.98462 -9.45605 2
      vertex 1.98462 -9.45605 0
    endloop
  endfacet
  facet normal -0.970053 0.242895 0
    outer loop
      vertex 1.98462 -9.45605 2
      vertex 1.96555 -9.53221 0
      vertex 1.96555 -9.53221 2
    endloop
  endfacet
  facet normal -0.99879 0.0491689 0
    outer loop
      vertex 1.99614 -9.3784 0
      vertex 2 -9.29999 2
      vertex 2 -9.29999 0
    endloop
  endfacet
  facet normal -0.99879 0.0491689 0
    outer loop
      vertex 2 -9.29999 2
      vertex 1.99614 -9.3784 0
      vertex 1.99614 -9.3784 2
    endloop
  endfacet
  facet normal -0.0496771 -0.998765 0
    outer loop
      vertex 1.2 10.1 0
      vertex 1.27841 10.0961 2
      vertex 1.2 10.1 2
    endloop
  endfacet
  facet normal -0.0496771 -0.998765 -0
    outer loop
      vertex 1.27841 10.0961 2
      vertex 1.2 10.1 0
      vertex 1.27841 10.0961 0
    endloop
  endfacet
  facet normal -0.243255 -0.969962 0
    outer loop
      vertex 1.35606 10.0846 0
      vertex 1.43222 10.0655 2
      vertex 1.35606 10.0846 2
    endloop
  endfacet
  facet normal -0.243255 -0.969962 -0
    outer loop
      vertex 1.43222 10.0655 2
      vertex 1.35606 10.0846 0
      vertex 1.43222 10.0655 0
    endloop
  endfacet
  facet normal -1 0 0
    outer loop
      vertex 2 -9.29999 0
      vertex 2 9.29999 2
      vertex 2 9.29999 0
    endloop
  endfacet
  facet normal -1 -0 0
    outer loop
      vertex 2 9.29999 2
      vertex 2 -9.29999 0
      vertex 2 -9.29999 2
    endloop
  endfacet
  facet normal 0.741029 -0.671473 0
    outer loop
      vertex 0.181595 9.8075 2
      vertex 0.234314 9.86568 0
      vertex 0.234314 9.86568 2
    endloop
  endfacet
  facet normal 0.741029 -0.671473 0
    outer loop
      vertex 0.234314 9.86568 0
      vertex 0.181595 9.8075 2
      vertex 0.181595 9.8075 0
    endloop
  endfacet
  facet normal 0.857741 -0.514082 0
    outer loop
      vertex 0.0944672 9.67711 2
      vertex 0.134827 9.74445 0
      vertex 0.134827 9.74445 2
    endloop
  endfacet
  facet normal 0.857741 -0.514082 0
    outer loop
      vertex 0.134827 9.74445 0
      vertex 0.0944672 9.67711 2
      vertex 0.0944672 9.67711 0
    endloop
  endfacet
  facet normal -0.903971 0.427594 0
    outer loop
      vertex 1.90553 -9.67711 0
      vertex 1.9391 -9.60614 2
      vertex 1.9391 -9.60614 0
    endloop
  endfacet
  facet normal -0.903971 0.427594 0
    outer loop
      vertex 1.9391 -9.60614 2
      vertex 1.90553 -9.67711 0
      vertex 1.90553 -9.67711 2
    endloop
  endfacet
  facet normal -0.243255 0.969962 0
    outer loop
      vertex 1.43222 -10.0655 0
      vertex 1.35606 -10.0846 2
      vertex 1.43222 -10.0655 2
    endloop
  endfacet
  facet normal -0.243255 0.969962 0
    outer loop
      vertex 1.35606 -10.0846 2
      vertex 1.43222 -10.0655 0
      vertex 1.35606 -10.0846 0
    endloop
  endfacet
  facet normal 0.970042 0.242936 0
    outer loop
      vertex 0.0344543 -9.53221 2
      vertex 0.0153809 -9.45605 0
      vertex 0.0153809 -9.45605 2
    endloop
  endfacet
  facet normal 0.970042 0.242936 0
    outer loop
      vertex 0.0153809 -9.45605 0
      vertex 0.0344543 -9.53221 2
      vertex 0.0344543 -9.53221 0
    endloop
  endfacet
  facet normal 0.857741 0.514082 0
    outer loop
      vertex 0.134827 -9.74445 2
      vertex 0.0944672 -9.67711 0
      vertex 0.0944672 -9.67711 2
    endloop
  endfacet
  facet normal 0.857741 0.514082 0
    outer loop
      vertex 0.0944672 -9.67711 0
      vertex 0.134827 -9.74445 2
      vertex 0.134827 -9.74445 0
    endloop
  endfacet
  facet normal 0.941581 0.336787 0
    outer loop
      vertex 0.0608978 -9.60614 2
      vertex 0.0344543 -9.53221 0
      vertex 0.0344543 -9.53221 2
    endloop
  endfacet
  facet normal 0.941581 0.336787 0
    outer loop
      vertex 0.0344543 -9.53221 0
      vertex 0.0608978 -9.60614 2
      vertex 0.0608978 -9.60614 0
    endloop
  endfacet
  facet normal -0.513952 0.857819 0
    outer loop
      vertex 1.64445 -9.96516 0
      vertex 1.57712 -10.0055 2
      vertex 1.64445 -9.96516 2
    endloop
  endfacet
  facet normal -0.513952 0.857819 0
    outer loop
      vertex 1.57712 -10.0055 2
      vertex 1.64445 -9.96516 0
      vertex 1.57712 -10.0055 0
    endloop
  endfacet
  facet normal 0.989173 0.146757 0
    outer loop
      vertex 0.0153809 -9.45605 2
      vertex 0.00386047 -9.3784 0
      vertex 0.00386047 -9.3784 2
    endloop
  endfacet
  facet normal 0.989173 0.146757 0
    outer loop
      vertex 0.00386047 -9.3784 0
      vertex 0.0153809 -9.45605 2
      vertex 0.0153809 -9.45605 0
    endloop
  endfacet
  facet normal 0.941581 -0.336787 0
    outer loop
      vertex 0.0344543 9.53221 2
      vertex 0.0608978 9.60614 0
      vertex 0.0608978 9.60614 2
    endloop
  endfacet
  facet normal 0.941581 -0.336787 0
    outer loop
      vertex 0.0608978 9.60614 0
      vertex 0.0344543 9.53221 2
      vertex 0.0344543 9.53221 0
    endloop
  endfacet
  facet normal -0.803214 0.595691 0
    outer loop
      vertex 1.81841 -9.8075 0
      vertex 1.86517 -9.74445 2
      vertex 1.86517 -9.74445 0
    endloop
  endfacet
  facet normal -0.803214 0.595691 0
    outer loop
      vertex 1.86517 -9.74445 2
      vertex 1.81841 -9.8075 0
      vertex 1.81841 -9.8075 2
    endloop
  endfacet
  facet normal 0.903974 0.427587 0
    outer loop
      vertex 0.0944672 -9.67711 2
      vertex 0.0608978 -9.60614 0
      vertex 0.0608978 -9.60614 2
    endloop
  endfacet
  facet normal 0.903974 0.427587 0
    outer loop
      vertex 0.0608978 -9.60614 0
      vertex 0.0944672 -9.67711 2
      vertex 0.0944672 -9.67711 0
    endloop
  endfacet
  facet normal 0.3363 -0.941755 0
    outer loop
      vertex 0.493851 10.0391 0
      vertex 0.56778 10.0655 2
      vertex 0.493851 10.0391 2
    endloop
  endfacet
  facet normal 0.3363 -0.941755 0
    outer loop
      vertex 0.56778 10.0655 2
      vertex 0.493851 10.0391 0
      vertex 0.56778 10.0655 0
    endloop
  endfacet
  facet normal 0.513913 0.857842 -0
    outer loop
      vertex 0.422882 -10.0055 0
      vertex 0.355545 -9.96516 2
      vertex 0.422882 -10.0055 2
    endloop
  endfacet
  facet normal 0.513913 0.857842 0
    outer loop
      vertex 0.355545 -9.96516 2
      vertex 0.422882 -10.0055 0
      vertex 0.355545 -9.96516 0
    endloop
  endfacet
  facet normal -0.970053 -0.242895 0
    outer loop
      vertex 1.98462 9.45605 0
      vertex 1.96555 9.53221 2
      vertex 1.96555 9.53221 0
    endloop
  endfacet
  facet normal -0.970053 -0.242895 0
    outer loop
      vertex 1.96555 9.53221 2
      vertex 1.98462 9.45605 0
      vertex 1.98462 9.45605 2
    endloop
  endfacet
  facet normal 0.903974 -0.427587 0
    outer loop
      vertex 0.0608978 9.60614 2
      vertex 0.0944672 9.67711 0
      vertex 0.0944672 9.67711 2
    endloop
  endfacet
  facet normal 0.903974 -0.427587 0
    outer loop
      vertex 0.0944672 9.67711 0
      vertex 0.0608978 9.60614 2
      vertex 0.0608978 9.60614 0
    endloop
  endfacet
  facet normal 0.146499 -0.989211 0
    outer loop
      vertex 0.643936 10.0846 0
      vertex 0.721588 10.0961 2
      vertex 0.643936 10.0846 2
    endloop
  endfacet
  facet normal 0.146499 -0.989211 0
    outer loop
      vertex 0.721588 10.0961 2
      vertex 0.643936 10.0846 0
      vertex 0.721588 10.0961 0
    endloop
  endfacet
  facet normal 0.803165 -0.595756 0
    outer loop
      vertex 0.134827 9.74445 2
      vertex 0.181595 9.8075 0
      vertex 0.181595 9.8075 2
    endloop
  endfacet
  facet normal 0.803165 -0.595756 0
    outer loop
      vertex 0.181595 9.8075 0
      vertex 0.134827 9.74445 2
      vertex 0.134827 9.74445 0
    endloop
  endfacet
  facet normal 0.595697 0.80321 -0
    outer loop
      vertex 0.355545 -9.96516 0
      vertex 0.292496 -9.9184 2
      vertex 0.355545 -9.96516 2
    endloop
  endfacet
  facet normal 0.595697 0.80321 0
    outer loop
      vertex 0.292496 -9.9184 2
      vertex 0.355545 -9.96516 0
      vertex 0.292496 -9.9184 0
    endloop
  endfacet
  facet normal 0.970042 -0.242936 0
    outer loop
      vertex 0.0153809 9.45605 2
      vertex 0.0344543 9.53221 0
      vertex 0.0344543 9.53221 2
    endloop
  endfacet
  facet normal 0.970042 -0.242936 0
    outer loop
      vertex 0.0344543 9.53221 0
      vertex 0.0153809 9.45605 2
      vertex 0.0153809 9.45605 0
    endloop
  endfacet
  facet normal 0.243267 0.969959 -0
    outer loop
      vertex 0.643936 -10.0846 0
      vertex 0.56778 -10.0655 2
      vertex 0.643936 -10.0846 2
    endloop
  endfacet
  facet normal 0.243267 0.969959 0
    outer loop
      vertex 0.56778 -10.0655 2
      vertex 0.643936 -10.0846 0
      vertex 0.56778 -10.0655 0
    endloop
  endfacet
  facet normal 0.049674 -0.998765 0
    outer loop
      vertex 0.721588 10.0961 0
      vertex 0.800003 10.1 2
      vertex 0.721588 10.0961 2
    endloop
  endfacet
  facet normal 0.049674 -0.998765 0
    outer loop
      vertex 0.800003 10.1 2
      vertex 0.721588 10.0961 0
      vertex 0.800003 10.1 0
    endloop
  endfacet
  facet normal 0 -1 0
    outer loop
      vertex 0.800003 10.1 0
      vertex 1.2 10.1 2
      vertex 0.800003 10.1 2
    endloop
  endfacet
  facet normal 0 -1 -0
    outer loop
      vertex 1.2 10.1 2
      vertex 0.800003 10.1 0
      vertex 1.2 10.1 0
    endloop
  endfacet
  facet normal 0.243267 -0.969959 0
    outer loop
      vertex 0.56778 10.0655 0
      vertex 0.643936 10.0846 2
      vertex 0.56778 10.0655 2
    endloop
  endfacet
  facet normal 0.243267 -0.969959 0
    outer loop
      vertex 0.643936 10.0846 2
      vertex 0.56778 10.0655 0
      vertex 0.643936 10.0846 0
    endloop
  endfacet
  facet normal 0.146499 0.989211 -0
    outer loop
      vertex 0.721588 -10.0961 0
      vertex 0.643936 -10.0846 2
      vertex 0.721588 -10.0961 2
    endloop
  endfacet
  facet normal 0.146499 0.989211 0
    outer loop
      vertex 0.643936 -10.0846 2
      vertex 0.721588 -10.0961 0
      vertex 0.643936 -10.0846 0
    endloop
  endfacet
  facet normal -0.671417 -0.74108 0
    outer loop
      vertex 1.7075 9.9184 0
      vertex 1.76569 9.86568 2
      vertex 1.7075 9.9184 2
    endloop
  endfacet
  facet normal -0.671417 -0.74108 -0
    outer loop
      vertex 1.76569 9.86568 2
      vertex 1.7075 9.9184 0
      vertex 1.76569 9.86568 0
    endloop
  endfacet
  facet normal -0.336296 -0.941756 0
    outer loop
      vertex 1.43222 10.0655 0
      vertex 1.50615 10.0391 2
      vertex 1.43222 10.0655 2
    endloop
  endfacet
  facet normal -0.336296 -0.941756 -0
    outer loop
      vertex 1.50615 10.0391 2
      vertex 1.43222 10.0655 0
      vertex 1.50615 10.0391 0
    endloop
  endfacet
  facet normal -0.146502 -0.98921 0
    outer loop
      vertex 1.27841 10.0961 0
      vertex 1.35606 10.0846 2
      vertex 1.27841 10.0961 2
    endloop
  endfacet
  facet normal -0.146502 -0.98921 -0
    outer loop
      vertex 1.35606 10.0846 2
      vertex 1.27841 10.0961 0
      vertex 1.35606 10.0846 0
    endloop
  endfacet
  facet normal -0.741023 0.67148 0
    outer loop
      vertex 1.76569 -9.86568 0
      vertex 1.81841 -9.8075 2
      vertex 1.81841 -9.8075 0
    endloop
  endfacet
  facet normal -0.741023 0.67148 0
    outer loop
      vertex 1.81841 -9.8075 2
      vertex 1.76569 -9.86568 0
      vertex 1.76569 -9.86568 2
    endloop
  endfacet
  facet normal 0.049674 0.998765 -0
    outer loop
      vertex 0.800003 -10.1 0
      vertex 0.721588 -10.0961 2
      vertex 0.800003 -10.1 2
    endloop
  endfacet
  facet normal 0.049674 0.998765 0
    outer loop
      vertex 0.721588 -10.0961 2
      vertex 0.800003 -10.1 0
      vertex 0.721588 -10.0961 0
    endloop
  endfacet
  facet normal 0.741029 0.671473 0
    outer loop
      vertex 0.234314 -9.86568 2
      vertex 0.181595 -9.8075 0
      vertex 0.181595 -9.8075 2
    endloop
  endfacet
  facet normal 0.741029 0.671473 0
    outer loop
      vertex 0.181595 -9.8075 0
      vertex 0.234314 -9.86568 2
      vertex 0.234314 -9.86568 0
    endloop
  endfacet
  facet normal 0.513913 -0.857842 0
    outer loop
      vertex 0.355545 9.96516 0
      vertex 0.422882 10.0055 2
      vertex 0.355545 9.96516 2
    endloop
  endfacet
  facet normal 0.513913 -0.857842 0
    outer loop
      vertex 0.422882 10.0055 2
      vertex 0.355545 9.96516 0
      vertex 0.422882 10.0055 0
    endloop
  endfacet
  facet normal -0.427906 0.903823 0
    outer loop
      vertex 1.57712 -10.0055 0
      vertex 1.50615 -10.0391 2
      vertex 1.57712 -10.0055 2
    endloop
  endfacet
  facet normal -0.427906 0.903823 0
    outer loop
      vertex 1.50615 -10.0391 2
      vertex 1.57712 -10.0055 0
      vertex 1.50615 -10.0391 0
    endloop
  endfacet
  facet normal -0.941554 -0.336861 0
    outer loop
      vertex 1.96555 9.53221 0
      vertex 1.9391 9.60614 2
      vertex 1.9391 9.60614 0
    endloop
  endfacet
  facet normal -0.941554 -0.336861 0
    outer loop
      vertex 1.9391 9.60614 2
      vertex 1.96555 9.53221 0
      vertex 1.96555 9.53221 2
    endloop
  endfacet
  facet normal -0.903971 -0.427594 0
    outer loop
      vertex 1.9391 9.60614 0
      vertex 1.90553 9.67711 2
      vertex 1.90553 9.67711 0
    endloop
  endfacet
  facet normal -0.903971 -0.427594 0
    outer loop
      vertex 1.90553 9.67711 2
      vertex 1.9391 9.60614 0
      vertex 1.9391 9.60614 2
    endloop
  endfacet
  facet normal -0.146502 0.98921 0
    outer loop
      vertex 1.35606 -10.0846 0
      vertex 1.27841 -10.0961 2
      vertex 1.35606 -10.0846 2
    endloop
  endfacet
  facet normal -0.146502 0.98921 0
    outer loop
      vertex 1.27841 -10.0961 2
      vertex 1.35606 -10.0846 0
      vertex 1.27841 -10.0961 0
    endloop
  endfacet
  facet normal 0 1 -0
    outer loop
      vertex 1.2 -10.1 0
      vertex 0.800003 -10.1 2
      vertex 1.2 -10.1 2
    endloop
  endfacet
  facet normal 0 1 0
    outer loop
      vertex 0.800003 -10.1 2
      vertex 1.2 -10.1 0
      vertex 0.800003 -10.1 0
    endloop
  endfacet
  facet normal -0.85774 0.514084 0
    outer loop
      vertex 1.86517 -9.74445 0
      vertex 1.90553 -9.67711 2
      vertex 1.90553 -9.67711 0
    endloop
  endfacet
  facet normal -0.85774 0.514084 0
    outer loop
      vertex 1.90553 -9.67711 2
      vertex 1.86517 -9.74445 0
      vertex 1.86517 -9.74445 2
    endloop
  endfacet
  facet normal -0.336296 0.941756 0
    outer loop
      vertex 1.50615 -10.0391 0
      vertex 1.43222 -10.0655 2
      vertex 1.50615 -10.0391 2
    endloop
  endfacet
  facet normal -0.336296 0.941756 0
    outer loop
      vertex 1.43222 -10.0655 2
      vertex 1.50615 -10.0391 0
      vertex 1.43222 -10.0655 0
    endloop
  endfacet
  facet normal -0.741023 -0.67148 0
    outer loop
      vertex 1.81841 9.8075 0
      vertex 1.76569 9.86568 2
      vertex 1.76569 9.86568 0
    endloop
  endfacet
  facet normal -0.741023 -0.67148 0
    outer loop
      vertex 1.76569 9.86568 2
      vertex 1.81841 9.8075 0
      vertex 1.81841 9.8075 2
    endloop
  endfacet
  facet normal -0.595691 0.803214 0
    outer loop
      vertex 1.7075 -9.9184 0
      vertex 1.64445 -9.96516 2
      vertex 1.7075 -9.9184 2
    endloop
  endfacet
  facet normal -0.595691 0.803214 0
    outer loop
      vertex 1.64445 -9.96516 2
      vertex 1.7075 -9.9184 0
      vertex 1.64445 -9.96516 0
    endloop
  endfacet
  facet normal -0.99879 -0.0491689 0
    outer loop
      vertex 2 9.29999 0
      vertex 1.99614 9.3784 2
      vertex 1.99614 9.3784 0
    endloop
  endfacet
  facet normal -0.99879 -0.0491689 0
    outer loop
      vertex 1.99614 9.3784 2
      vertex 2 9.29999 0
      vertex 2 9.29999 2
    endloop
  endfacet
  facet normal -0.803214 -0.595691 0
    outer loop
      vertex 1.86517 9.74445 0
      vertex 1.81841 9.8075 2
      vertex 1.81841 9.8075 0
    endloop
  endfacet
  facet normal -0.803214 -0.595691 0
    outer loop
      vertex 1.81841 9.8075 2
      vertex 1.86517 9.74445 0
      vertex 1.86517 9.74445 2
    endloop
  endfacet
  facet normal -0.671417 0.74108 0
    outer loop
      vertex 1.76569 -9.86568 0
      vertex 1.7075 -9.9184 2
      vertex 1.76569 -9.86568 2
    endloop
  endfacet
  facet normal -0.671417 0.74108 0
    outer loop
      vertex 1.7075 -9.9184 2
      vertex 1.76569 -9.86568 0
      vertex 1.7075 -9.9184 0
    endloop
  endfacet
  facet normal -0.595691 -0.803214 0
    outer loop
      vertex 8.64445 9.96516 0
      vertex 8.7075 9.9184 2
      vertex 8.64445 9.96516 2
    endloop
  endfacet
  facet normal -0.595691 -0.803214 -0
    outer loop
      vertex 8.7075 9.9184 2
      vertex 8.64445 9.96516 0
      vertex 8.7075 9.9184 0
    endloop
  endfacet
  facet normal 0.741023 -0.67148 0
    outer loop
      vertex 7.18159 9.8075 2
      vertex 7.23431 9.86568 0
      vertex 7.23431 9.86568 2
    endloop
  endfacet
  facet normal 0.741023 -0.67148 0
    outer loop
      vertex 7.23431 9.86568 0
      vertex 7.18159 9.8075 2
      vertex 7.18159 9.8075 0
    endloop
  endfacet
  facet normal -0.513952 -0.857819 0
    outer loop
      vertex 8.57712 10.0055 0
      vertex 8.64445 9.96516 2
      vertex 8.57712 10.0055 2
    endloop
  endfacet
  facet normal -0.513952 -0.857819 -0
    outer loop
      vertex 8.64445 9.96516 2
      vertex 8.57712 10.0055 0
      vertex 8.64445 9.96516 0
    endloop
  endfacet
  facet normal -0.99879 -0.0491689 0
    outer loop
      vertex 9 9.29999 0
      vertex 8.99614 9.3784 2
      vertex 8.99614 9.3784 0
    endloop
  endfacet
  facet normal -0.99879 -0.0491689 0
    outer loop
      vertex 8.99614 9.3784 2
      vertex 9 9.29999 0
      vertex 9 9.29999 2
    endloop
  endfacet
  facet normal 0.99879 -0.0491689 0
    outer loop
      vertex 7 9.29999 2
      vertex 7.00386 9.3784 0
      vertex 7.00386 9.3784 2
    endloop
  endfacet
  facet normal 0.99879 -0.0491689 0
    outer loop
      vertex 7.00386 9.3784 0
      vertex 7 9.29999 2
      vertex 7 9.29999 0
    endloop
  endfacet
  facet normal 1 -0 0
    outer loop
      vertex 7 -9.29999 2
      vertex 7 9.29999 0
      vertex 7 9.29999 2
    endloop
  endfacet
  facet normal 1 0 0
    outer loop
      vertex 7 9.29999 0
      vertex 7 -9.29999 2
      vertex 7 -9.29999 0
    endloop
  endfacet
  facet normal 0.803214 0.595691 0
    outer loop
      vertex 7.18159 -9.8075 2
      vertex 7.13483 -9.74445 0
      vertex 7.13483 -9.74445 2
    endloop
  endfacet
  facet normal 0.803214 0.595691 0
    outer loop
      vertex 7.13483 -9.74445 0
      vertex 7.18159 -9.8075 2
      vertex 7.18159 -9.8075 0
    endloop
  endfacet
  facet normal -0.427906 -0.903823 0
    outer loop
      vertex 8.50615 10.0391 0
      vertex 8.57712 10.0055 2
      vertex 8.50615 10.0391 2
    endloop
  endfacet
  facet normal -0.427906 -0.903823 -0
    outer loop
      vertex 8.57712 10.0055 2
      vertex 8.50615 10.0391 0
      vertex 8.57712 10.0055 0
    endloop
  endfacet
  facet normal -0.741023 0.67148 0
    outer loop
      vertex 8.76569 -9.86568 0
      vertex 8.81841 -9.8075 2
      vertex 8.81841 -9.8075 0
    endloop
  endfacet
  facet normal -0.741023 0.67148 0
    outer loop
      vertex 8.81841 -9.8075 2
      vertex 8.76569 -9.86568 0
      vertex 8.76569 -9.86568 2
    endloop
  endfacet
  facet normal -0.336296 -0.941756 0
    outer loop
      vertex 8.43222 10.0655 0
      vertex 8.50615 10.0391 2
      vertex 8.43222 10.0655 2
    endloop
  endfacet
  facet normal -0.336296 -0.941756 -0
    outer loop
      vertex 8.50615 10.0391 2
      vertex 8.43222 10.0655 0
      vertex 8.50615 10.0391 0
    endloop
  endfacet
  facet normal 0.970053 0.242895 0
    outer loop
      vertex 7.03445 -9.53221 2
      vertex 7.01538 -9.45605 0
      vertex 7.01538 -9.45605 2
    endloop
  endfacet
  facet normal 0.970053 0.242895 0
    outer loop
      vertex 7.01538 -9.45605 0
      vertex 7.03445 -9.53221 2
      vertex 7.03445 -9.53221 0
    endloop
  endfacet
  facet normal 0.243255 -0.969962 0
    outer loop
      vertex 7.56778 10.0655 0
      vertex 7.64394 10.0846 2
      vertex 7.56778 10.0655 2
    endloop
  endfacet
  facet normal 0.243255 -0.969962 0
    outer loop
      vertex 7.64394 10.0846 2
      vertex 7.56778 10.0655 0
      vertex 7.64394 10.0846 0
    endloop
  endfacet
  facet normal 0.427906 -0.903823 0
    outer loop
      vertex 7.42288 10.0055 0
      vertex 7.49385 10.0391 2
      vertex 7.42288 10.0055 2
    endloop
  endfacet
  facet normal 0.427906 -0.903823 0
    outer loop
      vertex 7.49385 10.0391 2
      vertex 7.42288 10.0055 0
      vertex 7.49385 10.0391 0
    endloop
  endfacet
  facet normal 0.513952 -0.857819 0
    outer loop
      vertex 7.35555 9.96516 0
      vertex 7.42288 10.0055 2
      vertex 7.35555 9.96516 2
    endloop
  endfacet
  facet normal 0.513952 -0.857819 0
    outer loop
      vertex 7.42288 10.0055 2
      vertex 7.35555 9.96516 0
      vertex 7.42288 10.0055 0
    endloop
  endfacet
  facet normal -0.803214 -0.595691 0
    outer loop
      vertex 8.86517 9.74445 0
      vertex 8.81841 9.8075 2
      vertex 8.81841 9.8075 0
    endloop
  endfacet
  facet normal -0.803214 -0.595691 0
    outer loop
      vertex 8.81841 9.8075 2
      vertex 8.86517 9.74445 0
      vertex 8.86517 9.74445 2
    endloop
  endfacet
  facet normal 0.0496771 0.998765 -0
    outer loop
      vertex 7.8 -10.1 0
      vertex 7.72159 -10.0961 2
      vertex 7.8 -10.1 2
    endloop
  endfacet
  facet normal 0.0496771 0.998765 0
    outer loop
      vertex 7.72159 -10.0961 2
      vertex 7.8 -10.1 0
      vertex 7.72159 -10.0961 0
    endloop
  endfacet
  facet normal 0.146502 0.98921 -0
    outer loop
      vertex 7.72159 -10.0961 0
      vertex 7.64394 -10.0846 2
      vertex 7.72159 -10.0961 2
    endloop
  endfacet
  facet normal 0.146502 0.98921 0
    outer loop
      vertex 7.64394 -10.0846 2
      vertex 7.72159 -10.0961 0
      vertex 7.64394 -10.0846 0
    endloop
  endfacet
  facet normal 0.427906 0.903823 -0
    outer loop
      vertex 7.49385 -10.0391 0
      vertex 7.42288 -10.0055 2
      vertex 7.49385 -10.0391 2
    endloop
  endfacet
  facet normal 0.427906 0.903823 0
    outer loop
      vertex 7.42288 -10.0055 2
      vertex 7.49385 -10.0391 0
      vertex 7.42288 -10.0055 0
    endloop
  endfacet
  facet normal 0.970053 -0.242895 0
    outer loop
      vertex 7.01538 9.45605 2
      vertex 7.03445 9.53221 0
      vertex 7.03445 9.53221 2
    endloop
  endfacet
  facet normal 0.970053 -0.242895 0
    outer loop
      vertex 7.03445 9.53221 0
      vertex 7.01538 9.45605 2
      vertex 7.01538 9.45605 0
    endloop
  endfacet
  facet normal -1 0 0
    outer loop
      vertex 9 -9.29999 0
      vertex 9 9.29999 2
      vertex 9 9.29999 0
    endloop
  endfacet
  facet normal -1 -0 0
    outer loop
      vertex 9 9.29999 2
      vertex 9 -9.29999 0
      vertex 9 -9.29999 2
    endloop
  endfacet
  facet normal 0.595691 0.803214 -0
    outer loop
      vertex 7.35555 -9.96516 0
      vertex 7.2925 -9.9184 2
      vertex 7.35555 -9.96516 2
    endloop
  endfacet
  facet normal 0.595691 0.803214 0
    outer loop
      vertex 7.2925 -9.9184 2
      vertex 7.35555 -9.96516 0
      vertex 7.2925 -9.9184 0
    endloop
  endfacet
  facet normal -0.146502 0.98921 0
    outer loop
      vertex 8.35606 -10.0846 0
      vertex 8.27841 -10.0961 2
      vertex 8.35606 -10.0846 2
    endloop
  endfacet
  facet normal -0.146502 0.98921 0
    outer loop
      vertex 8.27841 -10.0961 2
      vertex 8.35606 -10.0846 0
      vertex 8.27841 -10.0961 0
    endloop
  endfacet
  facet normal 0 -1 0
    outer loop
      vertex 7.8 10.1 0
      vertex 8.2 10.1 2
      vertex 7.8 10.1 2
    endloop
  endfacet
  facet normal 0 -1 -0
    outer loop
      vertex 8.2 10.1 2
      vertex 7.8 10.1 0
      vertex 8.2 10.1 0
    endloop
  endfacet
  facet normal 0.903971 -0.427594 0
    outer loop
      vertex 7.0609 9.60614 2
      vertex 7.09447 9.67711 0
      vertex 7.09447 9.67711 2
    endloop
  endfacet
  facet normal 0.903971 -0.427594 0
    outer loop
      vertex 7.09447 9.67711 0
      vertex 7.0609 9.60614 2
      vertex 7.0609 9.60614 0
    endloop
  endfacet
  facet normal 0.941554 0.336861 0
    outer loop
      vertex 7.0609 -9.60614 2
      vertex 7.03445 -9.53221 0
      vertex 7.03445 -9.53221 2
    endloop
  endfacet
  facet normal 0.941554 0.336861 0
    outer loop
      vertex 7.03445 -9.53221 0
      vertex 7.0609 -9.60614 2
      vertex 7.0609 -9.60614 0
    endloop
  endfacet
  facet normal 0.336296 -0.941756 0
    outer loop
      vertex 7.49385 10.0391 0
      vertex 7.56778 10.0655 2
      vertex 7.49385 10.0391 2
    endloop
  endfacet
  facet normal 0.336296 -0.941756 0
    outer loop
      vertex 7.56778 10.0655 2
      vertex 7.49385 10.0391 0
      vertex 7.56778 10.0655 0
    endloop
  endfacet
  facet normal -0.243255 0.969962 0
    outer loop
      vertex 8.43222 -10.0655 0
      vertex 8.35606 -10.0846 2
      vertex 8.43222 -10.0655 2
    endloop
  endfacet
  facet normal -0.243255 0.969962 0
    outer loop
      vertex 8.35606 -10.0846 2
      vertex 8.43222 -10.0655 0
      vertex 8.35606 -10.0846 0
    endloop
  endfacet
  facet normal -0.0496771 0.998765 0
    outer loop
      vertex 8.27841 -10.0961 0
      vertex 8.2 -10.1 2
      vertex 8.27841 -10.0961 2
    endloop
  endfacet
  facet normal -0.0496771 0.998765 0
    outer loop
      vertex 8.2 -10.1 2
      vertex 8.27841 -10.0961 0
      vertex 8.2 -10.1 0
    endloop
  endfacet
  facet normal 0.989173 -0.146752 0
    outer loop
      vertex 7.00386 9.3784 2
      vertex 7.01538 9.45605 0
      vertex 7.01538 9.45605 2
    endloop
  endfacet
  facet normal 0.989173 -0.146752 0
    outer loop
      vertex 7.01538 9.45605 0
      vertex 7.00386 9.3784 2
      vertex 7.00386 9.3784 0
    endloop
  endfacet
  facet normal -0.941554 -0.336861 0
    outer loop
      vertex 8.96555 9.53221 0
      vertex 8.9391 9.60614 2
      vertex 8.9391 9.60614 0
    endloop
  endfacet
  facet normal -0.941554 -0.336861 0
    outer loop
      vertex 8.9391 9.60614 2
      vertex 8.96555 9.53221 0
      vertex 8.96555 9.53221 2
    endloop
  endfacet
  facet normal 0.941554 -0.336861 0
    outer loop
      vertex 7.03445 9.53221 2
      vertex 7.0609 9.60614 0
      vertex 7.0609 9.60614 2
    endloop
  endfacet
  facet normal 0.941554 -0.336861 0
    outer loop
      vertex 7.0609 9.60614 0
      vertex 7.03445 9.53221 2
      vertex 7.03445 9.53221 0
    endloop
  endfacet
  facet normal -0.99879 0.0491689 0
    outer loop
      vertex 8.99614 -9.3784 0
      vertex 9 -9.29999 2
      vertex 9 -9.29999 0
    endloop
  endfacet
  facet normal -0.99879 0.0491689 0
    outer loop
      vertex 9 -9.29999 2
      vertex 8.99614 -9.3784 0
      vertex 8.99614 -9.3784 2
    endloop
  endfacet
  facet normal 0.513952 0.857819 -0
    outer loop
      vertex 7.42288 -10.0055 0
      vertex 7.35555 -9.96516 2
      vertex 7.42288 -10.0055 2
    endloop
  endfacet
  facet normal 0.513952 0.857819 0
    outer loop
      vertex 7.35555 -9.96516 2
      vertex 7.42288 -10.0055 0
      vertex 7.35555 -9.96516 0
    endloop
  endfacet
  facet normal 0.85774 -0.514084 0
    outer loop
      vertex 7.09447 9.67711 2
      vertex 7.13483 9.74445 0
      vertex 7.13483 9.74445 2
    endloop
  endfacet
  facet normal 0.85774 -0.514084 0
    outer loop
      vertex 7.13483 9.74445 0
      vertex 7.09447 9.67711 2
      vertex 7.09447 9.67711 0
    endloop
  endfacet
  facet normal -0.243255 -0.969962 0
    outer loop
      vertex 8.35606 10.0846 0
      vertex 8.43222 10.0655 2
      vertex 8.35606 10.0846 2
    endloop
  endfacet
  facet normal -0.243255 -0.969962 -0
    outer loop
      vertex 8.43222 10.0655 2
      vertex 8.35606 10.0846 0
      vertex 8.43222 10.0655 0
    endloop
  endfacet
  facet normal -0.989173 0.146752 0
    outer loop
      vertex 8.98462 -9.45605 0
      vertex 8.99614 -9.3784 2
      vertex 8.99614 -9.3784 0
    endloop
  endfacet
  facet normal -0.989173 0.146752 0
    outer loop
      vertex 8.99614 -9.3784 2
      vertex 8.98462 -9.45605 0
      vertex 8.98462 -9.45605 2
    endloop
  endfacet
  facet normal 0.989173 0.146752 0
    outer loop
      vertex 7.01538 -9.45605 2
      vertex 7.00386 -9.3784 0
      vertex 7.00386 -9.3784 2
    endloop
  endfacet
  facet normal 0.989173 0.146752 0
    outer loop
      vertex 7.00386 -9.3784 0
      vertex 7.01538 -9.45605 2
      vertex 7.01538 -9.45605 0
    endloop
  endfacet
  facet normal 0.595691 -0.803214 0
    outer loop
      vertex 7.2925 9.9184 0
      vertex 7.35555 9.96516 2
      vertex 7.2925 9.9184 2
    endloop
  endfacet
  facet normal 0.595691 -0.803214 0
    outer loop
      vertex 7.35555 9.96516 2
      vertex 7.2925 9.9184 0
      vertex 7.35555 9.96516 0
    endloop
  endfacet
  facet normal -0.0496771 -0.998765 0
    outer loop
      vertex 8.2 10.1 0
      vertex 8.27841 10.0961 2
      vertex 8.2 10.1 2
    endloop
  endfacet
  facet normal -0.0496771 -0.998765 -0
    outer loop
      vertex 8.27841 10.0961 2
      vertex 8.2 10.1 0
      vertex 8.27841 10.0961 0
    endloop
  endfacet
  facet normal 0.671417 0.74108 -0
    outer loop
      vertex 7.2925 -9.9184 0
      vertex 7.23431 -9.86568 2
      vertex 7.2925 -9.9184 2
    endloop
  endfacet
  facet normal 0.671417 0.74108 0
    outer loop
      vertex 7.23431 -9.86568 2
      vertex 7.2925 -9.9184 0
      vertex 7.23431 -9.86568 0
    endloop
  endfacet
  facet normal 0.803214 -0.595691 0
    outer loop
      vertex 7.13483 9.74445 2
      vertex 7.18159 9.8075 0
      vertex 7.18159 9.8075 2
    endloop
  endfacet
  facet normal 0.803214 -0.595691 0
    outer loop
      vertex 7.18159 9.8075 0
      vertex 7.13483 9.74445 2
      vertex 7.13483 9.74445 0
    endloop
  endfacet
  facet normal 0.146502 -0.98921 0
    outer loop
      vertex 7.64394 10.0846 0
      vertex 7.72159 10.0961 2
      vertex 7.64394 10.0846 2
    endloop
  endfacet
  facet normal 0.146502 -0.98921 0
    outer loop
      vertex 7.72159 10.0961 2
      vertex 7.64394 10.0846 0
      vertex 7.72159 10.0961 0
    endloop
  endfacet
  facet normal 0.903971 0.427594 0
    outer loop
      vertex 7.09447 -9.67711 2
      vertex 7.0609 -9.60614 0
      vertex 7.0609 -9.60614 2
    endloop
  endfacet
  facet normal 0.903971 0.427594 0
    outer loop
      vertex 7.0609 -9.60614 0
      vertex 7.09447 -9.67711 2
      vertex 7.09447 -9.67711 0
    endloop
  endfacet
  facet normal -0.970053 0.242895 0
    outer loop
      vertex 8.96555 -9.53221 0
      vertex 8.98462 -9.45605 2
      vertex 8.98462 -9.45605 0
    endloop
  endfacet
  facet normal -0.970053 0.242895 0
    outer loop
      vertex 8.98462 -9.45605 2
      vertex 8.96555 -9.53221 0
      vertex 8.96555 -9.53221 2
    endloop
  endfacet
  facet normal -0.741023 -0.67148 0
    outer loop
      vertex 8.81841 9.8075 0
      vertex 8.76569 9.86568 2
      vertex 8.76569 9.86568 0
    endloop
  endfacet
  facet normal -0.741023 -0.67148 0
    outer loop
      vertex 8.76569 9.86568 2
      vertex 8.81841 9.8075 0
      vertex 8.81841 9.8075 2
    endloop
  endfacet
  facet normal 0.671417 -0.74108 0
    outer loop
      vertex 7.23431 9.86568 0
      vertex 7.2925 9.9184 2
      vertex 7.23431 9.86568 2
    endloop
  endfacet
  facet normal 0.671417 -0.74108 0
    outer loop
      vertex 7.2925 9.9184 2
      vertex 7.23431 9.86568 0
      vertex 7.2925 9.9184 0
    endloop
  endfacet
  facet normal 0.336296 0.941756 -0
    outer loop
      vertex 7.56778 -10.0655 0
      vertex 7.49385 -10.0391 2
      vertex 7.56778 -10.0655 2
    endloop
  endfacet
  facet normal 0.336296 0.941756 0
    outer loop
      vertex 7.49385 -10.0391 2
      vertex 7.56778 -10.0655 0
      vertex 7.49385 -10.0391 0
    endloop
  endfacet
  facet normal 0.0496771 -0.998765 0
    outer loop
      vertex 7.72159 10.0961 0
      vertex 7.8 10.1 2
      vertex 7.72159 10.0961 2
    endloop
  endfacet
  facet normal 0.0496771 -0.998765 0
    outer loop
      vertex 7.8 10.1 2
      vertex 7.72159 10.0961 0
      vertex 7.8 10.1 0
    endloop
  endfacet
  facet normal -0.146502 -0.98921 0
    outer loop
      vertex 8.27841 10.0961 0
      vertex 8.35606 10.0846 2
      vertex 8.27841 10.0961 2
    endloop
  endfacet
  facet normal -0.146502 -0.98921 -0
    outer loop
      vertex 8.35606 10.0846 2
      vertex 8.27841 10.0961 0
      vertex 8.35606 10.0846 0
    endloop
  endfacet
  facet normal -0.941554 0.336861 0
    outer loop
      vertex 8.9391 -9.60614 0
      vertex 8.96555 -9.53221 2
      vertex 8.96555 -9.53221 0
    endloop
  endfacet
  facet normal -0.941554 0.336861 0
    outer loop
      vertex 8.96555 -9.53221 2
      vertex 8.9391 -9.60614 0
      vertex 8.9391 -9.60614 2
    endloop
  endfacet
  facet normal -0.803214 0.595691 0
    outer loop
      vertex 8.81841 -9.8075 0
      vertex 8.86517 -9.74445 2
      vertex 8.86517 -9.74445 0
    endloop
  endfacet
  facet normal -0.803214 0.595691 0
    outer loop
      vertex 8.86517 -9.74445 2
      vertex 8.81841 -9.8075 0
      vertex 8.81841 -9.8075 2
    endloop
  endfacet
  facet normal -0.903971 -0.427594 0
    outer loop
      vertex 8.9391 9.60614 0
      vertex 8.90553 9.67711 2
      vertex 8.90553 9.67711 0
    endloop
  endfacet
  facet normal -0.903971 -0.427594 0
    outer loop
      vertex 8.90553 9.67711 2
      vertex 8.9391 9.60614 0
      vertex 8.9391 9.60614 2
    endloop
  endfacet
  facet normal -0.671417 -0.74108 0
    outer loop
      vertex 8.7075 9.9184 0
      vertex 8.76569 9.86568 2
      vertex 8.7075 9.9184 2
    endloop
  endfacet
  facet normal -0.671417 -0.74108 -0
    outer loop
      vertex 8.76569 9.86568 2
      vertex 8.7075 9.9184 0
      vertex 8.76569 9.86568 0
    endloop
  endfacet
  facet normal -0.85774 0.514084 0
    outer loop
      vertex 8.86517 -9.74445 0
      vertex 8.90553 -9.67711 2
      vertex 8.90553 -9.67711 0
    endloop
  endfacet
  facet normal -0.85774 0.514084 0
    outer loop
      vertex 8.90553 -9.67711 2
      vertex 8.86517 -9.74445 0
      vertex 8.86517 -9.74445 2
    endloop
  endfacet
  facet normal 0.99879 0.0491689 0
    outer loop
      vertex 7.00386 -9.3784 2
      vertex 7 -9.29999 0
      vertex 7 -9.29999 2
    endloop
  endfacet
  facet normal 0.99879 0.0491689 0
    outer loop
      vertex 7 -9.29999 0
      vertex 7.00386 -9.3784 2
      vertex 7.00386 -9.3784 0
    endloop
  endfacet
  facet normal 0.85774 0.514084 0
    outer loop
      vertex 7.13483 -9.74445 2
      vertex 7.09447 -9.67711 0
      vertex 7.09447 -9.67711 2
    endloop
  endfacet
  facet normal 0.85774 0.514084 0
    outer loop
      vertex 7.09447 -9.67711 0
      vertex 7.13483 -9.74445 2
      vertex 7.13483 -9.74445 0
    endloop
  endfacet
  facet normal 0.741023 0.67148 0
    outer loop
      vertex 7.23431 -9.86568 2
      vertex 7.18159 -9.8075 0
      vertex 7.18159 -9.8075 2
    endloop
  endfacet
  facet normal 0.741023 0.67148 0
    outer loop
      vertex 7.18159 -9.8075 0
      vertex 7.23431 -9.86568 2
      vertex 7.23431 -9.86568 0
    endloop
  endfacet
  facet normal -0.989173 -0.146752 0
    outer loop
      vertex 8.99614 9.3784 0
      vertex 8.98462 9.45605 2
      vertex 8.98462 9.45605 0
    endloop
  endfacet
  facet normal -0.989173 -0.146752 0
    outer loop
      vertex 8.98462 9.45605 2
      vertex 8.99614 9.3784 0
      vertex 8.99614 9.3784 2
    endloop
  endfacet
  facet normal -0.427906 0.903823 0
    outer loop
      vertex 8.57712 -10.0055 0
      vertex 8.50615 -10.0391 2
      vertex 8.57712 -10.0055 2
    endloop
  endfacet
  facet normal -0.427906 0.903823 0
    outer loop
      vertex 8.50615 -10.0391 2
      vertex 8.57712 -10.0055 0
      vertex 8.50615 -10.0391 0
    endloop
  endfacet
  facet normal -0.336296 0.941756 0
    outer loop
      vertex 8.50615 -10.0391 0
      vertex 8.43222 -10.0655 2
      vertex 8.50615 -10.0391 2
    endloop
  endfacet
  facet normal -0.336296 0.941756 0
    outer loop
      vertex 8.43222 -10.0655 2
      vertex 8.50615 -10.0391 0
      vertex 8.43222 -10.0655 0
    endloop
  endfacet
  facet normal -0.85774 -0.514084 0
    outer loop
      vertex 8.90553 9.67711 0
      vertex 8.86517 9.74445 2
      vertex 8.86517 9.74445 0
    endloop
  endfacet
  facet normal -0.85774 -0.514084 0
    outer loop
      vertex 8.86517 9.74445 2
      vertex 8.90553 9.67711 0
      vertex 8.90553 9.67711 2
    endloop
  endfacet
  facet normal 0 1 -0
    outer loop
      vertex 8.2 -10.1 0
      vertex 7.8 -10.1 2
      vertex 8.2 -10.1 2
    endloop
  endfacet
  facet normal 0 1 0
    outer loop
      vertex 7.8 -10.1 2
      vertex 8.2 -10.1 0
      vertex 7.8 -10.1 0
    endloop
  endfacet
  facet normal -0.903971 0.427594 0
    outer loop
      vertex 8.90553 -9.67711 0
      vertex 8.9391 -9.60614 2
      vertex 8.9391 -9.60614 0
    endloop
  endfacet
  facet normal -0.903971 0.427594 0
    outer loop
      vertex 8.9391 -9.60614 2
      vertex 8.90553 -9.67711 0
      vertex 8.90553 -9.67711 2
    endloop
  endfacet
  facet normal 0.243255 0.969962 -0
    outer loop
      vertex 7.64394 -10.0846 0
      vertex 7.56778 -10.0655 2
      vertex 7.64394 -10.0846 2
    endloop
  endfacet
  facet normal 0.243255 0.969962 0
    outer loop
      vertex 7.56778 -10.0655 2
      vertex 7.64394 -10.0846 0
      vertex 7.56778 -10.0655 0
    endloop
  endfacet
  facet normal -0.513952 0.857819 0
    outer loop
      vertex 8.64445 -9.96516 0
      vertex 8.57712 -10.0055 2
      vertex 8.64445 -9.96516 2
    endloop
  endfacet
  facet normal -0.513952 0.857819 0
    outer loop
      vertex 8.57712 -10.0055 2
      vertex 8.64445 -9.96516 0
      vertex 8.57712 -10.0055 0
    endloop
  endfacet
  facet normal -0.671417 0.74108 0
    outer loop
      vertex 8.76569 -9.86568 0
      vertex 8.7075 -9.9184 2
      vertex 8.76569 -9.86568 2
    endloop
  endfacet
  facet normal -0.671417 0.74108 0
    outer loop
      vertex 8.7075 -9.9184 2
      vertex 8.76569 -9.86568 0
      vertex 8.7075 -9.9184 0
    endloop
  endfacet
  facet normal -0.595691 0.803214 0
    outer loop
      vertex 8.7075 -9.9184 0
      vertex 8.64445 -9.96516 2
      vertex 8.7075 -9.9184 2
    endloop
  endfacet
  facet normal -0.595691 0.803214 0
    outer loop
      vertex 8.64445 -9.96516 2
      vertex 8.7075 -9.9184 0
      vertex 8.64445 -9.96516 0
    endloop
  endfacet
  facet normal -0.970053 -0.242895 0
    outer loop
      vertex 8.98462 9.45605 0
      vertex 8.96555 9.53221 2
      vertex 8.96555 9.53221 0
    endloop
  endfacet
  facet normal -0.970053 -0.242895 0
    outer loop
      vertex 8.96555 9.53221 2
      vertex 8.98462 9.45605 0
      vertex 8.98462 9.45605 2
    endloop
  endfacet
  facet normal -0.595995 -0.802988 0
    outer loop
      vertex 15.6445 9.96516 0
      vertex 15.7075 9.9184 2
      vertex 15.6445 9.96516 2
    endloop
  endfacet
  facet normal -0.595995 -0.802988 -0
    outer loop
      vertex 15.7075 9.9184 2
      vertex 15.6445 9.96516 0
      vertex 15.7075 9.9184 0
    endloop
  endfacet
  facet normal 0.98921 -0.146502 0
    outer loop
      vertex 14.0039 9.3784 2
      vertex 14.0154 9.45605 0
      vertex 14.0154 9.45605 2
    endloop
  endfacet
  facet normal 0.98921 -0.146502 0
    outer loop
      vertex 14.0154 9.45605 0
      vertex 14.0039 9.3784 2
      vertex 14.0039 9.3784 0
    endloop
  endfacet
  facet normal -0.513559 -0.858054 0
    outer loop
      vertex 15.5771 10.0055 0
      vertex 15.6445 9.96516 2
      vertex 15.5771 10.0055 2
    endloop
  endfacet
  facet normal -0.513559 -0.858054 -0
    outer loop
      vertex 15.6445 9.96516 2
      vertex 15.5771 10.0055 0
      vertex 15.6445 9.96516 0
    endloop
  endfacet
  facet normal 0.14641 -0.989224 0
    outer loop
      vertex 14.6439 10.0846 0
      vertex 14.7216 10.0961 2
      vertex 14.6439 10.0846 2
    endloop
  endfacet
  facet normal 0.14641 -0.989224 0
    outer loop
      vertex 14.7216 10.0961 2
      vertex 14.6439 10.0846 0
      vertex 14.7216 10.0961 0
    endloop
  endfacet
  facet normal 0.671353 -0.741137 0
    outer loop
      vertex 14.2343 9.86568 0
      vertex 14.2925 9.9184 2
      vertex 14.2343 9.86568 2
    endloop
  endfacet
  facet normal 0.671353 -0.741137 0
    outer loop
      vertex 14.2925 9.9184 2
      vertex 14.2343 9.86568 0
      vertex 14.2925 9.9184 0
    endloop
  endfacet
  facet normal -0.427758 0.903893 0
    outer loop
      vertex 15.5771 -10.0055 0
      vertex 15.5061 -10.0391 2
      vertex 15.5771 -10.0055 2
    endloop
  endfacet
  facet normal -0.427758 0.903893 0
    outer loop
      vertex 15.5061 -10.0391 2
      vertex 15.5771 -10.0055 0
      vertex 15.5061 -10.0391 0
    endloop
  endfacet
  facet normal 0.998765 -0.0496771 0
    outer loop
      vertex 14 9.29999 2
      vertex 14.0039 9.3784 0
      vertex 14.0039 9.3784 2
    endloop
  endfacet
  facet normal 0.998765 -0.0496771 0
    outer loop
      vertex 14.0039 9.3784 0
      vertex 14 9.29999 2
      vertex 14 9.29999 0
    endloop
  endfacet
  facet normal 1 -0 0
    outer loop
      vertex 14 -9.29999 2
      vertex 14 9.29999 0
      vertex 14 9.29999 2
    endloop
  endfacet
  facet normal 1 0 0
    outer loop
      vertex 14 9.29999 0
      vertex 14 -9.29999 2
      vertex 14 -9.29999 0
    endloop
  endfacet
  facet normal 0.595995 -0.802988 0
    outer loop
      vertex 14.2925 9.9184 0
      vertex 14.3555 9.96516 2
      vertex 14.2925 9.9184 2
    endloop
  endfacet
  facet normal 0.595995 -0.802988 0
    outer loop
      vertex 14.3555 9.96516 2
      vertex 14.2925 9.9184 0
      vertex 14.3555 9.96516 0
    endloop
  endfacet
  facet normal 0.671353 0.741137 -0
    outer loop
      vertex 14.2925 -9.9184 0
      vertex 14.2343 -9.86568 2
      vertex 14.2925 -9.9184 2
    endloop
  endfacet
  facet normal 0.671353 0.741137 0
    outer loop
      vertex 14.2343 -9.86568 2
      vertex 14.2925 -9.9184 0
      vertex 14.2343 -9.86568 0
    endloop
  endfacet
  facet normal -0.427758 -0.903893 0
    outer loop
      vertex 15.5061 10.0391 0
      vertex 15.5771 10.0055 2
      vertex 15.5061 10.0391 2
    endloop
  endfacet
  facet normal -0.427758 -0.903893 -0
    outer loop
      vertex 15.5771 10.0055 2
      vertex 15.5061 10.0391 0
      vertex 15.5771 10.0055 0
    endloop
  endfacet
  facet normal 0.98921 0.146502 0
    outer loop
      vertex 14.0154 -9.45605 2
      vertex 14.0039 -9.3784 0
      vertex 14.0039 -9.3784 2
    endloop
  endfacet
  facet normal 0.98921 0.146502 0
    outer loop
      vertex 14.0039 -9.3784 0
      vertex 14.0154 -9.45605 2
      vertex 14.0154 -9.45605 0
    endloop
  endfacet
  facet normal 0.80297 0.596019 0
    outer loop
      vertex 14.1816 -9.8075 2
      vertex 14.1348 -9.74445 0
      vertex 14.1348 -9.74445 2
    endloop
  endfacet
  facet normal 0.80297 0.596019 0
    outer loop
      vertex 14.1348 -9.74445 0
      vertex 14.1816 -9.8075 2
      vertex 14.1816 -9.8075 0
    endloop
  endfacet
  facet normal -0.0496835 -0.998765 0
    outer loop
      vertex 15.2 10.1 0
      vertex 15.2784 10.0961 2
      vertex 15.2 10.1 2
    endloop
  endfacet
  facet normal -0.0496835 -0.998765 -0
    outer loop
      vertex 15.2784 10.0961 2
      vertex 15.2 10.1 0
      vertex 15.2784 10.0961 0
    endloop
  endfacet
  facet normal -0.513559 0.858054 0
    outer loop
      vertex 15.6445 -9.96516 0
      vertex 15.5771 -10.0055 2
      vertex 15.6445 -9.96516 2
    endloop
  endfacet
  facet normal -0.513559 0.858054 0
    outer loop
      vertex 15.5771 -10.0055 2
      vertex 15.6445 -9.96516 0
      vertex 15.5771 -10.0055 0
    endloop
  endfacet
  facet normal 0.336417 0.941713 -0
    outer loop
      vertex 14.5678 -10.0655 0
      vertex 14.4939 -10.0391 2
      vertex 14.5678 -10.0655 2
    endloop
  endfacet
  facet normal 0.336417 0.941713 0
    outer loop
      vertex 14.4939 -10.0391 2
      vertex 14.5678 -10.0655 0
      vertex 14.4939 -10.0391 0
    endloop
  endfacet
  facet normal 0.427758 0.903893 -0
    outer loop
      vertex 14.4939 -10.0391 0
      vertex 14.4229 -10.0055 2
      vertex 14.4939 -10.0391 2
    endloop
  endfacet
  facet normal 0.427758 0.903893 0
    outer loop
      vertex 14.4229 -10.0055 2
      vertex 14.4939 -10.0391 0
      vertex 14.4229 -10.0055 0
    endloop
  endfacet
  facet normal -0.998765 0.0496771 0
    outer loop
      vertex 15.9961 -9.3784 0
      vertex 16 -9.29999 2
      vertex 16 -9.29999 0
    endloop
  endfacet
  facet normal -0.998765 0.0496771 0
    outer loop
      vertex 16 -9.29999 2
      vertex 15.9961 -9.3784 0
      vertex 15.9961 -9.3784 2
    endloop
  endfacet
  facet normal -0.14641 -0.989224 0
    outer loop
      vertex 15.2784 10.0961 0
      vertex 15.3561 10.0846 2
      vertex 15.2784 10.0961 2
    endloop
  endfacet
  facet normal -0.14641 -0.989224 -0
    outer loop
      vertex 15.3561 10.0846 2
      vertex 15.2784 10.0961 0
      vertex 15.3561 10.0846 0
    endloop
  endfacet
  facet normal -0.243435 -0.969917 0
    outer loop
      vertex 15.3561 10.0846 0
      vertex 15.4322 10.0655 2
      vertex 15.3561 10.0846 2
    endloop
  endfacet
  facet normal -0.243435 -0.969917 -0
    outer loop
      vertex 15.4322 10.0655 2
      vertex 15.3561 10.0846 0
      vertex 15.4322 10.0655 0
    endloop
  endfacet
  facet normal 0.14641 0.989224 -0
    outer loop
      vertex 14.7216 -10.0961 0
      vertex 14.6439 -10.0846 2
      vertex 14.7216 -10.0961 2
    endloop
  endfacet
  facet normal 0.14641 0.989224 0
    outer loop
      vertex 14.6439 -10.0846 2
      vertex 14.7216 -10.0961 0
      vertex 14.6439 -10.0846 0
    endloop
  endfacet
  facet normal -1 0 0
    outer loop
      vertex 16 -9.29999 0
      vertex 16 9.29999 2
      vertex 16 9.29999 0
    endloop
  endfacet
  facet normal -1 -0 0
    outer loop
      vertex 16 9.29999 2
      vertex 16 -9.29999 0
      vertex 16 -9.29999 2
    endloop
  endfacet
  facet normal 0.858077 -0.513521 0
    outer loop
      vertex 14.0945 9.67711 2
      vertex 14.1348 9.74445 0
      vertex 14.1348 9.74445 2
    endloop
  endfacet
  facet normal 0.858077 -0.513521 0
    outer loop
      vertex 14.1348 9.74445 0
      vertex 14.0945 9.67711 2
      vertex 14.0945 9.67711 0
    endloop
  endfacet
  facet normal -0.80297 -0.596019 0
    outer loop
      vertex 15.8652 9.74445 0
      vertex 15.8184 9.8075 2
      vertex 15.8184 9.8075 0
    endloop
  endfacet
  facet normal -0.80297 -0.596019 0
    outer loop
      vertex 15.8184 9.8075 2
      vertex 15.8652 9.74445 0
      vertex 15.8652 9.74445 2
    endloop
  endfacet
  facet normal -0.14641 0.989224 0
    outer loop
      vertex 15.3561 -10.0846 0
      vertex 15.2784 -10.0961 2
      vertex 15.3561 -10.0846 2
    endloop
  endfacet
  facet normal -0.14641 0.989224 0
    outer loop
      vertex 15.2784 -10.0961 2
      vertex 15.3561 -10.0846 0
      vertex 15.2784 -10.0961 0
    endloop
  endfacet
  facet normal 0.80297 -0.596019 0
    outer loop
      vertex 14.1348 9.74445 2
      vertex 14.1816 9.8075 0
      vertex 14.1816 9.8075 2
    endloop
  endfacet
  facet normal 0.80297 -0.596019 0
    outer loop
      vertex 14.1816 9.8075 0
      vertex 14.1348 9.74445 2
      vertex 14.1348 9.74445 0
    endloop
  endfacet
  facet normal -0.243435 0.969917 0
    outer loop
      vertex 15.4322 -10.0655 0
      vertex 15.3561 -10.0846 2
      vertex 15.4322 -10.0655 2
    endloop
  endfacet
  facet normal -0.243435 0.969917 0
    outer loop
      vertex 15.3561 -10.0846 2
      vertex 15.4322 -10.0655 0
      vertex 15.3561 -10.0846 0
    endloop
  endfacet
  facet normal 0.741149 0.67134 0
    outer loop
      vertex 14.2343 -9.86568 2
      vertex 14.1816 -9.8075 0
      vertex 14.1816 -9.8075 2
    endloop
  endfacet
  facet normal 0.741149 0.67134 0
    outer loop
      vertex 14.1816 -9.8075 0
      vertex 14.2343 -9.86568 2
      vertex 14.2343 -9.86568 0
    endloop
  endfacet
  facet normal 0.969962 0.243255 0
    outer loop
      vertex 14.0345 -9.53221 2
      vertex 14.0154 -9.45605 0
      vertex 14.0154 -9.45605 2
    endloop
  endfacet
  facet normal 0.969962 0.243255 0
    outer loop
      vertex 14.0154 -9.45605 0
      vertex 14.0345 -9.53221 2
      vertex 14.0345 -9.53221 0
    endloop
  endfacet
  facet normal -0.741149 0.67134 0
    outer loop
      vertex 15.7657 -9.86568 0
      vertex 15.8184 -9.8075 2
      vertex 15.8184 -9.8075 0
    endloop
  endfacet
  facet normal -0.741149 0.67134 0
    outer loop
      vertex 15.8184 -9.8075 2
      vertex 15.7657 -9.86568 0
      vertex 15.7657 -9.86568 2
    endloop
  endfacet
  facet normal 0.741149 -0.67134 0
    outer loop
      vertex 14.1816 9.8075 2
      vertex 14.2343 9.86568 0
      vertex 14.2343 9.86568 2
    endloop
  endfacet
  facet normal 0.741149 -0.67134 0
    outer loop
      vertex 14.2343 9.86568 0
      vertex 14.1816 9.8075 2
      vertex 14.1816 9.8075 0
    endloop
  endfacet
  facet normal 0.941756 0.336296 0
    outer loop
      vertex 14.0609 -9.60614 2
      vertex 14.0345 -9.53221 0
      vertex 14.0345 -9.53221 2
    endloop
  endfacet
  facet normal 0.941756 0.336296 0
    outer loop
      vertex 14.0345 -9.53221 0
      vertex 14.0609 -9.60614 2
      vertex 14.0609 -9.60614 0
    endloop
  endfacet
  facet normal 0 1 -0
    outer loop
      vertex 15.2 -10.1 0
      vertex 14.8 -10.1 2
      vertex 15.2 -10.1 2
    endloop
  endfacet
  facet normal 0 1 0
    outer loop
      vertex 14.8 -10.1 2
      vertex 15.2 -10.1 0
      vertex 14.8 -10.1 0
    endloop
  endfacet
  facet normal 0.941756 -0.336296 0
    outer loop
      vertex 14.0345 9.53221 2
      vertex 14.0609 9.60614 0
      vertex 14.0609 9.60614 2
    endloop
  endfacet
  facet normal 0.941756 -0.336296 0
    outer loop
      vertex 14.0609 9.60614 0
      vertex 14.0345 9.53221 2
      vertex 14.0345 9.53221 0
    endloop
  endfacet
  facet normal -0.671353 0.741137 0
    outer loop
      vertex 15.7657 -9.86568 0
      vertex 15.7075 -9.9184 2
      vertex 15.7657 -9.86568 2
    endloop
  endfacet
  facet normal -0.671353 0.741137 0
    outer loop
      vertex 15.7075 -9.9184 2
      vertex 15.7657 -9.86568 0
      vertex 15.7075 -9.9184 0
    endloop
  endfacet
  facet normal -0.941756 0.336296 0
    outer loop
      vertex 15.9391 -9.60614 0
      vertex 15.9655 -9.53221 2
      vertex 15.9655 -9.53221 0
    endloop
  endfacet
  facet normal -0.941756 0.336296 0
    outer loop
      vertex 15.9655 -9.53221 2
      vertex 15.9391 -9.60614 0
      vertex 15.9391 -9.60614 2
    endloop
  endfacet
  facet normal 0.903823 0.427906 0
    outer loop
      vertex 14.0945 -9.67711 2
      vertex 14.0609 -9.60614 0
      vertex 14.0609 -9.60614 2
    endloop
  endfacet
  facet normal 0.903823 0.427906 0
    outer loop
      vertex 14.0609 -9.60614 0
      vertex 14.0945 -9.67711 2
      vertex 14.0945 -9.67711 0
    endloop
  endfacet
  facet normal -0.998765 -0.0496771 0
    outer loop
      vertex 16 9.29999 0
      vertex 15.9961 9.3784 2
      vertex 15.9961 9.3784 0
    endloop
  endfacet
  facet normal -0.998765 -0.0496771 0
    outer loop
      vertex 15.9961 9.3784 2
      vertex 16 9.29999 0
      vertex 16 9.29999 2
    endloop
  endfacet
  facet normal 0.336417 -0.941713 0
    outer loop
      vertex 14.4939 10.0391 0
      vertex 14.5678 10.0655 2
      vertex 14.4939 10.0391 2
    endloop
  endfacet
  facet normal 0.336417 -0.941713 0
    outer loop
      vertex 14.5678 10.0655 2
      vertex 14.4939 10.0391 0
      vertex 14.5678 10.0655 0
    endloop
  endfacet
  facet normal 0.513559 0.858054 -0
    outer loop
      vertex 14.4229 -10.0055 0
      vertex 14.3555 -9.96516 2
      vertex 14.4229 -10.0055 2
    endloop
  endfacet
  facet normal 0.513559 0.858054 0
    outer loop
      vertex 14.3555 -9.96516 2
      vertex 14.4229 -10.0055 0
      vertex 14.3555 -9.96516 0
    endloop
  endfacet
  facet normal 0.427758 -0.903893 0
    outer loop
      vertex 14.4229 10.0055 0
      vertex 14.4939 10.0391 2
      vertex 14.4229 10.0055 2
    endloop
  endfacet
  facet normal 0.427758 -0.903893 0
    outer loop
      vertex 14.4939 10.0391 2
      vertex 14.4229 10.0055 0
      vertex 14.4939 10.0391 0
    endloop
  endfacet
  facet normal 0.903823 -0.427906 0
    outer loop
      vertex 14.0609 9.60614 2
      vertex 14.0945 9.67711 0
      vertex 14.0945 9.67711 2
    endloop
  endfacet
  facet normal 0.903823 -0.427906 0
    outer loop
      vertex 14.0945 9.67711 0
      vertex 14.0609 9.60614 2
      vertex 14.0609 9.60614 0
    endloop
  endfacet
  facet normal -0.671353 -0.741137 0
    outer loop
      vertex 15.7075 9.9184 0
      vertex 15.7657 9.86568 2
      vertex 15.7075 9.9184 2
    endloop
  endfacet
  facet normal -0.671353 -0.741137 -0
    outer loop
      vertex 15.7657 9.86568 2
      vertex 15.7075 9.9184 0
      vertex 15.7657 9.86568 0
    endloop
  endfacet
  facet normal 0.595995 0.802988 -0
    outer loop
      vertex 14.3555 -9.96516 0
      vertex 14.2925 -9.9184 2
      vertex 14.3555 -9.96516 2
    endloop
  endfacet
  facet normal 0.595995 0.802988 0
    outer loop
      vertex 14.2925 -9.9184 2
      vertex 14.3555 -9.96516 0
      vertex 14.2925 -9.9184 0
    endloop
  endfacet
  facet normal 0.969962 -0.243255 0
    outer loop
      vertex 14.0154 9.45605 2
      vertex 14.0345 9.53221 0
      vertex 14.0345 9.53221 2
    endloop
  endfacet
  facet normal 0.969962 -0.243255 0
    outer loop
      vertex 14.0345 9.53221 0
      vertex 14.0154 9.45605 2
      vertex 14.0154 9.45605 0
    endloop
  endfacet
  facet normal -0.98921 -0.146502 0
    outer loop
      vertex 15.9961 9.3784 0
      vertex 15.9846 9.45605 2
      vertex 15.9846 9.45605 0
    endloop
  endfacet
  facet normal -0.98921 -0.146502 0
    outer loop
      vertex 15.9846 9.45605 2
      vertex 15.9961 9.3784 0
      vertex 15.9961 9.3784 2
    endloop
  endfacet
  facet normal -0.741149 -0.67134 0
    outer loop
      vertex 15.8184 9.8075 0
      vertex 15.7657 9.86568 2
      vertex 15.7657 9.86568 0
    endloop
  endfacet
  facet normal -0.741149 -0.67134 0
    outer loop
      vertex 15.7657 9.86568 2
      vertex 15.8184 9.8075 0
      vertex 15.8184 9.8075 2
    endloop
  endfacet
  facet normal -0.858077 -0.513521 0
    outer loop
      vertex 15.9055 9.67711 0
      vertex 15.8652 9.74445 2
      vertex 15.8652 9.74445 0
    endloop
  endfacet
  facet normal -0.858077 -0.513521 0
    outer loop
      vertex 15.8652 9.74445 2
      vertex 15.9055 9.67711 0
      vertex 15.9055 9.67711 2
    endloop
  endfacet
  facet normal 0.0496835 0.998765 -0
    outer loop
      vertex 14.8 -10.1 0
      vertex 14.7216 -10.0961 2
      vertex 14.8 -10.1 2
    endloop
  endfacet
  facet normal 0.0496835 0.998765 0
    outer loop
      vertex 14.7216 -10.0961 2
      vertex 14.8 -10.1 0
      vertex 14.7216 -10.0961 0
    endloop
  endfacet
  facet normal 0.513559 -0.858054 0
    outer loop
      vertex 14.3555 9.96516 0
      vertex 14.4229 10.0055 2
      vertex 14.3555 9.96516 2
    endloop
  endfacet
  facet normal 0.513559 -0.858054 0
    outer loop
      vertex 14.4229 10.0055 2
      vertex 14.3555 9.96516 0
      vertex 14.4229 10.0055 0
    endloop
  endfacet
  facet normal 0.0496835 -0.998765 0
    outer loop
      vertex 14.7216 10.0961 0
      vertex 14.8 10.1 2
      vertex 14.7216 10.0961 2
    endloop
  endfacet
  facet normal 0.0496835 -0.998765 0
    outer loop
      vertex 14.8 10.1 2
      vertex 14.7216 10.0961 0
      vertex 14.8 10.1 0
    endloop
  endfacet
  facet normal 0 -1 0
    outer loop
      vertex 14.8 10.1 0
      vertex 15.2 10.1 2
      vertex 14.8 10.1 2
    endloop
  endfacet
  facet normal 0 -1 -0
    outer loop
      vertex 15.2 10.1 2
      vertex 14.8 10.1 0
      vertex 15.2 10.1 0
    endloop
  endfacet
  facet normal -0.0496835 0.998765 0
    outer loop
      vertex 15.2784 -10.0961 0
      vertex 15.2 -10.1 2
      vertex 15.2784 -10.0961 2
    endloop
  endfacet
  facet normal -0.0496835 0.998765 0
    outer loop
      vertex 15.2 -10.1 2
      vertex 15.2784 -10.0961 0
      vertex 15.2 -10.1 0
    endloop
  endfacet
  facet normal -0.336417 -0.941713 0
    outer loop
      vertex 15.4322 10.0655 0
      vertex 15.5061 10.0391 2
      vertex 15.4322 10.0655 2
    endloop
  endfacet
  facet normal -0.336417 -0.941713 -0
    outer loop
      vertex 15.5061 10.0391 2
      vertex 15.4322 10.0655 0
      vertex 15.5061 10.0391 0
    endloop
  endfacet
  facet normal 0.243435 -0.969917 0
    outer loop
      vertex 14.5678 10.0655 0
      vertex 14.6439 10.0846 2
      vertex 14.5678 10.0655 2
    endloop
  endfacet
  facet normal 0.243435 -0.969917 0
    outer loop
      vertex 14.6439 10.0846 2
      vertex 14.5678 10.0655 0
      vertex 14.6439 10.0846 0
    endloop
  endfacet
  facet normal 0.998765 0.0496771 0
    outer loop
      vertex 14.0039 -9.3784 2
      vertex 14 -9.29999 0
      vertex 14 -9.29999 2
    endloop
  endfacet
  facet normal 0.998765 0.0496771 0
    outer loop
      vertex 14 -9.29999 0
      vertex 14.0039 -9.3784 2
      vertex 14.0039 -9.3784 0
    endloop
  endfacet
  facet normal 0.858077 0.513521 0
    outer loop
      vertex 14.1348 -9.74445 2
      vertex 14.0945 -9.67711 0
      vertex 14.0945 -9.67711 2
    endloop
  endfacet
  facet normal 0.858077 0.513521 0
    outer loop
      vertex 14.0945 -9.67711 0
      vertex 14.1348 -9.74445 2
      vertex 14.1348 -9.74445 0
    endloop
  endfacet
  facet normal -0.903823 -0.427906 0
    outer loop
      vertex 15.9391 9.60614 0
      vertex 15.9055 9.67711 2
      vertex 15.9055 9.67711 0
    endloop
  endfacet
  facet normal -0.903823 -0.427906 0
    outer loop
      vertex 15.9055 9.67711 2
      vertex 15.9391 9.60614 0
      vertex 15.9391 9.60614 2
    endloop
  endfacet
  facet normal -0.969962 0.243255 0
    outer loop
      vertex 15.9655 -9.53221 0
      vertex 15.9846 -9.45605 2
      vertex 15.9846 -9.45605 0
    endloop
  endfacet
  facet normal -0.969962 0.243255 0
    outer loop
      vertex 15.9846 -9.45605 2
      vertex 15.9655 -9.53221 0
      vertex 15.9655 -9.53221 2
    endloop
  endfacet
  facet normal -0.941756 -0.336296 0
    outer loop
      vertex 15.9655 9.53221 0
      vertex 15.9391 9.60614 2
      vertex 15.9391 9.60614 0
    endloop
  endfacet
  facet normal -0.941756 -0.336296 0
    outer loop
      vertex 15.9391 9.60614 2
      vertex 15.9655 9.53221 0
      vertex 15.9655 9.53221 2
    endloop
  endfacet
  facet normal 0.243435 0.969917 -0
    outer loop
      vertex 14.6439 -10.0846 0
      vertex 14.5678 -10.0655 2
      vertex 14.6439 -10.0846 2
    endloop
  endfacet
  facet normal 0.243435 0.969917 0
    outer loop
      vertex 14.5678 -10.0655 2
      vertex 14.6439 -10.0846 0
      vertex 14.5678 -10.0655 0
    endloop
  endfacet
  facet normal -0.336417 0.941713 0
    outer loop
      vertex 15.5061 -10.0391 0
      vertex 15.4322 -10.0655 2
      vertex 15.5061 -10.0391 2
    endloop
  endfacet
  facet normal -0.336417 0.941713 0
    outer loop
      vertex 15.4322 -10.0655 2
      vertex 15.5061 -10.0391 0
      vertex 15.4322 -10.0655 0
    endloop
  endfacet
  facet normal -0.903823 0.427906 0
    outer loop
      vertex 15.9055 -9.67711 0
      vertex 15.9391 -9.60614 2
      vertex 15.9391 -9.60614 0
    endloop
  endfacet
  facet normal -0.903823 0.427906 0
    outer loop
      vertex 15.9391 -9.60614 2
      vertex 15.9055 -9.67711 0
      vertex 15.9055 -9.67711 2
    endloop
  endfacet
  facet normal -0.969962 -0.243255 0
    outer loop
      vertex 15.9846 9.45605 0
      vertex 15.9655 9.53221 2
      vertex 15.9655 9.53221 0
    endloop
  endfacet
  facet normal -0.969962 -0.243255 0
    outer loop
      vertex 15.9655 9.53221 2
      vertex 15.9846 9.45605 0
      vertex 15.9846 9.45605 2
    endloop
  endfacet
  facet normal -0.80297 0.596019 0
    outer loop
      vertex 15.8184 -9.8075 0
      vertex 15.8652 -9.74445 2
      vertex 15.8652 -9.74445 0
    endloop
  endfacet
  facet normal -0.80297 0.596019 0
    outer loop
      vertex 15.8652 -9.74445 2
      vertex 15.8184 -9.8075 0
      vertex 15.8184 -9.8075 2
    endloop
  endfacet
  facet normal -0.98921 0.146502 0
    outer loop
      vertex 15.9846 -9.45605 0
      vertex 15.9961 -9.3784 2
      vertex 15.9961 -9.3784 0
    endloop
  endfacet
  facet normal -0.98921 0.146502 0
    outer loop
      vertex 15.9961 -9.3784 2
      vertex 15.9846 -9.45605 0
      vertex 15.9846 -9.45605 2
    endloop
  endfacet
  facet normal -0.595995 0.802988 0
    outer loop
      vertex 15.7075 -9.9184 0
      vertex 15.6445 -9.96516 2
      vertex 15.7075 -9.9184 2
    endloop
  endfacet
  facet normal -0.595995 0.802988 0
    outer loop
      vertex 15.6445 -9.96516 2
      vertex 15.7075 -9.9184 0
      vertex 15.6445 -9.96516 0
    endloop
  endfacet
  facet normal -0.858077 0.513521 0
    outer loop
      vertex 15.8652 -9.74445 0
      vertex 15.9055 -9.67711 2
      vertex 15.9055 -9.67711 0
    endloop
  endfacet
  facet normal -0.858077 0.513521 0
    outer loop
      vertex 15.9055 -9.67711 2
      vertex 15.8652 -9.74445 0
      vertex 15.8652 -9.74445 2
    endloop
  endfacet
  facet normal 0.0490904 0.998794 -0
    outer loop
      vertex -30.5 9.8 0.5
      vertex -30.6176 9.80578 2
      vertex -30.5 9.8 2
    endloop
  endfacet
  facet normal 0.0490904 0.998794 0
    outer loop
      vertex -30.6176 9.80578 2
      vertex -30.5 9.8 0.5
      vertex -30.6176 9.80578 0.5
    endloop
  endfacet
  facet normal -0.989153 0.146887 0
    outer loop
      vertex -29.3231 10.7659 0.5
      vertex -29.3058 10.8824 2
      vertex -29.3058 10.8824 0.5
    endloop
  endfacet
  facet normal -0.989153 0.146887 0
    outer loop
      vertex -29.3058 10.8824 2
      vertex -29.3231 10.7659 0.5
      vertex -29.3231 10.7659 2
    endloop
  endfacet
  facet normal -0.998786 0.0492599 0
    outer loop
      vertex -29.3058 10.8824 0.5
      vertex -29.3 11 2
      vertex -29.3 11 0.5
    endloop
  endfacet
  facet normal -0.998786 0.0492599 0
    outer loop
      vertex -29.3 11 2
      vertex -29.3058 10.8824 0.5
      vertex -29.3058 10.8824 2
    endloop
  endfacet
  facet normal -0.970042 0.242935 0
    outer loop
      vertex -29.3517 10.6517 0.5
      vertex -29.3231 10.7659 2
      vertex -29.3231 10.7659 0.5
    endloop
  endfacet
  facet normal -0.970042 0.242935 0
    outer loop
      vertex -29.3231 10.7659 2
      vertex -29.3517 10.6517 0.5
      vertex -29.3517 10.6517 2
    endloop
  endfacet
  facet normal 0.0492599 -0.998786 0
    outer loop
      vertex -30.6176 12.1942 0.5
      vertex -30.5 12.2 2
      vertex -30.6176 12.1942 2
    endloop
  endfacet
  facet normal 0.0492599 -0.998786 0
    outer loop
      vertex -30.5 12.2 2
      vertex -30.6176 12.1942 0.5
      vertex -30.5 12.2 0.5
    endloop
  endfacet
  facet normal -0.803046 0.595918 0
    outer loop
      vertex -29.5724 10.2387 0.5
      vertex -29.5022 10.3333 2
      vertex -29.5022 10.3333 0.5
    endloop
  endfacet
  facet normal -0.803046 0.595918 0
    outer loop
      vertex -29.5022 10.3333 2
      vertex -29.5724 10.2387 0.5
      vertex -29.5724 10.2387 2
    endloop
  endfacet
  facet normal -0.595918 0.803046 0
    outer loop
      vertex -29.7387 10.0724 0.5
      vertex -29.8333 10.0022 2
      vertex -29.7387 10.0724 2
    endloop
  endfacet
  facet normal -0.595918 0.803046 0
    outer loop
      vertex -29.8333 10.0022 2
      vertex -29.7387 10.0724 0.5
      vertex -29.8333 10.0022 0.5
    endloop
  endfacet
  facet normal 0.941761 0.336283 0
    outer loop
      vertex -31.6087 10.5408 2
      vertex -31.6483 10.6517 0.5
      vertex -31.6483 10.6517 2
    endloop
  endfacet
  facet normal 0.941761 0.336283 0
    outer loop
      vertex -31.6483 10.6517 0.5
      vertex -31.6087 10.5408 2
      vertex -31.6087 10.5408 0.5
    endloop
  endfacet
  facet normal -0.998786 -0.0492599 0
    outer loop
      vertex -29.3 11 0.5
      vertex -29.3058 11.1176 2
      vertex -29.3058 11.1176 0.5
    endloop
  endfacet
  facet normal -0.998786 -0.0492599 0
    outer loop
      vertex -29.3058 11.1176 2
      vertex -29.3 11 0.5
      vertex -29.3 11 2
    endloop
  endfacet
  facet normal 0.427411 0.904057 -0
    outer loop
      vertex -30.9592 9.89135 0.5
      vertex -31.0657 9.9417 2
      vertex -30.9592 9.89135 2
    endloop
  endfacet
  facet normal 0.427411 0.904057 0
    outer loop
      vertex -31.0657 9.9417 2
      vertex -30.9592 9.89135 0.5
      vertex -31.0657 9.9417 0.5
    endloop
  endfacet
  facet normal 0.146721 0.989178 -0
    outer loop
      vertex -30.6176 9.80578 0.5
      vertex -30.7341 9.82306 2
      vertex -30.6176 9.80578 2
    endloop
  endfacet
  facet normal 0.146721 0.989178 0
    outer loop
      vertex -30.7341 9.82306 2
      vertex -30.6176 9.80578 0.5
      vertex -30.7341 9.82306 0.5
    endloop
  endfacet
  facet normal 0.74067 0.671869 0
    outer loop
      vertex -31.3485 10.1515 2
      vertex -31.4276 10.2387 0.5
      vertex -31.4276 10.2387 2
    endloop
  endfacet
  facet normal 0.74067 0.671869 0
    outer loop
      vertex -31.4276 10.2387 0.5
      vertex -31.3485 10.1515 2
      vertex -31.3485 10.1515 0.5
    endloop
  endfacet
  facet normal -0.427411 0.904057 0
    outer loop
      vertex -29.9343 9.9417 0.5
      vertex -30.0408 9.89135 2
      vertex -29.9343 9.9417 2
    endloop
  endfacet
  facet normal -0.427411 0.904057 0
    outer loop
      vertex -30.0408 9.89135 2
      vertex -29.9343 9.9417 0.5
      vertex -30.0408 9.89135 0.5
    endloop
  endfacet
  facet normal 0.857867 0.513871 0
    outer loop
      vertex -31.4978 10.3333 2
      vertex -31.5583 10.4343 0.5
      vertex -31.5583 10.4343 2
    endloop
  endfacet
  facet normal 0.857867 0.513871 0
    outer loop
      vertex -31.5583 10.4343 0.5
      vertex -31.4978 10.3333 2
      vertex -31.4978 10.3333 0.5
    endloop
  endfacet
  facet normal -0.336283 -0.941761 0
    outer loop
      vertex -30.1517 12.1483 0.5
      vertex -30.0408 12.1087 2
      vertex -30.1517 12.1483 2
    endloop
  endfacet
  facet normal -0.336283 -0.941761 -0
    outer loop
      vertex -30.0408 12.1087 2
      vertex -30.1517 12.1483 0.5
      vertex -30.0408 12.1087 0.5
    endloop
  endfacet
  facet normal 0.336885 0.941546 -0
    outer loop
      vertex -30.8483 9.85167 0.5
      vertex -30.9592 9.89135 2
      vertex -30.8483 9.85167 2
    endloop
  endfacet
  facet normal 0.336885 0.941546 0
    outer loop
      vertex -30.9592 9.89135 2
      vertex -30.8483 9.85167 0.5
      vertex -30.9592 9.89135 0.5
    endloop
  endfacet
  facet normal 0.595918 0.803046 -0
    outer loop
      vertex -31.1667 10.0022 0.5
      vertex -31.2613 10.0724 2
      vertex -31.1667 10.0022 2
    endloop
  endfacet
  facet normal 0.595918 0.803046 0
    outer loop
      vertex -31.2613 10.0724 2
      vertex -31.1667 10.0022 0.5
      vertex -31.2613 10.0724 0.5
    endloop
  endfacet
  facet normal 0.998786 -0.0492599 0
    outer loop
      vertex -31.7 11 2
      vertex -31.6942 11.1176 0.5
      vertex -31.6942 11.1176 2
    endloop
  endfacet
  facet normal 0.998786 -0.0492599 0
    outer loop
      vertex -31.6942 11.1176 0.5
      vertex -31.7 11 2
      vertex -31.7 11 0.5
    endloop
  endfacet
  facet normal 0.803046 -0.595918 0
    outer loop
      vertex -31.4978 11.6667 2
      vertex -31.4276 11.7613 0.5
      vertex -31.4276 11.7613 2
    endloop
  endfacet
  facet normal 0.803046 -0.595918 0
    outer loop
      vertex -31.4276 11.7613 0.5
      vertex -31.4978 11.6667 2
      vertex -31.4978 11.6667 0.5
    endloop
  endfacet
  facet normal -0.989153 -0.146887 0
    outer loop
      vertex -29.3058 11.1176 0.5
      vertex -29.3231 11.2341 2
      vertex -29.3231 11.2341 0.5
    endloop
  endfacet
  facet normal -0.989153 -0.146887 0
    outer loop
      vertex -29.3231 11.2341 2
      vertex -29.3058 11.1176 0.5
      vertex -29.3058 11.1176 2
    endloop
  endfacet
  facet normal -0.941761 0.336283 0
    outer loop
      vertex -29.3913 10.5408 0.5
      vertex -29.3517 10.6517 2
      vertex -29.3517 10.6517 0.5
    endloop
  endfacet
  facet normal -0.941761 0.336283 0
    outer loop
      vertex -29.3517 10.6517 2
      vertex -29.3913 10.5408 0.5
      vertex -29.3913 10.5408 2
    endloop
  endfacet
  facet normal 0.857867 -0.513871 0
    outer loop
      vertex -31.5583 11.5657 2
      vertex -31.4978 11.6667 0.5
      vertex -31.4978 11.6667 2
    endloop
  endfacet
  facet normal 0.857867 -0.513871 0
    outer loop
      vertex -31.4978 11.6667 0.5
      vertex -31.5583 11.5657 2
      vertex -31.5583 11.5657 0.5
    endloop
  endfacet
  facet normal -0.803046 -0.595918 0
    outer loop
      vertex -29.5022 11.6667 0.5
      vertex -29.5724 11.7613 2
      vertex -29.5724 11.7613 0.5
    endloop
  endfacet
  facet normal -0.803046 -0.595918 0
    outer loop
      vertex -29.5724 11.7613 2
      vertex -29.5022 11.6667 0.5
      vertex -29.5022 11.6667 2
    endloop
  endfacet
  facet normal -0.336885 0.941546 0
    outer loop
      vertex -30.0408 9.89135 0.5
      vertex -30.1517 9.85167 2
      vertex -30.0408 9.89135 2
    endloop
  endfacet
  facet normal -0.336885 0.941546 0
    outer loop
      vertex -30.1517 9.85167 2
      vertex -30.0408 9.89135 0.5
      vertex -30.1517 9.85167 0.5
    endloop
  endfacet
  facet normal -0.74067 0.671869 0
    outer loop
      vertex -29.6515 10.1515 0.5
      vertex -29.5724 10.2387 2
      vertex -29.5724 10.2387 0.5
    endloop
  endfacet
  facet normal -0.74067 0.671869 0
    outer loop
      vertex -29.5724 10.2387 2
      vertex -29.6515 10.1515 0.5
      vertex -29.6515 10.1515 2
    endloop
  endfacet
  facet normal 0.903893 0.427758 0
    outer loop
      vertex -31.5583 10.4343 2
      vertex -31.6087 10.5408 0.5
      vertex -31.6087 10.5408 2
    endloop
  endfacet
  facet normal 0.903893 0.427758 0
    outer loop
      vertex -31.6087 10.5408 0.5
      vertex -31.5583 10.4343 2
      vertex -31.5583 10.4343 0.5
    endloop
  endfacet
  facet normal -0.146721 0.989178 0
    outer loop
      vertex -30.2659 9.82306 0.5
      vertex -30.3824 9.80578 2
      vertex -30.2659 9.82306 2
    endloop
  endfacet
  facet normal -0.146721 0.989178 0
    outer loop
      vertex -30.3824 9.80578 2
      vertex -30.2659 9.82306 0.5
      vertex -30.3824 9.80578 0.5
    endloop
  endfacet
  facet normal -0.513871 -0.857867 0
    outer loop
      vertex -29.9343 12.0583 0.5
      vertex -29.8333 11.9978 2
      vertex -29.9343 12.0583 2
    endloop
  endfacet
  facet normal -0.513871 -0.857867 -0
    outer loop
      vertex -29.8333 11.9978 2
      vertex -29.9343 12.0583 0.5
      vertex -29.8333 11.9978 0.5
    endloop
  endfacet
  facet normal -0.513871 0.857867 0
    outer loop
      vertex -29.8333 10.0022 0.5
      vertex -29.9343 9.9417 2
      vertex -29.8333 10.0022 2
    endloop
  endfacet
  facet normal -0.513871 0.857867 0
    outer loop
      vertex -29.9343 9.9417 2
      vertex -29.8333 10.0022 0.5
      vertex -29.9343 9.9417 0.5
    endloop
  endfacet
  facet normal 0.243015 0.970022 -0
    outer loop
      vertex -30.7341 9.82306 0.5
      vertex -30.8483 9.85167 2
      vertex -30.7341 9.82306 2
    endloop
  endfacet
  facet normal 0.243015 0.970022 0
    outer loop
      vertex -30.8483 9.85167 2
      vertex -30.7341 9.82306 0.5
      vertex -30.8483 9.85167 0.5
    endloop
  endfacet
  facet normal 0.903893 -0.427758 0
    outer loop
      vertex -31.6087 11.4592 2
      vertex -31.5583 11.5657 0.5
      vertex -31.5583 11.5657 2
    endloop
  endfacet
  facet normal 0.903893 -0.427758 0
    outer loop
      vertex -31.5583 11.5657 0.5
      vertex -31.6087 11.4592 2
      vertex -31.6087 11.4592 0.5
    endloop
  endfacet
  facet normal -0.903893 0.427758 0
    outer loop
      vertex -29.4417 10.4343 0.5
      vertex -29.3913 10.5408 2
      vertex -29.3913 10.5408 0.5
    endloop
  endfacet
  facet normal -0.903893 0.427758 0
    outer loop
      vertex -29.3913 10.5408 2
      vertex -29.4417 10.4343 0.5
      vertex -29.4417 10.4343 2
    endloop
  endfacet
  facet normal 0.146887 -0.989153 0
    outer loop
      vertex -30.7341 12.1769 0.5
      vertex -30.6176 12.1942 2
      vertex -30.7341 12.1769 2
    endloop
  endfacet
  facet normal 0.146887 -0.989153 0
    outer loop
      vertex -30.6176 12.1942 2
      vertex -30.7341 12.1769 0.5
      vertex -30.6176 12.1942 0.5
    endloop
  endfacet
  facet normal -0.671869 -0.74067 0
    outer loop
      vertex -29.7387 11.9276 0.5
      vertex -29.6515 11.8485 2
      vertex -29.7387 11.9276 2
    endloop
  endfacet
  facet normal -0.671869 -0.74067 -0
    outer loop
      vertex -29.6515 11.8485 2
      vertex -29.7387 11.9276 0.5
      vertex -29.6515 11.8485 0.5
    endloop
  endfacet
  facet normal 0.998786 0.0492599 0
    outer loop
      vertex -31.6942 10.8824 2
      vertex -31.7 11 0.5
      vertex -31.7 11 2
    endloop
  endfacet
  facet normal 0.998786 0.0492599 0
    outer loop
      vertex -31.7 11 0.5
      vertex -31.6942 10.8824 2
      vertex -31.6942 10.8824 0.5
    endloop
  endfacet
  facet normal 0.989153 -0.146887 0
    outer loop
      vertex -31.6942 11.1176 2
      vertex -31.6769 11.2341 0.5
      vertex -31.6769 11.2341 2
    endloop
  endfacet
  facet normal 0.989153 -0.146887 0
    outer loop
      vertex -31.6769 11.2341 0.5
      vertex -31.6942 11.1176 2
      vertex -31.6942 11.1176 0.5
    endloop
  endfacet
  facet normal 0.595918 -0.803046 0
    outer loop
      vertex -31.2613 11.9276 0.5
      vertex -31.1667 11.9978 2
      vertex -31.2613 11.9276 2
    endloop
  endfacet
  facet normal 0.595918 -0.803046 0
    outer loop
      vertex -31.1667 11.9978 2
      vertex -31.2613 11.9276 0.5
      vertex -31.1667 11.9978 0.5
    endloop
  endfacet
  facet normal -0.146887 -0.989153 0
    outer loop
      vertex -30.3824 12.1942 0.5
      vertex -30.2659 12.1769 2
      vertex -30.3824 12.1942 2
    endloop
  endfacet
  facet normal -0.146887 -0.989153 -0
    outer loop
      vertex -30.2659 12.1769 2
      vertex -30.3824 12.1942 0.5
      vertex -30.2659 12.1769 0.5
    endloop
  endfacet
  facet normal 0.941761 -0.336283 0
    outer loop
      vertex -31.6483 11.3483 2
      vertex -31.6087 11.4592 0.5
      vertex -31.6087 11.4592 2
    endloop
  endfacet
  facet normal 0.941761 -0.336283 0
    outer loop
      vertex -31.6087 11.4592 0.5
      vertex -31.6483 11.3483 2
      vertex -31.6483 11.3483 0.5
    endloop
  endfacet
  facet normal -0.595918 -0.803046 0
    outer loop
      vertex -29.8333 11.9978 0.5
      vertex -29.7387 11.9276 2
      vertex -29.8333 11.9978 2
    endloop
  endfacet
  facet normal -0.595918 -0.803046 -0
    outer loop
      vertex -29.7387 11.9276 2
      vertex -29.8333 11.9978 0.5
      vertex -29.7387 11.9276 0.5
    endloop
  endfacet
  facet normal -0.427758 -0.903893 0
    outer loop
      vertex -30.0408 12.1087 0.5
      vertex -29.9343 12.0583 2
      vertex -30.0408 12.1087 2
    endloop
  endfacet
  facet normal -0.427758 -0.903893 -0
    outer loop
      vertex -29.9343 12.0583 2
      vertex -30.0408 12.1087 0.5
      vertex -29.9343 12.0583 0.5
    endloop
  endfacet
  facet normal 0.74067 -0.671869 0
    outer loop
      vertex -31.4276 11.7613 2
      vertex -31.3485 11.8485 0.5
      vertex -31.3485 11.8485 2
    endloop
  endfacet
  facet normal 0.74067 -0.671869 0
    outer loop
      vertex -31.3485 11.8485 0.5
      vertex -31.4276 11.7613 2
      vertex -31.4276 11.7613 0.5
    endloop
  endfacet
  facet normal 0.671869 -0.74067 0
    outer loop
      vertex -31.3485 11.8485 0.5
      vertex -31.2613 11.9276 2
      vertex -31.3485 11.8485 2
    endloop
  endfacet
  facet normal 0.671869 -0.74067 0
    outer loop
      vertex -31.2613 11.9276 2
      vertex -31.3485 11.8485 0.5
      vertex -31.2613 11.9276 0.5
    endloop
  endfacet
  facet normal 0.242935 -0.970042 0
    outer loop
      vertex -30.8483 12.1483 0.5
      vertex -30.7341 12.1769 2
      vertex -30.8483 12.1483 2
    endloop
  endfacet
  facet normal 0.242935 -0.970042 0
    outer loop
      vertex -30.7341 12.1769 2
      vertex -30.8483 12.1483 0.5
      vertex -30.7341 12.1769 0.5
    endloop
  endfacet
  facet normal -0.0490904 0.998794 0
    outer loop
      vertex -30.3824 9.80578 0.5
      vertex -30.5 9.8 2
      vertex -30.3824 9.80578 2
    endloop
  endfacet
  facet normal -0.0490904 0.998794 0
    outer loop
      vertex -30.5 9.8 2
      vertex -30.3824 9.80578 0.5
      vertex -30.5 9.8 0.5
    endloop
  endfacet
  facet normal -0.903893 -0.427758 0
    outer loop
      vertex -29.3913 11.4592 0.5
      vertex -29.4417 11.5657 2
      vertex -29.4417 11.5657 0.5
    endloop
  endfacet
  facet normal -0.903893 -0.427758 0
    outer loop
      vertex -29.4417 11.5657 2
      vertex -29.3913 11.4592 0.5
      vertex -29.3913 11.4592 2
    endloop
  endfacet
  facet normal 0.513871 0.857867 -0
    outer loop
      vertex -31.0657 9.9417 0.5
      vertex -31.1667 10.0022 2
      vertex -31.0657 9.9417 2
    endloop
  endfacet
  facet normal 0.513871 0.857867 0
    outer loop
      vertex -31.1667 10.0022 2
      vertex -31.0657 9.9417 0.5
      vertex -31.1667 10.0022 0.5
    endloop
  endfacet
  facet normal -0.671869 0.74067 0
    outer loop
      vertex -29.6515 10.1515 0.5
      vertex -29.7387 10.0724 2
      vertex -29.6515 10.1515 2
    endloop
  endfacet
  facet normal -0.671869 0.74067 0
    outer loop
      vertex -29.7387 10.0724 2
      vertex -29.6515 10.1515 0.5
      vertex -29.7387 10.0724 0.5
    endloop
  endfacet
  facet normal 0.970042 0.242935 0
    outer loop
      vertex -31.6483 10.6517 2
      vertex -31.6769 10.7659 0.5
      vertex -31.6769 10.7659 2
    endloop
  endfacet
  facet normal 0.970042 0.242935 0
    outer loop
      vertex -31.6769 10.7659 0.5
      vertex -31.6483 10.6517 2
      vertex -31.6483 10.6517 0.5
    endloop
  endfacet
  facet normal -0.970042 -0.242935 0
    outer loop
      vertex -29.3231 11.2341 0.5
      vertex -29.3517 11.3483 2
      vertex -29.3517 11.3483 0.5
    endloop
  endfacet
  facet normal -0.970042 -0.242935 0
    outer loop
      vertex -29.3517 11.3483 2
      vertex -29.3231 11.2341 0.5
      vertex -29.3231 11.2341 2
    endloop
  endfacet
  facet normal -0.242935 -0.970042 0
    outer loop
      vertex -30.2659 12.1769 0.5
      vertex -30.1517 12.1483 2
      vertex -30.2659 12.1769 2
    endloop
  endfacet
  facet normal -0.242935 -0.970042 -0
    outer loop
      vertex -30.1517 12.1483 2
      vertex -30.2659 12.1769 0.5
      vertex -30.1517 12.1483 0.5
    endloop
  endfacet
  facet normal -0.74067 -0.671869 0
    outer loop
      vertex -29.5724 11.7613 0.5
      vertex -29.6515 11.8485 2
      vertex -29.6515 11.8485 0.5
    endloop
  endfacet
  facet normal -0.74067 -0.671869 0
    outer loop
      vertex -29.6515 11.8485 2
      vertex -29.5724 11.7613 0.5
      vertex -29.5724 11.7613 2
    endloop
  endfacet
  facet normal -0.857867 0.513871 0
    outer loop
      vertex -29.5022 10.3333 0.5
      vertex -29.4417 10.4343 2
      vertex -29.4417 10.4343 0.5
    endloop
  endfacet
  facet normal -0.857867 0.513871 0
    outer loop
      vertex -29.4417 10.4343 2
      vertex -29.5022 10.3333 0.5
      vertex -29.5022 10.3333 2
    endloop
  endfacet
  facet normal -0.0492599 -0.998786 0
    outer loop
      vertex -30.5 12.2 0.5
      vertex -30.3824 12.1942 2
      vertex -30.5 12.2 2
    endloop
  endfacet
  facet normal -0.0492599 -0.998786 -0
    outer loop
      vertex -30.3824 12.1942 2
      vertex -30.5 12.2 0.5
      vertex -30.3824 12.1942 0.5
    endloop
  endfacet
  facet normal 0.970042 -0.242935 0
    outer loop
      vertex -31.6769 11.2341 2
      vertex -31.6483 11.3483 0.5
      vertex -31.6483 11.3483 2
    endloop
  endfacet
  facet normal 0.970042 -0.242935 0
    outer loop
      vertex -31.6483 11.3483 0.5
      vertex -31.6769 11.2341 2
      vertex -31.6769 11.2341 0.5
    endloop
  endfacet
  facet normal 0.671869 0.74067 -0
    outer loop
      vertex -31.2613 10.0724 0.5
      vertex -31.3485 10.1515 2
      vertex -31.2613 10.0724 2
    endloop
  endfacet
  facet normal 0.671869 0.74067 0
    outer loop
      vertex -31.3485 10.1515 2
      vertex -31.2613 10.0724 0.5
      vertex -31.3485 10.1515 0.5
    endloop
  endfacet
  facet normal 0.513871 -0.857867 0
    outer loop
      vertex -31.1667 11.9978 0.5
      vertex -31.0657 12.0583 2
      vertex -31.1667 11.9978 2
    endloop
  endfacet
  facet normal 0.513871 -0.857867 0
    outer loop
      vertex -31.0657 12.0583 2
      vertex -31.1667 11.9978 0.5
      vertex -31.0657 12.0583 0.5
    endloop
  endfacet
  facet normal 0.336283 -0.941761 0
    outer loop
      vertex -30.9592 12.1087 0.5
      vertex -30.8483 12.1483 2
      vertex -30.9592 12.1087 2
    endloop
  endfacet
  facet normal 0.336283 -0.941761 0
    outer loop
      vertex -30.8483 12.1483 2
      vertex -30.9592 12.1087 0.5
      vertex -30.8483 12.1483 0.5
    endloop
  endfacet
  facet normal -0.857867 -0.513871 0
    outer loop
      vertex -29.4417 11.5657 0.5
      vertex -29.5022 11.6667 2
      vertex -29.5022 11.6667 0.5
    endloop
  endfacet
  facet normal -0.857867 -0.513871 0
    outer loop
      vertex -29.5022 11.6667 2
      vertex -29.4417 11.5657 0.5
      vertex -29.4417 11.5657 2
    endloop
  endfacet
  facet normal -0.941761 -0.336283 0
    outer loop
      vertex -29.3517 11.3483 0.5
      vertex -29.3913 11.4592 2
      vertex -29.3913 11.4592 0.5
    endloop
  endfacet
  facet normal -0.941761 -0.336283 0
    outer loop
      vertex -29.3913 11.4592 2
      vertex -29.3517 11.3483 0.5
      vertex -29.3517 11.3483 2
    endloop
  endfacet
  facet normal 0.427758 -0.903893 0
    outer loop
      vertex -31.0657 12.0583 0.5
      vertex -30.9592 12.1087 2
      vertex -31.0657 12.0583 2
    endloop
  endfacet
  facet normal 0.427758 -0.903893 0
    outer loop
      vertex -30.9592 12.1087 2
      vertex -31.0657 12.0583 0.5
      vertex -30.9592 12.1087 0.5
    endloop
  endfacet
  facet normal 0.989153 0.146887 0
    outer loop
      vertex -31.6769 10.7659 2
      vertex -31.6942 10.8824 0.5
      vertex -31.6942 10.8824 2
    endloop
  endfacet
  facet normal 0.989153 0.146887 0
    outer loop
      vertex -31.6942 10.8824 0.5
      vertex -31.6769 10.7659 2
      vertex -31.6769 10.7659 0.5
    endloop
  endfacet
  facet normal -0.243015 0.970022 0
    outer loop
      vertex -30.1517 9.85167 0.5
      vertex -30.2659 9.82306 2
      vertex -30.1517 9.85167 2
    endloop
  endfacet
  facet normal -0.243015 0.970022 0
    outer loop
      vertex -30.2659 9.82306 2
      vertex -30.1517 9.85167 0.5
      vertex -30.2659 9.82306 0.5
    endloop
  endfacet
  facet normal 0.803046 0.595918 0
    outer loop
      vertex -31.4276 10.2387 2
      vertex -31.4978 10.3333 0.5
      vertex -31.4978 10.3333 2
    endloop
  endfacet
  facet normal 0.803046 0.595918 0
    outer loop
      vertex -31.4978 10.3333 0.5
      vertex -31.4276 10.2387 2
      vertex -31.4276 10.2387 0.5
    endloop
  endfacet
  facet normal 0.146672 0.989185 -0
    outer loop
      vertex -30.7254 8.71108 0
      vertex -30.9487 8.74419 0.5
      vertex -30.7254 8.71108 0.5
    endloop
  endfacet
  facet normal 0.146672 0.989185 0
    outer loop
      vertex -30.9487 8.74419 0.5
      vertex -30.7254 8.71108 0
      vertex -30.9487 8.74419 0
    endloop
  endfacet
  facet normal -0.989192 0.146629 0
    outer loop
      vertex -28.2442 10.5513 0
      vertex -28.2111 10.7746 0.5
      vertex -28.2111 10.7746 0
    endloop
  endfacet
  facet normal -0.989192 0.146629 0
    outer loop
      vertex -28.2111 10.7746 0.5
      vertex -28.2442 10.5513 0
      vertex -28.2442 10.5513 0.5
    endloop
  endfacet
  facet normal -0.99879 0.0491862 0
    outer loop
      vertex -28.2111 10.7746 0
      vertex -28.2 11 0.5
      vertex -28.2 11 0
    endloop
  endfacet
  facet normal -0.99879 0.0491862 0
    outer loop
      vertex -28.2 11 0.5
      vertex -28.2111 10.7746 0
      vertex -28.2111 10.7746 0.5
    endloop
  endfacet
  facet normal -0.97009 0.242744 0
    outer loop
      vertex -28.299 10.3323 0
      vertex -28.2442 10.5513 0.5
      vertex -28.2442 10.5513 0
    endloop
  endfacet
  facet normal -0.97009 0.242744 0
    outer loop
      vertex -28.2442 10.5513 0.5
      vertex -28.299 10.3323 0
      vertex -28.299 10.3323 0.5
    endloop
  endfacet
  facet normal -0.99879 -0.0491862 0
    outer loop
      vertex -28.2 11 0
      vertex -28.2111 11.2254 0.5
      vertex -28.2111 11.2254 0
    endloop
  endfacet
  facet normal -0.99879 -0.0491862 0
    outer loop
      vertex -28.2111 11.2254 0.5
      vertex -28.2 11 0
      vertex -28.2 11 0.5
    endloop
  endfacet
  facet normal 0.336915 0.941535 -0
    outer loop
      vertex -31.1677 8.79904 0
      vertex -31.3802 8.87508 0.5
      vertex -31.1677 8.79904 0.5
    endloop
  endfacet
  facet normal 0.336915 0.941535 0
    outer loop
      vertex -31.3802 8.87508 0.5
      vertex -31.1677 8.79904 0
      vertex -31.3802 8.87508 0
    endloop
  endfacet
  facet normal -0.941451 -0.33715 0
    outer loop
      vertex -28.299 11.6677 0
      vertex -28.3751 11.8802 0.5
      vertex -28.3751 11.8802 0
    endloop
  endfacet
  facet normal -0.941451 -0.33715 0
    outer loop
      vertex -28.3751 11.8802 0.5
      vertex -28.299 11.6677 0
      vertex -28.299 11.6677 0.5
    endloop
  endfacet
  facet normal -0.671702 -0.740822 0
    outer loop
      vertex -29.0409 12.7779 0
      vertex -28.8737 12.6263 0.5
      vertex -29.0409 12.7779 0.5
    endloop
  endfacet
  facet normal -0.671702 -0.740822 -0
    outer loop
      vertex -28.8737 12.6263 0.5
      vertex -29.0409 12.7779 0
      vertex -28.8737 12.6263 0
    endloop
  endfacet
  facet normal -0.336915 0.941535 0
    outer loop
      vertex -29.6198 8.87508 0
      vertex -29.8323 8.79904 0.5
      vertex -29.6198 8.87508 0.5
    endloop
  endfacet
  facet normal -0.336915 0.941535 0
    outer loop
      vertex -29.8323 8.79904 0.5
      vertex -29.6198 8.87508 0
      vertex -29.8323 8.79904 0
    endloop
  endfacet
  facet normal -0.80311 0.595831 0
    outer loop
      vertex -28.7221 9.5409 0
      vertex -28.5876 9.72219 0.5
      vertex -28.5876 9.72219 0
    endloop
  endfacet
  facet normal -0.80311 0.595831 0
    outer loop
      vertex -28.5876 9.72219 0.5
      vertex -28.7221 9.5409 0
      vertex -28.7221 9.5409 0.5
    endloop
  endfacet
  facet normal -0.514105 0.857727 0
    outer loop
      vertex -29.2222 9.08762 0
      vertex -29.4158 8.97158 0.5
      vertex -29.2222 9.08762 0.5
    endloop
  endfacet
  facet normal -0.514105 0.857727 0
    outer loop
      vertex -29.4158 8.97158 0.5
      vertex -29.2222 9.08762 0
      vertex -29.4158 8.97158 0
    endloop
  endfacet
  facet normal 0.146629 -0.989192 0
    outer loop
      vertex -30.9487 13.2558 0
      vertex -30.7254 13.2889 0.5
      vertex -30.9487 13.2558 0.5
    endloop
  endfacet
  facet normal 0.146629 -0.989192 0
    outer loop
      vertex -30.7254 13.2889 0.5
      vertex -30.9487 13.2558 0
      vertex -30.7254 13.2889 0
    endloop
  endfacet
  facet normal -0.740822 -0.671702 0
    outer loop
      vertex -28.7221 12.4591 0
      vertex -28.8737 12.6263 0.5
      vertex -28.8737 12.6263 0
    endloop
  endfacet
  facet normal -0.740822 -0.671702 0
    outer loop
      vertex -28.8737 12.6263 0.5
      vertex -28.7221 12.4591 0
      vertex -28.7221 12.4591 0.5
    endloop
  endfacet
  facet normal 0.242952 0.970038 -0
    outer loop
      vertex -30.9487 8.74419 0
      vertex -31.1677 8.79904 0.5
      vertex -30.9487 8.74419 0.5
    endloop
  endfacet
  facet normal 0.242952 0.970038 0
    outer loop
      vertex -31.1677 8.79904 0.5
      vertex -30.9487 8.74419 0
      vertex -31.1677 8.79904 0
    endloop
  endfacet
  facet normal -0.0491862 -0.99879 0
    outer loop
      vertex -30.5 13.3 0
      vertex -30.2746 13.2889 0.5
      vertex -30.5 13.3 0.5
    endloop
  endfacet
  facet normal -0.0491862 -0.99879 -0
    outer loop
      vertex -30.2746 13.2889 0.5
      vertex -30.5 13.3 0
      vertex -30.2746 13.2889 0
    endloop
  endfacet
  facet normal 0.42761 0.903963 -0
    outer loop
      vertex -31.3802 8.87508 0
      vertex -31.5842 8.97158 0.5
      vertex -31.3802 8.87508 0.5
    endloop
  endfacet
  facet normal 0.42761 0.903963 0
    outer loop
      vertex -31.5842 8.97158 0.5
      vertex -31.3802 8.87508 0
      vertex -31.5842 8.97158 0
    endloop
  endfacet
  facet normal -0.903963 -0.42761 0
    outer loop
      vertex -28.3751 11.8802 0
      vertex -28.4716 12.0842 0.5
      vertex -28.4716 12.0842 0
    endloop
  endfacet
  facet normal -0.903963 -0.42761 0
    outer loop
      vertex -28.4716 12.0842 0.5
      vertex -28.3751 11.8802 0
      vertex -28.3751 11.8802 0.5
    endloop
  endfacet
  facet normal 0.803125 -0.59581 0
    outer loop
      vertex -32.4124 12.2778 0.5
      vertex -32.2779 12.4591 0
      vertex -32.2779 12.4591 0.5
    endloop
  endfacet
  facet normal 0.803125 -0.59581 0
    outer loop
      vertex -32.2779 12.4591 0
      vertex -32.4124 12.2778 0.5
      vertex -32.4124 12.2778 0
    endloop
  endfacet
  facet normal -0.989192 -0.146629 0
    outer loop
      vertex -28.2111 11.2254 0
      vertex -28.2442 11.4487 0.5
      vertex -28.2442 11.4487 0
    endloop
  endfacet
  facet normal -0.989192 -0.146629 0
    outer loop
      vertex -28.2442 11.4487 0.5
      vertex -28.2111 11.2254 0
      vertex -28.2111 11.2254 0.5
    endloop
  endfacet
  facet normal 0.513974 -0.857806 0
    outer loop
      vertex -31.7778 12.9124 0
      vertex -31.5842 13.0284 0.5
      vertex -31.7778 12.9124 0.5
    endloop
  endfacet
  facet normal 0.513974 -0.857806 0
    outer loop
      vertex -31.5842 13.0284 0.5
      vertex -31.7778 12.9124 0
      vertex -31.5842 13.0284 0
    endloop
  endfacet
  facet normal -0.0490978 0.998794 0
    outer loop
      vertex -30.2746 8.71108 0
      vertex -30.5 8.7 0.5
      vertex -30.2746 8.71108 0.5
    endloop
  endfacet
  facet normal -0.0490978 0.998794 0
    outer loop
      vertex -30.5 8.7 0.5
      vertex -30.2746 8.71108 0
      vertex -30.5 8.7 0
    endloop
  endfacet
  facet normal 0.0490978 0.998794 -0
    outer loop
      vertex -30.5 8.7 0
      vertex -30.7254 8.71108 0.5
      vertex -30.5 8.7 0.5
    endloop
  endfacet
  facet normal 0.0490978 0.998794 0
    outer loop
      vertex -30.7254 8.71108 0.5
      vertex -30.5 8.7 0
      vertex -30.7254 8.71108 0
    endloop
  endfacet
  facet normal -0.671653 0.740866 0
    outer loop
      vertex -28.8737 9.37366 0
      vertex -29.0409 9.22208 0.5
      vertex -28.8737 9.37366 0.5
    endloop
  endfacet
  facet normal -0.671653 0.740866 0
    outer loop
      vertex -29.0409 9.22208 0.5
      vertex -28.8737 9.37366 0
      vertex -29.0409 9.22208 0
    endloop
  endfacet
  facet normal -0.146629 -0.989192 0
    outer loop
      vertex -30.2746 13.2889 0
      vertex -30.0513 13.2558 0.5
      vertex -30.2746 13.2889 0.5
    endloop
  endfacet
  facet normal -0.146629 -0.989192 -0
    outer loop
      vertex -30.0513 13.2558 0.5
      vertex -30.2746 13.2889 0
      vertex -30.0513 13.2558 0
    endloop
  endfacet
  facet normal -0.803125 -0.59581 0
    outer loop
      vertex -28.5876 12.2778 0
      vertex -28.7221 12.4591 0.5
      vertex -28.7221 12.4591 0
    endloop
  endfacet
  facet normal -0.803125 -0.59581 0
    outer loop
      vertex -28.7221 12.4591 0.5
      vertex -28.5876 12.2778 0
      vertex -28.5876 12.2778 0.5
    endloop
  endfacet
  facet normal -0.42761 0.903963 0
    outer loop
      vertex -29.4158 8.97158 0
      vertex -29.6198 8.87508 0.5
      vertex -29.4158 8.97158 0.5
    endloop
  endfacet
  facet normal -0.42761 0.903963 0
    outer loop
      vertex -29.6198 8.87508 0.5
      vertex -29.4158 8.97158 0
      vertex -29.6198 8.87508 0
    endloop
  endfacet
  facet normal -0.59581 -0.803125 0
    outer loop
      vertex -29.2222 12.9124 0
      vertex -29.0409 12.7779 0.5
      vertex -29.2222 12.9124 0.5
    endloop
  endfacet
  facet normal -0.59581 -0.803125 -0
    outer loop
      vertex -29.0409 12.7779 0.5
      vertex -29.2222 12.9124 0
      vertex -29.0409 12.7779 0
    endloop
  endfacet
  facet normal 0.80311 0.595831 0
    outer loop
      vertex -32.2779 9.5409 0.5
      vertex -32.4124 9.72219 0
      vertex -32.4124 9.72219 0.5
    endloop
  endfacet
  facet normal 0.80311 0.595831 0
    outer loop
      vertex -32.4124 9.72219 0
      vertex -32.2779 9.5409 0.5
      vertex -32.2779 9.5409 0
    endloop
  endfacet
  facet normal 0.0491862 -0.99879 0
    outer loop
      vertex -30.7254 13.2889 0
      vertex -30.5 13.3 0.5
      vertex -30.7254 13.2889 0.5
    endloop
  endfacet
  facet normal 0.0491862 -0.99879 0
    outer loop
      vertex -30.5 13.3 0.5
      vertex -30.7254 13.2889 0
      vertex -30.5 13.3 0
    endloop
  endfacet
  facet normal -0.146672 0.989185 0
    outer loop
      vertex -30.0513 8.74419 0
      vertex -30.2746 8.71108 0.5
      vertex -30.0513 8.74419 0.5
    endloop
  endfacet
  facet normal -0.146672 0.989185 0
    outer loop
      vertex -30.2746 8.71108 0.5
      vertex -30.0513 8.74419 0
      vertex -30.2746 8.71108 0
    endloop
  endfacet
  facet normal 0.97009 -0.242744 0
    outer loop
      vertex -32.7558 11.4487 0.5
      vertex -32.701 11.6677 0
      vertex -32.701 11.6677 0.5
    endloop
  endfacet
  facet normal 0.97009 -0.242744 0
    outer loop
      vertex -32.701 11.6677 0
      vertex -32.7558 11.4487 0.5
      vertex -32.7558 11.4487 0
    endloop
  endfacet
  facet normal 0.857806 -0.513974 0
    outer loop
      vertex -32.5284 12.0842 0.5
      vertex -32.4124 12.2778 0
      vertex -32.4124 12.2778 0.5
    endloop
  endfacet
  facet normal 0.857806 -0.513974 0
    outer loop
      vertex -32.4124 12.2778 0
      vertex -32.5284 12.0842 0.5
      vertex -32.5284 12.0842 0
    endloop
  endfacet
  facet normal -0.740902 0.671614 0
    outer loop
      vertex -28.8737 9.37366 0
      vertex -28.7221 9.5409 0.5
      vertex -28.7221 9.5409 0
    endloop
  endfacet
  facet normal -0.740902 0.671614 0
    outer loop
      vertex -28.7221 9.5409 0.5
      vertex -28.8737 9.37366 0
      vertex -28.8737 9.37366 0.5
    endloop
  endfacet
  facet normal 0.97009 0.242744 0
    outer loop
      vertex -32.701 10.3323 0.5
      vertex -32.7558 10.5513 0
      vertex -32.7558 10.5513 0.5
    endloop
  endfacet
  facet normal 0.97009 0.242744 0
    outer loop
      vertex -32.7558 10.5513 0
      vertex -32.701 10.3323 0.5
      vertex -32.701 10.3323 0
    endloop
  endfacet
  facet normal 0.595696 0.80321 -0
    outer loop
      vertex -31.7778 9.08762 0
      vertex -31.9591 9.22208 0.5
      vertex -31.7778 9.08762 0.5
    endloop
  endfacet
  facet normal 0.595696 0.80321 0
    outer loop
      vertex -31.9591 9.22208 0.5
      vertex -31.7778 9.08762 0
      vertex -31.9591 9.22208 0
    endloop
  endfacet
  facet normal 0.941451 0.33715 0
    outer loop
      vertex -32.6249 10.1198 0.5
      vertex -32.701 10.3323 0
      vertex -32.701 10.3323 0.5
    endloop
  endfacet
  facet normal 0.941451 0.33715 0
    outer loop
      vertex -32.701 10.3323 0
      vertex -32.6249 10.1198 0.5
      vertex -32.6249 10.1198 0
    endloop
  endfacet
  facet normal -0.595696 0.80321 0
    outer loop
      vertex -29.0409 9.22208 0
      vertex -29.2222 9.08762 0.5
      vertex -29.0409 9.22208 0.5
    endloop
  endfacet
  facet normal -0.595696 0.80321 0
    outer loop
      vertex -29.2222 9.08762 0.5
      vertex -29.0409 9.22208 0
      vertex -29.2222 9.08762 0
    endloop
  endfacet
  facet normal -0.42761 -0.903963 0
    outer loop
      vertex -29.6198 13.1249 0
      vertex -29.4158 13.0284 0.5
      vertex -29.6198 13.1249 0.5
    endloop
  endfacet
  facet normal -0.42761 -0.903963 -0
    outer loop
      vertex -29.4158 13.0284 0.5
      vertex -29.6198 13.1249 0
      vertex -29.4158 13.0284 0
    endloop
  endfacet
  facet normal -0.941451 0.33715 0
    outer loop
      vertex -28.3751 10.1198 0
      vertex -28.299 10.3323 0.5
      vertex -28.299 10.3323 0
    endloop
  endfacet
  facet normal -0.941451 0.33715 0
    outer loop
      vertex -28.299 10.3323 0.5
      vertex -28.3751 10.1198 0
      vertex -28.3751 10.1198 0.5
    endloop
  endfacet
  facet normal 0.671653 0.740866 -0
    outer loop
      vertex -31.9591 9.22208 0
      vertex -32.1263 9.37366 0.5
      vertex -31.9591 9.22208 0.5
    endloop
  endfacet
  facet normal 0.671653 0.740866 0
    outer loop
      vertex -32.1263 9.37366 0.5
      vertex -31.9591 9.22208 0
      vertex -32.1263 9.37366 0
    endloop
  endfacet
  facet normal 0.514105 0.857727 -0
    outer loop
      vertex -31.5842 8.97158 0
      vertex -31.7778 9.08762 0.5
      vertex -31.5842 8.97158 0.5
    endloop
  endfacet
  facet normal 0.514105 0.857727 0
    outer loop
      vertex -31.7778 9.08762 0.5
      vertex -31.5842 8.97158 0
      vertex -31.7778 9.08762 0
    endloop
  endfacet
  facet normal -0.903971 0.427593 0
    outer loop
      vertex -28.4716 9.91579 0
      vertex -28.3751 10.1198 0.5
      vertex -28.3751 10.1198 0
    endloop
  endfacet
  facet normal -0.903971 0.427593 0
    outer loop
      vertex -28.3751 10.1198 0.5
      vertex -28.4716 9.91579 0
      vertex -28.4716 9.91579 0.5
    endloop
  endfacet
  facet normal -0.97009 -0.242744 0
    outer loop
      vertex -28.2442 11.4487 0
      vertex -28.299 11.6677 0.5
      vertex -28.299 11.6677 0
    endloop
  endfacet
  facet normal -0.97009 -0.242744 0
    outer loop
      vertex -28.299 11.6677 0.5
      vertex -28.2442 11.4487 0
      vertex -28.2442 11.4487 0.5
    endloop
  endfacet
  facet normal -0.857806 0.513974 0
    outer loop
      vertex -28.5876 9.72219 0
      vertex -28.4716 9.91579 0.5
      vertex -28.4716 9.91579 0
    endloop
  endfacet
  facet normal -0.857806 0.513974 0
    outer loop
      vertex -28.4716 9.91579 0.5
      vertex -28.5876 9.72219 0
      vertex -28.5876 9.72219 0.5
    endloop
  endfacet
  facet normal 0.941451 -0.33715 0
    outer loop
      vertex -32.701 11.6677 0.5
      vertex -32.6249 11.8802 0
      vertex -32.6249 11.8802 0.5
    endloop
  endfacet
  facet normal 0.941451 -0.33715 0
    outer loop
      vertex -32.6249 11.8802 0
      vertex -32.701 11.6677 0.5
      vertex -32.701 11.6677 0
    endloop
  endfacet
  facet normal 0.903971 0.427593 0
    outer loop
      vertex -32.5284 9.91579 0.5
      vertex -32.6249 10.1198 0
      vertex -32.6249 10.1198 0.5
    endloop
  endfacet
  facet normal 0.903971 0.427593 0
    outer loop
      vertex -32.6249 10.1198 0
      vertex -32.5284 9.91579 0.5
      vertex -32.5284 9.91579 0
    endloop
  endfacet
  facet normal -0.242952 0.970038 0
    outer loop
      vertex -29.8323 8.79904 0
      vertex -30.0513 8.74419 0.5
      vertex -29.8323 8.79904 0.5
    endloop
  endfacet
  facet normal -0.242952 0.970038 0
    outer loop
      vertex -30.0513 8.74419 0.5
      vertex -29.8323 8.79904 0
      vertex -30.0513 8.74419 0
    endloop
  endfacet
  facet normal 0.740822 -0.671702 0
    outer loop
      vertex -32.2779 12.4591 0.5
      vertex -32.1263 12.6263 0
      vertex -32.1263 12.6263 0.5
    endloop
  endfacet
  facet normal 0.740822 -0.671702 0
    outer loop
      vertex -32.1263 12.6263 0
      vertex -32.2779 12.4591 0.5
      vertex -32.2779 12.4591 0
    endloop
  endfacet
  facet normal 0.59581 -0.803125 0
    outer loop
      vertex -31.9591 12.7779 0
      vertex -31.7778 12.9124 0.5
      vertex -31.9591 12.7779 0.5
    endloop
  endfacet
  facet normal 0.59581 -0.803125 0
    outer loop
      vertex -31.7778 12.9124 0.5
      vertex -31.9591 12.7779 0
      vertex -31.7778 12.9124 0
    endloop
  endfacet
  facet normal -0.33715 -0.941451 0
    outer loop
      vertex -29.8323 13.201 0
      vertex -29.6198 13.1249 0.5
      vertex -29.8323 13.201 0.5
    endloop
  endfacet
  facet normal -0.33715 -0.941451 -0
    outer loop
      vertex -29.6198 13.1249 0.5
      vertex -29.8323 13.201 0
      vertex -29.6198 13.1249 0
    endloop
  endfacet
  facet normal 0.671702 -0.740822 0
    outer loop
      vertex -32.1263 12.6263 0
      vertex -31.9591 12.7779 0.5
      vertex -32.1263 12.6263 0.5
    endloop
  endfacet
  facet normal 0.671702 -0.740822 0
    outer loop
      vertex -31.9591 12.7779 0.5
      vertex -32.1263 12.6263 0
      vertex -31.9591 12.7779 0
    endloop
  endfacet
  facet normal 0.99879 0.0491862 0
    outer loop
      vertex -32.7889 10.7746 0.5
      vertex -32.8 11 0
      vertex -32.8 11 0.5
    endloop
  endfacet
  facet normal 0.99879 0.0491862 0
    outer loop
      vertex -32.8 11 0
      vertex -32.7889 10.7746 0.5
      vertex -32.7889 10.7746 0
    endloop
  endfacet
  facet normal 0.740902 0.671614 0
    outer loop
      vertex -32.1263 9.37366 0.5
      vertex -32.2779 9.5409 0
      vertex -32.2779 9.5409 0.5
    endloop
  endfacet
  facet normal 0.740902 0.671614 0
    outer loop
      vertex -32.2779 9.5409 0
      vertex -32.1263 9.37366 0.5
      vertex -32.1263 9.37366 0
    endloop
  endfacet
  facet normal 0.33715 -0.941451 0
    outer loop
      vertex -31.3802 13.1249 0
      vertex -31.1677 13.201 0.5
      vertex -31.3802 13.1249 0.5
    endloop
  endfacet
  facet normal 0.33715 -0.941451 0
    outer loop
      vertex -31.1677 13.201 0.5
      vertex -31.3802 13.1249 0
      vertex -31.1677 13.201 0
    endloop
  endfacet
  facet normal 0.99879 -0.0491862 0
    outer loop
      vertex -32.8 11 0.5
      vertex -32.7889 11.2254 0
      vertex -32.7889 11.2254 0.5
    endloop
  endfacet
  facet normal 0.99879 -0.0491862 0
    outer loop
      vertex -32.7889 11.2254 0
      vertex -32.8 11 0.5
      vertex -32.8 11 0
    endloop
  endfacet
  facet normal 0.989192 -0.146629 0
    outer loop
      vertex -32.7889 11.2254 0.5
      vertex -32.7558 11.4487 0
      vertex -32.7558 11.4487 0.5
    endloop
  endfacet
  facet normal 0.989192 -0.146629 0
    outer loop
      vertex -32.7558 11.4487 0
      vertex -32.7889 11.2254 0.5
      vertex -32.7889 11.2254 0
    endloop
  endfacet
  facet normal 0.242744 -0.97009 0
    outer loop
      vertex -31.1677 13.201 0
      vertex -30.9487 13.2558 0.5
      vertex -31.1677 13.201 0.5
    endloop
  endfacet
  facet normal 0.242744 -0.97009 0
    outer loop
      vertex -30.9487 13.2558 0.5
      vertex -31.1677 13.201 0
      vertex -30.9487 13.2558 0
    endloop
  endfacet
  facet normal -0.242744 -0.97009 0
    outer loop
      vertex -30.0513 13.2558 0
      vertex -29.8323 13.201 0.5
      vertex -30.0513 13.2558 0.5
    endloop
  endfacet
  facet normal -0.242744 -0.97009 -0
    outer loop
      vertex -29.8323 13.201 0.5
      vertex -30.0513 13.2558 0
      vertex -29.8323 13.201 0
    endloop
  endfacet
  facet normal 0 0 -1
    outer loop
      vertex -29.3 11 0.5
      vertex -28.2 11 0.5
      vertex -28.2111 10.7746 0.5
    endloop
  endfacet
  facet normal 0 0 -1
    outer loop
      vertex -29.3058 10.8824 0.5
      vertex -28.2111 10.7746 0.5
      vertex -28.2442 10.5513 0.5
    endloop
  endfacet
  facet normal 0 0 -1
    outer loop
      vertex -28.2 11 0.5
      vertex -29.3 11 0.5
      vertex -28.2111 11.2254 0.5
    endloop
  endfacet
  facet normal 0 0 -1
    outer loop
      vertex -29.3231 10.7659 0.5
      vertex -28.2442 10.5513 0.5
      vertex -28.299 10.3323 0.5
    endloop
  endfacet
  facet normal 0 0 -1
    outer loop
      vertex -29.3058 11.1176 0.5
      vertex -28.2111 11.2254 0.5
      vertex -29.3 11 0.5
    endloop
  endfacet
  facet normal 0 0 -1
    outer loop
      vertex -29.3517 10.6517 0.5
      vertex -28.299 10.3323 0.5
      vertex -28.3751 10.1198 0.5
    endloop
  endfacet
  facet normal -0 0 -1
    outer loop
      vertex -28.2111 11.2254 0.5
      vertex -29.3058 11.1176 0.5
      vertex -28.2442 11.4487 0.5
    endloop
  endfacet
  facet normal 0 0 -1
    outer loop
      vertex -29.3913 10.5408 0.5
      vertex -28.3751 10.1198 0.5
      vertex -28.4716 9.91579 0.5
    endloop
  endfacet
  facet normal 0 0 -1
    outer loop
      vertex -29.3231 11.2341 0.5
      vertex -28.2442 11.4487 0.5
      vertex -29.3058 11.1176 0.5
    endloop
  endfacet
  facet normal 0 0 -1
    outer loop
      vertex -29.4417 10.4343 0.5
      vertex -28.4716 9.91579 0.5
      vertex -28.5876 9.72219 0.5
    endloop
  endfacet
  facet normal -0 0 -1
    outer loop
      vertex -28.2442 11.4487 0.5
      vertex -29.3231 11.2341 0.5
      vertex -28.299 11.6677 0.5
    endloop
  endfacet
  facet normal 0 0 -1
    outer loop
      vertex -29.5022 10.3333 0.5
      vertex -28.5876 9.72219 0.5
      vertex -28.7221 9.5409 0.5
    endloop
  endfacet
  facet normal 0 0 -1
    outer loop
      vertex -29.3517 11.3483 0.5
      vertex -28.299 11.6677 0.5
      vertex -29.3231 11.2341 0.5
    endloop
  endfacet
  facet normal 0 0 -1
    outer loop
      vertex -29.5724 10.2387 0.5
      vertex -28.7221 9.5409 0.5
      vertex -28.8737 9.37366 0.5
    endloop
  endfacet
  facet normal -0 0 -1
    outer loop
      vertex -28.299 11.6677 0.5
      vertex -29.3517 11.3483 0.5
      vertex -28.3751 11.8802 0.5
    endloop
  endfacet
  facet normal 0 0 -1
    outer loop
      vertex -29.6515 10.1515 0.5
      vertex -28.8737 9.37366 0.5
      vertex -29.0409 9.22208 0.5
    endloop
  endfacet
  facet normal 0 0 -1
    outer loop
      vertex -29.3913 11.4592 0.5
      vertex -28.3751 11.8802 0.5
      vertex -29.3517 11.3483 0.5
    endloop
  endfacet
  facet normal 0 0 -1
    outer loop
      vertex -29.7387 10.0724 0.5
      vertex -29.0409 9.22208 0.5
      vertex -29.2222 9.08762 0.5
    endloop
  endfacet
  facet normal -0 0 -1
    outer loop
      vertex -28.3751 11.8802 0.5
      vertex -29.3913 11.4592 0.5
      vertex -28.4716 12.0842 0.5
    endloop
  endfacet
  facet normal 0 0 -1
    outer loop
      vertex -29.4417 11.5657 0.5
      vertex -28.4716 12.0842 0.5
      vertex -29.3913 11.4592 0.5
    endloop
  endfacet
  facet normal 0 0 -1
    outer loop
      vertex -28.2111 10.7746 0.5
      vertex -29.3058 10.8824 0.5
      vertex -29.3 11 0.5
    endloop
  endfacet
  facet normal 0 0 -1
    outer loop
      vertex -28.2442 10.5513 0.5
      vertex -29.3231 10.7659 0.5
      vertex -29.3058 10.8824 0.5
    endloop
  endfacet
  facet normal 0 0 -1
    outer loop
      vertex -28.299 10.3323 0.5
      vertex -29.3517 10.6517 0.5
      vertex -29.3231 10.7659 0.5
    endloop
  endfacet
  facet normal 0 0 -1
    outer loop
      vertex -28.3751 10.1198 0.5
      vertex -29.3913 10.5408 0.5
      vertex -29.3517 10.6517 0.5
    endloop
  endfacet
  facet normal 0 0 -1
    outer loop
      vertex -29.8333 10.0022 0.5
      vertex -29.2222 9.08762 0.5
      vertex -29.4158 8.97158 0.5
    endloop
  endfacet
  facet normal 0 0 -1
    outer loop
      vertex -28.4716 9.91579 0.5
      vertex -29.4417 10.4343 0.5
      vertex -29.3913 10.5408 0.5
    endloop
  endfacet
  facet normal 0 0 -1
    outer loop
      vertex -28.5876 9.72219 0.5
      vertex -29.5022 10.3333 0.5
      vertex -29.4417 10.4343 0.5
    endloop
  endfacet
  facet normal 0 0 -1
    outer loop
      vertex -28.7221 9.5409 0.5
      vertex -29.5724 10.2387 0.5
      vertex -29.5022 10.3333 0.5
    endloop
  endfacet
  facet normal 0 0 -1
    outer loop
      vertex -29.9343 9.9417 0.5
      vertex -29.4158 8.97158 0.5
      vertex -29.6198 8.87508 0.5
    endloop
  endfacet
  facet normal 0 0 -1
    outer loop
      vertex -28.8737 9.37366 0.5
      vertex -29.6515 10.1515 0.5
      vertex -29.5724 10.2387 0.5
    endloop
  endfacet
  facet normal 0 0 -1
    outer loop
      vertex -29.0409 9.22208 0.5
      vertex -29.7387 10.0724 0.5
      vertex -29.6515 10.1515 0.5
    endloop
  endfacet
  facet normal 0 0 -1
    outer loop
      vertex -30.0408 9.89135 0.5
      vertex -29.6198 8.87508 0.5
      vertex -29.8323 8.79904 0.5
    endloop
  endfacet
  facet normal 0 0 -1
    outer loop
      vertex -29.2222 9.08762 0.5
      vertex -29.8333 10.0022 0.5
      vertex -29.7387 10.0724 0.5
    endloop
  endfacet
  facet normal 0 0 -1
    outer loop
      vertex -29.4158 8.97158 0.5
      vertex -29.9343 9.9417 0.5
      vertex -29.8333 10.0022 0.5
    endloop
  endfacet
  facet normal 0 0 -1
    outer loop
      vertex -29.6198 8.87508 0.5
      vertex -30.0408 9.89135 0.5
      vertex -29.9343 9.9417 0.5
    endloop
  endfacet
  facet normal 0 0 -1
    outer loop
      vertex -30.1517 9.85167 0.5
      vertex -29.8323 8.79904 0.5
      vertex -30.0513 8.74419 0.5
    endloop
  endfacet
  facet normal 0 0 -1
    outer loop
      vertex -29.8323 8.79904 0.5
      vertex -30.1517 9.85167 0.5
      vertex -30.0408 9.89135 0.5
    endloop
  endfacet
  facet normal 0 0 -1
    outer loop
      vertex -30.0513 8.74419 0.5
      vertex -30.2659 9.82306 0.5
      vertex -30.1517 9.85167 0.5
    endloop
  endfacet
  facet normal 0 0 -1
    outer loop
      vertex -30.2746 8.71108 0.5
      vertex -30.2659 9.82306 0.5
      vertex -30.0513 8.74419 0.5
    endloop
  endfacet
  facet normal 0 0 -1
    outer loop
      vertex -30.2746 8.71108 0.5
      vertex -30.3824 9.80578 0.5
      vertex -30.2659 9.82306 0.5
    endloop
  endfacet
  facet normal 0 0 -1
    outer loop
      vertex -30.5 8.7 0.5
      vertex -30.3824 9.80578 0.5
      vertex -30.2746 8.71108 0.5
    endloop
  endfacet
  facet normal 0 0 -1
    outer loop
      vertex -30.5 8.7 0.5
      vertex -30.5 9.8 0.5
      vertex -30.3824 9.80578 0.5
    endloop
  endfacet
  facet normal 0 0 -1
    outer loop
      vertex -30.5 8.7 0.5
      vertex -30.6176 9.80578 0.5
      vertex -30.5 9.8 0.5
    endloop
  endfacet
  facet normal 0 0 -1
    outer loop
      vertex -30.7254 8.71108 0.5
      vertex -30.6176 9.80578 0.5
      vertex -30.5 8.7 0.5
    endloop
  endfacet
  facet normal 0 0 -1
    outer loop
      vertex -30.7254 8.71108 0.5
      vertex -30.7341 9.82306 0.5
      vertex -30.6176 9.80578 0.5
    endloop
  endfacet
  facet normal 0 0 -1
    outer loop
      vertex -30.9487 8.74419 0.5
      vertex -30.7341 9.82306 0.5
      vertex -30.7254 8.71108 0.5
    endloop
  endfacet
  facet normal -0 0 -1
    outer loop
      vertex -30.7341 9.82306 0.5
      vertex -30.9487 8.74419 0.5
      vertex -30.8483 9.85167 0.5
    endloop
  endfacet
  facet normal 0 0 -1
    outer loop
      vertex -31.1677 8.79904 0.5
      vertex -30.8483 9.85167 0.5
      vertex -30.9487 8.74419 0.5
    endloop
  endfacet
  facet normal -0 0 -1
    outer loop
      vertex -30.8483 9.85167 0.5
      vertex -31.1677 8.79904 0.5
      vertex -30.9592 9.89135 0.5
    endloop
  endfacet
  facet normal 0 0 -1
    outer loop
      vertex -31.3802 8.87508 0.5
      vertex -30.9592 9.89135 0.5
      vertex -31.1677 8.79904 0.5
    endloop
  endfacet
  facet normal -0 0 -1
    outer loop
      vertex -30.9592 9.89135 0.5
      vertex -31.3802 8.87508 0.5
      vertex -31.0657 9.9417 0.5
    endloop
  endfacet
  facet normal 0 0 -1
    outer loop
      vertex -31.5842 8.97158 0.5
      vertex -31.0657 9.9417 0.5
      vertex -31.3802 8.87508 0.5
    endloop
  endfacet
  facet normal -0 0 -1
    outer loop
      vertex -31.0657 9.9417 0.5
      vertex -31.5842 8.97158 0.5
      vertex -31.1667 10.0022 0.5
    endloop
  endfacet
  facet normal 0 0 -1
    outer loop
      vertex -31.7778 9.08762 0.5
      vertex -31.1667 10.0022 0.5
      vertex -31.5842 8.97158 0.5
    endloop
  endfacet
  facet normal -0 0 -1
    outer loop
      vertex -31.1667 10.0022 0.5
      vertex -31.7778 9.08762 0.5
      vertex -31.2613 10.0724 0.5
    endloop
  endfacet
  facet normal 0 0 -1
    outer loop
      vertex -31.9591 9.22208 0.5
      vertex -31.2613 10.0724 0.5
      vertex -31.7778 9.08762 0.5
    endloop
  endfacet
  facet normal -0 0 -1
    outer loop
      vertex -31.2613 10.0724 0.5
      vertex -31.9591 9.22208 0.5
      vertex -31.3485 10.1515 0.5
    endloop
  endfacet
  facet normal 0 0 -1
    outer loop
      vertex -32.1263 9.37366 0.5
      vertex -31.3485 10.1515 0.5
      vertex -31.9591 9.22208 0.5
    endloop
  endfacet
  facet normal -0 0 -1
    outer loop
      vertex -31.3485 10.1515 0.5
      vertex -32.1263 9.37366 0.5
      vertex -31.4276 10.2387 0.5
    endloop
  endfacet
  facet normal 0 0 -1
    outer loop
      vertex -32.2779 9.5409 0.5
      vertex -31.4276 10.2387 0.5
      vertex -32.1263 9.37366 0.5
    endloop
  endfacet
  facet normal -0 0 -1
    outer loop
      vertex -31.4276 10.2387 0.5
      vertex -32.2779 9.5409 0.5
      vertex -31.4978 10.3333 0.5
    endloop
  endfacet
  facet normal 0 0 -1
    outer loop
      vertex -32.4124 9.72219 0.5
      vertex -31.4978 10.3333 0.5
      vertex -32.2779 9.5409 0.5
    endloop
  endfacet
  facet normal 0 0 -1
    outer loop
      vertex -32.5284 9.91579 0.5
      vertex -31.5583 10.4343 0.5
      vertex -32.4124 9.72219 0.5
    endloop
  endfacet
  facet normal -0 0 -1
    outer loop
      vertex -31.4978 10.3333 0.5
      vertex -32.4124 9.72219 0.5
      vertex -31.5583 10.4343 0.5
    endloop
  endfacet
  facet normal -0 0 -1
    outer loop
      vertex -28.4716 12.0842 0.5
      vertex -29.4417 11.5657 0.5
      vertex -28.5876 12.2778 0.5
    endloop
  endfacet
  facet normal 0 0 -1
    outer loop
      vertex -29.5022 11.6667 0.5
      vertex -28.5876 12.2778 0.5
      vertex -29.4417 11.5657 0.5
    endloop
  endfacet
  facet normal -0 0 -1
    outer loop
      vertex -28.5876 12.2778 0.5
      vertex -29.5022 11.6667 0.5
      vertex -28.7221 12.4591 0.5
    endloop
  endfacet
  facet normal 0 0 -1
    outer loop
      vertex -29.5724 11.7613 0.5
      vertex -28.7221 12.4591 0.5
      vertex -29.5022 11.6667 0.5
    endloop
  endfacet
  facet normal -0 0 -1
    outer loop
      vertex -28.7221 12.4591 0.5
      vertex -29.5724 11.7613 0.5
      vertex -28.8737 12.6263 0.5
    endloop
  endfacet
  facet normal 0 0 -1
    outer loop
      vertex -29.6515 11.8485 0.5
      vertex -28.8737 12.6263 0.5
      vertex -29.5724 11.7613 0.5
    endloop
  endfacet
  facet normal -0 0 -1
    outer loop
      vertex -28.8737 12.6263 0.5
      vertex -29.6515 11.8485 0.5
      vertex -29.0409 12.7779 0.5
    endloop
  endfacet
  facet normal 0 0 -1
    outer loop
      vertex -29.7387 11.9276 0.5
      vertex -29.0409 12.7779 0.5
      vertex -29.6515 11.8485 0.5
    endloop
  endfacet
  facet normal -0 0 -1
    outer loop
      vertex -29.0409 12.7779 0.5
      vertex -29.7387 11.9276 0.5
      vertex -29.2222 12.9124 0.5
    endloop
  endfacet
  facet normal 0 0 -1
    outer loop
      vertex -29.8333 11.9978 0.5
      vertex -29.2222 12.9124 0.5
      vertex -29.7387 11.9276 0.5
    endloop
  endfacet
  facet normal -0 0 -1
    outer loop
      vertex -29.2222 12.9124 0.5
      vertex -29.8333 11.9978 0.5
      vertex -29.4158 13.0284 0.5
    endloop
  endfacet
  facet normal 0 0 -1
    outer loop
      vertex -29.9343 12.0583 0.5
      vertex -29.4158 13.0284 0.5
      vertex -29.8333 11.9978 0.5
    endloop
  endfacet
  facet normal -0 0 -1
    outer loop
      vertex -29.4158 13.0284 0.5
      vertex -29.9343 12.0583 0.5
      vertex -29.6198 13.1249 0.5
    endloop
  endfacet
  facet normal 0 0 -1
    outer loop
      vertex -30.0408 12.1087 0.5
      vertex -29.6198 13.1249 0.5
      vertex -29.9343 12.0583 0.5
    endloop
  endfacet
  facet normal -0 0 -1
    outer loop
      vertex -29.6198 13.1249 0.5
      vertex -30.0408 12.1087 0.5
      vertex -29.8323 13.201 0.5
    endloop
  endfacet
  facet normal 0 0 -1
    outer loop
      vertex -30.1517 12.1483 0.5
      vertex -29.8323 13.201 0.5
      vertex -30.0408 12.1087 0.5
    endloop
  endfacet
  facet normal -0 0 -1
    outer loop
      vertex -29.8323 13.201 0.5
      vertex -30.1517 12.1483 0.5
      vertex -30.0513 13.2558 0.5
    endloop
  endfacet
  facet normal 0 0 -1
    outer loop
      vertex -30.2659 12.1769 0.5
      vertex -30.0513 13.2558 0.5
      vertex -30.1517 12.1483 0.5
    endloop
  endfacet
  facet normal 0 0 -1
    outer loop
      vertex -30.2659 12.1769 0.5
      vertex -30.2746 13.2889 0.5
      vertex -30.0513 13.2558 0.5
    endloop
  endfacet
  facet normal 0 0 -1
    outer loop
      vertex -30.3824 12.1942 0.5
      vertex -30.2746 13.2889 0.5
      vertex -30.2659 12.1769 0.5
    endloop
  endfacet
  facet normal 0 0 -1
    outer loop
      vertex -30.5 12.2 0.5
      vertex -30.2746 13.2889 0.5
      vertex -30.3824 12.1942 0.5
    endloop
  endfacet
  facet normal 0 0 -1
    outer loop
      vertex -30.5 12.2 0.5
      vertex -30.5 13.3 0.5
      vertex -30.2746 13.2889 0.5
    endloop
  endfacet
  facet normal 0 0 -1
    outer loop
      vertex -30.6176 12.1942 0.5
      vertex -30.5 13.3 0.5
      vertex -30.5 12.2 0.5
    endloop
  endfacet
  facet normal 0 0 -1
    outer loop
      vertex -30.6176 12.1942 0.5
      vertex -30.7254 13.2889 0.5
      vertex -30.5 13.3 0.5
    endloop
  endfacet
  facet normal 0 0 -1
    outer loop
      vertex -30.7341 12.1769 0.5
      vertex -30.7254 13.2889 0.5
      vertex -30.6176 12.1942 0.5
    endloop
  endfacet
  facet normal 0 0 -1
    outer loop
      vertex -30.9487 13.2558 0.5
      vertex -30.7341 12.1769 0.5
      vertex -30.8483 12.1483 0.5
    endloop
  endfacet
  facet normal 0 0 -1
    outer loop
      vertex -30.7341 12.1769 0.5
      vertex -30.9487 13.2558 0.5
      vertex -30.7254 13.2889 0.5
    endloop
  endfacet
  facet normal 0 0 -1
    outer loop
      vertex -31.1677 13.201 0.5
      vertex -30.8483 12.1483 0.5
      vertex -30.9592 12.1087 0.5
    endloop
  endfacet
  facet normal 0 0 -1
    outer loop
      vertex -31.3802 13.1249 0.5
      vertex -30.9592 12.1087 0.5
      vertex -31.0657 12.0583 0.5
    endloop
  endfacet
  facet normal 0 0 -1
    outer loop
      vertex -31.5842 13.0284 0.5
      vertex -31.0657 12.0583 0.5
      vertex -31.1667 11.9978 0.5
    endloop
  endfacet
  facet normal 0 0 -1
    outer loop
      vertex -30.8483 12.1483 0.5
      vertex -31.1677 13.201 0.5
      vertex -30.9487 13.2558 0.5
    endloop
  endfacet
  facet normal 0 0 -1
    outer loop
      vertex -31.7778 12.9124 0.5
      vertex -31.1667 11.9978 0.5
      vertex -31.2613 11.9276 0.5
    endloop
  endfacet
  facet normal 0 0 -1
    outer loop
      vertex -31.9591 12.7779 0.5
      vertex -31.2613 11.9276 0.5
      vertex -31.3485 11.8485 0.5
    endloop
  endfacet
  facet normal 0 0 -1
    outer loop
      vertex -30.9592 12.1087 0.5
      vertex -31.3802 13.1249 0.5
      vertex -31.1677 13.201 0.5
    endloop
  endfacet
  facet normal 0 0 -1
    outer loop
      vertex -32.1263 12.6263 0.5
      vertex -31.3485 11.8485 0.5
      vertex -31.4276 11.7613 0.5
    endloop
  endfacet
  facet normal 0 0 -1
    outer loop
      vertex -32.2779 12.4591 0.5
      vertex -31.4276 11.7613 0.5
      vertex -31.4978 11.6667 0.5
    endloop
  endfacet
  facet normal 0 0 -1
    outer loop
      vertex -32.4124 12.2778 0.5
      vertex -31.4978 11.6667 0.5
      vertex -31.5583 11.5657 0.5
    endloop
  endfacet
  facet normal 0 0 -1
    outer loop
      vertex -31.0657 12.0583 0.5
      vertex -31.5842 13.0284 0.5
      vertex -31.3802 13.1249 0.5
    endloop
  endfacet
  facet normal 0 0 -1
    outer loop
      vertex -32.5284 12.0842 0.5
      vertex -31.5583 11.5657 0.5
      vertex -31.6087 11.4592 0.5
    endloop
  endfacet
  facet normal 0 0 -1
    outer loop
      vertex -32.6249 11.8802 0.5
      vertex -31.6087 11.4592 0.5
      vertex -31.6483 11.3483 0.5
    endloop
  endfacet
  facet normal 0 0 -1
    outer loop
      vertex -32.701 11.6677 0.5
      vertex -31.6483 11.3483 0.5
      vertex -31.6769 11.2341 0.5
    endloop
  endfacet
  facet normal 0 0 -1
    outer loop
      vertex -32.7558 11.4487 0.5
      vertex -31.6769 11.2341 0.5
      vertex -31.6942 11.1176 0.5
    endloop
  endfacet
  facet normal 0 0 -1
    outer loop
      vertex -31.1667 11.9978 0.5
      vertex -31.7778 12.9124 0.5
      vertex -31.5842 13.0284 0.5
    endloop
  endfacet
  facet normal 0 0 -1
    outer loop
      vertex -32.7889 11.2254 0.5
      vertex -31.6942 11.1176 0.5
      vertex -31.7 11 0.5
    endloop
  endfacet
  facet normal -0 0 -1
    outer loop
      vertex -31.5583 10.4343 0.5
      vertex -32.5284 9.91579 0.5
      vertex -31.6087 10.5408 0.5
    endloop
  endfacet
  facet normal 0 0 -1
    outer loop
      vertex -32.6249 10.1198 0.5
      vertex -31.6087 10.5408 0.5
      vertex -32.5284 9.91579 0.5
    endloop
  endfacet
  facet normal 0 0 -1
    outer loop
      vertex -31.2613 11.9276 0.5
      vertex -31.9591 12.7779 0.5
      vertex -31.7778 12.9124 0.5
    endloop
  endfacet
  facet normal -0 0 -1
    outer loop
      vertex -31.6087 10.5408 0.5
      vertex -32.6249 10.1198 0.5
      vertex -31.6483 10.6517 0.5
    endloop
  endfacet
  facet normal 0 0 -1
    outer loop
      vertex -31.3485 11.8485 0.5
      vertex -32.1263 12.6263 0.5
      vertex -31.9591 12.7779 0.5
    endloop
  endfacet
  facet normal 0 0 -1
    outer loop
      vertex -32.701 10.3323 0.5
      vertex -31.6483 10.6517 0.5
      vertex -32.6249 10.1198 0.5
    endloop
  endfacet
  facet normal 0 0 -1
    outer loop
      vertex -31.4276 11.7613 0.5
      vertex -32.2779 12.4591 0.5
      vertex -32.1263 12.6263 0.5
    endloop
  endfacet
  facet normal -0 0 -1
    outer loop
      vertex -31.6483 10.6517 0.5
      vertex -32.701 10.3323 0.5
      vertex -31.6769 10.7659 0.5
    endloop
  endfacet
  facet normal 0 0 -1
    outer loop
      vertex -31.4978 11.6667 0.5
      vertex -32.4124 12.2778 0.5
      vertex -32.2779 12.4591 0.5
    endloop
  endfacet
  facet normal 0 0 -1
    outer loop
      vertex -32.7558 10.5513 0.5
      vertex -31.6769 10.7659 0.5
      vertex -32.701 10.3323 0.5
    endloop
  endfacet
  facet normal 0 0 -1
    outer loop
      vertex -31.5583 11.5657 0.5
      vertex -32.5284 12.0842 0.5
      vertex -32.4124 12.2778 0.5
    endloop
  endfacet
  facet normal -0 0 -1
    outer loop
      vertex -31.6769 10.7659 0.5
      vertex -32.7558 10.5513 0.5
      vertex -31.6942 10.8824 0.5
    endloop
  endfacet
  facet normal 0 0 -1
    outer loop
      vertex -31.6087 11.4592 0.5
      vertex -32.6249 11.8802 0.5
      vertex -32.5284 12.0842 0.5
    endloop
  endfacet
  facet normal 0 0 -1
    outer loop
      vertex -32.7889 10.7746 0.5
      vertex -31.6942 10.8824 0.5
      vertex -32.7558 10.5513 0.5
    endloop
  endfacet
  facet normal 0 0 -1
    outer loop
      vertex -31.6483 11.3483 0.5
      vertex -32.701 11.6677 0.5
      vertex -32.6249 11.8802 0.5
    endloop
  endfacet
  facet normal -0 0 -1
    outer loop
      vertex -31.6942 10.8824 0.5
      vertex -32.7889 10.7746 0.5
      vertex -31.7 11 0.5
    endloop
  endfacet
  facet normal 0 0 -1
    outer loop
      vertex -31.6769 11.2341 0.5
      vertex -32.7558 11.4487 0.5
      vertex -32.701 11.6677 0.5
    endloop
  endfacet
  facet normal 0 0 -1
    outer loop
      vertex -32.8 11 0.5
      vertex -31.7 11 0.5
      vertex -32.7889 10.7746 0.5
    endloop
  endfacet
  facet normal 0 0 -1
    outer loop
      vertex -31.6942 11.1176 0.5
      vertex -32.7889 11.2254 0.5
      vertex -32.7558 11.4487 0.5
    endloop
  endfacet
  facet normal 0 0 -1
    outer loop
      vertex -31.7 11 0.5
      vertex -32.8 11 0.5
      vertex -32.7889 11.2254 0.5
    endloop
  endfacet
  facet normal -0.513974 -0.857806 0
    outer loop
      vertex -29.4158 13.0284 0
      vertex -29.2222 12.9124 0.5
      vertex -29.4158 13.0284 0.5
    endloop
  endfacet
  facet normal -0.513974 -0.857806 -0
    outer loop
      vertex -29.2222 12.9124 0.5
      vertex -29.4158 13.0284 0
      vertex -29.2222 12.9124 0
    endloop
  endfacet
  facet normal -0.857806 -0.513974 0
    outer loop
      vertex -28.4716 12.0842 0
      vertex -28.5876 12.2778 0.5
      vertex -28.5876 12.2778 0
    endloop
  endfacet
  facet normal -0.857806 -0.513974 0
    outer loop
      vertex -28.5876 12.2778 0.5
      vertex -28.4716 12.0842 0
      vertex -28.4716 12.0842 0.5
    endloop
  endfacet
  facet normal 0.989192 0.146629 0
    outer loop
      vertex -32.7558 10.5513 0.5
      vertex -32.7889 10.7746 0
      vertex -32.7889 10.7746 0.5
    endloop
  endfacet
  facet normal 0.989192 0.146629 0
    outer loop
      vertex -32.7889 10.7746 0
      vertex -32.7558 10.5513 0.5
      vertex -32.7558 10.5513 0
    endloop
  endfacet
  facet normal 0.42761 -0.903963 0
    outer loop
      vertex -31.5842 13.0284 0
      vertex -31.3802 13.1249 0.5
      vertex -31.5842 13.0284 0.5
    endloop
  endfacet
  facet normal 0.42761 -0.903963 0
    outer loop
      vertex -31.3802 13.1249 0.5
      vertex -31.5842 13.0284 0
      vertex -31.3802 13.1249 0
    endloop
  endfacet
  facet normal 0.903963 -0.42761 0
    outer loop
      vertex -32.6249 11.8802 0.5
      vertex -32.5284 12.0842 0
      vertex -32.5284 12.0842 0.5
    endloop
  endfacet
  facet normal 0.903963 -0.42761 0
    outer loop
      vertex -32.5284 12.0842 0
      vertex -32.6249 11.8802 0.5
      vertex -32.6249 11.8802 0
    endloop
  endfacet
  facet normal 0.857806 0.513974 0
    outer loop
      vertex -32.4124 9.72219 0.5
      vertex -32.5284 9.91579 0
      vertex -32.5284 9.91579 0.5
    endloop
  endfacet
  facet normal 0.857806 0.513974 0
    outer loop
      vertex -32.5284 9.91579 0
      vertex -32.4124 9.72219 0.5
      vertex -32.4124 9.72219 0
    endloop
  endfacet
  facet normal -0.0492599 0.998786 0
    outer loop
      vertex -30.3824 -12.1942 0.5
      vertex -30.5 -12.2 2
      vertex -30.3824 -12.1942 2
    endloop
  endfacet
  facet normal -0.0492599 0.998786 0
    outer loop
      vertex -30.5 -12.2 2
      vertex -30.3824 -12.1942 0.5
      vertex -30.5 -12.2 0.5
    endloop
  endfacet
  facet normal 0.970042 -0.242935 0
    outer loop
      vertex -31.6769 -10.7659 2
      vertex -31.6483 -10.6517 0.5
      vertex -31.6483 -10.6517 2
    endloop
  endfacet
  facet normal 0.970042 -0.242935 0
    outer loop
      vertex -31.6483 -10.6517 0.5
      vertex -31.6769 -10.7659 2
      vertex -31.6769 -10.7659 0.5
    endloop
  endfacet
  facet normal -0.803046 0.595918 0
    outer loop
      vertex -29.5724 -11.7613 0.5
      vertex -29.5022 -11.6667 2
      vertex -29.5022 -11.6667 0.5
    endloop
  endfacet
  facet normal -0.803046 0.595918 0
    outer loop
      vertex -29.5022 -11.6667 2
      vertex -29.5724 -11.7613 0.5
      vertex -29.5724 -11.7613 2
    endloop
  endfacet
  facet normal 0.427411 -0.904057 0
    outer loop
      vertex -31.0657 -9.9417 0.5
      vertex -30.9592 -9.89135 2
      vertex -31.0657 -9.9417 2
    endloop
  endfacet
  facet normal 0.427411 -0.904057 0
    outer loop
      vertex -30.9592 -9.89135 2
      vertex -31.0657 -9.9417 0.5
      vertex -30.9592 -9.89135 0.5
    endloop
  endfacet
  facet normal 0.336885 -0.941546 0
    outer loop
      vertex -30.9592 -9.89135 0.5
      vertex -30.8483 -9.85167 2
      vertex -30.9592 -9.89135 2
    endloop
  endfacet
  facet normal 0.336885 -0.941546 0
    outer loop
      vertex -30.8483 -9.85167 2
      vertex -30.9592 -9.89135 0.5
      vertex -30.8483 -9.85167 0.5
    endloop
  endfacet
  facet normal -0.74067 -0.671869 0
    outer loop
      vertex -29.5724 -10.2387 0.5
      vertex -29.6515 -10.1515 2
      vertex -29.6515 -10.1515 0.5
    endloop
  endfacet
  facet normal -0.74067 -0.671869 0
    outer loop
      vertex -29.6515 -10.1515 2
      vertex -29.5724 -10.2387 0.5
      vertex -29.5724 -10.2387 2
    endloop
  endfacet
  facet normal 0.941761 -0.336283 0
    outer loop
      vertex -31.6483 -10.6517 2
      vertex -31.6087 -10.5408 0.5
      vertex -31.6087 -10.5408 2
    endloop
  endfacet
  facet normal 0.941761 -0.336283 0
    outer loop
      vertex -31.6087 -10.5408 0.5
      vertex -31.6483 -10.6517 2
      vertex -31.6483 -10.6517 0.5
    endloop
  endfacet
  facet normal -0.903893 0.427758 0
    outer loop
      vertex -29.4417 -11.5657 0.5
      vertex -29.3913 -11.4592 2
      vertex -29.3913 -11.4592 0.5
    endloop
  endfacet
  facet normal -0.903893 0.427758 0
    outer loop
      vertex -29.3913 -11.4592 2
      vertex -29.4417 -11.5657 0.5
      vertex -29.4417 -11.5657 2
    endloop
  endfacet
  facet normal 0.146887 0.989153 -0
    outer loop
      vertex -30.6176 -12.1942 0.5
      vertex -30.7341 -12.1769 2
      vertex -30.6176 -12.1942 2
    endloop
  endfacet
  facet normal 0.146887 0.989153 0
    outer loop
      vertex -30.7341 -12.1769 2
      vertex -30.6176 -12.1942 0.5
      vertex -30.7341 -12.1769 0.5
    endloop
  endfacet
  facet normal -0.0490904 -0.998794 0
    outer loop
      vertex -30.5 -9.8 0.5
      vertex -30.3824 -9.80578 2
      vertex -30.5 -9.8 2
    endloop
  endfacet
  facet normal -0.0490904 -0.998794 -0
    outer loop
      vertex -30.3824 -9.80578 2
      vertex -30.5 -9.8 0.5
      vertex -30.3824 -9.80578 0.5
    endloop
  endfacet
  facet normal 0.941761 0.336283 0
    outer loop
      vertex -31.6087 -11.4592 2
      vertex -31.6483 -11.3483 0.5
      vertex -31.6483 -11.3483 2
    endloop
  endfacet
  facet normal 0.941761 0.336283 0
    outer loop
      vertex -31.6483 -11.3483 0.5
      vertex -31.6087 -11.4592 2
      vertex -31.6087 -11.4592 0.5
    endloop
  endfacet
  facet normal -0.803046 -0.595918 0
    outer loop
      vertex -29.5022 -10.3333 0.5
      vertex -29.5724 -10.2387 2
      vertex -29.5724 -10.2387 0.5
    endloop
  endfacet
  facet normal -0.803046 -0.595918 0
    outer loop
      vertex -29.5724 -10.2387 2
      vertex -29.5022 -10.3333 0.5
      vertex -29.5022 -10.3333 2
    endloop
  endfacet
  facet normal -0.336885 -0.941546 0
    outer loop
      vertex -30.1517 -9.85167 0.5
      vertex -30.0408 -9.89135 2
      vertex -30.1517 -9.85167 2
    endloop
  endfacet
  facet normal -0.336885 -0.941546 -0
    outer loop
      vertex -30.0408 -9.89135 2
      vertex -30.1517 -9.85167 0.5
      vertex -30.0408 -9.89135 0.5
    endloop
  endfacet
  facet normal -0.857867 0.513871 0
    outer loop
      vertex -29.5022 -11.6667 0.5
      vertex -29.4417 -11.5657 2
      vertex -29.4417 -11.5657 0.5
    endloop
  endfacet
  facet normal -0.857867 0.513871 0
    outer loop
      vertex -29.4417 -11.5657 2
      vertex -29.5022 -11.6667 0.5
      vertex -29.5022 -11.6667 2
    endloop
  endfacet
  facet normal -0.989153 0.146887 0
    outer loop
      vertex -29.3231 -11.2341 0.5
      vertex -29.3058 -11.1176 2
      vertex -29.3058 -11.1176 0.5
    endloop
  endfacet
  facet normal -0.989153 0.146887 0
    outer loop
      vertex -29.3058 -11.1176 2
      vertex -29.3231 -11.2341 0.5
      vertex -29.3231 -11.2341 2
    endloop
  endfacet
  facet normal 0.989153 0.146887 0
    outer loop
      vertex -31.6769 -11.2341 2
      vertex -31.6942 -11.1176 0.5
      vertex -31.6942 -11.1176 2
    endloop
  endfacet
  facet normal 0.989153 0.146887 0
    outer loop
      vertex -31.6942 -11.1176 0.5
      vertex -31.6769 -11.2341 2
      vertex -31.6769 -11.2341 0.5
    endloop
  endfacet
  facet normal 0.857867 0.513871 0
    outer loop
      vertex -31.4978 -11.6667 2
      vertex -31.5583 -11.5657 0.5
      vertex -31.5583 -11.5657 2
    endloop
  endfacet
  facet normal 0.857867 0.513871 0
    outer loop
      vertex -31.5583 -11.5657 0.5
      vertex -31.4978 -11.6667 2
      vertex -31.4978 -11.6667 0.5
    endloop
  endfacet
  facet normal 0.74067 0.671869 0
    outer loop
      vertex -31.3485 -11.8485 2
      vertex -31.4276 -11.7613 0.5
      vertex -31.4276 -11.7613 2
    endloop
  endfacet
  facet normal 0.74067 0.671869 0
    outer loop
      vertex -31.4276 -11.7613 0.5
      vertex -31.3485 -11.8485 2
      vertex -31.3485 -11.8485 0.5
    endloop
  endfacet
  facet normal -0.941761 0.336283 0
    outer loop
      vertex -29.3913 -11.4592 0.5
      vertex -29.3517 -11.3483 2
      vertex -29.3517 -11.3483 0.5
    endloop
  endfacet
  facet normal -0.941761 0.336283 0
    outer loop
      vertex -29.3517 -11.3483 2
      vertex -29.3913 -11.4592 0.5
      vertex -29.3913 -11.4592 2
    endloop
  endfacet
  facet normal -0.146887 0.989153 0
    outer loop
      vertex -30.2659 -12.1769 0.5
      vertex -30.3824 -12.1942 2
      vertex -30.2659 -12.1769 2
    endloop
  endfacet
  facet normal -0.146887 0.989153 0
    outer loop
      vertex -30.3824 -12.1942 2
      vertex -30.2659 -12.1769 0.5
      vertex -30.3824 -12.1942 0.5
    endloop
  endfacet
  facet normal -0.998786 0.0492599 0
    outer loop
      vertex -29.3058 -11.1176 0.5
      vertex -29.3 -11 2
      vertex -29.3 -11 0.5
    endloop
  endfacet
  facet normal -0.998786 0.0492599 0
    outer loop
      vertex -29.3 -11 2
      vertex -29.3058 -11.1176 0.5
      vertex -29.3058 -11.1176 2
    endloop
  endfacet
  facet normal 0.336283 0.941761 -0
    outer loop
      vertex -30.8483 -12.1483 0.5
      vertex -30.9592 -12.1087 2
      vertex -30.8483 -12.1483 2
    endloop
  endfacet
  facet normal 0.336283 0.941761 0
    outer loop
      vertex -30.9592 -12.1087 2
      vertex -30.8483 -12.1483 0.5
      vertex -30.9592 -12.1087 0.5
    endloop
  endfacet
  facet normal -0.970042 0.242935 0
    outer loop
      vertex -29.3517 -11.3483 0.5
      vertex -29.3231 -11.2341 2
      vertex -29.3231 -11.2341 0.5
    endloop
  endfacet
  facet normal -0.970042 0.242935 0
    outer loop
      vertex -29.3231 -11.2341 2
      vertex -29.3517 -11.3483 0.5
      vertex -29.3517 -11.3483 2
    endloop
  endfacet
  facet normal -0.998786 -0.0492599 0
    outer loop
      vertex -29.3 -11 0.5
      vertex -29.3058 -10.8824 2
      vertex -29.3058 -10.8824 0.5
    endloop
  endfacet
  facet normal -0.998786 -0.0492599 0
    outer loop
      vertex -29.3058 -10.8824 2
      vertex -29.3 -11 0.5
      vertex -29.3 -11 2
    endloop
  endfacet
  facet normal -0.146721 -0.989178 0
    outer loop
      vertex -30.3824 -9.80578 0.5
      vertex -30.2659 -9.82306 2
      vertex -30.3824 -9.80578 2
    endloop
  endfacet
  facet normal -0.146721 -0.989178 -0
    outer loop
      vertex -30.2659 -9.82306 2
      vertex -30.3824 -9.80578 0.5
      vertex -30.2659 -9.82306 0.5
    endloop
  endfacet
  facet normal -0.970042 -0.242935 0
    outer loop
      vertex -29.3231 -10.7659 0.5
      vertex -29.3517 -10.6517 2
      vertex -29.3517 -10.6517 0.5
    endloop
  endfacet
  facet normal -0.970042 -0.242935 0
    outer loop
      vertex -29.3517 -10.6517 2
      vertex -29.3231 -10.7659 0.5
      vertex -29.3231 -10.7659 2
    endloop
  endfacet
  facet normal 0.427758 0.903893 -0
    outer loop
      vertex -30.9592 -12.1087 0.5
      vertex -31.0657 -12.0583 2
      vertex -30.9592 -12.1087 2
    endloop
  endfacet
  facet normal 0.427758 0.903893 0
    outer loop
      vertex -31.0657 -12.0583 2
      vertex -30.9592 -12.1087 0.5
      vertex -31.0657 -12.0583 0.5
    endloop
  endfacet
  facet normal -0.243015 -0.970022 0
    outer loop
      vertex -30.2659 -9.82306 0.5
      vertex -30.1517 -9.85167 2
      vertex -30.2659 -9.82306 2
    endloop
  endfacet
  facet normal -0.243015 -0.970022 -0
    outer loop
      vertex -30.1517 -9.85167 2
      vertex -30.2659 -9.82306 0.5
      vertex -30.1517 -9.85167 0.5
    endloop
  endfacet
  facet normal 0.74067 -0.671869 0
    outer loop
      vertex -31.4276 -10.2387 2
      vertex -31.3485 -10.1515 0.5
      vertex -31.3485 -10.1515 2
    endloop
  endfacet
  facet normal 0.74067 -0.671869 0
    outer loop
      vertex -31.3485 -10.1515 0.5
      vertex -31.4276 -10.2387 2
      vertex -31.4276 -10.2387 0.5
    endloop
  endfacet
  facet normal 0.998786 -0.0492599 0
    outer loop
      vertex -31.7 -11 2
      vertex -31.6942 -10.8824 0.5
      vertex -31.6942 -10.8824 2
    endloop
  endfacet
  facet normal 0.998786 -0.0492599 0
    outer loop
      vertex -31.6942 -10.8824 0.5
      vertex -31.7 -11 2
      vertex -31.7 -11 0.5
    endloop
  endfacet
  facet normal 0.0492599 0.998786 -0
    outer loop
      vertex -30.5 -12.2 0.5
      vertex -30.6176 -12.1942 2
      vertex -30.5 -12.2 2
    endloop
  endfacet
  facet normal 0.0492599 0.998786 0
    outer loop
      vertex -30.6176 -12.1942 2
      vertex -30.5 -12.2 0.5
      vertex -30.6176 -12.1942 0.5
    endloop
  endfacet
  facet normal 0.595918 -0.803046 0
    outer loop
      vertex -31.2613 -10.0724 0.5
      vertex -31.1667 -10.0022 2
      vertex -31.2613 -10.0724 2
    endloop
  endfacet
  facet normal 0.595918 -0.803046 0
    outer loop
      vertex -31.1667 -10.0022 2
      vertex -31.2613 -10.0724 0.5
      vertex -31.1667 -10.0022 0.5
    endloop
  endfacet
  facet normal -0.671869 0.74067 0
    outer loop
      vertex -29.6515 -11.8485 0.5
      vertex -29.7387 -11.9276 2
      vertex -29.6515 -11.8485 2
    endloop
  endfacet
  facet normal -0.671869 0.74067 0
    outer loop
      vertex -29.7387 -11.9276 2
      vertex -29.6515 -11.8485 0.5
      vertex -29.7387 -11.9276 0.5
    endloop
  endfacet
  facet normal -0.513871 -0.857867 0
    outer loop
      vertex -29.9343 -9.9417 0.5
      vertex -29.8333 -10.0022 2
      vertex -29.9343 -9.9417 2
    endloop
  endfacet
  facet normal -0.513871 -0.857867 -0
    outer loop
      vertex -29.8333 -10.0022 2
      vertex -29.9343 -9.9417 0.5
      vertex -29.8333 -10.0022 0.5
    endloop
  endfacet
  facet normal 0.989153 -0.146887 0
    outer loop
      vertex -31.6942 -10.8824 2
      vertex -31.6769 -10.7659 0.5
      vertex -31.6769 -10.7659 2
    endloop
  endfacet
  facet normal 0.989153 -0.146887 0
    outer loop
      vertex -31.6769 -10.7659 0.5
      vertex -31.6942 -10.8824 2
      vertex -31.6942 -10.8824 0.5
    endloop
  endfacet
  facet normal 0.998786 0.0492599 0
    outer loop
      vertex -31.6942 -11.1176 2
      vertex -31.7 -11 0.5
      vertex -31.7 -11 2
    endloop
  endfacet
  facet normal 0.998786 0.0492599 0
    outer loop
      vertex -31.7 -11 0.5
      vertex -31.6942 -11.1176 2
      vertex -31.6942 -11.1176 0.5
    endloop
  endfacet
  facet normal -0.336283 0.941761 0
    outer loop
      vertex -30.0408 -12.1087 0.5
      vertex -30.1517 -12.1483 2
      vertex -30.0408 -12.1087 2
    endloop
  endfacet
  facet normal -0.336283 0.941761 0
    outer loop
      vertex -30.1517 -12.1483 2
      vertex -30.0408 -12.1087 0.5
      vertex -30.1517 -12.1483 0.5
    endloop
  endfacet
  facet normal 0.903893 0.427758 0
    outer loop
      vertex -31.5583 -11.5657 2
      vertex -31.6087 -11.4592 0.5
      vertex -31.6087 -11.4592 2
    endloop
  endfacet
  facet normal 0.903893 0.427758 0
    outer loop
      vertex -31.6087 -11.4592 0.5
      vertex -31.5583 -11.5657 2
      vertex -31.5583 -11.5657 0.5
    endloop
  endfacet
  facet normal 0.671869 0.74067 -0
    outer loop
      vertex -31.2613 -11.9276 0.5
      vertex -31.3485 -11.8485 2
      vertex -31.2613 -11.9276 2
    endloop
  endfacet
  facet normal 0.671869 0.74067 0
    outer loop
      vertex -31.3485 -11.8485 2
      vertex -31.2613 -11.9276 0.5
      vertex -31.3485 -11.8485 0.5
    endloop
  endfacet
  facet normal -0.427411 -0.904057 0
    outer loop
      vertex -30.0408 -9.89135 0.5
      vertex -29.9343 -9.9417 2
      vertex -30.0408 -9.89135 2
    endloop
  endfacet
  facet normal -0.427411 -0.904057 -0
    outer loop
      vertex -29.9343 -9.9417 2
      vertex -30.0408 -9.89135 0.5
      vertex -29.9343 -9.9417 0.5
    endloop
  endfacet
  facet normal 0.970042 0.242935 0
    outer loop
      vertex -31.6483 -11.3483 2
      vertex -31.6769 -11.2341 0.5
      vertex -31.6769 -11.2341 2
    endloop
  endfacet
  facet normal 0.970042 0.242935 0
    outer loop
      vertex -31.6769 -11.2341 0.5
      vertex -31.6483 -11.3483 2
      vertex -31.6483 -11.3483 0.5
    endloop
  endfacet
  facet normal 0.513871 0.857867 -0
    outer loop
      vertex -31.0657 -12.0583 0.5
      vertex -31.1667 -11.9978 2
      vertex -31.0657 -12.0583 2
    endloop
  endfacet
  facet normal 0.513871 0.857867 0
    outer loop
      vertex -31.1667 -11.9978 2
      vertex -31.0657 -12.0583 0.5
      vertex -31.1667 -11.9978 0.5
    endloop
  endfacet
  facet normal 0.671869 -0.74067 0
    outer loop
      vertex -31.3485 -10.1515 0.5
      vertex -31.2613 -10.0724 2
      vertex -31.3485 -10.1515 2
    endloop
  endfacet
  facet normal 0.671869 -0.74067 0
    outer loop
      vertex -31.2613 -10.0724 2
      vertex -31.3485 -10.1515 0.5
      vertex -31.2613 -10.0724 0.5
    endloop
  endfacet
  facet normal -0.74067 0.671869 0
    outer loop
      vertex -29.6515 -11.8485 0.5
      vertex -29.5724 -11.7613 2
      vertex -29.5724 -11.7613 0.5
    endloop
  endfacet
  facet normal -0.74067 0.671869 0
    outer loop
      vertex -29.5724 -11.7613 2
      vertex -29.6515 -11.8485 0.5
      vertex -29.6515 -11.8485 2
    endloop
  endfacet
  facet normal -0.427758 0.903893 0
    outer loop
      vertex -29.9343 -12.0583 0.5
      vertex -30.0408 -12.1087 2
      vertex -29.9343 -12.0583 2
    endloop
  endfacet
  facet normal -0.427758 0.903893 0
    outer loop
      vertex -30.0408 -12.1087 2
      vertex -29.9343 -12.0583 0.5
      vertex -30.0408 -12.1087 0.5
    endloop
  endfacet
  facet normal 0.513871 -0.857867 0
    outer loop
      vertex -31.1667 -10.0022 0.5
      vertex -31.0657 -9.9417 2
      vertex -31.1667 -10.0022 2
    endloop
  endfacet
  facet normal 0.513871 -0.857867 0
    outer loop
      vertex -31.0657 -9.9417 2
      vertex -31.1667 -10.0022 0.5
      vertex -31.0657 -9.9417 0.5
    endloop
  endfacet
  facet normal -0.595918 0.803046 0
    outer loop
      vertex -29.7387 -11.9276 0.5
      vertex -29.8333 -11.9978 2
      vertex -29.7387 -11.9276 2
    endloop
  endfacet
  facet normal -0.595918 0.803046 0
    outer loop
      vertex -29.8333 -11.9978 2
      vertex -29.7387 -11.9276 0.5
      vertex -29.8333 -11.9978 0.5
    endloop
  endfacet
  facet normal 0.595918 0.803046 -0
    outer loop
      vertex -31.1667 -11.9978 0.5
      vertex -31.2613 -11.9276 2
      vertex -31.1667 -11.9978 2
    endloop
  endfacet
  facet normal 0.595918 0.803046 0
    outer loop
      vertex -31.2613 -11.9276 2
      vertex -31.1667 -11.9978 0.5
      vertex -31.2613 -11.9276 0.5
    endloop
  endfacet
  facet normal -0.513871 0.857867 0
    outer loop
      vertex -29.8333 -11.9978 0.5
      vertex -29.9343 -12.0583 2
      vertex -29.8333 -11.9978 2
    endloop
  endfacet
  facet normal -0.513871 0.857867 0
    outer loop
      vertex -29.9343 -12.0583 2
      vertex -29.8333 -11.9978 0.5
      vertex -29.9343 -12.0583 0.5
    endloop
  endfacet
  facet normal -0.595918 -0.803046 0
    outer loop
      vertex -29.8333 -10.0022 0.5
      vertex -29.7387 -10.0724 2
      vertex -29.8333 -10.0022 2
    endloop
  endfacet
  facet normal -0.595918 -0.803046 -0
    outer loop
      vertex -29.7387 -10.0724 2
      vertex -29.8333 -10.0022 0.5
      vertex -29.7387 -10.0724 0.5
    endloop
  endfacet
  facet normal 0.242935 0.970042 -0
    outer loop
      vertex -30.7341 -12.1769 0.5
      vertex -30.8483 -12.1483 2
      vertex -30.7341 -12.1769 2
    endloop
  endfacet
  facet normal 0.242935 0.970042 0
    outer loop
      vertex -30.8483 -12.1483 2
      vertex -30.7341 -12.1769 0.5
      vertex -30.8483 -12.1483 0.5
    endloop
  endfacet
  facet normal 0.146721 -0.989178 0
    outer loop
      vertex -30.7341 -9.82306 0.5
      vertex -30.6176 -9.80578 2
      vertex -30.7341 -9.82306 2
    endloop
  endfacet
  facet normal 0.146721 -0.989178 0
    outer loop
      vertex -30.6176 -9.80578 2
      vertex -30.7341 -9.82306 0.5
      vertex -30.6176 -9.80578 0.5
    endloop
  endfacet
  facet normal -0.989153 -0.146887 0
    outer loop
      vertex -29.3058 -10.8824 0.5
      vertex -29.3231 -10.7659 2
      vertex -29.3231 -10.7659 0.5
    endloop
  endfacet
  facet normal -0.989153 -0.146887 0
    outer loop
      vertex -29.3231 -10.7659 2
      vertex -29.3058 -10.8824 0.5
      vertex -29.3058 -10.8824 2
    endloop
  endfacet
  facet normal 0.0490904 -0.998794 0
    outer loop
      vertex -30.6176 -9.80578 0.5
      vertex -30.5 -9.8 2
      vertex -30.6176 -9.80578 2
    endloop
  endfacet
  facet normal 0.0490904 -0.998794 0
    outer loop
      vertex -30.5 -9.8 2
      vertex -30.6176 -9.80578 0.5
      vertex -30.5 -9.8 0.5
    endloop
  endfacet
  facet normal -0.857867 -0.513871 0
    outer loop
      vertex -29.4417 -10.4343 0.5
      vertex -29.5022 -10.3333 2
      vertex -29.5022 -10.3333 0.5
    endloop
  endfacet
  facet normal -0.857867 -0.513871 0
    outer loop
      vertex -29.5022 -10.3333 2
      vertex -29.4417 -10.4343 0.5
      vertex -29.4417 -10.4343 2
    endloop
  endfacet
  facet normal 0.803046 -0.595918 0
    outer loop
      vertex -31.4978 -10.3333 2
      vertex -31.4276 -10.2387 0.5
      vertex -31.4276 -10.2387 2
    endloop
  endfacet
  facet normal 0.803046 -0.595918 0
    outer loop
      vertex -31.4276 -10.2387 0.5
      vertex -31.4978 -10.3333 2
      vertex -31.4978 -10.3333 0.5
    endloop
  endfacet
  facet normal 0.903893 -0.427758 0
    outer loop
      vertex -31.6087 -10.5408 2
      vertex -31.5583 -10.4343 0.5
      vertex -31.5583 -10.4343 2
    endloop
  endfacet
  facet normal 0.903893 -0.427758 0
    outer loop
      vertex -31.5583 -10.4343 0.5
      vertex -31.6087 -10.5408 2
      vertex -31.6087 -10.5408 0.5
    endloop
  endfacet
  facet normal 0.857867 -0.513871 0
    outer loop
      vertex -31.5583 -10.4343 2
      vertex -31.4978 -10.3333 0.5
      vertex -31.4978 -10.3333 2
    endloop
  endfacet
  facet normal 0.857867 -0.513871 0
    outer loop
      vertex -31.4978 -10.3333 0.5
      vertex -31.5583 -10.4343 2
      vertex -31.5583 -10.4343 0.5
    endloop
  endfacet
  facet normal -0.903893 -0.427758 0
    outer loop
      vertex -29.3913 -10.5408 0.5
      vertex -29.4417 -10.4343 2
      vertex -29.4417 -10.4343 0.5
    endloop
  endfacet
  facet normal -0.903893 -0.427758 0
    outer loop
      vertex -29.4417 -10.4343 2
      vertex -29.3913 -10.5408 0.5
      vertex -29.3913 -10.5408 2
    endloop
  endfacet
  facet normal -0.671869 -0.74067 0
    outer loop
      vertex -29.7387 -10.0724 0.5
      vertex -29.6515 -10.1515 2
      vertex -29.7387 -10.0724 2
    endloop
  endfacet
  facet normal -0.671869 -0.74067 -0
    outer loop
      vertex -29.6515 -10.1515 2
      vertex -29.7387 -10.0724 0.5
      vertex -29.6515 -10.1515 0.5
    endloop
  endfacet
  facet normal 0.243015 -0.970022 0
    outer loop
      vertex -30.8483 -9.85167 0.5
      vertex -30.7341 -9.82306 2
      vertex -30.8483 -9.85167 2
    endloop
  endfacet
  facet normal 0.243015 -0.970022 0
    outer loop
      vertex -30.7341 -9.82306 2
      vertex -30.8483 -9.85167 0.5
      vertex -30.7341 -9.82306 0.5
    endloop
  endfacet
  facet normal -0.941761 -0.336283 0
    outer loop
      vertex -29.3517 -10.6517 0.5
      vertex -29.3913 -10.5408 2
      vertex -29.3913 -10.5408 0.5
    endloop
  endfacet
  facet normal -0.941761 -0.336283 0
    outer loop
      vertex -29.3913 -10.5408 2
      vertex -29.3517 -10.6517 0.5
      vertex -29.3517 -10.6517 2
    endloop
  endfacet
  facet normal 0.803046 0.595918 0
    outer loop
      vertex -31.4276 -11.7613 2
      vertex -31.4978 -11.6667 0.5
      vertex -31.4978 -11.6667 2
    endloop
  endfacet
  facet normal 0.803046 0.595918 0
    outer loop
      vertex -31.4978 -11.6667 0.5
      vertex -31.4276 -11.7613 2
      vertex -31.4276 -11.7613 0.5
    endloop
  endfacet
  facet normal -0.242935 0.970042 0
    outer loop
      vertex -30.1517 -12.1483 0.5
      vertex -30.2659 -12.1769 2
      vertex -30.1517 -12.1483 2
    endloop
  endfacet
  facet normal -0.242935 0.970042 0
    outer loop
      vertex -30.2659 -12.1769 2
      vertex -30.1517 -12.1483 0.5
      vertex -30.2659 -12.1769 0.5
    endloop
  endfacet
  facet normal -0.671702 0.740822 0
    outer loop
      vertex -28.8737 -12.6263 0
      vertex -29.0409 -12.7779 0.5
      vertex -28.8737 -12.6263 0.5
    endloop
  endfacet
  facet normal -0.671702 0.740822 0
    outer loop
      vertex -29.0409 -12.7779 0.5
      vertex -28.8737 -12.6263 0
      vertex -29.0409 -12.7779 0
    endloop
  endfacet
  facet normal -0.857806 0.513974 0
    outer loop
      vertex -28.5876 -12.2778 0
      vertex -28.4716 -12.0842 0.5
      vertex -28.4716 -12.0842 0
    endloop
  endfacet
  facet normal -0.857806 0.513974 0
    outer loop
      vertex -28.4716 -12.0842 0.5
      vertex -28.5876 -12.2778 0
      vertex -28.5876 -12.2778 0.5
    endloop
  endfacet
  facet normal 0.857806 0.513974 0
    outer loop
      vertex -32.4124 -12.2778 0.5
      vertex -32.5284 -12.0842 0
      vertex -32.5284 -12.0842 0.5
    endloop
  endfacet
  facet normal 0.857806 0.513974 0
    outer loop
      vertex -32.5284 -12.0842 0
      vertex -32.4124 -12.2778 0.5
      vertex -32.4124 -12.2778 0
    endloop
  endfacet
  facet normal -0.671653 -0.740866 0
    outer loop
      vertex -29.0409 -9.22208 0
      vertex -28.8737 -9.37366 0.5
      vertex -29.0409 -9.22208 0.5
    endloop
  endfacet
  facet normal -0.671653 -0.740866 -0
    outer loop
      vertex -28.8737 -9.37366 0.5
      vertex -29.0409 -9.22208 0
      vertex -28.8737 -9.37366 0
    endloop
  endfacet
  facet normal 0.671653 -0.740866 0
    outer loop
      vertex -32.1263 -9.37366 0
      vertex -31.9591 -9.22208 0.5
      vertex -32.1263 -9.37366 0.5
    endloop
  endfacet
  facet normal 0.671653 -0.740866 0
    outer loop
      vertex -31.9591 -9.22208 0.5
      vertex -32.1263 -9.37366 0
      vertex -31.9591 -9.22208 0
    endloop
  endfacet
  facet normal -0.903971 -0.427593 0
    outer loop
      vertex -28.3751 -10.1198 0
      vertex -28.4716 -9.91579 0.5
      vertex -28.4716 -9.91579 0
    endloop
  endfacet
  facet normal -0.903971 -0.427593 0
    outer loop
      vertex -28.4716 -9.91579 0.5
      vertex -28.3751 -10.1198 0
      vertex -28.3751 -10.1198 0.5
    endloop
  endfacet
  facet normal 0.941451 -0.33715 0
    outer loop
      vertex -32.701 -10.3323 0.5
      vertex -32.6249 -10.1198 0
      vertex -32.6249 -10.1198 0.5
    endloop
  endfacet
  facet normal 0.941451 -0.33715 0
    outer loop
      vertex -32.6249 -10.1198 0
      vertex -32.701 -10.3323 0.5
      vertex -32.701 -10.3323 0
    endloop
  endfacet
  facet normal 0.99879 0.0491862 0
    outer loop
      vertex -32.7889 -11.2254 0.5
      vertex -32.8 -11 0
      vertex -32.8 -11 0.5
    endloop
  endfacet
  facet normal 0.99879 0.0491862 0
    outer loop
      vertex -32.8 -11 0
      vertex -32.7889 -11.2254 0.5
      vertex -32.7889 -11.2254 0
    endloop
  endfacet
  facet normal -0.99879 -0.0491862 0
    outer loop
      vertex -28.2 -11 0
      vertex -28.2111 -10.7746 0.5
      vertex -28.2111 -10.7746 0
    endloop
  endfacet
  facet normal -0.99879 -0.0491862 0
    outer loop
      vertex -28.2111 -10.7746 0.5
      vertex -28.2 -11 0
      vertex -28.2 -11 0.5
    endloop
  endfacet
  facet normal 0.33715 0.941451 -0
    outer loop
      vertex -31.1677 -13.201 0
      vertex -31.3802 -13.1249 0.5
      vertex -31.1677 -13.201 0.5
    endloop
  endfacet
  facet normal 0.33715 0.941451 0
    outer loop
      vertex -31.3802 -13.1249 0.5
      vertex -31.1677 -13.201 0
      vertex -31.3802 -13.1249 0
    endloop
  endfacet
  facet normal -0.989192 0.146629 0
    outer loop
      vertex -28.2442 -11.4487 0
      vertex -28.2111 -11.2254 0.5
      vertex -28.2111 -11.2254 0
    endloop
  endfacet
  facet normal -0.989192 0.146629 0
    outer loop
      vertex -28.2111 -11.2254 0.5
      vertex -28.2442 -11.4487 0
      vertex -28.2442 -11.4487 0.5
    endloop
  endfacet
  facet normal -0.242744 0.97009 0
    outer loop
      vertex -29.8323 -13.201 0
      vertex -30.0513 -13.2558 0.5
      vertex -29.8323 -13.201 0.5
    endloop
  endfacet
  facet normal -0.242744 0.97009 0
    outer loop
      vertex -30.0513 -13.2558 0.5
      vertex -29.8323 -13.201 0
      vertex -30.0513 -13.2558 0
    endloop
  endfacet
  facet normal -0.336915 -0.941535 0
    outer loop
      vertex -29.8323 -8.79904 0
      vertex -29.6198 -8.87508 0.5
      vertex -29.8323 -8.79904 0.5
    endloop
  endfacet
  facet normal -0.336915 -0.941535 -0
    outer loop
      vertex -29.6198 -8.87508 0.5
      vertex -29.8323 -8.79904 0
      vertex -29.6198 -8.87508 0
    endloop
  endfacet
  facet normal -0.595696 -0.80321 0
    outer loop
      vertex -29.2222 -9.08762 0
      vertex -29.0409 -9.22208 0.5
      vertex -29.2222 -9.08762 0.5
    endloop
  endfacet
  facet normal -0.595696 -0.80321 -0
    outer loop
      vertex -29.0409 -9.22208 0.5
      vertex -29.2222 -9.08762 0
      vertex -29.0409 -9.22208 0
    endloop
  endfacet
  facet normal -0.99879 0.0491862 0
    outer loop
      vertex -28.2111 -11.2254 0
      vertex -28.2 -11 0.5
      vertex -28.2 -11 0
    endloop
  endfacet
  facet normal -0.99879 0.0491862 0
    outer loop
      vertex -28.2 -11 0.5
      vertex -28.2111 -11.2254 0
      vertex -28.2111 -11.2254 0.5
    endloop
  endfacet
  facet normal 0.941451 0.33715 0
    outer loop
      vertex -32.6249 -11.8802 0.5
      vertex -32.701 -11.6677 0
      vertex -32.701 -11.6677 0.5
    endloop
  endfacet
  facet normal 0.941451 0.33715 0
    outer loop
      vertex -32.701 -11.6677 0
      vertex -32.6249 -11.8802 0.5
      vertex -32.6249 -11.8802 0
    endloop
  endfacet
  facet normal -0.803125 0.59581 0
    outer loop
      vertex -28.7221 -12.4591 0
      vertex -28.5876 -12.2778 0.5
      vertex -28.5876 -12.2778 0
    endloop
  endfacet
  facet normal -0.803125 0.59581 0
    outer loop
      vertex -28.5876 -12.2778 0.5
      vertex -28.7221 -12.4591 0
      vertex -28.7221 -12.4591 0.5
    endloop
  endfacet
  facet normal 0.146629 0.989192 -0
    outer loop
      vertex -30.7254 -13.2889 0
      vertex -30.9487 -13.2558 0.5
      vertex -30.7254 -13.2889 0.5
    endloop
  endfacet
  facet normal 0.146629 0.989192 0
    outer loop
      vertex -30.9487 -13.2558 0.5
      vertex -30.7254 -13.2889 0
      vertex -30.9487 -13.2558 0
    endloop
  endfacet
  facet normal -0.59581 0.803125 0
    outer loop
      vertex -29.0409 -12.7779 0
      vertex -29.2222 -12.9124 0.5
      vertex -29.0409 -12.7779 0.5
    endloop
  endfacet
  facet normal -0.59581 0.803125 0
    outer loop
      vertex -29.2222 -12.9124 0.5
      vertex -29.0409 -12.7779 0
      vertex -29.2222 -12.9124 0
    endloop
  endfacet
  facet normal -0.740902 -0.671614 0
    outer loop
      vertex -28.7221 -9.5409 0
      vertex -28.8737 -9.37366 0.5
      vertex -28.8737 -9.37366 0
    endloop
  endfacet
  facet normal -0.740902 -0.671614 0
    outer loop
      vertex -28.8737 -9.37366 0.5
      vertex -28.7221 -9.5409 0
      vertex -28.7221 -9.5409 0.5
    endloop
  endfacet
  facet normal 0.99879 -0.0491862 0
    outer loop
      vertex -32.8 -11 0.5
      vertex -32.7889 -10.7746 0
      vertex -32.7889 -10.7746 0.5
    endloop
  endfacet
  facet normal 0.99879 -0.0491862 0
    outer loop
      vertex -32.7889 -10.7746 0
      vertex -32.8 -11 0.5
      vertex -32.8 -11 0
    endloop
  endfacet
  facet normal 0.989192 0.146629 0
    outer loop
      vertex -32.7558 -11.4487 0.5
      vertex -32.7889 -11.2254 0
      vertex -32.7889 -11.2254 0.5
    endloop
  endfacet
  facet normal 0.989192 0.146629 0
    outer loop
      vertex -32.7889 -11.2254 0
      vertex -32.7558 -11.4487 0.5
      vertex -32.7558 -11.4487 0
    endloop
  endfacet
  facet normal -0.903963 0.42761 0
    outer loop
      vertex -28.4716 -12.0842 0
      vertex -28.3751 -11.8802 0.5
      vertex -28.3751 -11.8802 0
    endloop
  endfacet
  facet normal -0.903963 0.42761 0
    outer loop
      vertex -28.3751 -11.8802 0.5
      vertex -28.4716 -12.0842 0
      vertex -28.4716 -12.0842 0.5
    endloop
  endfacet
  facet normal -0.97009 -0.242744 0
    outer loop
      vertex -28.2442 -10.5513 0
      vertex -28.299 -10.3323 0.5
      vertex -28.299 -10.3323 0
    endloop
  endfacet
  facet normal -0.97009 -0.242744 0
    outer loop
      vertex -28.299 -10.3323 0.5
      vertex -28.2442 -10.5513 0
      vertex -28.2442 -10.5513 0.5
    endloop
  endfacet
  facet normal -0.146629 0.989192 0
    outer loop
      vertex -30.0513 -13.2558 0
      vertex -30.2746 -13.2889 0.5
      vertex -30.0513 -13.2558 0.5
    endloop
  endfacet
  facet normal -0.146629 0.989192 0
    outer loop
      vertex -30.2746 -13.2889 0.5
      vertex -30.0513 -13.2558 0
      vertex -30.2746 -13.2889 0
    endloop
  endfacet
  facet normal -0.97009 0.242744 0
    outer loop
      vertex -28.299 -11.6677 0
      vertex -28.2442 -11.4487 0.5
      vertex -28.2442 -11.4487 0
    endloop
  endfacet
  facet normal -0.97009 0.242744 0
    outer loop
      vertex -28.2442 -11.4487 0.5
      vertex -28.299 -11.6677 0
      vertex -28.299 -11.6677 0.5
    endloop
  endfacet
  facet normal 0.803125 0.59581 0
    outer loop
      vertex -32.2779 -12.4591 0.5
      vertex -32.4124 -12.2778 0
      vertex -32.4124 -12.2778 0.5
    endloop
  endfacet
  facet normal 0.803125 0.59581 0
    outer loop
      vertex -32.4124 -12.2778 0
      vertex -32.2779 -12.4591 0.5
      vertex -32.2779 -12.4591 0
    endloop
  endfacet
  facet normal -0.740822 0.671702 0
    outer loop
      vertex -28.8737 -12.6263 0
      vertex -28.7221 -12.4591 0.5
      vertex -28.7221 -12.4591 0
    endloop
  endfacet
  facet normal -0.740822 0.671702 0
    outer loop
      vertex -28.7221 -12.4591 0.5
      vertex -28.8737 -12.6263 0
      vertex -28.8737 -12.6263 0.5
    endloop
  endfacet
  facet normal -0.42761 0.903963 0
    outer loop
      vertex -29.4158 -13.0284 0
      vertex -29.6198 -13.1249 0.5
      vertex -29.4158 -13.0284 0.5
    endloop
  endfacet
  facet normal -0.42761 0.903963 0
    outer loop
      vertex -29.6198 -13.1249 0.5
      vertex -29.4158 -13.0284 0
      vertex -29.6198 -13.1249 0
    endloop
  endfacet
  facet normal 0.740822 0.671702 0
    outer loop
      vertex -32.1263 -12.6263 0.5
      vertex -32.2779 -12.4591 0
      vertex -32.2779 -12.4591 0.5
    endloop
  endfacet
  facet normal 0.740822 0.671702 0
    outer loop
      vertex -32.2779 -12.4591 0
      vertex -32.1263 -12.6263 0.5
      vertex -32.1263 -12.6263 0
    endloop
  endfacet
  facet normal 0.0491862 0.99879 -0
    outer loop
      vertex -30.5 -13.3 0
      vertex -30.7254 -13.2889 0.5
      vertex -30.5 -13.3 0.5
    endloop
  endfacet
  facet normal 0.0491862 0.99879 0
    outer loop
      vertex -30.7254 -13.2889 0.5
      vertex -30.5 -13.3 0
      vertex -30.7254 -13.2889 0
    endloop
  endfacet
  facet normal -0.42761 -0.903963 0
    outer loop
      vertex -29.6198 -8.87508 0
      vertex -29.4158 -8.97158 0.5
      vertex -29.6198 -8.87508 0.5
    endloop
  endfacet
  facet normal -0.42761 -0.903963 -0
    outer loop
      vertex -29.4158 -8.97158 0.5
      vertex -29.6198 -8.87508 0
      vertex -29.4158 -8.97158 0
    endloop
  endfacet
  facet normal -0.989192 -0.146629 0
    outer loop
      vertex -28.2111 -10.7746 0
      vertex -28.2442 -10.5513 0.5
      vertex -28.2442 -10.5513 0
    endloop
  endfacet
  facet normal -0.989192 -0.146629 0
    outer loop
      vertex -28.2442 -10.5513 0.5
      vertex -28.2111 -10.7746 0
      vertex -28.2111 -10.7746 0.5
    endloop
  endfacet
  facet normal -0.80311 -0.595831 0
    outer loop
      vertex -28.5876 -9.72219 0
      vertex -28.7221 -9.5409 0.5
      vertex -28.7221 -9.5409 0
    endloop
  endfacet
  facet normal -0.80311 -0.595831 0
    outer loop
      vertex -28.7221 -9.5409 0.5
      vertex -28.5876 -9.72219 0
      vertex -28.5876 -9.72219 0.5
    endloop
  endfacet
  facet normal 0.857806 -0.513974 0
    outer loop
      vertex -32.5284 -9.91579 0.5
      vertex -32.4124 -9.72219 0
      vertex -32.4124 -9.72219 0.5
    endloop
  endfacet
  facet normal 0.857806 -0.513974 0
    outer loop
      vertex -32.4124 -9.72219 0
      vertex -32.5284 -9.91579 0.5
      vertex -32.5284 -9.91579 0
    endloop
  endfacet
  facet normal 0.242744 0.97009 -0
    outer loop
      vertex -30.9487 -13.2558 0
      vertex -31.1677 -13.201 0.5
      vertex -30.9487 -13.2558 0.5
    endloop
  endfacet
  facet normal 0.242744 0.97009 0
    outer loop
      vertex -31.1677 -13.201 0.5
      vertex -30.9487 -13.2558 0
      vertex -31.1677 -13.201 0
    endloop
  endfacet
  facet normal 0.146672 -0.989185 0
    outer loop
      vertex -30.9487 -8.74419 0
      vertex -30.7254 -8.71108 0.5
      vertex -30.9487 -8.74419 0.5
    endloop
  endfacet
  facet normal 0.146672 -0.989185 0
    outer loop
      vertex -30.7254 -8.71108 0.5
      vertex -30.9487 -8.74419 0
      vertex -30.7254 -8.71108 0
    endloop
  endfacet
  facet normal 0.59581 0.803125 -0
    outer loop
      vertex -31.7778 -12.9124 0
      vertex -31.9591 -12.7779 0.5
      vertex -31.7778 -12.9124 0.5
    endloop
  endfacet
  facet normal 0.59581 0.803125 0
    outer loop
      vertex -31.9591 -12.7779 0.5
      vertex -31.7778 -12.9124 0
      vertex -31.9591 -12.7779 0
    endloop
  endfacet
  facet normal 0.336915 -0.941535 0
    outer loop
      vertex -31.3802 -8.87508 0
      vertex -31.1677 -8.79904 0.5
      vertex -31.3802 -8.87508 0.5
    endloop
  endfacet
  facet normal 0.336915 -0.941535 0
    outer loop
      vertex -31.1677 -8.79904 0.5
      vertex -31.3802 -8.87508 0
      vertex -31.1677 -8.79904 0
    endloop
  endfacet
  facet normal 0.0490978 -0.998794 0
    outer loop
      vertex -30.7254 -8.71108 0
      vertex -30.5 -8.7 0.5
      vertex -30.7254 -8.71108 0.5
    endloop
  endfacet
  facet normal 0.0490978 -0.998794 0
    outer loop
      vertex -30.5 -8.7 0.5
      vertex -30.7254 -8.71108 0
      vertex -30.5 -8.7 0
    endloop
  endfacet
  facet normal -0.146672 -0.989185 0
    outer loop
      vertex -30.2746 -8.71108 0
      vertex -30.0513 -8.74419 0.5
      vertex -30.2746 -8.71108 0.5
    endloop
  endfacet
  facet normal -0.146672 -0.989185 -0
    outer loop
      vertex -30.0513 -8.74419 0.5
      vertex -30.2746 -8.71108 0
      vertex -30.0513 -8.74419 0
    endloop
  endfacet
  facet normal -0.33715 0.941451 0
    outer loop
      vertex -29.6198 -13.1249 0
      vertex -29.8323 -13.201 0.5
      vertex -29.6198 -13.1249 0.5
    endloop
  endfacet
  facet normal -0.33715 0.941451 0
    outer loop
      vertex -29.8323 -13.201 0.5
      vertex -29.6198 -13.1249 0
      vertex -29.8323 -13.201 0
    endloop
  endfacet
  facet normal -0.941451 0.33715 0
    outer loop
      vertex -28.3751 -11.8802 0
      vertex -28.299 -11.6677 0.5
      vertex -28.299 -11.6677 0
    endloop
  endfacet
  facet normal -0.941451 0.33715 0
    outer loop
      vertex -28.299 -11.6677 0.5
      vertex -28.3751 -11.8802 0
      vertex -28.3751 -11.8802 0.5
    endloop
  endfacet
  facet normal -0.242952 -0.970038 0
    outer loop
      vertex -30.0513 -8.74419 0
      vertex -29.8323 -8.79904 0.5
      vertex -30.0513 -8.74419 0.5
    endloop
  endfacet
  facet normal -0.242952 -0.970038 -0
    outer loop
      vertex -29.8323 -8.79904 0.5
      vertex -30.0513 -8.74419 0
      vertex -29.8323 -8.79904 0
    endloop
  endfacet
  facet normal -0.857806 -0.513974 0
    outer loop
      vertex -28.4716 -9.91579 0
      vertex -28.5876 -9.72219 0.5
      vertex -28.5876 -9.72219 0
    endloop
  endfacet
  facet normal -0.857806 -0.513974 0
    outer loop
      vertex -28.5876 -9.72219 0.5
      vertex -28.4716 -9.91579 0
      vertex -28.4716 -9.91579 0.5
    endloop
  endfacet
  facet normal 0.671702 0.740822 -0
    outer loop
      vertex -31.9591 -12.7779 0
      vertex -32.1263 -12.6263 0.5
      vertex -31.9591 -12.7779 0.5
    endloop
  endfacet
  facet normal 0.671702 0.740822 0
    outer loop
      vertex -32.1263 -12.6263 0.5
      vertex -31.9591 -12.7779 0
      vertex -32.1263 -12.6263 0
    endloop
  endfacet
  facet normal -0.513974 0.857806 0
    outer loop
      vertex -29.2222 -12.9124 0
      vertex -29.4158 -13.0284 0.5
      vertex -29.2222 -12.9124 0.5
    endloop
  endfacet
  facet normal -0.513974 0.857806 0
    outer loop
      vertex -29.4158 -13.0284 0.5
      vertex -29.2222 -12.9124 0
      vertex -29.4158 -13.0284 0
    endloop
  endfacet
  facet normal 0 0 -1
    outer loop
      vertex -29.3 -11 0.5
      vertex -28.2 -11 0.5
      vertex -28.2111 -11.2254 0.5
    endloop
  endfacet
  facet normal 0 0 -1
    outer loop
      vertex -29.3058 -11.1176 0.5
      vertex -28.2111 -11.2254 0.5
      vertex -28.2442 -11.4487 0.5
    endloop
  endfacet
  facet normal 0 0 -1
    outer loop
      vertex -28.2 -11 0.5
      vertex -29.3 -11 0.5
      vertex -28.2111 -10.7746 0.5
    endloop
  endfacet
  facet normal 0 0 -1
    outer loop
      vertex -29.3231 -11.2341 0.5
      vertex -28.2442 -11.4487 0.5
      vertex -28.299 -11.6677 0.5
    endloop
  endfacet
  facet normal 0 0 -1
    outer loop
      vertex -29.3058 -10.8824 0.5
      vertex -28.2111 -10.7746 0.5
      vertex -29.3 -11 0.5
    endloop
  endfacet
  facet normal 0 0 -1
    outer loop
      vertex -29.3517 -11.3483 0.5
      vertex -28.299 -11.6677 0.5
      vertex -28.3751 -11.8802 0.5
    endloop
  endfacet
  facet normal -0 0 -1
    outer loop
      vertex -28.2111 -10.7746 0.5
      vertex -29.3058 -10.8824 0.5
      vertex -28.2442 -10.5513 0.5
    endloop
  endfacet
  facet normal 0 0 -1
    outer loop
      vertex -29.3913 -11.4592 0.5
      vertex -28.3751 -11.8802 0.5
      vertex -28.4716 -12.0842 0.5
    endloop
  endfacet
  facet normal 0 0 -1
    outer loop
      vertex -29.3231 -10.7659 0.5
      vertex -28.2442 -10.5513 0.5
      vertex -29.3058 -10.8824 0.5
    endloop
  endfacet
  facet normal 0 0 -1
    outer loop
      vertex -29.4417 -11.5657 0.5
      vertex -28.4716 -12.0842 0.5
      vertex -28.5876 -12.2778 0.5
    endloop
  endfacet
  facet normal -0 0 -1
    outer loop
      vertex -28.2442 -10.5513 0.5
      vertex -29.3231 -10.7659 0.5
      vertex -28.299 -10.3323 0.5
    endloop
  endfacet
  facet normal 0 0 -1
    outer loop
      vertex -29.5022 -11.6667 0.5
      vertex -28.5876 -12.2778 0.5
      vertex -28.7221 -12.4591 0.5
    endloop
  endfacet
  facet normal 0 0 -1
    outer loop
      vertex -29.3517 -10.6517 0.5
      vertex -28.299 -10.3323 0.5
      vertex -29.3231 -10.7659 0.5
    endloop
  endfacet
  facet normal 0 0 -1
    outer loop
      vertex -29.5724 -11.7613 0.5
      vertex -28.7221 -12.4591 0.5
      vertex -28.8737 -12.6263 0.5
    endloop
  endfacet
  facet normal -0 0 -1
    outer loop
      vertex -28.299 -10.3323 0.5
      vertex -29.3517 -10.6517 0.5
      vertex -28.3751 -10.1198 0.5
    endloop
  endfacet
  facet normal 0 0 -1
    outer loop
      vertex -29.6515 -11.8485 0.5
      vertex -28.8737 -12.6263 0.5
      vertex -29.0409 -12.7779 0.5
    endloop
  endfacet
  facet normal 0 0 -1
    outer loop
      vertex -29.3913 -10.5408 0.5
      vertex -28.3751 -10.1198 0.5
      vertex -29.3517 -10.6517 0.5
    endloop
  endfacet
  facet normal 0 0 -1
    outer loop
      vertex -29.7387 -11.9276 0.5
      vertex -29.0409 -12.7779 0.5
      vertex -29.2222 -12.9124 0.5
    endloop
  endfacet
  facet normal -0 0 -1
    outer loop
      vertex -28.3751 -10.1198 0.5
      vertex -29.3913 -10.5408 0.5
      vertex -28.4716 -9.91579 0.5
    endloop
  endfacet
  facet normal 0 0 -1
    outer loop
      vertex -29.4417 -10.4343 0.5
      vertex -28.4716 -9.91579 0.5
      vertex -29.3913 -10.5408 0.5
    endloop
  endfacet
  facet normal 0 0 -1
    outer loop
      vertex -28.2111 -11.2254 0.5
      vertex -29.3058 -11.1176 0.5
      vertex -29.3 -11 0.5
    endloop
  endfacet
  facet normal 0 0 -1
    outer loop
      vertex -28.2442 -11.4487 0.5
      vertex -29.3231 -11.2341 0.5
      vertex -29.3058 -11.1176 0.5
    endloop
  endfacet
  facet normal 0 0 -1
    outer loop
      vertex -28.299 -11.6677 0.5
      vertex -29.3517 -11.3483 0.5
      vertex -29.3231 -11.2341 0.5
    endloop
  endfacet
  facet normal 0 0 -1
    outer loop
      vertex -28.3751 -11.8802 0.5
      vertex -29.3913 -11.4592 0.5
      vertex -29.3517 -11.3483 0.5
    endloop
  endfacet
  facet normal 0 0 -1
    outer loop
      vertex -29.8333 -11.9978 0.5
      vertex -29.2222 -12.9124 0.5
      vertex -29.4158 -13.0284 0.5
    endloop
  endfacet
  facet normal 0 0 -1
    outer loop
      vertex -28.4716 -12.0842 0.5
      vertex -29.4417 -11.5657 0.5
      vertex -29.3913 -11.4592 0.5
    endloop
  endfacet
  facet normal 0 0 -1
    outer loop
      vertex -28.5876 -12.2778 0.5
      vertex -29.5022 -11.6667 0.5
      vertex -29.4417 -11.5657 0.5
    endloop
  endfacet
  facet normal 0 0 -1
    outer loop
      vertex -28.7221 -12.4591 0.5
      vertex -29.5724 -11.7613 0.5
      vertex -29.5022 -11.6667 0.5
    endloop
  endfacet
  facet normal 0 0 -1
    outer loop
      vertex -29.9343 -12.0583 0.5
      vertex -29.4158 -13.0284 0.5
      vertex -29.6198 -13.1249 0.5
    endloop
  endfacet
  facet normal 0 0 -1
    outer loop
      vertex -28.8737 -12.6263 0.5
      vertex -29.6515 -11.8485 0.5
      vertex -29.5724 -11.7613 0.5
    endloop
  endfacet
  facet normal 0 0 -1
    outer loop
      vertex -29.0409 -12.7779 0.5
      vertex -29.7387 -11.9276 0.5
      vertex -29.6515 -11.8485 0.5
    endloop
  endfacet
  facet normal 0 0 -1
    outer loop
      vertex -30.0408 -12.1087 0.5
      vertex -29.6198 -13.1249 0.5
      vertex -29.8323 -13.201 0.5
    endloop
  endfacet
  facet normal 0 0 -1
    outer loop
      vertex -29.2222 -12.9124 0.5
      vertex -29.8333 -11.9978 0.5
      vertex -29.7387 -11.9276 0.5
    endloop
  endfacet
  facet normal 0 0 -1
    outer loop
      vertex -29.4158 -13.0284 0.5
      vertex -29.9343 -12.0583 0.5
      vertex -29.8333 -11.9978 0.5
    endloop
  endfacet
  facet normal 0 0 -1
    outer loop
      vertex -29.6198 -13.1249 0.5
      vertex -30.0408 -12.1087 0.5
      vertex -29.9343 -12.0583 0.5
    endloop
  endfacet
  facet normal 0 0 -1
    outer loop
      vertex -30.1517 -12.1483 0.5
      vertex -29.8323 -13.201 0.5
      vertex -30.0513 -13.2558 0.5
    endloop
  endfacet
  facet normal 0 0 -1
    outer loop
      vertex -29.8323 -13.201 0.5
      vertex -30.1517 -12.1483 0.5
      vertex -30.0408 -12.1087 0.5
    endloop
  endfacet
  facet normal 0 0 -1
    outer loop
      vertex -30.0513 -13.2558 0.5
      vertex -30.2659 -12.1769 0.5
      vertex -30.1517 -12.1483 0.5
    endloop
  endfacet
  facet normal 0 0 -1
    outer loop
      vertex -30.2746 -13.2889 0.5
      vertex -30.2659 -12.1769 0.5
      vertex -30.0513 -13.2558 0.5
    endloop
  endfacet
  facet normal 0 0 -1
    outer loop
      vertex -30.2746 -13.2889 0.5
      vertex -30.3824 -12.1942 0.5
      vertex -30.2659 -12.1769 0.5
    endloop
  endfacet
  facet normal 0 0 -1
    outer loop
      vertex -30.5 -13.3 0.5
      vertex -30.3824 -12.1942 0.5
      vertex -30.2746 -13.2889 0.5
    endloop
  endfacet
  facet normal 0 0 -1
    outer loop
      vertex -30.5 -13.3 0.5
      vertex -30.5 -12.2 0.5
      vertex -30.3824 -12.1942 0.5
    endloop
  endfacet
  facet normal 0 0 -1
    outer loop
      vertex -30.5 -13.3 0.5
      vertex -30.6176 -12.1942 0.5
      vertex -30.5 -12.2 0.5
    endloop
  endfacet
  facet normal 0 0 -1
    outer loop
      vertex -30.7254 -13.2889 0.5
      vertex -30.6176 -12.1942 0.5
      vertex -30.5 -13.3 0.5
    endloop
  endfacet
  facet normal 0 0 -1
    outer loop
      vertex -30.7254 -13.2889 0.5
      vertex -30.7341 -12.1769 0.5
      vertex -30.6176 -12.1942 0.5
    endloop
  endfacet
  facet normal 0 0 -1
    outer loop
      vertex -30.9487 -13.2558 0.5
      vertex -30.7341 -12.1769 0.5
      vertex -30.7254 -13.2889 0.5
    endloop
  endfacet
  facet normal -0 0 -1
    outer loop
      vertex -30.7341 -12.1769 0.5
      vertex -30.9487 -13.2558 0.5
      vertex -30.8483 -12.1483 0.5
    endloop
  endfacet
  facet normal 0 0 -1
    outer loop
      vertex -31.1677 -13.201 0.5
      vertex -30.8483 -12.1483 0.5
      vertex -30.9487 -13.2558 0.5
    endloop
  endfacet
  facet normal -0 0 -1
    outer loop
      vertex -30.8483 -12.1483 0.5
      vertex -31.1677 -13.201 0.5
      vertex -30.9592 -12.1087 0.5
    endloop
  endfacet
  facet normal 0 0 -1
    outer loop
      vertex -31.3802 -13.1249 0.5
      vertex -30.9592 -12.1087 0.5
      vertex -31.1677 -13.201 0.5
    endloop
  endfacet
  facet normal -0 0 -1
    outer loop
      vertex -30.9592 -12.1087 0.5
      vertex -31.3802 -13.1249 0.5
      vertex -31.0657 -12.0583 0.5
    endloop
  endfacet
  facet normal 0 0 -1
    outer loop
      vertex -31.5842 -13.0284 0.5
      vertex -31.0657 -12.0583 0.5
      vertex -31.3802 -13.1249 0.5
    endloop
  endfacet
  facet normal -0 0 -1
    outer loop
      vertex -31.0657 -12.0583 0.5
      vertex -31.5842 -13.0284 0.5
      vertex -31.1667 -11.9978 0.5
    endloop
  endfacet
  facet normal 0 0 -1
    outer loop
      vertex -31.7778 -12.9124 0.5
      vertex -31.1667 -11.9978 0.5
      vertex -31.5842 -13.0284 0.5
    endloop
  endfacet
  facet normal -0 0 -1
    outer loop
      vertex -31.1667 -11.9978 0.5
      vertex -31.7778 -12.9124 0.5
      vertex -31.2613 -11.9276 0.5
    endloop
  endfacet
  facet normal 0 0 -1
    outer loop
      vertex -31.9591 -12.7779 0.5
      vertex -31.2613 -11.9276 0.5
      vertex -31.7778 -12.9124 0.5
    endloop
  endfacet
  facet normal -0 0 -1
    outer loop
      vertex -31.2613 -11.9276 0.5
      vertex -31.9591 -12.7779 0.5
      vertex -31.3485 -11.8485 0.5
    endloop
  endfacet
  facet normal 0 0 -1
    outer loop
      vertex -32.1263 -12.6263 0.5
      vertex -31.3485 -11.8485 0.5
      vertex -31.9591 -12.7779 0.5
    endloop
  endfacet
  facet normal -0 0 -1
    outer loop
      vertex -31.3485 -11.8485 0.5
      vertex -32.1263 -12.6263 0.5
      vertex -31.4276 -11.7613 0.5
    endloop
  endfacet
  facet normal 0 0 -1
    outer loop
      vertex -32.2779 -12.4591 0.5
      vertex -31.4276 -11.7613 0.5
      vertex -32.1263 -12.6263 0.5
    endloop
  endfacet
  facet normal -0 0 -1
    outer loop
      vertex -31.4276 -11.7613 0.5
      vertex -32.2779 -12.4591 0.5
      vertex -31.4978 -11.6667 0.5
    endloop
  endfacet
  facet normal 0 0 -1
    outer loop
      vertex -32.4124 -12.2778 0.5
      vertex -31.4978 -11.6667 0.5
      vertex -32.2779 -12.4591 0.5
    endloop
  endfacet
  facet normal 0 0 -1
    outer loop
      vertex -32.5284 -12.0842 0.5
      vertex -31.5583 -11.5657 0.5
      vertex -32.4124 -12.2778 0.5
    endloop
  endfacet
  facet normal -0 0 -1
    outer loop
      vertex -31.4978 -11.6667 0.5
      vertex -32.4124 -12.2778 0.5
      vertex -31.5583 -11.5657 0.5
    endloop
  endfacet
  facet normal -0 0 -1
    outer loop
      vertex -28.4716 -9.91579 0.5
      vertex -29.4417 -10.4343 0.5
      vertex -28.5876 -9.72219 0.5
    endloop
  endfacet
  facet normal 0 0 -1
    outer loop
      vertex -29.5022 -10.3333 0.5
      vertex -28.5876 -9.72219 0.5
      vertex -29.4417 -10.4343 0.5
    endloop
  endfacet
  facet normal -0 0 -1
    outer loop
      vertex -28.5876 -9.72219 0.5
      vertex -29.5022 -10.3333 0.5
      vertex -28.7221 -9.5409 0.5
    endloop
  endfacet
  facet normal 0 0 -1
    outer loop
      vertex -29.5724 -10.2387 0.5
      vertex -28.7221 -9.5409 0.5
      vertex -29.5022 -10.3333 0.5
    endloop
  endfacet
  facet normal -0 0 -1
    outer loop
      vertex -28.7221 -9.5409 0.5
      vertex -29.5724 -10.2387 0.5
      vertex -28.8737 -9.37366 0.5
    endloop
  endfacet
  facet normal 0 0 -1
    outer loop
      vertex -29.6515 -10.1515 0.5
      vertex -28.8737 -9.37366 0.5
      vertex -29.5724 -10.2387 0.5
    endloop
  endfacet
  facet normal -0 0 -1
    outer loop
      vertex -28.8737 -9.37366 0.5
      vertex -29.6515 -10.1515 0.5
      vertex -29.0409 -9.22208 0.5
    endloop
  endfacet
  facet normal 0 0 -1
    outer loop
      vertex -29.7387 -10.0724 0.5
      vertex -29.0409 -9.22208 0.5
      vertex -29.6515 -10.1515 0.5
    endloop
  endfacet
  facet normal -0 0 -1
    outer loop
      vertex -29.0409 -9.22208 0.5
      vertex -29.7387 -10.0724 0.5
      vertex -29.2222 -9.08762 0.5
    endloop
  endfacet
  facet normal 0 0 -1
    outer loop
      vertex -29.8333 -10.0022 0.5
      vertex -29.2222 -9.08762 0.5
      vertex -29.7387 -10.0724 0.5
    endloop
  endfacet
  facet normal -0 0 -1
    outer loop
      vertex -29.2222 -9.08762 0.5
      vertex -29.8333 -10.0022 0.5
      vertex -29.4158 -8.97158 0.5
    endloop
  endfacet
  facet normal 0 0 -1
    outer loop
      vertex -29.9343 -9.9417 0.5
      vertex -29.4158 -8.97158 0.5
      vertex -29.8333 -10.0022 0.5
    endloop
  endfacet
  facet normal -0 0 -1
    outer loop
      vertex -29.4158 -8.97158 0.5
      vertex -29.9343 -9.9417 0.5
      vertex -29.6198 -8.87508 0.5
    endloop
  endfacet
  facet normal 0 0 -1
    outer loop
      vertex -30.0408 -9.89135 0.5
      vertex -29.6198 -8.87508 0.5
      vertex -29.9343 -9.9417 0.5
    endloop
  endfacet
  facet normal -0 0 -1
    outer loop
      vertex -29.6198 -8.87508 0.5
      vertex -30.0408 -9.89135 0.5
      vertex -29.8323 -8.79904 0.5
    endloop
  endfacet
  facet normal 0 0 -1
    outer loop
      vertex -30.1517 -9.85167 0.5
      vertex -29.8323 -8.79904 0.5
      vertex -30.0408 -9.89135 0.5
    endloop
  endfacet
  facet normal -0 0 -1
    outer loop
      vertex -29.8323 -8.79904 0.5
      vertex -30.1517 -9.85167 0.5
      vertex -30.0513 -8.74419 0.5
    endloop
  endfacet
  facet normal 0 0 -1
    outer loop
      vertex -30.2659 -9.82306 0.5
      vertex -30.0513 -8.74419 0.5
      vertex -30.1517 -9.85167 0.5
    endloop
  endfacet
  facet normal 0 0 -1
    outer loop
      vertex -30.2659 -9.82306 0.5
      vertex -30.2746 -8.71108 0.5
      vertex -30.0513 -8.74419 0.5
    endloop
  endfacet
  facet normal 0 0 -1
    outer loop
      vertex -30.3824 -9.80578 0.5
      vertex -30.2746 -8.71108 0.5
      vertex -30.2659 -9.82306 0.5
    endloop
  endfacet
  facet normal 0 0 -1
    outer loop
      vertex -30.5 -9.8 0.5
      vertex -30.2746 -8.71108 0.5
      vertex -30.3824 -9.80578 0.5
    endloop
  endfacet
  facet normal 0 0 -1
    outer loop
      vertex -30.5 -9.8 0.5
      vertex -30.5 -8.7 0.5
      vertex -30.2746 -8.71108 0.5
    endloop
  endfacet
  facet normal 0 0 -1
    outer loop
      vertex -30.6176 -9.80578 0.5
      vertex -30.5 -8.7 0.5
      vertex -30.5 -9.8 0.5
    endloop
  endfacet
  facet normal 0 0 -1
    outer loop
      vertex -30.6176 -9.80578 0.5
      vertex -30.7254 -8.71108 0.5
      vertex -30.5 -8.7 0.5
    endloop
  endfacet
  facet normal 0 0 -1
    outer loop
      vertex -30.7341 -9.82306 0.5
      vertex -30.7254 -8.71108 0.5
      vertex -30.6176 -9.80578 0.5
    endloop
  endfacet
  facet normal 0 0 -1
    outer loop
      vertex -30.9487 -8.74419 0.5
      vertex -30.7341 -9.82306 0.5
      vertex -30.8483 -9.85167 0.5
    endloop
  endfacet
  facet normal 0 0 -1
    outer loop
      vertex -30.7341 -9.82306 0.5
      vertex -30.9487 -8.74419 0.5
      vertex -30.7254 -8.71108 0.5
    endloop
  endfacet
  facet normal 0 0 -1
    outer loop
      vertex -31.1677 -8.79904 0.5
      vertex -30.8483 -9.85167 0.5
      vertex -30.9592 -9.89135 0.5
    endloop
  endfacet
  facet normal 0 0 -1
    outer loop
      vertex -31.3802 -8.87508 0.5
      vertex -30.9592 -9.89135 0.5
      vertex -31.0657 -9.9417 0.5
    endloop
  endfacet
  facet normal 0 0 -1
    outer loop
      vertex -31.5842 -8.97158 0.5
      vertex -31.0657 -9.9417 0.5
      vertex -31.1667 -10.0022 0.5
    endloop
  endfacet
  facet normal 0 0 -1
    outer loop
      vertex -30.8483 -9.85167 0.5
      vertex -31.1677 -8.79904 0.5
      vertex -30.9487 -8.74419 0.5
    endloop
  endfacet
  facet normal 0 0 -1
    outer loop
      vertex -31.7778 -9.08762 0.5
      vertex -31.1667 -10.0022 0.5
      vertex -31.2613 -10.0724 0.5
    endloop
  endfacet
  facet normal 0 0 -1
    outer loop
      vertex -31.9591 -9.22208 0.5
      vertex -31.2613 -10.0724 0.5
      vertex -31.3485 -10.1515 0.5
    endloop
  endfacet
  facet normal 0 0 -1
    outer loop
      vertex -30.9592 -9.89135 0.5
      vertex -31.3802 -8.87508 0.5
      vertex -31.1677 -8.79904 0.5
    endloop
  endfacet
  facet normal 0 0 -1
    outer loop
      vertex -32.1263 -9.37366 0.5
      vertex -31.3485 -10.1515 0.5
      vertex -31.4276 -10.2387 0.5
    endloop
  endfacet
  facet normal 0 0 -1
    outer loop
      vertex -32.2779 -9.5409 0.5
      vertex -31.4276 -10.2387 0.5
      vertex -31.4978 -10.3333 0.5
    endloop
  endfacet
  facet normal 0 0 -1
    outer loop
      vertex -32.4124 -9.72219 0.5
      vertex -31.4978 -10.3333 0.5
      vertex -31.5583 -10.4343 0.5
    endloop
  endfacet
  facet normal 0 0 -1
    outer loop
      vertex -31.0657 -9.9417 0.5
      vertex -31.5842 -8.97158 0.5
      vertex -31.3802 -8.87508 0.5
    endloop
  endfacet
  facet normal 0 0 -1
    outer loop
      vertex -32.5284 -9.91579 0.5
      vertex -31.5583 -10.4343 0.5
      vertex -31.6087 -10.5408 0.5
    endloop
  endfacet
  facet normal 0 0 -1
    outer loop
      vertex -32.6249 -10.1198 0.5
      vertex -31.6087 -10.5408 0.5
      vertex -31.6483 -10.6517 0.5
    endloop
  endfacet
  facet normal 0 0 -1
    outer loop
      vertex -32.701 -10.3323 0.5
      vertex -31.6483 -10.6517 0.5
      vertex -31.6769 -10.7659 0.5
    endloop
  endfacet
  facet normal 0 0 -1
    outer loop
      vertex -32.7558 -10.5513 0.5
      vertex -31.6769 -10.7659 0.5
      vertex -31.6942 -10.8824 0.5
    endloop
  endfacet
  facet normal 0 0 -1
    outer loop
      vertex -31.1667 -10.0022 0.5
      vertex -31.7778 -9.08762 0.5
      vertex -31.5842 -8.97158 0.5
    endloop
  endfacet
  facet normal 0 0 -1
    outer loop
      vertex -32.7889 -10.7746 0.5
      vertex -31.6942 -10.8824 0.5
      vertex -31.7 -11 0.5
    endloop
  endfacet
  facet normal -0 0 -1
    outer loop
      vertex -31.5583 -11.5657 0.5
      vertex -32.5284 -12.0842 0.5
      vertex -31.6087 -11.4592 0.5
    endloop
  endfacet
  facet normal 0 0 -1
    outer loop
      vertex -32.6249 -11.8802 0.5
      vertex -31.6087 -11.4592 0.5
      vertex -32.5284 -12.0842 0.5
    endloop
  endfacet
  facet normal 0 0 -1
    outer loop
      vertex -31.2613 -10.0724 0.5
      vertex -31.9591 -9.22208 0.5
      vertex -31.7778 -9.08762 0.5
    endloop
  endfacet
  facet normal -0 0 -1
    outer loop
      vertex -31.6087 -11.4592 0.5
      vertex -32.6249 -11.8802 0.5
      vertex -31.6483 -11.3483 0.5
    endloop
  endfacet
  facet normal 0 0 -1
    outer loop
      vertex -31.3485 -10.1515 0.5
      vertex -32.1263 -9.37366 0.5
      vertex -31.9591 -9.22208 0.5
    endloop
  endfacet
  facet normal 0 0 -1
    outer loop
      vertex -32.701 -11.6677 0.5
      vertex -31.6483 -11.3483 0.5
      vertex -32.6249 -11.8802 0.5
    endloop
  endfacet
  facet normal 0 0 -1
    outer loop
      vertex -31.4276 -10.2387 0.5
      vertex -32.2779 -9.5409 0.5
      vertex -32.1263 -9.37366 0.5
    endloop
  endfacet
  facet normal -0 0 -1
    outer loop
      vertex -31.6483 -11.3483 0.5
      vertex -32.701 -11.6677 0.5
      vertex -31.6769 -11.2341 0.5
    endloop
  endfacet
  facet normal 0 0 -1
    outer loop
      vertex -31.4978 -10.3333 0.5
      vertex -32.4124 -9.72219 0.5
      vertex -32.2779 -9.5409 0.5
    endloop
  endfacet
  facet normal 0 0 -1
    outer loop
      vertex -32.7558 -11.4487 0.5
      vertex -31.6769 -11.2341 0.5
      vertex -32.701 -11.6677 0.5
    endloop
  endfacet
  facet normal 0 0 -1
    outer loop
      vertex -31.5583 -10.4343 0.5
      vertex -32.5284 -9.91579 0.5
      vertex -32.4124 -9.72219 0.5
    endloop
  endfacet
  facet normal -0 0 -1
    outer loop
      vertex -31.6769 -11.2341 0.5
      vertex -32.7558 -11.4487 0.5
      vertex -31.6942 -11.1176 0.5
    endloop
  endfacet
  facet normal 0 0 -1
    outer loop
      vertex -31.6087 -10.5408 0.5
      vertex -32.6249 -10.1198 0.5
      vertex -32.5284 -9.91579 0.5
    endloop
  endfacet
  facet normal 0 0 -1
    outer loop
      vertex -32.7889 -11.2254 0.5
      vertex -31.6942 -11.1176 0.5
      vertex -32.7558 -11.4487 0.5
    endloop
  endfacet
  facet normal 0 0 -1
    outer loop
      vertex -31.6483 -10.6517 0.5
      vertex -32.701 -10.3323 0.5
      vertex -32.6249 -10.1198 0.5
    endloop
  endfacet
  facet normal -0 0 -1
    outer loop
      vertex -31.6942 -11.1176 0.5
      vertex -32.7889 -11.2254 0.5
      vertex -31.7 -11 0.5
    endloop
  endfacet
  facet normal 0 0 -1
    outer loop
      vertex -31.6769 -10.7659 0.5
      vertex -32.7558 -10.5513 0.5
      vertex -32.701 -10.3323 0.5
    endloop
  endfacet
  facet normal 0 0 -1
    outer loop
      vertex -32.8 -11 0.5
      vertex -31.7 -11 0.5
      vertex -32.7889 -11.2254 0.5
    endloop
  endfacet
  facet normal 0 0 -1
    outer loop
      vertex -31.6942 -10.8824 0.5
      vertex -32.7889 -10.7746 0.5
      vertex -32.7558 -10.5513 0.5
    endloop
  endfacet
  facet normal 0 0 -1
    outer loop
      vertex -31.7 -11 0.5
      vertex -32.8 -11 0.5
      vertex -32.7889 -10.7746 0.5
    endloop
  endfacet
  facet normal -0.0490978 -0.998794 0
    outer loop
      vertex -30.5 -8.7 0
      vertex -30.2746 -8.71108 0.5
      vertex -30.5 -8.7 0.5
    endloop
  endfacet
  facet normal -0.0490978 -0.998794 -0
    outer loop
      vertex -30.2746 -8.71108 0.5
      vertex -30.5 -8.7 0
      vertex -30.2746 -8.71108 0
    endloop
  endfacet
  facet normal 0.242952 -0.970038 0
    outer loop
      vertex -31.1677 -8.79904 0
      vertex -30.9487 -8.74419 0.5
      vertex -31.1677 -8.79904 0.5
    endloop
  endfacet
  facet normal 0.242952 -0.970038 0
    outer loop
      vertex -30.9487 -8.74419 0.5
      vertex -31.1677 -8.79904 0
      vertex -30.9487 -8.74419 0
    endloop
  endfacet
  facet normal 0.42761 0.903963 -0
    outer loop
      vertex -31.3802 -13.1249 0
      vertex -31.5842 -13.0284 0.5
      vertex -31.3802 -13.1249 0.5
    endloop
  endfacet
  facet normal 0.42761 0.903963 0
    outer loop
      vertex -31.5842 -13.0284 0.5
      vertex -31.3802 -13.1249 0
      vertex -31.5842 -13.0284 0
    endloop
  endfacet
  facet normal 0.595696 -0.80321 0
    outer loop
      vertex -31.9591 -9.22208 0
      vertex -31.7778 -9.08762 0.5
      vertex -31.9591 -9.22208 0.5
    endloop
  endfacet
  facet normal 0.595696 -0.80321 0
    outer loop
      vertex -31.7778 -9.08762 0.5
      vertex -31.9591 -9.22208 0
      vertex -31.7778 -9.08762 0
    endloop
  endfacet
  facet normal -0.941451 -0.33715 0
    outer loop
      vertex -28.299 -10.3323 0
      vertex -28.3751 -10.1198 0.5
      vertex -28.3751 -10.1198 0
    endloop
  endfacet
  facet normal -0.941451 -0.33715 0
    outer loop
      vertex -28.3751 -10.1198 0.5
      vertex -28.299 -10.3323 0
      vertex -28.299 -10.3323 0.5
    endloop
  endfacet
  facet normal 0.97009 0.242744 0
    outer loop
      vertex -32.701 -11.6677 0.5
      vertex -32.7558 -11.4487 0
      vertex -32.7558 -11.4487 0.5
    endloop
  endfacet
  facet normal 0.97009 0.242744 0
    outer loop
      vertex -32.7558 -11.4487 0
      vertex -32.701 -11.6677 0.5
      vertex -32.701 -11.6677 0
    endloop
  endfacet
  facet normal 0.80311 -0.595831 0
    outer loop
      vertex -32.4124 -9.72219 0.5
      vertex -32.2779 -9.5409 0
      vertex -32.2779 -9.5409 0.5
    endloop
  endfacet
  facet normal 0.80311 -0.595831 0
    outer loop
      vertex -32.2779 -9.5409 0
      vertex -32.4124 -9.72219 0.5
      vertex -32.4124 -9.72219 0
    endloop
  endfacet
  facet normal -0.0491862 0.99879 0
    outer loop
      vertex -30.2746 -13.2889 0
      vertex -30.5 -13.3 0.5
      vertex -30.2746 -13.2889 0.5
    endloop
  endfacet
  facet normal -0.0491862 0.99879 0
    outer loop
      vertex -30.5 -13.3 0.5
      vertex -30.2746 -13.2889 0
      vertex -30.5 -13.3 0
    endloop
  endfacet
  facet normal -0.514105 -0.857727 0
    outer loop
      vertex -29.4158 -8.97158 0
      vertex -29.2222 -9.08762 0.5
      vertex -29.4158 -8.97158 0.5
    endloop
  endfacet
  facet normal -0.514105 -0.857727 -0
    outer loop
      vertex -29.2222 -9.08762 0.5
      vertex -29.4158 -8.97158 0
      vertex -29.2222 -9.08762 0
    endloop
  endfacet
  facet normal 0.903963 0.42761 0
    outer loop
      vertex -32.5284 -12.0842 0.5
      vertex -32.6249 -11.8802 0
      vertex -32.6249 -11.8802 0.5
    endloop
  endfacet
  facet normal 0.903963 0.42761 0
    outer loop
      vertex -32.6249 -11.8802 0
      vertex -32.5284 -12.0842 0.5
      vertex -32.5284 -12.0842 0
    endloop
  endfacet
  facet normal 0.740902 -0.671614 0
    outer loop
      vertex -32.2779 -9.5409 0.5
      vertex -32.1263 -9.37366 0
      vertex -32.1263 -9.37366 0.5
    endloop
  endfacet
  facet normal 0.740902 -0.671614 0
    outer loop
      vertex -32.1263 -9.37366 0
      vertex -32.2779 -9.5409 0.5
      vertex -32.2779 -9.5409 0
    endloop
  endfacet
  facet normal 0.514105 -0.857727 0
    outer loop
      vertex -31.7778 -9.08762 0
      vertex -31.5842 -8.97158 0.5
      vertex -31.7778 -9.08762 0.5
    endloop
  endfacet
  facet normal 0.514105 -0.857727 0
    outer loop
      vertex -31.5842 -8.97158 0.5
      vertex -31.7778 -9.08762 0
      vertex -31.5842 -8.97158 0
    endloop
  endfacet
  facet normal 0.903971 -0.427593 0
    outer loop
      vertex -32.6249 -10.1198 0.5
      vertex -32.5284 -9.91579 0
      vertex -32.5284 -9.91579 0.5
    endloop
  endfacet
  facet normal 0.903971 -0.427593 0
    outer loop
      vertex -32.5284 -9.91579 0
      vertex -32.6249 -10.1198 0.5
      vertex -32.6249 -10.1198 0
    endloop
  endfacet
  facet normal 0.513974 0.857806 -0
    outer loop
      vertex -31.5842 -13.0284 0
      vertex -31.7778 -12.9124 0.5
      vertex -31.5842 -13.0284 0.5
    endloop
  endfacet
  facet normal 0.513974 0.857806 0
    outer loop
      vertex -31.7778 -12.9124 0.5
      vertex -31.5842 -13.0284 0
      vertex -31.7778 -12.9124 0
    endloop
  endfacet
  facet normal 0.42761 -0.903963 0
    outer loop
      vertex -31.5842 -8.97158 0
      vertex -31.3802 -8.87508 0.5
      vertex -31.5842 -8.97158 0.5
    endloop
  endfacet
  facet normal 0.42761 -0.903963 0
    outer loop
      vertex -31.3802 -8.87508 0.5
      vertex -31.5842 -8.97158 0
      vertex -31.3802 -8.87508 0
    endloop
  endfacet
  facet normal 0.97009 -0.242744 0
    outer loop
      vertex -32.7558 -10.5513 0.5
      vertex -32.701 -10.3323 0
      vertex -32.701 -10.3323 0.5
    endloop
  endfacet
  facet normal 0.97009 -0.242744 0
    outer loop
      vertex -32.701 -10.3323 0
      vertex -32.7558 -10.5513 0.5
      vertex -32.7558 -10.5513 0
    endloop
  endfacet
  facet normal 0.989192 -0.146629 0
    outer loop
      vertex -32.7889 -10.7746 0.5
      vertex -32.7558 -10.5513 0
      vertex -32.7558 -10.5513 0.5
    endloop
  endfacet
  facet normal 0.989192 -0.146629 0
    outer loop
      vertex -32.7558 -10.5513 0
      vertex -32.7889 -10.7746 0.5
      vertex -32.7889 -10.7746 0
    endloop
  endfacet
  facet normal 0.941761 0.336283 0
    outer loop
      vertex 29.3913 10.5408 2
      vertex 29.3517 10.6517 0.5
      vertex 29.3517 10.6517 2
    endloop
  endfacet
  facet normal 0.941761 0.336283 0
    outer loop
      vertex 29.3517 10.6517 0.5
      vertex 29.3913 10.5408 2
      vertex 29.3913 10.5408 0.5
    endloop
  endfacet
  facet normal 0.857867 0.513871 0
    outer loop
      vertex 29.5022 10.3333 2
      vertex 29.4417 10.4343 0.5
      vertex 29.4417 10.4343 2
    endloop
  endfacet
  facet normal 0.857867 0.513871 0
    outer loop
      vertex 29.4417 10.4343 0.5
      vertex 29.5022 10.3333 2
      vertex 29.5022 10.3333 0.5
    endloop
  endfacet
  facet normal 0.0490904 0.998794 -0
    outer loop
      vertex 30.5 9.8 0.5
      vertex 30.3824 9.80578 2
      vertex 30.5 9.8 2
    endloop
  endfacet
  facet normal 0.0490904 0.998794 0
    outer loop
      vertex 30.3824 9.80578 2
      vertex 30.5 9.8 0.5
      vertex 30.3824 9.80578 0.5
    endloop
  endfacet
  facet normal -0.427411 0.904057 0
    outer loop
      vertex 31.0657 9.9417 0.5
      vertex 30.9592 9.89135 2
      vertex 31.0657 9.9417 2
    endloop
  endfacet
  facet normal -0.427411 0.904057 0
    outer loop
      vertex 30.9592 9.89135 2
      vertex 31.0657 9.9417 0.5
      vertex 30.9592 9.89135 0.5
    endloop
  endfacet
  facet normal -0.989153 0.146887 0
    outer loop
      vertex 31.6769 10.7659 0.5
      vertex 31.6942 10.8824 2
      vertex 31.6942 10.8824 0.5
    endloop
  endfacet
  facet normal -0.989153 0.146887 0
    outer loop
      vertex 31.6942 10.8824 2
      vertex 31.6769 10.7659 0.5
      vertex 31.6769 10.7659 2
    endloop
  endfacet
  facet normal 0.903893 -0.427758 0
    outer loop
      vertex 29.3913 11.4592 2
      vertex 29.4417 11.5657 0.5
      vertex 29.4417 11.5657 2
    endloop
  endfacet
  facet normal 0.903893 -0.427758 0
    outer loop
      vertex 29.4417 11.5657 0.5
      vertex 29.3913 11.4592 2
      vertex 29.3913 11.4592 0.5
    endloop
  endfacet
  facet normal 0.146721 0.989178 -0
    outer loop
      vertex 30.3824 9.80578 0.5
      vertex 30.2659 9.82306 2
      vertex 30.3824 9.80578 2
    endloop
  endfacet
  facet normal 0.146721 0.989178 0
    outer loop
      vertex 30.2659 9.82306 2
      vertex 30.3824 9.80578 0.5
      vertex 30.2659 9.82306 0.5
    endloop
  endfacet
  facet normal -0.595918 -0.803046 0
    outer loop
      vertex 31.1667 11.9978 0.5
      vertex 31.2613 11.9276 2
      vertex 31.1667 11.9978 2
    endloop
  endfacet
  facet normal -0.595918 -0.803046 -0
    outer loop
      vertex 31.2613 11.9276 2
      vertex 31.1667 11.9978 0.5
      vertex 31.2613 11.9276 0.5
    endloop
  endfacet
  facet normal -0.989153 -0.146887 0
    outer loop
      vertex 31.6942 11.1176 0.5
      vertex 31.6769 11.2341 2
      vertex 31.6769 11.2341 0.5
    endloop
  endfacet
  facet normal -0.989153 -0.146887 0
    outer loop
      vertex 31.6769 11.2341 2
      vertex 31.6942 11.1176 0.5
      vertex 31.6942 11.1176 2
    endloop
  endfacet
  facet normal -0.0490904 0.998794 0
    outer loop
      vertex 30.6176 9.80578 0.5
      vertex 30.5 9.8 2
      vertex 30.6176 9.80578 2
    endloop
  endfacet
  facet normal -0.0490904 0.998794 0
    outer loop
      vertex 30.5 9.8 2
      vertex 30.6176 9.80578 0.5
      vertex 30.5 9.8 0.5
    endloop
  endfacet
  facet normal -0.903893 0.427758 0
    outer loop
      vertex 31.5583 10.4343 0.5
      vertex 31.6087 10.5408 2
      vertex 31.6087 10.5408 0.5
    endloop
  endfacet
  facet normal -0.903893 0.427758 0
    outer loop
      vertex 31.6087 10.5408 2
      vertex 31.5583 10.4343 0.5
      vertex 31.5583 10.4343 2
    endloop
  endfacet
  facet normal 0.243015 0.970022 -0
    outer loop
      vertex 30.2659 9.82306 0.5
      vertex 30.1517 9.85167 2
      vertex 30.2659 9.82306 2
    endloop
  endfacet
  facet normal 0.243015 0.970022 0
    outer loop
      vertex 30.1517 9.85167 2
      vertex 30.2659 9.82306 0.5
      vertex 30.1517 9.85167 0.5
    endloop
  endfacet
  facet normal 0.989153 -0.146887 0
    outer loop
      vertex 29.3058 11.1176 2
      vertex 29.3231 11.2341 0.5
      vertex 29.3231 11.2341 2
    endloop
  endfacet
  facet normal 0.989153 -0.146887 0
    outer loop
      vertex 29.3231 11.2341 0.5
      vertex 29.3058 11.1176 2
      vertex 29.3058 11.1176 0.5
    endloop
  endfacet
  facet normal -0.857867 0.513871 0
    outer loop
      vertex 31.4978 10.3333 0.5
      vertex 31.5583 10.4343 2
      vertex 31.5583 10.4343 0.5
    endloop
  endfacet
  facet normal -0.857867 0.513871 0
    outer loop
      vertex 31.5583 10.4343 2
      vertex 31.4978 10.3333 0.5
      vertex 31.4978 10.3333 2
    endloop
  endfacet
  facet normal -0.803046 -0.595918 0
    outer loop
      vertex 31.4978 11.6667 0.5
      vertex 31.4276 11.7613 2
      vertex 31.4276 11.7613 0.5
    endloop
  endfacet
  facet normal -0.803046 -0.595918 0
    outer loop
      vertex 31.4276 11.7613 2
      vertex 31.4978 11.6667 0.5
      vertex 31.4978 11.6667 2
    endloop
  endfacet
  facet normal -0.998786 0.0492599 0
    outer loop
      vertex 31.6942 10.8824 0.5
      vertex 31.7 11 2
      vertex 31.7 11 0.5
    endloop
  endfacet
  facet normal -0.998786 0.0492599 0
    outer loop
      vertex 31.7 11 2
      vertex 31.6942 10.8824 0.5
      vertex 31.6942 10.8824 2
    endloop
  endfacet
  facet normal -0.0492599 -0.998786 0
    outer loop
      vertex 30.5 12.2 0.5
      vertex 30.6176 12.1942 2
      vertex 30.5 12.2 2
    endloop
  endfacet
  facet normal -0.0492599 -0.998786 -0
    outer loop
      vertex 30.6176 12.1942 2
      vertex 30.5 12.2 0.5
      vertex 30.6176 12.1942 0.5
    endloop
  endfacet
  facet normal -0.903893 -0.427758 0
    outer loop
      vertex 31.6087 11.4592 0.5
      vertex 31.5583 11.5657 2
      vertex 31.5583 11.5657 0.5
    endloop
  endfacet
  facet normal -0.903893 -0.427758 0
    outer loop
      vertex 31.5583 11.5657 2
      vertex 31.6087 11.4592 0.5
      vertex 31.6087 11.4592 2
    endloop
  endfacet
  facet normal 0.998786 0.0492599 0
    outer loop
      vertex 29.3058 10.8824 2
      vertex 29.3 11 0.5
      vertex 29.3 11 2
    endloop
  endfacet
  facet normal 0.998786 0.0492599 0
    outer loop
      vertex 29.3 11 0.5
      vertex 29.3058 10.8824 2
      vertex 29.3058 10.8824 0.5
    endloop
  endfacet
  facet normal -0.998786 -0.0492599 0
    outer loop
      vertex 31.7 11 0.5
      vertex 31.6942 11.1176 2
      vertex 31.6942 11.1176 0.5
    endloop
  endfacet
  facet normal -0.998786 -0.0492599 0
    outer loop
      vertex 31.6942 11.1176 2
      vertex 31.7 11 0.5
      vertex 31.7 11 2
    endloop
  endfacet
  facet normal 0.998786 -0.0492599 0
    outer loop
      vertex 29.3 11 2
      vertex 29.3058 11.1176 0.5
      vertex 29.3058 11.1176 2
    endloop
  endfacet
  facet normal 0.998786 -0.0492599 0
    outer loop
      vertex 29.3058 11.1176 0.5
      vertex 29.3 11 2
      vertex 29.3 11 0.5
    endloop
  endfacet
  facet normal -0.970042 0.242935 0
    outer loop
      vertex 31.6483 10.6517 0.5
      vertex 31.6769 10.7659 2
      vertex 31.6769 10.7659 0.5
    endloop
  endfacet
  facet normal -0.970042 0.242935 0
    outer loop
      vertex 31.6769 10.7659 2
      vertex 31.6483 10.6517 0.5
      vertex 31.6483 10.6517 2
    endloop
  endfacet
  facet normal 0.970042 -0.242935 0
    outer loop
      vertex 29.3231 11.2341 2
      vertex 29.3517 11.3483 0.5
      vertex 29.3517 11.3483 2
    endloop
  endfacet
  facet normal 0.970042 -0.242935 0
    outer loop
      vertex 29.3517 11.3483 0.5
      vertex 29.3231 11.2341 2
      vertex 29.3231 11.2341 0.5
    endloop
  endfacet
  facet normal 0.903893 0.427758 0
    outer loop
      vertex 29.4417 10.4343 2
      vertex 29.3913 10.5408 0.5
      vertex 29.3913 10.5408 2
    endloop
  endfacet
  facet normal 0.903893 0.427758 0
    outer loop
      vertex 29.3913 10.5408 0.5
      vertex 29.4417 10.4343 2
      vertex 29.4417 10.4343 0.5
    endloop
  endfacet
  facet normal 0.336283 -0.941761 0
    outer loop
      vertex 30.0408 12.1087 0.5
      vertex 30.1517 12.1483 2
      vertex 30.0408 12.1087 2
    endloop
  endfacet
  facet normal 0.336283 -0.941761 0
    outer loop
      vertex 30.1517 12.1483 2
      vertex 30.0408 12.1087 0.5
      vertex 30.1517 12.1483 0.5
    endloop
  endfacet
  facet normal 0.671869 0.74067 -0
    outer loop
      vertex 29.7387 10.0724 0.5
      vertex 29.6515 10.1515 2
      vertex 29.7387 10.0724 2
    endloop
  endfacet
  facet normal 0.671869 0.74067 0
    outer loop
      vertex 29.6515 10.1515 2
      vertex 29.7387 10.0724 0.5
      vertex 29.6515 10.1515 0.5
    endloop
  endfacet
  facet normal 0.74067 0.671869 0
    outer loop
      vertex 29.6515 10.1515 2
      vertex 29.5724 10.2387 0.5
      vertex 29.5724 10.2387 2
    endloop
  endfacet
  facet normal 0.74067 0.671869 0
    outer loop
      vertex 29.5724 10.2387 0.5
      vertex 29.6515 10.1515 2
      vertex 29.6515 10.1515 0.5
    endloop
  endfacet
  facet normal 0.857867 -0.513871 0
    outer loop
      vertex 29.4417 11.5657 2
      vertex 29.5022 11.6667 0.5
      vertex 29.5022 11.6667 2
    endloop
  endfacet
  facet normal 0.857867 -0.513871 0
    outer loop
      vertex 29.5022 11.6667 0.5
      vertex 29.4417 11.5657 2
      vertex 29.4417 11.5657 0.5
    endloop
  endfacet
  facet normal -0.857867 -0.513871 0
    outer loop
      vertex 31.5583 11.5657 0.5
      vertex 31.4978 11.6667 2
      vertex 31.4978 11.6667 0.5
    endloop
  endfacet
  facet normal -0.857867 -0.513871 0
    outer loop
      vertex 31.4978 11.6667 2
      vertex 31.5583 11.5657 0.5
      vertex 31.5583 11.5657 2
    endloop
  endfacet
  facet normal 0.803046 -0.595918 0
    outer loop
      vertex 29.5022 11.6667 2
      vertex 29.5724 11.7613 0.5
      vertex 29.5724 11.7613 2
    endloop
  endfacet
  facet normal 0.803046 -0.595918 0
    outer loop
      vertex 29.5724 11.7613 0.5
      vertex 29.5022 11.6667 2
      vertex 29.5022 11.6667 0.5
    endloop
  endfacet
  facet normal -0.513871 -0.857867 0
    outer loop
      vertex 31.0657 12.0583 0.5
      vertex 31.1667 11.9978 2
      vertex 31.0657 12.0583 2
    endloop
  endfacet
  facet normal -0.513871 -0.857867 -0
    outer loop
      vertex 31.1667 11.9978 2
      vertex 31.0657 12.0583 0.5
      vertex 31.1667 11.9978 0.5
    endloop
  endfacet
  facet normal -0.427758 -0.903893 0
    outer loop
      vertex 30.9592 12.1087 0.5
      vertex 31.0657 12.0583 2
      vertex 30.9592 12.1087 2
    endloop
  endfacet
  facet normal -0.427758 -0.903893 -0
    outer loop
      vertex 31.0657 12.0583 2
      vertex 30.9592 12.1087 0.5
      vertex 31.0657 12.0583 0.5
    endloop
  endfacet
  facet normal 0.671869 -0.74067 0
    outer loop
      vertex 29.6515 11.8485 0.5
      vertex 29.7387 11.9276 2
      vertex 29.6515 11.8485 2
    endloop
  endfacet
  facet normal 0.671869 -0.74067 0
    outer loop
      vertex 29.7387 11.9276 2
      vertex 29.6515 11.8485 0.5
      vertex 29.7387 11.9276 0.5
    endloop
  endfacet
  facet normal 0.146887 -0.989153 0
    outer loop
      vertex 30.2659 12.1769 0.5
      vertex 30.3824 12.1942 2
      vertex 30.2659 12.1769 2
    endloop
  endfacet
  facet normal 0.146887 -0.989153 0
    outer loop
      vertex 30.3824 12.1942 2
      vertex 30.2659 12.1769 0.5
      vertex 30.3824 12.1942 0.5
    endloop
  endfacet
  facet normal 0.513871 0.857867 -0
    outer loop
      vertex 29.9343 9.9417 0.5
      vertex 29.8333 10.0022 2
      vertex 29.9343 9.9417 2
    endloop
  endfacet
  facet normal 0.513871 0.857867 0
    outer loop
      vertex 29.8333 10.0022 2
      vertex 29.9343 9.9417 0.5
      vertex 29.8333 10.0022 0.5
    endloop
  endfacet
  facet normal -0.941761 -0.336283 0
    outer loop
      vertex 31.6483 11.3483 0.5
      vertex 31.6087 11.4592 2
      vertex 31.6087 11.4592 0.5
    endloop
  endfacet
  facet normal -0.941761 -0.336283 0
    outer loop
      vertex 31.6087 11.4592 2
      vertex 31.6483 11.3483 0.5
      vertex 31.6483 11.3483 2
    endloop
  endfacet
  facet normal 0.989153 0.146887 0
    outer loop
      vertex 29.3231 10.7659 2
      vertex 29.3058 10.8824 0.5
      vertex 29.3058 10.8824 2
    endloop
  endfacet
  facet normal 0.989153 0.146887 0
    outer loop
      vertex 29.3058 10.8824 0.5
      vertex 29.3231 10.7659 2
      vertex 29.3231 10.7659 0.5
    endloop
  endfacet
  facet normal -0.74067 0.671869 0
    outer loop
      vertex 31.3485 10.1515 0.5
      vertex 31.4276 10.2387 2
      vertex 31.4276 10.2387 0.5
    endloop
  endfacet
  facet normal -0.74067 0.671869 0
    outer loop
      vertex 31.4276 10.2387 2
      vertex 31.3485 10.1515 0.5
      vertex 31.3485 10.1515 2
    endloop
  endfacet
  facet normal 0.970042 0.242935 0
    outer loop
      vertex 29.3517 10.6517 2
      vertex 29.3231 10.7659 0.5
      vertex 29.3231 10.7659 2
    endloop
  endfacet
  facet normal 0.970042 0.242935 0
    outer loop
      vertex 29.3231 10.7659 0.5
      vertex 29.3517 10.6517 2
      vertex 29.3517 10.6517 0.5
    endloop
  endfacet
  facet normal -0.595918 0.803046 0
    outer loop
      vertex 31.2613 10.0724 0.5
      vertex 31.1667 10.0022 2
      vertex 31.2613 10.0724 2
    endloop
  endfacet
  facet normal -0.595918 0.803046 0
    outer loop
      vertex 31.1667 10.0022 2
      vertex 31.2613 10.0724 0.5
      vertex 31.1667 10.0022 0.5
    endloop
  endfacet
  facet normal -0.146887 -0.989153 0
    outer loop
      vertex 30.6176 12.1942 0.5
      vertex 30.7341 12.1769 2
      vertex 30.6176 12.1942 2
    endloop
  endfacet
  facet normal -0.146887 -0.989153 -0
    outer loop
      vertex 30.7341 12.1769 2
      vertex 30.6176 12.1942 0.5
      vertex 30.7341 12.1769 0.5
    endloop
  endfacet
  facet normal -0.336885 0.941546 0
    outer loop
      vertex 30.9592 9.89135 0.5
      vertex 30.8483 9.85167 2
      vertex 30.9592 9.89135 2
    endloop
  endfacet
  facet normal -0.336885 0.941546 0
    outer loop
      vertex 30.8483 9.85167 2
      vertex 30.9592 9.89135 0.5
      vertex 30.8483 9.85167 0.5
    endloop
  endfacet
  facet normal -0.803046 0.595918 0
    outer loop
      vertex 31.4276 10.2387 0.5
      vertex 31.4978 10.3333 2
      vertex 31.4978 10.3333 0.5
    endloop
  endfacet
  facet normal -0.803046 0.595918 0
    outer loop
      vertex 31.4978 10.3333 2
      vertex 31.4276 10.2387 0.5
      vertex 31.4276 10.2387 2
    endloop
  endfacet
  facet normal -0.941761 0.336283 0
    outer loop
      vertex 31.6087 10.5408 0.5
      vertex 31.6483 10.6517 2
      vertex 31.6483 10.6517 0.5
    endloop
  endfacet
  facet normal -0.941761 0.336283 0
    outer loop
      vertex 31.6483 10.6517 2
      vertex 31.6087 10.5408 0.5
      vertex 31.6087 10.5408 2
    endloop
  endfacet
  facet normal -0.74067 -0.671869 0
    outer loop
      vertex 31.4276 11.7613 0.5
      vertex 31.3485 11.8485 2
      vertex 31.3485 11.8485 0.5
    endloop
  endfacet
  facet normal -0.74067 -0.671869 0
    outer loop
      vertex 31.3485 11.8485 2
      vertex 31.4276 11.7613 0.5
      vertex 31.4276 11.7613 2
    endloop
  endfacet
  facet normal 0.595918 0.803046 -0
    outer loop
      vertex 29.8333 10.0022 0.5
      vertex 29.7387 10.0724 2
      vertex 29.8333 10.0022 2
    endloop
  endfacet
  facet normal 0.595918 0.803046 0
    outer loop
      vertex 29.7387 10.0724 2
      vertex 29.8333 10.0022 0.5
      vertex 29.7387 10.0724 0.5
    endloop
  endfacet
  facet normal -0.513871 0.857867 0
    outer loop
      vertex 31.1667 10.0022 0.5
      vertex 31.0657 9.9417 2
      vertex 31.1667 10.0022 2
    endloop
  endfacet
  facet normal -0.513871 0.857867 0
    outer loop
      vertex 31.0657 9.9417 2
      vertex 31.1667 10.0022 0.5
      vertex 31.0657 9.9417 0.5
    endloop
  endfacet
  facet normal 0.941761 -0.336283 0
    outer loop
      vertex 29.3517 11.3483 2
      vertex 29.3913 11.4592 0.5
      vertex 29.3913 11.4592 2
    endloop
  endfacet
  facet normal 0.941761 -0.336283 0
    outer loop
      vertex 29.3913 11.4592 0.5
      vertex 29.3517 11.3483 2
      vertex 29.3517 11.3483 0.5
    endloop
  endfacet
  facet normal 0.513871 -0.857867 0
    outer loop
      vertex 29.8333 11.9978 0.5
      vertex 29.9343 12.0583 2
      vertex 29.8333 11.9978 2
    endloop
  endfacet
  facet normal 0.513871 -0.857867 0
    outer loop
      vertex 29.9343 12.0583 2
      vertex 29.8333 11.9978 0.5
      vertex 29.9343 12.0583 0.5
    endloop
  endfacet
  facet normal 0.74067 -0.671869 0
    outer loop
      vertex 29.5724 11.7613 2
      vertex 29.6515 11.8485 0.5
      vertex 29.6515 11.8485 2
    endloop
  endfacet
  facet normal 0.74067 -0.671869 0
    outer loop
      vertex 29.6515 11.8485 0.5
      vertex 29.5724 11.7613 2
      vertex 29.5724 11.7613 0.5
    endloop
  endfacet
  facet normal 0.427758 -0.903893 0
    outer loop
      vertex 29.9343 12.0583 0.5
      vertex 30.0408 12.1087 2
      vertex 29.9343 12.0583 2
    endloop
  endfacet
  facet normal 0.427758 -0.903893 0
    outer loop
      vertex 30.0408 12.1087 2
      vertex 29.9343 12.0583 0.5
      vertex 30.0408 12.1087 0.5
    endloop
  endfacet
  facet normal -0.671869 0.74067 0
    outer loop
      vertex 31.3485 10.1515 0.5
      vertex 31.2613 10.0724 2
      vertex 31.3485 10.1515 2
    endloop
  endfacet
  facet normal -0.671869 0.74067 0
    outer loop
      vertex 31.2613 10.0724 2
      vertex 31.3485 10.1515 0.5
      vertex 31.2613 10.0724 0.5
    endloop
  endfacet
  facet normal 0.242935 -0.970042 0
    outer loop
      vertex 30.1517 12.1483 0.5
      vertex 30.2659 12.1769 2
      vertex 30.1517 12.1483 2
    endloop
  endfacet
  facet normal 0.242935 -0.970042 0
    outer loop
      vertex 30.2659 12.1769 2
      vertex 30.1517 12.1483 0.5
      vertex 30.2659 12.1769 0.5
    endloop
  endfacet
  facet normal 0.336885 0.941546 -0
    outer loop
      vertex 30.1517 9.85167 0.5
      vertex 30.0408 9.89135 2
      vertex 30.1517 9.85167 2
    endloop
  endfacet
  facet normal 0.336885 0.941546 0
    outer loop
      vertex 30.0408 9.89135 2
      vertex 30.1517 9.85167 0.5
      vertex 30.0408 9.89135 0.5
    endloop
  endfacet
  facet normal -0.970042 -0.242935 0
    outer loop
      vertex 31.6769 11.2341 0.5
      vertex 31.6483 11.3483 2
      vertex 31.6483 11.3483 0.5
    endloop
  endfacet
  facet normal -0.970042 -0.242935 0
    outer loop
      vertex 31.6483 11.3483 2
      vertex 31.6769 11.2341 0.5
      vertex 31.6769 11.2341 2
    endloop
  endfacet
  facet normal -0.146721 0.989178 0
    outer loop
      vertex 30.7341 9.82306 0.5
      vertex 30.6176 9.80578 2
      vertex 30.7341 9.82306 2
    endloop
  endfacet
  facet normal -0.146721 0.989178 0
    outer loop
      vertex 30.6176 9.80578 2
      vertex 30.7341 9.82306 0.5
      vertex 30.6176 9.80578 0.5
    endloop
  endfacet
  facet normal 0.803046 0.595918 0
    outer loop
      vertex 29.5724 10.2387 2
      vertex 29.5022 10.3333 0.5
      vertex 29.5022 10.3333 2
    endloop
  endfacet
  facet normal 0.803046 0.595918 0
    outer loop
      vertex 29.5022 10.3333 0.5
      vertex 29.5724 10.2387 2
      vertex 29.5724 10.2387 0.5
    endloop
  endfacet
  facet normal -0.671869 -0.74067 0
    outer loop
      vertex 31.2613 11.9276 0.5
      vertex 31.3485 11.8485 2
      vertex 31.2613 11.9276 2
    endloop
  endfacet
  facet normal -0.671869 -0.74067 -0
    outer loop
      vertex 31.3485 11.8485 2
      vertex 31.2613 11.9276 0.5
      vertex 31.3485 11.8485 0.5
    endloop
  endfacet
  facet normal 0.427411 0.904057 -0
    outer loop
      vertex 30.0408 9.89135 0.5
      vertex 29.9343 9.9417 2
      vertex 30.0408 9.89135 2
    endloop
  endfacet
  facet normal 0.427411 0.904057 0
    outer loop
      vertex 29.9343 9.9417 2
      vertex 30.0408 9.89135 0.5
      vertex 29.9343 9.9417 0.5
    endloop
  endfacet
  facet normal -0.243015 0.970022 0
    outer loop
      vertex 30.8483 9.85167 0.5
      vertex 30.7341 9.82306 2
      vertex 30.8483 9.85167 2
    endloop
  endfacet
  facet normal -0.243015 0.970022 0
    outer loop
      vertex 30.7341 9.82306 2
      vertex 30.8483 9.85167 0.5
      vertex 30.7341 9.82306 0.5
    endloop
  endfacet
  facet normal -0.242935 -0.970042 0
    outer loop
      vertex 30.7341 12.1769 0.5
      vertex 30.8483 12.1483 2
      vertex 30.7341 12.1769 2
    endloop
  endfacet
  facet normal -0.242935 -0.970042 -0
    outer loop
      vertex 30.8483 12.1483 2
      vertex 30.7341 12.1769 0.5
      vertex 30.8483 12.1483 0.5
    endloop
  endfacet
  facet normal -0.336283 -0.941761 0
    outer loop
      vertex 30.8483 12.1483 0.5
      vertex 30.9592 12.1087 2
      vertex 30.8483 12.1483 2
    endloop
  endfacet
  facet normal -0.336283 -0.941761 -0
    outer loop
      vertex 30.9592 12.1087 2
      vertex 30.8483 12.1483 0.5
      vertex 30.9592 12.1087 0.5
    endloop
  endfacet
  facet normal 0.0492599 -0.998786 0
    outer loop
      vertex 30.3824 12.1942 0.5
      vertex 30.5 12.2 2
      vertex 30.3824 12.1942 2
    endloop
  endfacet
  facet normal 0.0492599 -0.998786 0
    outer loop
      vertex 30.5 12.2 2
      vertex 30.3824 12.1942 0.5
      vertex 30.5 12.2 0.5
    endloop
  endfacet
  facet normal 0.595918 -0.803046 0
    outer loop
      vertex 29.7387 11.9276 0.5
      vertex 29.8333 11.9978 2
      vertex 29.7387 11.9276 2
    endloop
  endfacet
  facet normal 0.595918 -0.803046 0
    outer loop
      vertex 29.8333 11.9978 2
      vertex 29.7387 11.9276 0.5
      vertex 29.8333 11.9978 0.5
    endloop
  endfacet
  facet normal 0.146672 0.989185 -0
    outer loop
      vertex 30.2746 8.71108 0
      vertex 30.0513 8.74419 0.5
      vertex 30.2746 8.71108 0.5
    endloop
  endfacet
  facet normal 0.146672 0.989185 0
    outer loop
      vertex 30.0513 8.74419 0.5
      vertex 30.2746 8.71108 0
      vertex 30.0513 8.74419 0
    endloop
  endfacet
  facet normal -0.989192 0.146629 0
    outer loop
      vertex 32.7558 10.5513 0
      vertex 32.7889 10.7746 0.5
      vertex 32.7889 10.7746 0
    endloop
  endfacet
  facet normal -0.989192 0.146629 0
    outer loop
      vertex 32.7889 10.7746 0.5
      vertex 32.7558 10.5513 0
      vertex 32.7558 10.5513 0.5
    endloop
  endfacet
  facet normal -0.99879 0.0491862 0
    outer loop
      vertex 32.7889 10.7746 0
      vertex 32.8 11 0.5
      vertex 32.8 11 0
    endloop
  endfacet
  facet normal -0.99879 0.0491862 0
    outer loop
      vertex 32.8 11 0.5
      vertex 32.7889 10.7746 0
      vertex 32.7889 10.7746 0.5
    endloop
  endfacet
  facet normal -0.97009 0.242744 0
    outer loop
      vertex 32.701 10.3323 0
      vertex 32.7558 10.5513 0.5
      vertex 32.7558 10.5513 0
    endloop
  endfacet
  facet normal -0.97009 0.242744 0
    outer loop
      vertex 32.7558 10.5513 0.5
      vertex 32.701 10.3323 0
      vertex 32.701 10.3323 0.5
    endloop
  endfacet
  facet normal -0.99879 -0.0491862 0
    outer loop
      vertex 32.8 11 0
      vertex 32.7889 11.2254 0.5
      vertex 32.7889 11.2254 0
    endloop
  endfacet
  facet normal -0.99879 -0.0491862 0
    outer loop
      vertex 32.7889 11.2254 0.5
      vertex 32.8 11 0
      vertex 32.8 11 0.5
    endloop
  endfacet
  facet normal 0.336915 0.941535 -0
    outer loop
      vertex 29.8323 8.79904 0
      vertex 29.6198 8.87508 0.5
      vertex 29.8323 8.79904 0.5
    endloop
  endfacet
  facet normal 0.336915 0.941535 0
    outer loop
      vertex 29.6198 8.87508 0.5
      vertex 29.8323 8.79904 0
      vertex 29.6198 8.87508 0
    endloop
  endfacet
  facet normal -0.941451 -0.33715 0
    outer loop
      vertex 32.701 11.6677 0
      vertex 32.6249 11.8802 0.5
      vertex 32.6249 11.8802 0
    endloop
  endfacet
  facet normal -0.941451 -0.33715 0
    outer loop
      vertex 32.6249 11.8802 0.5
      vertex 32.701 11.6677 0
      vertex 32.701 11.6677 0.5
    endloop
  endfacet
  facet normal -0.671702 -0.740822 0
    outer loop
      vertex 31.9591 12.7779 0
      vertex 32.1263 12.6263 0.5
      vertex 31.9591 12.7779 0.5
    endloop
  endfacet
  facet normal -0.671702 -0.740822 -0
    outer loop
      vertex 32.1263 12.6263 0.5
      vertex 31.9591 12.7779 0
      vertex 32.1263 12.6263 0
    endloop
  endfacet
  facet normal -0.336915 0.941535 0
    outer loop
      vertex 31.3802 8.87508 0
      vertex 31.1677 8.79904 0.5
      vertex 31.3802 8.87508 0.5
    endloop
  endfacet
  facet normal -0.336915 0.941535 0
    outer loop
      vertex 31.1677 8.79904 0.5
      vertex 31.3802 8.87508 0
      vertex 31.1677 8.79904 0
    endloop
  endfacet
  facet normal -0.80311 0.595831 0
    outer loop
      vertex 32.2779 9.5409 0
      vertex 32.4124 9.72219 0.5
      vertex 32.4124 9.72219 0
    endloop
  endfacet
  facet normal -0.80311 0.595831 0
    outer loop
      vertex 32.4124 9.72219 0.5
      vertex 32.2779 9.5409 0
      vertex 32.2779 9.5409 0.5
    endloop
  endfacet
  facet normal -0.514105 0.857727 0
    outer loop
      vertex 31.7778 9.08762 0
      vertex 31.5842 8.97158 0.5
      vertex 31.7778 9.08762 0.5
    endloop
  endfacet
  facet normal -0.514105 0.857727 0
    outer loop
      vertex 31.5842 8.97158 0.5
      vertex 31.7778 9.08762 0
      vertex 31.5842 8.97158 0
    endloop
  endfacet
  facet normal 0.146629 -0.989192 0
    outer loop
      vertex 30.0513 13.2558 0
      vertex 30.2746 13.2889 0.5
      vertex 30.0513 13.2558 0.5
    endloop
  endfacet
  facet normal 0.146629 -0.989192 0
    outer loop
      vertex 30.2746 13.2889 0.5
      vertex 30.0513 13.2558 0
      vertex 30.2746 13.2889 0
    endloop
  endfacet
  facet normal -0.740822 -0.671702 0
    outer loop
      vertex 32.2779 12.4591 0
      vertex 32.1263 12.6263 0.5
      vertex 32.1263 12.6263 0
    endloop
  endfacet
  facet normal -0.740822 -0.671702 0
    outer loop
      vertex 32.1263 12.6263 0.5
      vertex 32.2779 12.4591 0
      vertex 32.2779 12.4591 0.5
    endloop
  endfacet
  facet normal 0.242952 0.970038 -0
    outer loop
      vertex 30.0513 8.74419 0
      vertex 29.8323 8.79904 0.5
      vertex 30.0513 8.74419 0.5
    endloop
  endfacet
  facet normal 0.242952 0.970038 0
    outer loop
      vertex 29.8323 8.79904 0.5
      vertex 30.0513 8.74419 0
      vertex 29.8323 8.79904 0
    endloop
  endfacet
  facet normal 0.42761 0.903963 -0
    outer loop
      vertex 29.6198 8.87508 0
      vertex 29.4158 8.97158 0.5
      vertex 29.6198 8.87508 0.5
    endloop
  endfacet
  facet normal 0.42761 0.903963 0
    outer loop
      vertex 29.4158 8.97158 0.5
      vertex 29.6198 8.87508 0
      vertex 29.4158 8.97158 0
    endloop
  endfacet
  facet normal -0.903963 -0.42761 0
    outer loop
      vertex 32.6249 11.8802 0
      vertex 32.5284 12.0842 0.5
      vertex 32.5284 12.0842 0
    endloop
  endfacet
  facet normal -0.903963 -0.42761 0
    outer loop
      vertex 32.5284 12.0842 0.5
      vertex 32.6249 11.8802 0
      vertex 32.6249 11.8802 0.5
    endloop
  endfacet
  facet normal 0.803125 -0.59581 0
    outer loop
      vertex 28.5876 12.2778 0.5
      vertex 28.7221 12.4591 0
      vertex 28.7221 12.4591 0.5
    endloop
  endfacet
  facet normal 0.803125 -0.59581 0
    outer loop
      vertex 28.7221 12.4591 0
      vertex 28.5876 12.2778 0.5
      vertex 28.5876 12.2778 0
    endloop
  endfacet
  facet normal -0.989192 -0.146629 0
    outer loop
      vertex 32.7889 11.2254 0
      vertex 32.7558 11.4487 0.5
      vertex 32.7558 11.4487 0
    endloop
  endfacet
  facet normal -0.989192 -0.146629 0
    outer loop
      vertex 32.7558 11.4487 0.5
      vertex 32.7889 11.2254 0
      vertex 32.7889 11.2254 0.5
    endloop
  endfacet
  facet normal 0.513974 -0.857806 0
    outer loop
      vertex 29.2222 12.9124 0
      vertex 29.4158 13.0284 0.5
      vertex 29.2222 12.9124 0.5
    endloop
  endfacet
  facet normal 0.513974 -0.857806 0
    outer loop
      vertex 29.4158 13.0284 0.5
      vertex 29.2222 12.9124 0
      vertex 29.4158 13.0284 0
    endloop
  endfacet
  facet normal -0.0490978 0.998794 0
    outer loop
      vertex 30.7254 8.71108 0
      vertex 30.5 8.7 0.5
      vertex 30.7254 8.71108 0.5
    endloop
  endfacet
  facet normal -0.0490978 0.998794 0
    outer loop
      vertex 30.5 8.7 0.5
      vertex 30.7254 8.71108 0
      vertex 30.5 8.7 0
    endloop
  endfacet
  facet normal -0.671653 0.740866 0
    outer loop
      vertex 32.1263 9.37366 0
      vertex 31.9591 9.22208 0.5
      vertex 32.1263 9.37366 0.5
    endloop
  endfacet
  facet normal -0.671653 0.740866 0
    outer loop
      vertex 31.9591 9.22208 0.5
      vertex 32.1263 9.37366 0
      vertex 31.9591 9.22208 0
    endloop
  endfacet
  facet normal -0.146629 -0.989192 0
    outer loop
      vertex 30.7254 13.2889 0
      vertex 30.9487 13.2558 0.5
      vertex 30.7254 13.2889 0.5
    endloop
  endfacet
  facet normal -0.146629 -0.989192 -0
    outer loop
      vertex 30.9487 13.2558 0.5
      vertex 30.7254 13.2889 0
      vertex 30.9487 13.2558 0
    endloop
  endfacet
  facet normal -0.803125 -0.59581 0
    outer loop
      vertex 32.4124 12.2778 0
      vertex 32.2779 12.4591 0.5
      vertex 32.2779 12.4591 0
    endloop
  endfacet
  facet normal -0.803125 -0.59581 0
    outer loop
      vertex 32.2779 12.4591 0.5
      vertex 32.4124 12.2778 0
      vertex 32.4124 12.2778 0.5
    endloop
  endfacet
  facet normal -0.42761 0.903963 0
    outer loop
      vertex 31.5842 8.97158 0
      vertex 31.3802 8.87508 0.5
      vertex 31.5842 8.97158 0.5
    endloop
  endfacet
  facet normal -0.42761 0.903963 0
    outer loop
      vertex 31.3802 8.87508 0.5
      vertex 31.5842 8.97158 0
      vertex 31.3802 8.87508 0
    endloop
  endfacet
  facet normal -0.59581 -0.803125 0
    outer loop
      vertex 31.7778 12.9124 0
      vertex 31.9591 12.7779 0.5
      vertex 31.7778 12.9124 0.5
    endloop
  endfacet
  facet normal -0.59581 -0.803125 -0
    outer loop
      vertex 31.9591 12.7779 0.5
      vertex 31.7778 12.9124 0
      vertex 31.9591 12.7779 0
    endloop
  endfacet
  facet normal 0.80311 0.595831 0
    outer loop
      vertex 28.7221 9.5409 0.5
      vertex 28.5876 9.72219 0
      vertex 28.5876 9.72219 0.5
    endloop
  endfacet
  facet normal 0.80311 0.595831 0
    outer loop
      vertex 28.5876 9.72219 0
      vertex 28.7221 9.5409 0.5
      vertex 28.7221 9.5409 0
    endloop
  endfacet
  facet normal 0.0491862 -0.99879 0
    outer loop
      vertex 30.2746 13.2889 0
      vertex 30.5 13.3 0.5
      vertex 30.2746 13.2889 0.5
    endloop
  endfacet
  facet normal 0.0491862 -0.99879 0
    outer loop
      vertex 30.5 13.3 0.5
      vertex 30.2746 13.2889 0
      vertex 30.5 13.3 0
    endloop
  endfacet
  facet normal -0.146672 0.989185 0
    outer loop
      vertex 30.9487 8.74419 0
      vertex 30.7254 8.71108 0.5
      vertex 30.9487 8.74419 0.5
    endloop
  endfacet
  facet normal -0.146672 0.989185 0
    outer loop
      vertex 30.7254 8.71108 0.5
      vertex 30.9487 8.74419 0
      vertex 30.7254 8.71108 0
    endloop
  endfacet
  facet normal 0.97009 -0.242744 0
    outer loop
      vertex 28.2442 11.4487 0.5
      vertex 28.299 11.6677 0
      vertex 28.299 11.6677 0.5
    endloop
  endfacet
  facet normal 0.97009 -0.242744 0
    outer loop
      vertex 28.299 11.6677 0
      vertex 28.2442 11.4487 0.5
      vertex 28.2442 11.4487 0
    endloop
  endfacet
  facet normal 0.0490978 0.998794 -0
    outer loop
      vertex 30.5 8.7 0
      vertex 30.2746 8.71108 0.5
      vertex 30.5 8.7 0.5
    endloop
  endfacet
  facet normal 0.0490978 0.998794 0
    outer loop
      vertex 30.2746 8.71108 0.5
      vertex 30.5 8.7 0
      vertex 30.2746 8.71108 0
    endloop
  endfacet
  facet normal 0.857806 -0.513974 0
    outer loop
      vertex 28.4716 12.0842 0.5
      vertex 28.5876 12.2778 0
      vertex 28.5876 12.2778 0.5
    endloop
  endfacet
  facet normal 0.857806 -0.513974 0
    outer loop
      vertex 28.5876 12.2778 0
      vertex 28.4716 12.0842 0.5
      vertex 28.4716 12.0842 0
    endloop
  endfacet
  facet normal -0.740902 0.671614 0
    outer loop
      vertex 32.1263 9.37366 0
      vertex 32.2779 9.5409 0.5
      vertex 32.2779 9.5409 0
    endloop
  endfacet
  facet normal -0.740902 0.671614 0
    outer loop
      vertex 32.2779 9.5409 0.5
      vertex 32.1263 9.37366 0
      vertex 32.1263 9.37366 0.5
    endloop
  endfacet
  facet normal 0.97009 0.242744 0
    outer loop
      vertex 28.299 10.3323 0.5
      vertex 28.2442 10.5513 0
      vertex 28.2442 10.5513 0.5
    endloop
  endfacet
  facet normal 0.97009 0.242744 0
    outer loop
      vertex 28.2442 10.5513 0
      vertex 28.299 10.3323 0.5
      vertex 28.299 10.3323 0
    endloop
  endfacet
  facet normal 0.595696 0.80321 -0
    outer loop
      vertex 29.2222 9.08762 0
      vertex 29.0409 9.22208 0.5
      vertex 29.2222 9.08762 0.5
    endloop
  endfacet
  facet normal 0.595696 0.80321 0
    outer loop
      vertex 29.0409 9.22208 0.5
      vertex 29.2222 9.08762 0
      vertex 29.0409 9.22208 0
    endloop
  endfacet
  facet normal 0.941451 0.33715 0
    outer loop
      vertex 28.3751 10.1198 0.5
      vertex 28.299 10.3323 0
      vertex 28.299 10.3323 0.5
    endloop
  endfacet
  facet normal 0.941451 0.33715 0
    outer loop
      vertex 28.299 10.3323 0
      vertex 28.3751 10.1198 0.5
      vertex 28.3751 10.1198 0
    endloop
  endfacet
  facet normal -0.595696 0.80321 0
    outer loop
      vertex 31.9591 9.22208 0
      vertex 31.7778 9.08762 0.5
      vertex 31.9591 9.22208 0.5
    endloop
  endfacet
  facet normal -0.595696 0.80321 0
    outer loop
      vertex 31.7778 9.08762 0.5
      vertex 31.9591 9.22208 0
      vertex 31.7778 9.08762 0
    endloop
  endfacet
  facet normal -0.42761 -0.903963 0
    outer loop
      vertex 31.3802 13.1249 0
      vertex 31.5842 13.0284 0.5
      vertex 31.3802 13.1249 0.5
    endloop
  endfacet
  facet normal -0.42761 -0.903963 -0
    outer loop
      vertex 31.5842 13.0284 0.5
      vertex 31.3802 13.1249 0
      vertex 31.5842 13.0284 0
    endloop
  endfacet
  facet normal -0.941451 0.33715 0
    outer loop
      vertex 32.6249 10.1198 0
      vertex 32.701 10.3323 0.5
      vertex 32.701 10.3323 0
    endloop
  endfacet
  facet normal -0.941451 0.33715 0
    outer loop
      vertex 32.701 10.3323 0.5
      vertex 32.6249 10.1198 0
      vertex 32.6249 10.1198 0.5
    endloop
  endfacet
  facet normal 0.671653 0.740866 -0
    outer loop
      vertex 29.0409 9.22208 0
      vertex 28.8737 9.37366 0.5
      vertex 29.0409 9.22208 0.5
    endloop
  endfacet
  facet normal 0.671653 0.740866 0
    outer loop
      vertex 28.8737 9.37366 0.5
      vertex 29.0409 9.22208 0
      vertex 28.8737 9.37366 0
    endloop
  endfacet
  facet normal 0.514105 0.857727 -0
    outer loop
      vertex 29.4158 8.97158 0
      vertex 29.2222 9.08762 0.5
      vertex 29.4158 8.97158 0.5
    endloop
  endfacet
  facet normal 0.514105 0.857727 0
    outer loop
      vertex 29.2222 9.08762 0.5
      vertex 29.4158 8.97158 0
      vertex 29.2222 9.08762 0
    endloop
  endfacet
  facet normal -0.903971 0.427593 0
    outer loop
      vertex 32.5284 9.91579 0
      vertex 32.6249 10.1198 0.5
      vertex 32.6249 10.1198 0
    endloop
  endfacet
  facet normal -0.903971 0.427593 0
    outer loop
      vertex 32.6249 10.1198 0.5
      vertex 32.5284 9.91579 0
      vertex 32.5284 9.91579 0.5
    endloop
  endfacet
  facet normal -0.97009 -0.242744 0
    outer loop
      vertex 32.7558 11.4487 0
      vertex 32.701 11.6677 0.5
      vertex 32.701 11.6677 0
    endloop
  endfacet
  facet normal -0.97009 -0.242744 0
    outer loop
      vertex 32.701 11.6677 0.5
      vertex 32.7558 11.4487 0
      vertex 32.7558 11.4487 0.5
    endloop
  endfacet
  facet normal -0.857806 0.513974 0
    outer loop
      vertex 32.4124 9.72219 0
      vertex 32.5284 9.91579 0.5
      vertex 32.5284 9.91579 0
    endloop
  endfacet
  facet normal -0.857806 0.513974 0
    outer loop
      vertex 32.5284 9.91579 0.5
      vertex 32.4124 9.72219 0
      vertex 32.4124 9.72219 0.5
    endloop
  endfacet
  facet normal 0.941451 -0.33715 0
    outer loop
      vertex 28.299 11.6677 0.5
      vertex 28.3751 11.8802 0
      vertex 28.3751 11.8802 0.5
    endloop
  endfacet
  facet normal 0.941451 -0.33715 0
    outer loop
      vertex 28.3751 11.8802 0
      vertex 28.299 11.6677 0.5
      vertex 28.299 11.6677 0
    endloop
  endfacet
  facet normal 0.903971 0.427593 0
    outer loop
      vertex 28.4716 9.91579 0.5
      vertex 28.3751 10.1198 0
      vertex 28.3751 10.1198 0.5
    endloop
  endfacet
  facet normal 0.903971 0.427593 0
    outer loop
      vertex 28.3751 10.1198 0
      vertex 28.4716 9.91579 0.5
      vertex 28.4716 9.91579 0
    endloop
  endfacet
  facet normal -0.242952 0.970038 0
    outer loop
      vertex 31.1677 8.79904 0
      vertex 30.9487 8.74419 0.5
      vertex 31.1677 8.79904 0.5
    endloop
  endfacet
  facet normal -0.242952 0.970038 0
    outer loop
      vertex 30.9487 8.74419 0.5
      vertex 31.1677 8.79904 0
      vertex 30.9487 8.74419 0
    endloop
  endfacet
  facet normal 0.740822 -0.671702 0
    outer loop
      vertex 28.7221 12.4591 0.5
      vertex 28.8737 12.6263 0
      vertex 28.8737 12.6263 0.5
    endloop
  endfacet
  facet normal 0.740822 -0.671702 0
    outer loop
      vertex 28.8737 12.6263 0
      vertex 28.7221 12.4591 0.5
      vertex 28.7221 12.4591 0
    endloop
  endfacet
  facet normal 0.59581 -0.803125 0
    outer loop
      vertex 29.0409 12.7779 0
      vertex 29.2222 12.9124 0.5
      vertex 29.0409 12.7779 0.5
    endloop
  endfacet
  facet normal 0.59581 -0.803125 0
    outer loop
      vertex 29.2222 12.9124 0.5
      vertex 29.0409 12.7779 0
      vertex 29.2222 12.9124 0
    endloop
  endfacet
  facet normal -0.33715 -0.941451 0
    outer loop
      vertex 31.1677 13.201 0
      vertex 31.3802 13.1249 0.5
      vertex 31.1677 13.201 0.5
    endloop
  endfacet
  facet normal -0.33715 -0.941451 -0
    outer loop
      vertex 31.3802 13.1249 0.5
      vertex 31.1677 13.201 0
      vertex 31.3802 13.1249 0
    endloop
  endfacet
  facet normal 0.671702 -0.740822 0
    outer loop
      vertex 28.8737 12.6263 0
      vertex 29.0409 12.7779 0.5
      vertex 28.8737 12.6263 0.5
    endloop
  endfacet
  facet normal 0.671702 -0.740822 0
    outer loop
      vertex 29.0409 12.7779 0.5
      vertex 28.8737 12.6263 0
      vertex 29.0409 12.7779 0
    endloop
  endfacet
  facet normal 0.740902 0.671614 0
    outer loop
      vertex 28.8737 9.37366 0.5
      vertex 28.7221 9.5409 0
      vertex 28.7221 9.5409 0.5
    endloop
  endfacet
  facet normal 0.740902 0.671614 0
    outer loop
      vertex 28.7221 9.5409 0
      vertex 28.8737 9.37366 0.5
      vertex 28.8737 9.37366 0
    endloop
  endfacet
  facet normal 0.33715 -0.941451 0
    outer loop
      vertex 29.6198 13.1249 0
      vertex 29.8323 13.201 0.5
      vertex 29.6198 13.1249 0.5
    endloop
  endfacet
  facet normal 0.33715 -0.941451 0
    outer loop
      vertex 29.8323 13.201 0.5
      vertex 29.6198 13.1249 0
      vertex 29.8323 13.201 0
    endloop
  endfacet
  facet normal 0.99879 -0.0491862 0
    outer loop
      vertex 28.2 11 0.5
      vertex 28.2111 11.2254 0
      vertex 28.2111 11.2254 0.5
    endloop
  endfacet
  facet normal 0.99879 -0.0491862 0
    outer loop
      vertex 28.2111 11.2254 0
      vertex 28.2 11 0.5
      vertex 28.2 11 0
    endloop
  endfacet
  facet normal 0.989192 -0.146629 0
    outer loop
      vertex 28.2111 11.2254 0.5
      vertex 28.2442 11.4487 0
      vertex 28.2442 11.4487 0.5
    endloop
  endfacet
  facet normal 0.989192 -0.146629 0
    outer loop
      vertex 28.2442 11.4487 0
      vertex 28.2111 11.2254 0.5
      vertex 28.2111 11.2254 0
    endloop
  endfacet
  facet normal -0.0491862 -0.99879 0
    outer loop
      vertex 30.5 13.3 0
      vertex 30.7254 13.2889 0.5
      vertex 30.5 13.3 0.5
    endloop
  endfacet
  facet normal -0.0491862 -0.99879 -0
    outer loop
      vertex 30.7254 13.2889 0.5
      vertex 30.5 13.3 0
      vertex 30.7254 13.2889 0
    endloop
  endfacet
  facet normal 0.242744 -0.97009 0
    outer loop
      vertex 29.8323 13.201 0
      vertex 30.0513 13.2558 0.5
      vertex 29.8323 13.201 0.5
    endloop
  endfacet
  facet normal 0.242744 -0.97009 0
    outer loop
      vertex 30.0513 13.2558 0.5
      vertex 29.8323 13.201 0
      vertex 30.0513 13.2558 0
    endloop
  endfacet
  facet normal -0.242744 -0.97009 0
    outer loop
      vertex 30.9487 13.2558 0
      vertex 31.1677 13.201 0.5
      vertex 30.9487 13.2558 0.5
    endloop
  endfacet
  facet normal -0.242744 -0.97009 -0
    outer loop
      vertex 31.1677 13.201 0.5
      vertex 30.9487 13.2558 0
      vertex 31.1677 13.201 0
    endloop
  endfacet
  facet normal 0 0 -1
    outer loop
      vertex 31.7 11 0.5
      vertex 32.8 11 0.5
      vertex 32.7889 10.7746 0.5
    endloop
  endfacet
  facet normal 0 0 -1
    outer loop
      vertex 31.6942 10.8824 0.5
      vertex 32.7889 10.7746 0.5
      vertex 32.7558 10.5513 0.5
    endloop
  endfacet
  facet normal 0 0 -1
    outer loop
      vertex 32.8 11 0.5
      vertex 31.7 11 0.5
      vertex 32.7889 11.2254 0.5
    endloop
  endfacet
  facet normal 0 0 -1
    outer loop
      vertex 31.6769 10.7659 0.5
      vertex 32.7558 10.5513 0.5
      vertex 32.701 10.3323 0.5
    endloop
  endfacet
  facet normal 0 0 -1
    outer loop
      vertex 31.6942 11.1176 0.5
      vertex 32.7889 11.2254 0.5
      vertex 31.7 11 0.5
    endloop
  endfacet
  facet normal 0 0 -1
    outer loop
      vertex 31.6483 10.6517 0.5
      vertex 32.701 10.3323 0.5
      vertex 32.6249 10.1198 0.5
    endloop
  endfacet
  facet normal -0 0 -1
    outer loop
      vertex 32.7889 11.2254 0.5
      vertex 31.6942 11.1176 0.5
      vertex 32.7558 11.4487 0.5
    endloop
  endfacet
  facet normal 0 0 -1
    outer loop
      vertex 31.6087 10.5408 0.5
      vertex 32.6249 10.1198 0.5
      vertex 32.5284 9.91579 0.5
    endloop
  endfacet
  facet normal 0 0 -1
    outer loop
      vertex 31.6769 11.2341 0.5
      vertex 32.7558 11.4487 0.5
      vertex 31.6942 11.1176 0.5
    endloop
  endfacet
  facet normal 0 0 -1
    outer loop
      vertex 31.5583 10.4343 0.5
      vertex 32.5284 9.91579 0.5
      vertex 32.4124 9.72219 0.5
    endloop
  endfacet
  facet normal -0 0 -1
    outer loop
      vertex 32.7558 11.4487 0.5
      vertex 31.6769 11.2341 0.5
      vertex 32.701 11.6677 0.5
    endloop
  endfacet
  facet normal 0 0 -1
    outer loop
      vertex 31.4978 10.3333 0.5
      vertex 32.4124 9.72219 0.5
      vertex 32.2779 9.5409 0.5
    endloop
  endfacet
  facet normal 0 0 -1
    outer loop
      vertex 31.6483 11.3483 0.5
      vertex 32.701 11.6677 0.5
      vertex 31.6769 11.2341 0.5
    endloop
  endfacet
  facet normal 0 0 -1
    outer loop
      vertex 31.4276 10.2387 0.5
      vertex 32.2779 9.5409 0.5
      vertex 32.1263 9.37366 0.5
    endloop
  endfacet
  facet normal -0 0 -1
    outer loop
      vertex 32.701 11.6677 0.5
      vertex 31.6483 11.3483 0.5
      vertex 32.6249 11.8802 0.5
    endloop
  endfacet
  facet normal 0 0 -1
    outer loop
      vertex 31.3485 10.1515 0.5
      vertex 32.1263 9.37366 0.5
      vertex 31.9591 9.22208 0.5
    endloop
  endfacet
  facet normal 0 0 -1
    outer loop
      vertex 31.6087 11.4592 0.5
      vertex 32.6249 11.8802 0.5
      vertex 31.6483 11.3483 0.5
    endloop
  endfacet
  facet normal 0 0 -1
    outer loop
      vertex 31.2613 10.0724 0.5
      vertex 31.9591 9.22208 0.5
      vertex 31.7778 9.08762 0.5
    endloop
  endfacet
  facet normal -0 0 -1
    outer loop
      vertex 32.6249 11.8802 0.5
      vertex 31.6087 11.4592 0.5
      vertex 32.5284 12.0842 0.5
    endloop
  endfacet
  facet normal 0 0 -1
    outer loop
      vertex 31.5583 11.5657 0.5
      vertex 32.5284 12.0842 0.5
      vertex 31.6087 11.4592 0.5
    endloop
  endfacet
  facet normal 0 0 -1
    outer loop
      vertex 32.7889 10.7746 0.5
      vertex 31.6942 10.8824 0.5
      vertex 31.7 11 0.5
    endloop
  endfacet
  facet normal 0 0 -1
    outer loop
      vertex 32.7558 10.5513 0.5
      vertex 31.6769 10.7659 0.5
      vertex 31.6942 10.8824 0.5
    endloop
  endfacet
  facet normal 0 0 -1
    outer loop
      vertex 32.701 10.3323 0.5
      vertex 31.6483 10.6517 0.5
      vertex 31.6769 10.7659 0.5
    endloop
  endfacet
  facet normal 0 0 -1
    outer loop
      vertex 32.6249 10.1198 0.5
      vertex 31.6087 10.5408 0.5
      vertex 31.6483 10.6517 0.5
    endloop
  endfacet
  facet normal 0 0 -1
    outer loop
      vertex 31.1667 10.0022 0.5
      vertex 31.7778 9.08762 0.5
      vertex 31.5842 8.97158 0.5
    endloop
  endfacet
  facet normal 0 0 -1
    outer loop
      vertex 32.5284 9.91579 0.5
      vertex 31.5583 10.4343 0.5
      vertex 31.6087 10.5408 0.5
    endloop
  endfacet
  facet normal 0 0 -1
    outer loop
      vertex 32.4124 9.72219 0.5
      vertex 31.4978 10.3333 0.5
      vertex 31.5583 10.4343 0.5
    endloop
  endfacet
  facet normal 0 0 -1
    outer loop
      vertex 32.2779 9.5409 0.5
      vertex 31.4276 10.2387 0.5
      vertex 31.4978 10.3333 0.5
    endloop
  endfacet
  facet normal 0 0 -1
    outer loop
      vertex 31.0657 9.9417 0.5
      vertex 31.5842 8.97158 0.5
      vertex 31.3802 8.87508 0.5
    endloop
  endfacet
  facet normal 0 0 -1
    outer loop
      vertex 32.1263 9.37366 0.5
      vertex 31.3485 10.1515 0.5
      vertex 31.4276 10.2387 0.5
    endloop
  endfacet
  facet normal 0 0 -1
    outer loop
      vertex 31.9591 9.22208 0.5
      vertex 31.2613 10.0724 0.5
      vertex 31.3485 10.1515 0.5
    endloop
  endfacet
  facet normal 0 0 -1
    outer loop
      vertex 30.9592 9.89135 0.5
      vertex 31.3802 8.87508 0.5
      vertex 31.1677 8.79904 0.5
    endloop
  endfacet
  facet normal 0 0 -1
    outer loop
      vertex 31.7778 9.08762 0.5
      vertex 31.1667 10.0022 0.5
      vertex 31.2613 10.0724 0.5
    endloop
  endfacet
  facet normal 0 0 -1
    outer loop
      vertex 31.5842 8.97158 0.5
      vertex 31.0657 9.9417 0.5
      vertex 31.1667 10.0022 0.5
    endloop
  endfacet
  facet normal 0 0 -1
    outer loop
      vertex 31.3802 8.87508 0.5
      vertex 30.9592 9.89135 0.5
      vertex 31.0657 9.9417 0.5
    endloop
  endfacet
  facet normal 0 0 -1
    outer loop
      vertex 30.8483 9.85167 0.5
      vertex 31.1677 8.79904 0.5
      vertex 30.9487 8.74419 0.5
    endloop
  endfacet
  facet normal 0 0 -1
    outer loop
      vertex 31.1677 8.79904 0.5
      vertex 30.8483 9.85167 0.5
      vertex 30.9592 9.89135 0.5
    endloop
  endfacet
  facet normal 0 0 -1
    outer loop
      vertex 30.9487 8.74419 0.5
      vertex 30.7341 9.82306 0.5
      vertex 30.8483 9.85167 0.5
    endloop
  endfacet
  facet normal 0 0 -1
    outer loop
      vertex 30.7254 8.71108 0.5
      vertex 30.7341 9.82306 0.5
      vertex 30.9487 8.74419 0.5
    endloop
  endfacet
  facet normal 0 0 -1
    outer loop
      vertex 30.7254 8.71108 0.5
      vertex 30.6176 9.80578 0.5
      vertex 30.7341 9.82306 0.5
    endloop
  endfacet
  facet normal 0 0 -1
    outer loop
      vertex 30.5 8.7 0.5
      vertex 30.6176 9.80578 0.5
      vertex 30.7254 8.71108 0.5
    endloop
  endfacet
  facet normal 0 0 -1
    outer loop
      vertex 30.5 8.7 0.5
      vertex 30.5 9.8 0.5
      vertex 30.6176 9.80578 0.5
    endloop
  endfacet
  facet normal 0 0 -1
    outer loop
      vertex 30.5 8.7 0.5
      vertex 30.3824 9.80578 0.5
      vertex 30.5 9.8 0.5
    endloop
  endfacet
  facet normal 0 0 -1
    outer loop
      vertex 30.2746 8.71108 0.5
      vertex 30.3824 9.80578 0.5
      vertex 30.5 8.7 0.5
    endloop
  endfacet
  facet normal 0 0 -1
    outer loop
      vertex 30.2746 8.71108 0.5
      vertex 30.2659 9.82306 0.5
      vertex 30.3824 9.80578 0.5
    endloop
  endfacet
  facet normal 0 0 -1
    outer loop
      vertex 30.0513 8.74419 0.5
      vertex 30.2659 9.82306 0.5
      vertex 30.2746 8.71108 0.5
    endloop
  endfacet
  facet normal -0 0 -1
    outer loop
      vertex 30.2659 9.82306 0.5
      vertex 30.0513 8.74419 0.5
      vertex 30.1517 9.85167 0.5
    endloop
  endfacet
  facet normal 0 0 -1
    outer loop
      vertex 29.8323 8.79904 0.5
      vertex 30.1517 9.85167 0.5
      vertex 30.0513 8.74419 0.5
    endloop
  endfacet
  facet normal -0 0 -1
    outer loop
      vertex 30.1517 9.85167 0.5
      vertex 29.8323 8.79904 0.5
      vertex 30.0408 9.89135 0.5
    endloop
  endfacet
  facet normal 0 0 -1
    outer loop
      vertex 29.6198 8.87508 0.5
      vertex 30.0408 9.89135 0.5
      vertex 29.8323 8.79904 0.5
    endloop
  endfacet
  facet normal -0 0 -1
    outer loop
      vertex 30.0408 9.89135 0.5
      vertex 29.6198 8.87508 0.5
      vertex 29.9343 9.9417 0.5
    endloop
  endfacet
  facet normal 0 0 -1
    outer loop
      vertex 29.4158 8.97158 0.5
      vertex 29.9343 9.9417 0.5
      vertex 29.6198 8.87508 0.5
    endloop
  endfacet
  facet normal -0 0 -1
    outer loop
      vertex 29.9343 9.9417 0.5
      vertex 29.4158 8.97158 0.5
      vertex 29.8333 10.0022 0.5
    endloop
  endfacet
  facet normal 0 0 -1
    outer loop
      vertex 29.2222 9.08762 0.5
      vertex 29.8333 10.0022 0.5
      vertex 29.4158 8.97158 0.5
    endloop
  endfacet
  facet normal -0 0 -1
    outer loop
      vertex 29.8333 10.0022 0.5
      vertex 29.2222 9.08762 0.5
      vertex 29.7387 10.0724 0.5
    endloop
  endfacet
  facet normal 0 0 -1
    outer loop
      vertex 29.0409 9.22208 0.5
      vertex 29.7387 10.0724 0.5
      vertex 29.2222 9.08762 0.5
    endloop
  endfacet
  facet normal -0 0 -1
    outer loop
      vertex 29.7387 10.0724 0.5
      vertex 29.0409 9.22208 0.5
      vertex 29.6515 10.1515 0.5
    endloop
  endfacet
  facet normal 0 0 -1
    outer loop
      vertex 28.8737 9.37366 0.5
      vertex 29.6515 10.1515 0.5
      vertex 29.0409 9.22208 0.5
    endloop
  endfacet
  facet normal -0 0 -1
    outer loop
      vertex 29.6515 10.1515 0.5
      vertex 28.8737 9.37366 0.5
      vertex 29.5724 10.2387 0.5
    endloop
  endfacet
  facet normal 0 0 -1
    outer loop
      vertex 28.7221 9.5409 0.5
      vertex 29.5724 10.2387 0.5
      vertex 28.8737 9.37366 0.5
    endloop
  endfacet
  facet normal -0 0 -1
    outer loop
      vertex 29.5724 10.2387 0.5
      vertex 28.7221 9.5409 0.5
      vertex 29.5022 10.3333 0.5
    endloop
  endfacet
  facet normal 0 0 -1
    outer loop
      vertex 28.5876 9.72219 0.5
      vertex 29.5022 10.3333 0.5
      vertex 28.7221 9.5409 0.5
    endloop
  endfacet
  facet normal 0 0 -1
    outer loop
      vertex 28.4716 9.91579 0.5
      vertex 29.4417 10.4343 0.5
      vertex 28.5876 9.72219 0.5
    endloop
  endfacet
  facet normal -0 0 -1
    outer loop
      vertex 29.5022 10.3333 0.5
      vertex 28.5876 9.72219 0.5
      vertex 29.4417 10.4343 0.5
    endloop
  endfacet
  facet normal -0 0 -1
    outer loop
      vertex 32.5284 12.0842 0.5
      vertex 31.5583 11.5657 0.5
      vertex 32.4124 12.2778 0.5
    endloop
  endfacet
  facet normal 0 0 -1
    outer loop
      vertex 31.4978 11.6667 0.5
      vertex 32.4124 12.2778 0.5
      vertex 31.5583 11.5657 0.5
    endloop
  endfacet
  facet normal -0 0 -1
    outer loop
      vertex 32.4124 12.2778 0.5
      vertex 31.4978 11.6667 0.5
      vertex 32.2779 12.4591 0.5
    endloop
  endfacet
  facet normal 0 0 -1
    outer loop
      vertex 31.4276 11.7613 0.5
      vertex 32.2779 12.4591 0.5
      vertex 31.4978 11.6667 0.5
    endloop
  endfacet
  facet normal -0 0 -1
    outer loop
      vertex 32.2779 12.4591 0.5
      vertex 31.4276 11.7613 0.5
      vertex 32.1263 12.6263 0.5
    endloop
  endfacet
  facet normal 0 0 -1
    outer loop
      vertex 31.3485 11.8485 0.5
      vertex 32.1263 12.6263 0.5
      vertex 31.4276 11.7613 0.5
    endloop
  endfacet
  facet normal -0 0 -1
    outer loop
      vertex 32.1263 12.6263 0.5
      vertex 31.3485 11.8485 0.5
      vertex 31.9591 12.7779 0.5
    endloop
  endfacet
  facet normal 0 0 -1
    outer loop
      vertex 31.2613 11.9276 0.5
      vertex 31.9591 12.7779 0.5
      vertex 31.3485 11.8485 0.5
    endloop
  endfacet
  facet normal -0 0 -1
    outer loop
      vertex 31.9591 12.7779 0.5
      vertex 31.2613 11.9276 0.5
      vertex 31.7778 12.9124 0.5
    endloop
  endfacet
  facet normal 0 0 -1
    outer loop
      vertex 31.1667 11.9978 0.5
      vertex 31.7778 12.9124 0.5
      vertex 31.2613 11.9276 0.5
    endloop
  endfacet
  facet normal -0 0 -1
    outer loop
      vertex 31.7778 12.9124 0.5
      vertex 31.1667 11.9978 0.5
      vertex 31.5842 13.0284 0.5
    endloop
  endfacet
  facet normal 0 0 -1
    outer loop
      vertex 31.0657 12.0583 0.5
      vertex 31.5842 13.0284 0.5
      vertex 31.1667 11.9978 0.5
    endloop
  endfacet
  facet normal -0 0 -1
    outer loop
      vertex 31.5842 13.0284 0.5
      vertex 31.0657 12.0583 0.5
      vertex 31.3802 13.1249 0.5
    endloop
  endfacet
  facet normal 0 0 -1
    outer loop
      vertex 30.9592 12.1087 0.5
      vertex 31.3802 13.1249 0.5
      vertex 31.0657 12.0583 0.5
    endloop
  endfacet
  facet normal -0 0 -1
    outer loop
      vertex 31.3802 13.1249 0.5
      vertex 30.9592 12.1087 0.5
      vertex 31.1677 13.201 0.5
    endloop
  endfacet
  facet normal 0 0 -1
    outer loop
      vertex 30.8483 12.1483 0.5
      vertex 31.1677 13.201 0.5
      vertex 30.9592 12.1087 0.5
    endloop
  endfacet
  facet normal -0 0 -1
    outer loop
      vertex 31.1677 13.201 0.5
      vertex 30.8483 12.1483 0.5
      vertex 30.9487 13.2558 0.5
    endloop
  endfacet
  facet normal 0 0 -1
    outer loop
      vertex 30.7341 12.1769 0.5
      vertex 30.9487 13.2558 0.5
      vertex 30.8483 12.1483 0.5
    endloop
  endfacet
  facet normal 0 0 -1
    outer loop
      vertex 30.7341 12.1769 0.5
      vertex 30.7254 13.2889 0.5
      vertex 30.9487 13.2558 0.5
    endloop
  endfacet
  facet normal 0 0 -1
    outer loop
      vertex 30.6176 12.1942 0.5
      vertex 30.7254 13.2889 0.5
      vertex 30.7341 12.1769 0.5
    endloop
  endfacet
  facet normal 0 0 -1
    outer loop
      vertex 30.5 12.2 0.5
      vertex 30.7254 13.2889 0.5
      vertex 30.6176 12.1942 0.5
    endloop
  endfacet
  facet normal 0 0 -1
    outer loop
      vertex 30.5 12.2 0.5
      vertex 30.5 13.3 0.5
      vertex 30.7254 13.2889 0.5
    endloop
  endfacet
  facet normal 0 0 -1
    outer loop
      vertex 30.3824 12.1942 0.5
      vertex 30.5 13.3 0.5
      vertex 30.5 12.2 0.5
    endloop
  endfacet
  facet normal 0 0 -1
    outer loop
      vertex 30.3824 12.1942 0.5
      vertex 30.2746 13.2889 0.5
      vertex 30.5 13.3 0.5
    endloop
  endfacet
  facet normal 0 0 -1
    outer loop
      vertex 30.2659 12.1769 0.5
      vertex 30.2746 13.2889 0.5
      vertex 30.3824 12.1942 0.5
    endloop
  endfacet
  facet normal 0 0 -1
    outer loop
      vertex 30.0513 13.2558 0.5
      vertex 30.2659 12.1769 0.5
      vertex 30.1517 12.1483 0.5
    endloop
  endfacet
  facet normal 0 0 -1
    outer loop
      vertex 30.2659 12.1769 0.5
      vertex 30.0513 13.2558 0.5
      vertex 30.2746 13.2889 0.5
    endloop
  endfacet
  facet normal 0 0 -1
    outer loop
      vertex 29.8323 13.201 0.5
      vertex 30.1517 12.1483 0.5
      vertex 30.0408 12.1087 0.5
    endloop
  endfacet
  facet normal 0 0 -1
    outer loop
      vertex 29.6198 13.1249 0.5
      vertex 30.0408 12.1087 0.5
      vertex 29.9343 12.0583 0.5
    endloop
  endfacet
  facet normal 0 0 -1
    outer loop
      vertex 29.4158 13.0284 0.5
      vertex 29.9343 12.0583 0.5
      vertex 29.8333 11.9978 0.5
    endloop
  endfacet
  facet normal 0 0 -1
    outer loop
      vertex 30.1517 12.1483 0.5
      vertex 29.8323 13.201 0.5
      vertex 30.0513 13.2558 0.5
    endloop
  endfacet
  facet normal 0 0 -1
    outer loop
      vertex 29.2222 12.9124 0.5
      vertex 29.8333 11.9978 0.5
      vertex 29.7387 11.9276 0.5
    endloop
  endfacet
  facet normal 0 0 -1
    outer loop
      vertex 29.0409 12.7779 0.5
      vertex 29.7387 11.9276 0.5
      vertex 29.6515 11.8485 0.5
    endloop
  endfacet
  facet normal 0 0 -1
    outer loop
      vertex 30.0408 12.1087 0.5
      vertex 29.6198 13.1249 0.5
      vertex 29.8323 13.201 0.5
    endloop
  endfacet
  facet normal 0 0 -1
    outer loop
      vertex 28.8737 12.6263 0.5
      vertex 29.6515 11.8485 0.5
      vertex 29.5724 11.7613 0.5
    endloop
  endfacet
  facet normal 0 0 -1
    outer loop
      vertex 28.7221 12.4591 0.5
      vertex 29.5724 11.7613 0.5
      vertex 29.5022 11.6667 0.5
    endloop
  endfacet
  facet normal 0 0 -1
    outer loop
      vertex 28.5876 12.2778 0.5
      vertex 29.5022 11.6667 0.5
      vertex 29.4417 11.5657 0.5
    endloop
  endfacet
  facet normal 0 0 -1
    outer loop
      vertex 29.9343 12.0583 0.5
      vertex 29.4158 13.0284 0.5
      vertex 29.6198 13.1249 0.5
    endloop
  endfacet
  facet normal 0 0 -1
    outer loop
      vertex 28.4716 12.0842 0.5
      vertex 29.4417 11.5657 0.5
      vertex 29.3913 11.4592 0.5
    endloop
  endfacet
  facet normal 0 0 -1
    outer loop
      vertex 28.3751 11.8802 0.5
      vertex 29.3913 11.4592 0.5
      vertex 29.3517 11.3483 0.5
    endloop
  endfacet
  facet normal 0 0 -1
    outer loop
      vertex 28.299 11.6677 0.5
      vertex 29.3517 11.3483 0.5
      vertex 29.3231 11.2341 0.5
    endloop
  endfacet
  facet normal 0 0 -1
    outer loop
      vertex 28.2442 11.4487 0.5
      vertex 29.3231 11.2341 0.5
      vertex 29.3058 11.1176 0.5
    endloop
  endfacet
  facet normal 0 0 -1
    outer loop
      vertex 29.8333 11.9978 0.5
      vertex 29.2222 12.9124 0.5
      vertex 29.4158 13.0284 0.5
    endloop
  endfacet
  facet normal 0 0 -1
    outer loop
      vertex 28.2111 11.2254 0.5
      vertex 29.3058 11.1176 0.5
      vertex 29.3 11 0.5
    endloop
  endfacet
  facet normal -0 0 -1
    outer loop
      vertex 29.4417 10.4343 0.5
      vertex 28.4716 9.91579 0.5
      vertex 29.3913 10.5408 0.5
    endloop
  endfacet
  facet normal 0 0 -1
    outer loop
      vertex 28.3751 10.1198 0.5
      vertex 29.3913 10.5408 0.5
      vertex 28.4716 9.91579 0.5
    endloop
  endfacet
  facet normal 0 0 -1
    outer loop
      vertex 29.7387 11.9276 0.5
      vertex 29.0409 12.7779 0.5
      vertex 29.2222 12.9124 0.5
    endloop
  endfacet
  facet normal -0 0 -1
    outer loop
      vertex 29.3913 10.5408 0.5
      vertex 28.3751 10.1198 0.5
      vertex 29.3517 10.6517 0.5
    endloop
  endfacet
  facet normal 0 0 -1
    outer loop
      vertex 29.6515 11.8485 0.5
      vertex 28.8737 12.6263 0.5
      vertex 29.0409 12.7779 0.5
    endloop
  endfacet
  facet normal 0 0 -1
    outer loop
      vertex 28.299 10.3323 0.5
      vertex 29.3517 10.6517 0.5
      vertex 28.3751 10.1198 0.5
    endloop
  endfacet
  facet normal 0 0 -1
    outer loop
      vertex 29.5724 11.7613 0.5
      vertex 28.7221 12.4591 0.5
      vertex 28.8737 12.6263 0.5
    endloop
  endfacet
  facet normal -0 0 -1
    outer loop
      vertex 29.3517 10.6517 0.5
      vertex 28.299 10.3323 0.5
      vertex 29.3231 10.7659 0.5
    endloop
  endfacet
  facet normal 0 0 -1
    outer loop
      vertex 29.5022 11.6667 0.5
      vertex 28.5876 12.2778 0.5
      vertex 28.7221 12.4591 0.5
    endloop
  endfacet
  facet normal 0 0 -1
    outer loop
      vertex 28.2442 10.5513 0.5
      vertex 29.3231 10.7659 0.5
      vertex 28.299 10.3323 0.5
    endloop
  endfacet
  facet normal 0 0 -1
    outer loop
      vertex 29.4417 11.5657 0.5
      vertex 28.4716 12.0842 0.5
      vertex 28.5876 12.2778 0.5
    endloop
  endfacet
  facet normal -0 0 -1
    outer loop
      vertex 29.3231 10.7659 0.5
      vertex 28.2442 10.5513 0.5
      vertex 29.3058 10.8824 0.5
    endloop
  endfacet
  facet normal 0 0 -1
    outer loop
      vertex 29.3913 11.4592 0.5
      vertex 28.3751 11.8802 0.5
      vertex 28.4716 12.0842 0.5
    endloop
  endfacet
  facet normal 0 0 -1
    outer loop
      vertex 28.2111 10.7746 0.5
      vertex 29.3058 10.8824 0.5
      vertex 28.2442 10.5513 0.5
    endloop
  endfacet
  facet normal 0 0 -1
    outer loop
      vertex 29.3517 11.3483 0.5
      vertex 28.299 11.6677 0.5
      vertex 28.3751 11.8802 0.5
    endloop
  endfacet
  facet normal -0 0 -1
    outer loop
      vertex 29.3058 10.8824 0.5
      vertex 28.2111 10.7746 0.5
      vertex 29.3 11 0.5
    endloop
  endfacet
  facet normal 0 0 -1
    outer loop
      vertex 29.3231 11.2341 0.5
      vertex 28.2442 11.4487 0.5
      vertex 28.299 11.6677 0.5
    endloop
  endfacet
  facet normal 0 0 -1
    outer loop
      vertex 28.2 11 0.5
      vertex 29.3 11 0.5
      vertex 28.2111 10.7746 0.5
    endloop
  endfacet
  facet normal 0 0 -1
    outer loop
      vertex 29.3058 11.1176 0.5
      vertex 28.2111 11.2254 0.5
      vertex 28.2442 11.4487 0.5
    endloop
  endfacet
  facet normal 0 0 -1
    outer loop
      vertex 29.3 11 0.5
      vertex 28.2 11 0.5
      vertex 28.2111 11.2254 0.5
    endloop
  endfacet
  facet normal -0.513974 -0.857806 0
    outer loop
      vertex 31.5842 13.0284 0
      vertex 31.7778 12.9124 0.5
      vertex 31.5842 13.0284 0.5
    endloop
  endfacet
  facet normal -0.513974 -0.857806 -0
    outer loop
      vertex 31.7778 12.9124 0.5
      vertex 31.5842 13.0284 0
      vertex 31.7778 12.9124 0
    endloop
  endfacet
  facet normal -0.857806 -0.513974 0
    outer loop
      vertex 32.5284 12.0842 0
      vertex 32.4124 12.2778 0.5
      vertex 32.4124 12.2778 0
    endloop
  endfacet
  facet normal -0.857806 -0.513974 0
    outer loop
      vertex 32.4124 12.2778 0.5
      vertex 32.5284 12.0842 0
      vertex 32.5284 12.0842 0.5
    endloop
  endfacet
  facet normal 0.989192 0.146629 0
    outer loop
      vertex 28.2442 10.5513 0.5
      vertex 28.2111 10.7746 0
      vertex 28.2111 10.7746 0.5
    endloop
  endfacet
  facet normal 0.989192 0.146629 0
    outer loop
      vertex 28.2111 10.7746 0
      vertex 28.2442 10.5513 0.5
      vertex 28.2442 10.5513 0
    endloop
  endfacet
  facet normal 0.99879 0.0491862 0
    outer loop
      vertex 28.2111 10.7746 0.5
      vertex 28.2 11 0
      vertex 28.2 11 0.5
    endloop
  endfacet
  facet normal 0.99879 0.0491862 0
    outer loop
      vertex 28.2 11 0
      vertex 28.2111 10.7746 0.5
      vertex 28.2111 10.7746 0
    endloop
  endfacet
  facet normal 0.42761 -0.903963 0
    outer loop
      vertex 29.4158 13.0284 0
      vertex 29.6198 13.1249 0.5
      vertex 29.4158 13.0284 0.5
    endloop
  endfacet
  facet normal 0.42761 -0.903963 0
    outer loop
      vertex 29.6198 13.1249 0.5
      vertex 29.4158 13.0284 0
      vertex 29.6198 13.1249 0
    endloop
  endfacet
  facet normal 0.903963 -0.42761 0
    outer loop
      vertex 28.3751 11.8802 0.5
      vertex 28.4716 12.0842 0
      vertex 28.4716 12.0842 0.5
    endloop
  endfacet
  facet normal 0.903963 -0.42761 0
    outer loop
      vertex 28.4716 12.0842 0
      vertex 28.3751 11.8802 0.5
      vertex 28.3751 11.8802 0
    endloop
  endfacet
  facet normal 0.857806 0.513974 0
    outer loop
      vertex 28.5876 9.72219 0.5
      vertex 28.4716 9.91579 0
      vertex 28.4716 9.91579 0.5
    endloop
  endfacet
  facet normal 0.857806 0.513974 0
    outer loop
      vertex 28.4716 9.91579 0
      vertex 28.5876 9.72219 0.5
      vertex 28.5876 9.72219 0
    endloop
  endfacet
  facet normal 0.941761 0.336283 0
    outer loop
      vertex 29.3913 -11.4592 2
      vertex 29.3517 -11.3483 0.5
      vertex 29.3517 -11.3483 2
    endloop
  endfacet
  facet normal 0.941761 0.336283 0
    outer loop
      vertex 29.3517 -11.3483 0.5
      vertex 29.3913 -11.4592 2
      vertex 29.3913 -11.4592 0.5
    endloop
  endfacet
  facet normal 0.857867 0.513871 0
    outer loop
      vertex 29.5022 -11.6667 2
      vertex 29.4417 -11.5657 0.5
      vertex 29.4417 -11.5657 2
    endloop
  endfacet
  facet normal 0.857867 0.513871 0
    outer loop
      vertex 29.4417 -11.5657 0.5
      vertex 29.5022 -11.6667 2
      vertex 29.5022 -11.6667 0.5
    endloop
  endfacet
  facet normal -0.941761 0.336283 0
    outer loop
      vertex 31.6087 -11.4592 0.5
      vertex 31.6483 -11.3483 2
      vertex 31.6483 -11.3483 0.5
    endloop
  endfacet
  facet normal -0.941761 0.336283 0
    outer loop
      vertex 31.6483 -11.3483 2
      vertex 31.6087 -11.4592 0.5
      vertex 31.6087 -11.4592 2
    endloop
  endfacet
  facet normal -0.242935 0.970042 0
    outer loop
      vertex 30.8483 -12.1483 0.5
      vertex 30.7341 -12.1769 2
      vertex 30.8483 -12.1483 2
    endloop
  endfacet
  facet normal -0.242935 0.970042 0
    outer loop
      vertex 30.7341 -12.1769 2
      vertex 30.8483 -12.1483 0.5
      vertex 30.7341 -12.1769 0.5
    endloop
  endfacet
  facet normal 0.0492599 0.998786 -0
    outer loop
      vertex 30.5 -12.2 0.5
      vertex 30.3824 -12.1942 2
      vertex 30.5 -12.2 2
    endloop
  endfacet
  facet normal 0.0492599 0.998786 0
    outer loop
      vertex 30.3824 -12.1942 2
      vertex 30.5 -12.2 0.5
      vertex 30.3824 -12.1942 0.5
    endloop
  endfacet
  facet normal -0.427758 0.903893 0
    outer loop
      vertex 31.0657 -12.0583 0.5
      vertex 30.9592 -12.1087 2
      vertex 31.0657 -12.0583 2
    endloop
  endfacet
  facet normal -0.427758 0.903893 0
    outer loop
      vertex 30.9592 -12.1087 2
      vertex 31.0657 -12.0583 0.5
      vertex 30.9592 -12.1087 0.5
    endloop
  endfacet
  facet normal -0.989153 0.146887 0
    outer loop
      vertex 31.6769 -11.2341 0.5
      vertex 31.6942 -11.1176 2
      vertex 31.6942 -11.1176 0.5
    endloop
  endfacet
  facet normal -0.989153 0.146887 0
    outer loop
      vertex 31.6942 -11.1176 2
      vertex 31.6769 -11.2341 0.5
      vertex 31.6769 -11.2341 2
    endloop
  endfacet
  facet normal 0.146887 0.989153 -0
    outer loop
      vertex 30.3824 -12.1942 0.5
      vertex 30.2659 -12.1769 2
      vertex 30.3824 -12.1942 2
    endloop
  endfacet
  facet normal 0.146887 0.989153 0
    outer loop
      vertex 30.2659 -12.1769 2
      vertex 30.3824 -12.1942 0.5
      vertex 30.2659 -12.1769 0.5
    endloop
  endfacet
  facet normal -0.595918 -0.803046 0
    outer loop
      vertex 31.1667 -10.0022 0.5
      vertex 31.2613 -10.0724 2
      vertex 31.1667 -10.0022 2
    endloop
  endfacet
  facet normal -0.595918 -0.803046 -0
    outer loop
      vertex 31.2613 -10.0724 2
      vertex 31.1667 -10.0022 0.5
      vertex 31.2613 -10.0724 0.5
    endloop
  endfacet
  facet normal -0.989153 -0.146887 0
    outer loop
      vertex 31.6942 -10.8824 0.5
      vertex 31.6769 -10.7659 2
      vertex 31.6769 -10.7659 0.5
    endloop
  endfacet
  facet normal -0.989153 -0.146887 0
    outer loop
      vertex 31.6769 -10.7659 2
      vertex 31.6942 -10.8824 0.5
      vertex 31.6942 -10.8824 2
    endloop
  endfacet
  facet normal -0.0492599 0.998786 0
    outer loop
      vertex 30.6176 -12.1942 0.5
      vertex 30.5 -12.2 2
      vertex 30.6176 -12.1942 2
    endloop
  endfacet
  facet normal -0.0492599 0.998786 0
    outer loop
      vertex 30.5 -12.2 2
      vertex 30.6176 -12.1942 0.5
      vertex 30.5 -12.2 0.5
    endloop
  endfacet
  facet normal -0.903893 0.427758 0
    outer loop
      vertex 31.5583 -11.5657 0.5
      vertex 31.6087 -11.4592 2
      vertex 31.6087 -11.4592 0.5
    endloop
  endfacet
  facet normal -0.903893 0.427758 0
    outer loop
      vertex 31.6087 -11.4592 2
      vertex 31.5583 -11.5657 0.5
      vertex 31.5583 -11.5657 2
    endloop
  endfacet
  facet normal 0.242935 0.970042 -0
    outer loop
      vertex 30.2659 -12.1769 0.5
      vertex 30.1517 -12.1483 2
      vertex 30.2659 -12.1769 2
    endloop
  endfacet
  facet normal 0.242935 0.970042 0
    outer loop
      vertex 30.1517 -12.1483 2
      vertex 30.2659 -12.1769 0.5
      vertex 30.1517 -12.1483 0.5
    endloop
  endfacet
  facet normal 0.989153 -0.146887 0
    outer loop
      vertex 29.3058 -10.8824 2
      vertex 29.3231 -10.7659 0.5
      vertex 29.3231 -10.7659 2
    endloop
  endfacet
  facet normal 0.989153 -0.146887 0
    outer loop
      vertex 29.3231 -10.7659 0.5
      vertex 29.3058 -10.8824 2
      vertex 29.3058 -10.8824 0.5
    endloop
  endfacet
  facet normal -0.857867 0.513871 0
    outer loop
      vertex 31.4978 -11.6667 0.5
      vertex 31.5583 -11.5657 2
      vertex 31.5583 -11.5657 0.5
    endloop
  endfacet
  facet normal -0.857867 0.513871 0
    outer loop
      vertex 31.5583 -11.5657 2
      vertex 31.4978 -11.6667 0.5
      vertex 31.4978 -11.6667 2
    endloop
  endfacet
  facet normal -0.803046 -0.595918 0
    outer loop
      vertex 31.4978 -10.3333 0.5
      vertex 31.4276 -10.2387 2
      vertex 31.4276 -10.2387 0.5
    endloop
  endfacet
  facet normal -0.803046 -0.595918 0
    outer loop
      vertex 31.4276 -10.2387 2
      vertex 31.4978 -10.3333 0.5
      vertex 31.4978 -10.3333 2
    endloop
  endfacet
  facet normal -0.998786 0.0492599 0
    outer loop
      vertex 31.6942 -11.1176 0.5
      vertex 31.7 -11 2
      vertex 31.7 -11 0.5
    endloop
  endfacet
  facet normal -0.998786 0.0492599 0
    outer loop
      vertex 31.7 -11 2
      vertex 31.6942 -11.1176 0.5
      vertex 31.6942 -11.1176 2
    endloop
  endfacet
  facet normal -0.0490904 -0.998794 0
    outer loop
      vertex 30.5 -9.8 0.5
      vertex 30.6176 -9.80578 2
      vertex 30.5 -9.8 2
    endloop
  endfacet
  facet normal -0.0490904 -0.998794 -0
    outer loop
      vertex 30.6176 -9.80578 2
      vertex 30.5 -9.8 0.5
      vertex 30.6176 -9.80578 0.5
    endloop
  endfacet
  facet normal -0.903893 -0.427758 0
    outer loop
      vertex 31.6087 -10.5408 0.5
      vertex 31.5583 -10.4343 2
      vertex 31.5583 -10.4343 0.5
    endloop
  endfacet
  facet normal -0.903893 -0.427758 0
    outer loop
      vertex 31.5583 -10.4343 2
      vertex 31.6087 -10.5408 0.5
      vertex 31.6087 -10.5408 2
    endloop
  endfacet
  facet normal 0.998786 0.0492599 0
    outer loop
      vertex 29.3058 -11.1176 2
      vertex 29.3 -11 0.5
      vertex 29.3 -11 2
    endloop
  endfacet
  facet normal 0.998786 0.0492599 0
    outer loop
      vertex 29.3 -11 0.5
      vertex 29.3058 -11.1176 2
      vertex 29.3058 -11.1176 0.5
    endloop
  endfacet
  facet normal -0.998786 -0.0492599 0
    outer loop
      vertex 31.7 -11 0.5
      vertex 31.6942 -10.8824 2
      vertex 31.6942 -10.8824 0.5
    endloop
  endfacet
  facet normal -0.998786 -0.0492599 0
    outer loop
      vertex 31.6942 -10.8824 2
      vertex 31.7 -11 0.5
      vertex 31.7 -11 2
    endloop
  endfacet
  facet normal 0.998786 -0.0492599 0
    outer loop
      vertex 29.3 -11 2
      vertex 29.3058 -10.8824 0.5
      vertex 29.3058 -10.8824 2
    endloop
  endfacet
  facet normal 0.998786 -0.0492599 0
    outer loop
      vertex 29.3058 -10.8824 0.5
      vertex 29.3 -11 2
      vertex 29.3 -11 0.5
    endloop
  endfacet
  facet normal -0.970042 0.242935 0
    outer loop
      vertex 31.6483 -11.3483 0.5
      vertex 31.6769 -11.2341 2
      vertex 31.6769 -11.2341 0.5
    endloop
  endfacet
  facet normal -0.970042 0.242935 0
    outer loop
      vertex 31.6769 -11.2341 2
      vertex 31.6483 -11.3483 0.5
      vertex 31.6483 -11.3483 2
    endloop
  endfacet
  facet normal 0.970042 -0.242935 0
    outer loop
      vertex 29.3231 -10.7659 2
      vertex 29.3517 -10.6517 0.5
      vertex 29.3517 -10.6517 2
    endloop
  endfacet
  facet normal 0.970042 -0.242935 0
    outer loop
      vertex 29.3517 -10.6517 0.5
      vertex 29.3231 -10.7659 2
      vertex 29.3231 -10.7659 0.5
    endloop
  endfacet
  facet normal 0.903893 0.427758 0
    outer loop
      vertex 29.4417 -11.5657 2
      vertex 29.3913 -11.4592 0.5
      vertex 29.3913 -11.4592 2
    endloop
  endfacet
  facet normal 0.903893 0.427758 0
    outer loop
      vertex 29.3913 -11.4592 0.5
      vertex 29.4417 -11.5657 2
      vertex 29.4417 -11.5657 0.5
    endloop
  endfacet
  facet normal 0.336885 -0.941546 0
    outer loop
      vertex 30.0408 -9.89135 0.5
      vertex 30.1517 -9.85167 2
      vertex 30.0408 -9.89135 2
    endloop
  endfacet
  facet normal 0.336885 -0.941546 0
    outer loop
      vertex 30.1517 -9.85167 2
      vertex 30.0408 -9.89135 0.5
      vertex 30.1517 -9.85167 0.5
    endloop
  endfacet
  facet normal 0.671869 0.74067 -0
    outer loop
      vertex 29.7387 -11.9276 0.5
      vertex 29.6515 -11.8485 2
      vertex 29.7387 -11.9276 2
    endloop
  endfacet
  facet normal 0.671869 0.74067 0
    outer loop
      vertex 29.6515 -11.8485 2
      vertex 29.7387 -11.9276 0.5
      vertex 29.6515 -11.8485 0.5
    endloop
  endfacet
  facet normal 0.74067 0.671869 0
    outer loop
      vertex 29.6515 -11.8485 2
      vertex 29.5724 -11.7613 0.5
      vertex 29.5724 -11.7613 2
    endloop
  endfacet
  facet normal 0.74067 0.671869 0
    outer loop
      vertex 29.5724 -11.7613 0.5
      vertex 29.6515 -11.8485 2
      vertex 29.6515 -11.8485 0.5
    endloop
  endfacet
  facet normal 0.857867 -0.513871 0
    outer loop
      vertex 29.4417 -10.4343 2
      vertex 29.5022 -10.3333 0.5
      vertex 29.5022 -10.3333 2
    endloop
  endfacet
  facet normal 0.857867 -0.513871 0
    outer loop
      vertex 29.5022 -10.3333 0.5
      vertex 29.4417 -10.4343 2
      vertex 29.4417 -10.4343 0.5
    endloop
  endfacet
  facet normal -0.857867 -0.513871 0
    outer loop
      vertex 31.5583 -10.4343 0.5
      vertex 31.4978 -10.3333 2
      vertex 31.4978 -10.3333 0.5
    endloop
  endfacet
  facet normal -0.857867 -0.513871 0
    outer loop
      vertex 31.4978 -10.3333 2
      vertex 31.5583 -10.4343 0.5
      vertex 31.5583 -10.4343 2
    endloop
  endfacet
  facet normal 0.803046 -0.595918 0
    outer loop
      vertex 29.5022 -10.3333 2
      vertex 29.5724 -10.2387 0.5
      vertex 29.5724 -10.2387 2
    endloop
  endfacet
  facet normal 0.803046 -0.595918 0
    outer loop
      vertex 29.5724 -10.2387 0.5
      vertex 29.5022 -10.3333 2
      vertex 29.5022 -10.3333 0.5
    endloop
  endfacet
  facet normal -0.513871 -0.857867 0
    outer loop
      vertex 31.0657 -9.9417 0.5
      vertex 31.1667 -10.0022 2
      vertex 31.0657 -9.9417 2
    endloop
  endfacet
  facet normal -0.513871 -0.857867 -0
    outer loop
      vertex 31.1667 -10.0022 2
      vertex 31.0657 -9.9417 0.5
      vertex 31.1667 -10.0022 0.5
    endloop
  endfacet
  facet normal -0.427411 -0.904057 0
    outer loop
      vertex 30.9592 -9.89135 0.5
      vertex 31.0657 -9.9417 2
      vertex 30.9592 -9.89135 2
    endloop
  endfacet
  facet normal -0.427411 -0.904057 -0
    outer loop
      vertex 31.0657 -9.9417 2
      vertex 30.9592 -9.89135 0.5
      vertex 31.0657 -9.9417 0.5
    endloop
  endfacet
  facet normal 0.671869 -0.74067 0
    outer loop
      vertex 29.6515 -10.1515 0.5
      vertex 29.7387 -10.0724 2
      vertex 29.6515 -10.1515 2
    endloop
  endfacet
  facet normal 0.671869 -0.74067 0
    outer loop
      vertex 29.7387 -10.0724 2
      vertex 29.6515 -10.1515 0.5
      vertex 29.7387 -10.0724 0.5
    endloop
  endfacet
  facet normal 0.146721 -0.989178 0
    outer loop
      vertex 30.2659 -9.82306 0.5
      vertex 30.3824 -9.80578 2
      vertex 30.2659 -9.82306 2
    endloop
  endfacet
  facet normal 0.146721 -0.989178 0
    outer loop
      vertex 30.3824 -9.80578 2
      vertex 30.2659 -9.82306 0.5
      vertex 30.3824 -9.80578 0.5
    endloop
  endfacet
  facet normal 0.513871 0.857867 -0
    outer loop
      vertex 29.9343 -12.0583 0.5
      vertex 29.8333 -11.9978 2
      vertex 29.9343 -12.0583 2
    endloop
  endfacet
  facet normal 0.513871 0.857867 0
    outer loop
      vertex 29.8333 -11.9978 2
      vertex 29.9343 -12.0583 0.5
      vertex 29.8333 -11.9978 0.5
    endloop
  endfacet
  facet normal -0.941761 -0.336283 0
    outer loop
      vertex 31.6483 -10.6517 0.5
      vertex 31.6087 -10.5408 2
      vertex 31.6087 -10.5408 0.5
    endloop
  endfacet
  facet normal -0.941761 -0.336283 0
    outer loop
      vertex 31.6087 -10.5408 2
      vertex 31.6483 -10.6517 0.5
      vertex 31.6483 -10.6517 2
    endloop
  endfacet
  facet normal 0.989153 0.146887 0
    outer loop
      vertex 29.3231 -11.2341 2
      vertex 29.3058 -11.1176 0.5
      vertex 29.3058 -11.1176 2
    endloop
  endfacet
  facet normal 0.989153 0.146887 0
    outer loop
      vertex 29.3058 -11.1176 0.5
      vertex 29.3231 -11.2341 2
      vertex 29.3231 -11.2341 0.5
    endloop
  endfacet
  facet normal -0.74067 0.671869 0
    outer loop
      vertex 31.3485 -11.8485 0.5
      vertex 31.4276 -11.7613 2
      vertex 31.4276 -11.7613 0.5
    endloop
  endfacet
  facet normal -0.74067 0.671869 0
    outer loop
      vertex 31.4276 -11.7613 2
      vertex 31.3485 -11.8485 0.5
      vertex 31.3485 -11.8485 2
    endloop
  endfacet
  facet normal 0.970042 0.242935 0
    outer loop
      vertex 29.3517 -11.3483 2
      vertex 29.3231 -11.2341 0.5
      vertex 29.3231 -11.2341 2
    endloop
  endfacet
  facet normal 0.970042 0.242935 0
    outer loop
      vertex 29.3231 -11.2341 0.5
      vertex 29.3517 -11.3483 2
      vertex 29.3517 -11.3483 0.5
    endloop
  endfacet
  facet normal -0.595918 0.803046 0
    outer loop
      vertex 31.2613 -11.9276 0.5
      vertex 31.1667 -11.9978 2
      vertex 31.2613 -11.9276 2
    endloop
  endfacet
  facet normal -0.595918 0.803046 0
    outer loop
      vertex 31.1667 -11.9978 2
      vertex 31.2613 -11.9276 0.5
      vertex 31.1667 -11.9978 0.5
    endloop
  endfacet
  facet normal -0.146721 -0.989178 0
    outer loop
      vertex 30.6176 -9.80578 0.5
      vertex 30.7341 -9.82306 2
      vertex 30.6176 -9.80578 2
    endloop
  endfacet
  facet normal -0.146721 -0.989178 -0
    outer loop
      vertex 30.7341 -9.82306 2
      vertex 30.6176 -9.80578 0.5
      vertex 30.7341 -9.82306 0.5
    endloop
  endfacet
  facet normal -0.336283 0.941761 0
    outer loop
      vertex 30.9592 -12.1087 0.5
      vertex 30.8483 -12.1483 2
      vertex 30.9592 -12.1087 2
    endloop
  endfacet
  facet normal -0.336283 0.941761 0
    outer loop
      vertex 30.8483 -12.1483 2
      vertex 30.9592 -12.1087 0.5
      vertex 30.8483 -12.1483 0.5
    endloop
  endfacet
  facet normal -0.803046 0.595918 0
    outer loop
      vertex 31.4276 -11.7613 0.5
      vertex 31.4978 -11.6667 2
      vertex 31.4978 -11.6667 0.5
    endloop
  endfacet
  facet normal -0.803046 0.595918 0
    outer loop
      vertex 31.4978 -11.6667 2
      vertex 31.4276 -11.7613 0.5
      vertex 31.4276 -11.7613 2
    endloop
  endfacet
  facet normal -0.74067 -0.671869 0
    outer loop
      vertex 31.4276 -10.2387 0.5
      vertex 31.3485 -10.1515 2
      vertex 31.3485 -10.1515 0.5
    endloop
  endfacet
  facet normal -0.74067 -0.671869 0
    outer loop
      vertex 31.3485 -10.1515 2
      vertex 31.4276 -10.2387 0.5
      vertex 31.4276 -10.2387 2
    endloop
  endfacet
  facet normal 0.595918 0.803046 -0
    outer loop
      vertex 29.8333 -11.9978 0.5
      vertex 29.7387 -11.9276 2
      vertex 29.8333 -11.9978 2
    endloop
  endfacet
  facet normal 0.595918 0.803046 0
    outer loop
      vertex 29.7387 -11.9276 2
      vertex 29.8333 -11.9978 0.5
      vertex 29.7387 -11.9276 0.5
    endloop
  endfacet
  facet normal -0.513871 0.857867 0
    outer loop
      vertex 31.1667 -11.9978 0.5
      vertex 31.0657 -12.0583 2
      vertex 31.1667 -11.9978 2
    endloop
  endfacet
  facet normal -0.513871 0.857867 0
    outer loop
      vertex 31.0657 -12.0583 2
      vertex 31.1667 -11.9978 0.5
      vertex 31.0657 -12.0583 0.5
    endloop
  endfacet
  facet normal 0.941761 -0.336283 0
    outer loop
      vertex 29.3517 -10.6517 2
      vertex 29.3913 -10.5408 0.5
      vertex 29.3913 -10.5408 2
    endloop
  endfacet
  facet normal 0.941761 -0.336283 0
    outer loop
      vertex 29.3913 -10.5408 0.5
      vertex 29.3517 -10.6517 2
      vertex 29.3517 -10.6517 0.5
    endloop
  endfacet
  facet normal 0.513871 -0.857867 0
    outer loop
      vertex 29.8333 -10.0022 0.5
      vertex 29.9343 -9.9417 2
      vertex 29.8333 -10.0022 2
    endloop
  endfacet
  facet normal 0.513871 -0.857867 0
    outer loop
      vertex 29.9343 -9.9417 2
      vertex 29.8333 -10.0022 0.5
      vertex 29.9343 -9.9417 0.5
    endloop
  endfacet
  facet normal 0.74067 -0.671869 0
    outer loop
      vertex 29.5724 -10.2387 2
      vertex 29.6515 -10.1515 0.5
      vertex 29.6515 -10.1515 2
    endloop
  endfacet
  facet normal 0.74067 -0.671869 0
    outer loop
      vertex 29.6515 -10.1515 0.5
      vertex 29.5724 -10.2387 2
      vertex 29.5724 -10.2387 0.5
    endloop
  endfacet
  facet normal 0.427411 -0.904057 0
    outer loop
      vertex 29.9343 -9.9417 0.5
      vertex 30.0408 -9.89135 2
      vertex 29.9343 -9.9417 2
    endloop
  endfacet
  facet normal 0.427411 -0.904057 0
    outer loop
      vertex 30.0408 -9.89135 2
      vertex 29.9343 -9.9417 0.5
      vertex 30.0408 -9.89135 0.5
    endloop
  endfacet
  facet normal -0.671869 0.74067 0
    outer loop
      vertex 31.3485 -11.8485 0.5
      vertex 31.2613 -11.9276 2
      vertex 31.3485 -11.8485 2
    endloop
  endfacet
  facet normal -0.671869 0.74067 0
    outer loop
      vertex 31.2613 -11.9276 2
      vertex 31.3485 -11.8485 0.5
      vertex 31.2613 -11.9276 0.5
    endloop
  endfacet
  facet normal 0.243015 -0.970022 0
    outer loop
      vertex 30.1517 -9.85167 0.5
      vertex 30.2659 -9.82306 2
      vertex 30.1517 -9.85167 2
    endloop
  endfacet
  facet normal 0.243015 -0.970022 0
    outer loop
      vertex 30.2659 -9.82306 2
      vertex 30.1517 -9.85167 0.5
      vertex 30.2659 -9.82306 0.5
    endloop
  endfacet
  facet normal 0.336283 0.941761 -0
    outer loop
      vertex 30.1517 -12.1483 0.5
      vertex 30.0408 -12.1087 2
      vertex 30.1517 -12.1483 2
    endloop
  endfacet
  facet normal 0.336283 0.941761 0
    outer loop
      vertex 30.0408 -12.1087 2
      vertex 30.1517 -12.1483 0.5
      vertex 30.0408 -12.1087 0.5
    endloop
  endfacet
  facet normal -0.970042 -0.242935 0
    outer loop
      vertex 31.6769 -10.7659 0.5
      vertex 31.6483 -10.6517 2
      vertex 31.6483 -10.6517 0.5
    endloop
  endfacet
  facet normal -0.970042 -0.242935 0
    outer loop
      vertex 31.6483 -10.6517 2
      vertex 31.6769 -10.7659 0.5
      vertex 31.6769 -10.7659 2
    endloop
  endfacet
  facet normal 0.903893 -0.427758 0
    outer loop
      vertex 29.3913 -10.5408 2
      vertex 29.4417 -10.4343 0.5
      vertex 29.4417 -10.4343 2
    endloop
  endfacet
  facet normal 0.903893 -0.427758 0
    outer loop
      vertex 29.4417 -10.4343 0.5
      vertex 29.3913 -10.5408 2
      vertex 29.3913 -10.5408 0.5
    endloop
  endfacet
  facet normal -0.146887 0.989153 0
    outer loop
      vertex 30.7341 -12.1769 0.5
      vertex 30.6176 -12.1942 2
      vertex 30.7341 -12.1769 2
    endloop
  endfacet
  facet normal -0.146887 0.989153 0
    outer loop
      vertex 30.6176 -12.1942 2
      vertex 30.7341 -12.1769 0.5
      vertex 30.6176 -12.1942 0.5
    endloop
  endfacet
  facet normal 0.803046 0.595918 0
    outer loop
      vertex 29.5724 -11.7613 2
      vertex 29.5022 -11.6667 0.5
      vertex 29.5022 -11.6667 2
    endloop
  endfacet
  facet normal 0.803046 0.595918 0
    outer loop
      vertex 29.5022 -11.6667 0.5
      vertex 29.5724 -11.7613 2
      vertex 29.5724 -11.7613 0.5
    endloop
  endfacet
  facet normal -0.671869 -0.74067 0
    outer loop
      vertex 31.2613 -10.0724 0.5
      vertex 31.3485 -10.1515 2
      vertex 31.2613 -10.0724 2
    endloop
  endfacet
  facet normal -0.671869 -0.74067 -0
    outer loop
      vertex 31.3485 -10.1515 2
      vertex 31.2613 -10.0724 0.5
      vertex 31.3485 -10.1515 0.5
    endloop
  endfacet
  facet normal 0.427758 0.903893 -0
    outer loop
      vertex 30.0408 -12.1087 0.5
      vertex 29.9343 -12.0583 2
      vertex 30.0408 -12.1087 2
    endloop
  endfacet
  facet normal 0.427758 0.903893 0
    outer loop
      vertex 29.9343 -12.0583 2
      vertex 30.0408 -12.1087 0.5
      vertex 29.9343 -12.0583 0.5
    endloop
  endfacet
  facet normal -0.243015 -0.970022 0
    outer loop
      vertex 30.7341 -9.82306 0.5
      vertex 30.8483 -9.85167 2
      vertex 30.7341 -9.82306 2
    endloop
  endfacet
  facet normal -0.243015 -0.970022 -0
    outer loop
      vertex 30.8483 -9.85167 2
      vertex 30.7341 -9.82306 0.5
      vertex 30.8483 -9.85167 0.5
    endloop
  endfacet
  facet normal -0.336885 -0.941546 0
    outer loop
      vertex 30.8483 -9.85167 0.5
      vertex 30.9592 -9.89135 2
      vertex 30.8483 -9.85167 2
    endloop
  endfacet
  facet normal -0.336885 -0.941546 -0
    outer loop
      vertex 30.9592 -9.89135 2
      vertex 30.8483 -9.85167 0.5
      vertex 30.9592 -9.89135 0.5
    endloop
  endfacet
  facet normal 0.0490904 -0.998794 0
    outer loop
      vertex 30.3824 -9.80578 0.5
      vertex 30.5 -9.8 2
      vertex 30.3824 -9.80578 2
    endloop
  endfacet
  facet normal 0.0490904 -0.998794 0
    outer loop
      vertex 30.5 -9.8 2
      vertex 30.3824 -9.80578 0.5
      vertex 30.5 -9.8 0.5
    endloop
  endfacet
  facet normal 0.595918 -0.803046 0
    outer loop
      vertex 29.7387 -10.0724 0.5
      vertex 29.8333 -10.0022 2
      vertex 29.7387 -10.0724 2
    endloop
  endfacet
  facet normal 0.595918 -0.803046 0
    outer loop
      vertex 29.8333 -10.0022 2
      vertex 29.7387 -10.0724 0.5
      vertex 29.8333 -10.0022 0.5
    endloop
  endfacet
  facet normal 0.146629 0.989192 -0
    outer loop
      vertex 30.2746 -13.2889 0
      vertex 30.0513 -13.2558 0.5
      vertex 30.2746 -13.2889 0.5
    endloop
  endfacet
  facet normal 0.146629 0.989192 0
    outer loop
      vertex 30.0513 -13.2558 0.5
      vertex 30.2746 -13.2889 0
      vertex 30.0513 -13.2558 0
    endloop
  endfacet
  facet normal -0.989192 0.146629 0
    outer loop
      vertex 32.7558 -11.4487 0
      vertex 32.7889 -11.2254 0.5
      vertex 32.7889 -11.2254 0
    endloop
  endfacet
  facet normal -0.989192 0.146629 0
    outer loop
      vertex 32.7889 -11.2254 0.5
      vertex 32.7558 -11.4487 0
      vertex 32.7558 -11.4487 0.5
    endloop
  endfacet
  facet normal -0.99879 0.0491862 0
    outer loop
      vertex 32.7889 -11.2254 0
      vertex 32.8 -11 0.5
      vertex 32.8 -11 0
    endloop
  endfacet
  facet normal -0.99879 0.0491862 0
    outer loop
      vertex 32.8 -11 0.5
      vertex 32.7889 -11.2254 0
      vertex 32.7889 -11.2254 0.5
    endloop
  endfacet
  facet normal -0.97009 0.242744 0
    outer loop
      vertex 32.701 -11.6677 0
      vertex 32.7558 -11.4487 0.5
      vertex 32.7558 -11.4487 0
    endloop
  endfacet
  facet normal -0.97009 0.242744 0
    outer loop
      vertex 32.7558 -11.4487 0.5
      vertex 32.701 -11.6677 0
      vertex 32.701 -11.6677 0.5
    endloop
  endfacet
  facet normal -0.99879 -0.0491862 0
    outer loop
      vertex 32.8 -11 0
      vertex 32.7889 -10.7746 0.5
      vertex 32.7889 -10.7746 0
    endloop
  endfacet
  facet normal -0.99879 -0.0491862 0
    outer loop
      vertex 32.7889 -10.7746 0.5
      vertex 32.8 -11 0
      vertex 32.8 -11 0.5
    endloop
  endfacet
  facet normal 0.33715 0.941451 -0
    outer loop
      vertex 29.8323 -13.201 0
      vertex 29.6198 -13.1249 0.5
      vertex 29.8323 -13.201 0.5
    endloop
  endfacet
  facet normal 0.33715 0.941451 0
    outer loop
      vertex 29.6198 -13.1249 0.5
      vertex 29.8323 -13.201 0
      vertex 29.6198 -13.1249 0
    endloop
  endfacet
  facet normal -0.941451 -0.33715 0
    outer loop
      vertex 32.701 -10.3323 0
      vertex 32.6249 -10.1198 0.5
      vertex 32.6249 -10.1198 0
    endloop
  endfacet
  facet normal -0.941451 -0.33715 0
    outer loop
      vertex 32.6249 -10.1198 0.5
      vertex 32.701 -10.3323 0
      vertex 32.701 -10.3323 0.5
    endloop
  endfacet
  facet normal -0.671653 -0.740866 0
    outer loop
      vertex 31.9591 -9.22208 0
      vertex 32.1263 -9.37366 0.5
      vertex 31.9591 -9.22208 0.5
    endloop
  endfacet
  facet normal -0.671653 -0.740866 -0
    outer loop
      vertex 32.1263 -9.37366 0.5
      vertex 31.9591 -9.22208 0
      vertex 32.1263 -9.37366 0
    endloop
  endfacet
  facet normal -0.33715 0.941451 0
    outer loop
      vertex 31.3802 -13.1249 0
      vertex 31.1677 -13.201 0.5
      vertex 31.3802 -13.1249 0.5
    endloop
  endfacet
  facet normal -0.33715 0.941451 0
    outer loop
      vertex 31.1677 -13.201 0.5
      vertex 31.3802 -13.1249 0
      vertex 31.1677 -13.201 0
    endloop
  endfacet
  facet normal -0.803125 0.59581 0
    outer loop
      vertex 32.2779 -12.4591 0
      vertex 32.4124 -12.2778 0.5
      vertex 32.4124 -12.2778 0
    endloop
  endfacet
  facet normal -0.803125 0.59581 0
    outer loop
      vertex 32.4124 -12.2778 0.5
      vertex 32.2779 -12.4591 0
      vertex 32.2779 -12.4591 0.5
    endloop
  endfacet
  facet normal -0.513974 0.857806 0
    outer loop
      vertex 31.7778 -12.9124 0
      vertex 31.5842 -13.0284 0.5
      vertex 31.7778 -12.9124 0.5
    endloop
  endfacet
  facet normal -0.513974 0.857806 0
    outer loop
      vertex 31.5842 -13.0284 0.5
      vertex 31.7778 -12.9124 0
      vertex 31.5842 -13.0284 0
    endloop
  endfacet
  facet normal -0.740902 -0.671614 0
    outer loop
      vertex 32.2779 -9.5409 0
      vertex 32.1263 -9.37366 0.5
      vertex 32.1263 -9.37366 0
    endloop
  endfacet
  facet normal -0.740902 -0.671614 0
    outer loop
      vertex 32.1263 -9.37366 0.5
      vertex 32.2779 -9.5409 0
      vertex 32.2779 -9.5409 0.5
    endloop
  endfacet
  facet normal 0.242744 0.97009 -0
    outer loop
      vertex 30.0513 -13.2558 0
      vertex 29.8323 -13.201 0.5
      vertex 30.0513 -13.2558 0.5
    endloop
  endfacet
  facet normal 0.242744 0.97009 0
    outer loop
      vertex 29.8323 -13.201 0.5
      vertex 30.0513 -13.2558 0
      vertex 29.8323 -13.201 0
    endloop
  endfacet
  facet normal -0.0490978 -0.998794 0
    outer loop
      vertex 30.5 -8.7 0
      vertex 30.7254 -8.71108 0.5
      vertex 30.5 -8.7 0.5
    endloop
  endfacet
  facet normal -0.0490978 -0.998794 -0
    outer loop
      vertex 30.7254 -8.71108 0.5
      vertex 30.5 -8.7 0
      vertex 30.7254 -8.71108 0
    endloop
  endfacet
  facet normal 0.42761 0.903963 -0
    outer loop
      vertex 29.6198 -13.1249 0
      vertex 29.4158 -13.0284 0.5
      vertex 29.6198 -13.1249 0.5
    endloop
  endfacet
  facet normal 0.42761 0.903963 0
    outer loop
      vertex 29.4158 -13.0284 0.5
      vertex 29.6198 -13.1249 0
      vertex 29.4158 -13.0284 0
    endloop
  endfacet
  facet normal -0.903971 -0.427593 0
    outer loop
      vertex 32.6249 -10.1198 0
      vertex 32.5284 -9.91579 0.5
      vertex 32.5284 -9.91579 0
    endloop
  endfacet
  facet normal -0.903971 -0.427593 0
    outer loop
      vertex 32.5284 -9.91579 0.5
      vertex 32.6249 -10.1198 0
      vertex 32.6249 -10.1198 0.5
    endloop
  endfacet
  facet normal 0.80311 -0.595831 0
    outer loop
      vertex 28.5876 -9.72219 0.5
      vertex 28.7221 -9.5409 0
      vertex 28.7221 -9.5409 0.5
    endloop
  endfacet
  facet normal 0.80311 -0.595831 0
    outer loop
      vertex 28.7221 -9.5409 0
      vertex 28.5876 -9.72219 0.5
      vertex 28.5876 -9.72219 0
    endloop
  endfacet
  facet normal -0.989192 -0.146629 0
    outer loop
      vertex 32.7889 -10.7746 0
      vertex 32.7558 -10.5513 0.5
      vertex 32.7558 -10.5513 0
    endloop
  endfacet
  facet normal -0.989192 -0.146629 0
    outer loop
      vertex 32.7558 -10.5513 0.5
      vertex 32.7889 -10.7746 0
      vertex 32.7889 -10.7746 0.5
    endloop
  endfacet
  facet normal 0.514105 -0.857727 0
    outer loop
      vertex 29.2222 -9.08762 0
      vertex 29.4158 -8.97158 0.5
      vertex 29.2222 -9.08762 0.5
    endloop
  endfacet
  facet normal 0.514105 -0.857727 0
    outer loop
      vertex 29.4158 -8.97158 0.5
      vertex 29.2222 -9.08762 0
      vertex 29.4158 -8.97158 0
    endloop
  endfacet
  facet normal -0.0491862 0.99879 0
    outer loop
      vertex 30.7254 -13.2889 0
      vertex 30.5 -13.3 0.5
      vertex 30.7254 -13.2889 0.5
    endloop
  endfacet
  facet normal -0.0491862 0.99879 0
    outer loop
      vertex 30.5 -13.3 0.5
      vertex 30.7254 -13.2889 0
      vertex 30.5 -13.3 0
    endloop
  endfacet
  facet normal -0.671702 0.740822 0
    outer loop
      vertex 32.1263 -12.6263 0
      vertex 31.9591 -12.7779 0.5
      vertex 32.1263 -12.6263 0.5
    endloop
  endfacet
  facet normal -0.671702 0.740822 0
    outer loop
      vertex 31.9591 -12.7779 0.5
      vertex 32.1263 -12.6263 0
      vertex 31.9591 -12.7779 0
    endloop
  endfacet
  facet normal -0.146672 -0.989185 0
    outer loop
      vertex 30.7254 -8.71108 0
      vertex 30.9487 -8.74419 0.5
      vertex 30.7254 -8.71108 0.5
    endloop
  endfacet
  facet normal -0.146672 -0.989185 -0
    outer loop
      vertex 30.9487 -8.74419 0.5
      vertex 30.7254 -8.71108 0
      vertex 30.9487 -8.74419 0
    endloop
  endfacet
  facet normal -0.80311 -0.595831 0
    outer loop
      vertex 32.4124 -9.72219 0
      vertex 32.2779 -9.5409 0.5
      vertex 32.2779 -9.5409 0
    endloop
  endfacet
  facet normal -0.80311 -0.595831 0
    outer loop
      vertex 32.2779 -9.5409 0.5
      vertex 32.4124 -9.72219 0
      vertex 32.4124 -9.72219 0.5
    endloop
  endfacet
  facet normal -0.42761 0.903963 0
    outer loop
      vertex 31.5842 -13.0284 0
      vertex 31.3802 -13.1249 0.5
      vertex 31.5842 -13.0284 0.5
    endloop
  endfacet
  facet normal -0.42761 0.903963 0
    outer loop
      vertex 31.3802 -13.1249 0.5
      vertex 31.5842 -13.0284 0
      vertex 31.3802 -13.1249 0
    endloop
  endfacet
  facet normal -0.595696 -0.80321 0
    outer loop
      vertex 31.7778 -9.08762 0
      vertex 31.9591 -9.22208 0.5
      vertex 31.7778 -9.08762 0.5
    endloop
  endfacet
  facet normal -0.595696 -0.80321 -0
    outer loop
      vertex 31.9591 -9.22208 0.5
      vertex 31.7778 -9.08762 0
      vertex 31.9591 -9.22208 0
    endloop
  endfacet
  facet normal 0.803125 0.59581 0
    outer loop
      vertex 28.7221 -12.4591 0.5
      vertex 28.5876 -12.2778 0
      vertex 28.5876 -12.2778 0.5
    endloop
  endfacet
  facet normal 0.803125 0.59581 0
    outer loop
      vertex 28.5876 -12.2778 0
      vertex 28.7221 -12.4591 0.5
      vertex 28.7221 -12.4591 0
    endloop
  endfacet
  facet normal 0.0490978 -0.998794 0
    outer loop
      vertex 30.2746 -8.71108 0
      vertex 30.5 -8.7 0.5
      vertex 30.2746 -8.71108 0.5
    endloop
  endfacet
  facet normal 0.0490978 -0.998794 0
    outer loop
      vertex 30.5 -8.7 0.5
      vertex 30.2746 -8.71108 0
      vertex 30.5 -8.7 0
    endloop
  endfacet
  facet normal -0.146629 0.989192 0
    outer loop
      vertex 30.9487 -13.2558 0
      vertex 30.7254 -13.2889 0.5
      vertex 30.9487 -13.2558 0.5
    endloop
  endfacet
  facet normal -0.146629 0.989192 0
    outer loop
      vertex 30.7254 -13.2889 0.5
      vertex 30.9487 -13.2558 0
      vertex 30.7254 -13.2889 0
    endloop
  endfacet
  facet normal 0.97009 -0.242744 0
    outer loop
      vertex 28.2442 -10.5513 0.5
      vertex 28.299 -10.3323 0
      vertex 28.299 -10.3323 0.5
    endloop
  endfacet
  facet normal 0.97009 -0.242744 0
    outer loop
      vertex 28.299 -10.3323 0
      vertex 28.2442 -10.5513 0.5
      vertex 28.2442 -10.5513 0
    endloop
  endfacet
  facet normal 0.0491862 0.99879 -0
    outer loop
      vertex 30.5 -13.3 0
      vertex 30.2746 -13.2889 0.5
      vertex 30.5 -13.3 0.5
    endloop
  endfacet
  facet normal 0.0491862 0.99879 0
    outer loop
      vertex 30.2746 -13.2889 0.5
      vertex 30.5 -13.3 0
      vertex 30.2746 -13.2889 0
    endloop
  endfacet
  facet normal 0.857806 -0.513974 0
    outer loop
      vertex 28.4716 -9.91579 0.5
      vertex 28.5876 -9.72219 0
      vertex 28.5876 -9.72219 0.5
    endloop
  endfacet
  facet normal 0.857806 -0.513974 0
    outer loop
      vertex 28.5876 -9.72219 0
      vertex 28.4716 -9.91579 0.5
      vertex 28.4716 -9.91579 0
    endloop
  endfacet
  facet normal -0.740822 0.671702 0
    outer loop
      vertex 32.1263 -12.6263 0
      vertex 32.2779 -12.4591 0.5
      vertex 32.2779 -12.4591 0
    endloop
  endfacet
  facet normal -0.740822 0.671702 0
    outer loop
      vertex 32.2779 -12.4591 0.5
      vertex 32.1263 -12.6263 0
      vertex 32.1263 -12.6263 0.5
    endloop
  endfacet
  facet normal 0.97009 0.242744 0
    outer loop
      vertex 28.299 -11.6677 0.5
      vertex 28.2442 -11.4487 0
      vertex 28.2442 -11.4487 0.5
    endloop
  endfacet
  facet normal 0.97009 0.242744 0
    outer loop
      vertex 28.2442 -11.4487 0
      vertex 28.299 -11.6677 0.5
      vertex 28.299 -11.6677 0
    endloop
  endfacet
  facet normal 0.59581 0.803125 -0
    outer loop
      vertex 29.2222 -12.9124 0
      vertex 29.0409 -12.7779 0.5
      vertex 29.2222 -12.9124 0.5
    endloop
  endfacet
  facet normal 0.59581 0.803125 0
    outer loop
      vertex 29.0409 -12.7779 0.5
      vertex 29.2222 -12.9124 0
      vertex 29.0409 -12.7779 0
    endloop
  endfacet
  facet normal 0.941451 0.33715 0
    outer loop
      vertex 28.3751 -11.8802 0.5
      vertex 28.299 -11.6677 0
      vertex 28.299 -11.6677 0.5
    endloop
  endfacet
  facet normal 0.941451 0.33715 0
    outer loop
      vertex 28.299 -11.6677 0
      vertex 28.3751 -11.8802 0.5
      vertex 28.3751 -11.8802 0
    endloop
  endfacet
  facet normal -0.59581 0.803125 0
    outer loop
      vertex 31.9591 -12.7779 0
      vertex 31.7778 -12.9124 0.5
      vertex 31.9591 -12.7779 0.5
    endloop
  endfacet
  facet normal -0.59581 0.803125 0
    outer loop
      vertex 31.7778 -12.9124 0.5
      vertex 31.9591 -12.7779 0
      vertex 31.7778 -12.9124 0
    endloop
  endfacet
  facet normal -0.42761 -0.903963 0
    outer loop
      vertex 31.3802 -8.87508 0
      vertex 31.5842 -8.97158 0.5
      vertex 31.3802 -8.87508 0.5
    endloop
  endfacet
  facet normal -0.42761 -0.903963 -0
    outer loop
      vertex 31.5842 -8.97158 0.5
      vertex 31.3802 -8.87508 0
      vertex 31.5842 -8.97158 0
    endloop
  endfacet
  facet normal -0.941451 0.33715 0
    outer loop
      vertex 32.6249 -11.8802 0
      vertex 32.701 -11.6677 0.5
      vertex 32.701 -11.6677 0
    endloop
  endfacet
  facet normal -0.941451 0.33715 0
    outer loop
      vertex 32.701 -11.6677 0.5
      vertex 32.6249 -11.8802 0
      vertex 32.6249 -11.8802 0.5
    endloop
  endfacet
  facet normal 0.671702 0.740822 -0
    outer loop
      vertex 29.0409 -12.7779 0
      vertex 28.8737 -12.6263 0.5
      vertex 29.0409 -12.7779 0.5
    endloop
  endfacet
  facet normal 0.671702 0.740822 0
    outer loop
      vertex 28.8737 -12.6263 0.5
      vertex 29.0409 -12.7779 0
      vertex 28.8737 -12.6263 0
    endloop
  endfacet
  facet normal 0.513974 0.857806 -0
    outer loop
      vertex 29.4158 -13.0284 0
      vertex 29.2222 -12.9124 0.5
      vertex 29.4158 -13.0284 0.5
    endloop
  endfacet
  facet normal 0.513974 0.857806 0
    outer loop
      vertex 29.2222 -12.9124 0.5
      vertex 29.4158 -13.0284 0
      vertex 29.2222 -12.9124 0
    endloop
  endfacet
  facet normal -0.903963 0.42761 0
    outer loop
      vertex 32.5284 -12.0842 0
      vertex 32.6249 -11.8802 0.5
      vertex 32.6249 -11.8802 0
    endloop
  endfacet
  facet normal -0.903963 0.42761 0
    outer loop
      vertex 32.6249 -11.8802 0.5
      vertex 32.5284 -12.0842 0
      vertex 32.5284 -12.0842 0.5
    endloop
  endfacet
  facet normal -0.97009 -0.242744 0
    outer loop
      vertex 32.7558 -10.5513 0
      vertex 32.701 -10.3323 0.5
      vertex 32.701 -10.3323 0
    endloop
  endfacet
  facet normal -0.97009 -0.242744 0
    outer loop
      vertex 32.701 -10.3323 0.5
      vertex 32.7558 -10.5513 0
      vertex 32.7558 -10.5513 0.5
    endloop
  endfacet
  facet normal -0.857806 0.513974 0
    outer loop
      vertex 32.4124 -12.2778 0
      vertex 32.5284 -12.0842 0.5
      vertex 32.5284 -12.0842 0
    endloop
  endfacet
  facet normal -0.857806 0.513974 0
    outer loop
      vertex 32.5284 -12.0842 0.5
      vertex 32.4124 -12.2778 0
      vertex 32.4124 -12.2778 0.5
    endloop
  endfacet
  facet normal 0.941451 -0.33715 0
    outer loop
      vertex 28.299 -10.3323 0.5
      vertex 28.3751 -10.1198 0
      vertex 28.3751 -10.1198 0.5
    endloop
  endfacet
  facet normal 0.941451 -0.33715 0
    outer loop
      vertex 28.3751 -10.1198 0
      vertex 28.299 -10.3323 0.5
      vertex 28.299 -10.3323 0
    endloop
  endfacet
  facet normal 0.903963 0.42761 0
    outer loop
      vertex 28.4716 -12.0842 0.5
      vertex 28.3751 -11.8802 0
      vertex 28.3751 -11.8802 0.5
    endloop
  endfacet
  facet normal 0.903963 0.42761 0
    outer loop
      vertex 28.3751 -11.8802 0
      vertex 28.4716 -12.0842 0.5
      vertex 28.4716 -12.0842 0
    endloop
  endfacet
  facet normal -0.242744 0.97009 0
    outer loop
      vertex 31.1677 -13.201 0
      vertex 30.9487 -13.2558 0.5
      vertex 31.1677 -13.201 0.5
    endloop
  endfacet
  facet normal -0.242744 0.97009 0
    outer loop
      vertex 30.9487 -13.2558 0.5
      vertex 31.1677 -13.201 0
      vertex 30.9487 -13.2558 0
    endloop
  endfacet
  facet normal 0.740902 -0.671614 0
    outer loop
      vertex 28.7221 -9.5409 0.5
      vertex 28.8737 -9.37366 0
      vertex 28.8737 -9.37366 0.5
    endloop
  endfacet
  facet normal 0.740902 -0.671614 0
    outer loop
      vertex 28.8737 -9.37366 0
      vertex 28.7221 -9.5409 0.5
      vertex 28.7221 -9.5409 0
    endloop
  endfacet
  facet normal 0.595696 -0.80321 0
    outer loop
      vertex 29.0409 -9.22208 0
      vertex 29.2222 -9.08762 0.5
      vertex 29.0409 -9.22208 0.5
    endloop
  endfacet
  facet normal 0.595696 -0.80321 0
    outer loop
      vertex 29.2222 -9.08762 0.5
      vertex 29.0409 -9.22208 0
      vertex 29.2222 -9.08762 0
    endloop
  endfacet
  facet normal -0.336915 -0.941535 0
    outer loop
      vertex 31.1677 -8.79904 0
      vertex 31.3802 -8.87508 0.5
      vertex 31.1677 -8.79904 0.5
    endloop
  endfacet
  facet normal -0.336915 -0.941535 -0
    outer loop
      vertex 31.3802 -8.87508 0.5
      vertex 31.1677 -8.79904 0
      vertex 31.3802 -8.87508 0
    endloop
  endfacet
  facet normal 0.671653 -0.740866 0
    outer loop
      vertex 28.8737 -9.37366 0
      vertex 29.0409 -9.22208 0.5
      vertex 28.8737 -9.37366 0.5
    endloop
  endfacet
  facet normal 0.671653 -0.740866 0
    outer loop
      vertex 29.0409 -9.22208 0.5
      vertex 28.8737 -9.37366 0
      vertex 29.0409 -9.22208 0
    endloop
  endfacet
  facet normal 0.740822 0.671702 0
    outer loop
      vertex 28.8737 -12.6263 0.5
      vertex 28.7221 -12.4591 0
      vertex 28.7221 -12.4591 0.5
    endloop
  endfacet
  facet normal 0.740822 0.671702 0
    outer loop
      vertex 28.7221 -12.4591 0
      vertex 28.8737 -12.6263 0.5
      vertex 28.8737 -12.6263 0
    endloop
  endfacet
  facet normal 0.336915 -0.941535 0
    outer loop
      vertex 29.6198 -8.87508 0
      vertex 29.8323 -8.79904 0.5
      vertex 29.6198 -8.87508 0.5
    endloop
  endfacet
  facet normal 0.336915 -0.941535 0
    outer loop
      vertex 29.8323 -8.79904 0.5
      vertex 29.6198 -8.87508 0
      vertex 29.8323 -8.79904 0
    endloop
  endfacet
  facet normal 0.99879 -0.0491862 0
    outer loop
      vertex 28.2 -11 0.5
      vertex 28.2111 -10.7746 0
      vertex 28.2111 -10.7746 0.5
    endloop
  endfacet
  facet normal 0.99879 -0.0491862 0
    outer loop
      vertex 28.2111 -10.7746 0
      vertex 28.2 -11 0.5
      vertex 28.2 -11 0
    endloop
  endfacet
  facet normal 0.989192 -0.146629 0
    outer loop
      vertex 28.2111 -10.7746 0.5
      vertex 28.2442 -10.5513 0
      vertex 28.2442 -10.5513 0.5
    endloop
  endfacet
  facet normal 0.989192 -0.146629 0
    outer loop
      vertex 28.2442 -10.5513 0
      vertex 28.2111 -10.7746 0.5
      vertex 28.2111 -10.7746 0
    endloop
  endfacet
  facet normal 0.242952 -0.970038 0
    outer loop
      vertex 29.8323 -8.79904 0
      vertex 30.0513 -8.74419 0.5
      vertex 29.8323 -8.79904 0.5
    endloop
  endfacet
  facet normal 0.242952 -0.970038 0
    outer loop
      vertex 30.0513 -8.74419 0.5
      vertex 29.8323 -8.79904 0
      vertex 30.0513 -8.74419 0
    endloop
  endfacet
  facet normal -0.242952 -0.970038 0
    outer loop
      vertex 30.9487 -8.74419 0
      vertex 31.1677 -8.79904 0.5
      vertex 30.9487 -8.74419 0.5
    endloop
  endfacet
  facet normal -0.242952 -0.970038 -0
    outer loop
      vertex 31.1677 -8.79904 0.5
      vertex 30.9487 -8.74419 0
      vertex 31.1677 -8.79904 0
    endloop
  endfacet
  facet normal 0 0 -1
    outer loop
      vertex 31.7 -11 0.5
      vertex 32.8 -11 0.5
      vertex 32.7889 -11.2254 0.5
    endloop
  endfacet
  facet normal 0 0 -1
    outer loop
      vertex 31.6942 -11.1176 0.5
      vertex 32.7889 -11.2254 0.5
      vertex 32.7558 -11.4487 0.5
    endloop
  endfacet
  facet normal 0 0 -1
    outer loop
      vertex 32.8 -11 0.5
      vertex 31.7 -11 0.5
      vertex 32.7889 -10.7746 0.5
    endloop
  endfacet
  facet normal 0 0 -1
    outer loop
      vertex 31.6769 -11.2341 0.5
      vertex 32.7558 -11.4487 0.5
      vertex 32.701 -11.6677 0.5
    endloop
  endfacet
  facet normal 0 0 -1
    outer loop
      vertex 31.6942 -10.8824 0.5
      vertex 32.7889 -10.7746 0.5
      vertex 31.7 -11 0.5
    endloop
  endfacet
  facet normal 0 0 -1
    outer loop
      vertex 31.6483 -11.3483 0.5
      vertex 32.701 -11.6677 0.5
      vertex 32.6249 -11.8802 0.5
    endloop
  endfacet
  facet normal -0 0 -1
    outer loop
      vertex 32.7889 -10.7746 0.5
      vertex 31.6942 -10.8824 0.5
      vertex 32.7558 -10.5513 0.5
    endloop
  endfacet
  facet normal 0 0 -1
    outer loop
      vertex 31.6087 -11.4592 0.5
      vertex 32.6249 -11.8802 0.5
      vertex 32.5284 -12.0842 0.5
    endloop
  endfacet
  facet normal 0 0 -1
    outer loop
      vertex 31.6769 -10.7659 0.5
      vertex 32.7558 -10.5513 0.5
      vertex 31.6942 -10.8824 0.5
    endloop
  endfacet
  facet normal 0 0 -1
    outer loop
      vertex 31.5583 -11.5657 0.5
      vertex 32.5284 -12.0842 0.5
      vertex 32.4124 -12.2778 0.5
    endloop
  endfacet
  facet normal -0 0 -1
    outer loop
      vertex 32.7558 -10.5513 0.5
      vertex 31.6769 -10.7659 0.5
      vertex 32.701 -10.3323 0.5
    endloop
  endfacet
  facet normal 0 0 -1
    outer loop
      vertex 31.4978 -11.6667 0.5
      vertex 32.4124 -12.2778 0.5
      vertex 32.2779 -12.4591 0.5
    endloop
  endfacet
  facet normal 0 0 -1
    outer loop
      vertex 31.6483 -10.6517 0.5
      vertex 32.701 -10.3323 0.5
      vertex 31.6769 -10.7659 0.5
    endloop
  endfacet
  facet normal 0 0 -1
    outer loop
      vertex 31.4276 -11.7613 0.5
      vertex 32.2779 -12.4591 0.5
      vertex 32.1263 -12.6263 0.5
    endloop
  endfacet
  facet normal -0 0 -1
    outer loop
      vertex 32.701 -10.3323 0.5
      vertex 31.6483 -10.6517 0.5
      vertex 32.6249 -10.1198 0.5
    endloop
  endfacet
  facet normal 0 0 -1
    outer loop
      vertex 31.3485 -11.8485 0.5
      vertex 32.1263 -12.6263 0.5
      vertex 31.9591 -12.7779 0.5
    endloop
  endfacet
  facet normal 0 0 -1
    outer loop
      vertex 31.6087 -10.5408 0.5
      vertex 32.6249 -10.1198 0.5
      vertex 31.6483 -10.6517 0.5
    endloop
  endfacet
  facet normal 0 0 -1
    outer loop
      vertex 31.2613 -11.9276 0.5
      vertex 31.9591 -12.7779 0.5
      vertex 31.7778 -12.9124 0.5
    endloop
  endfacet
  facet normal -0 0 -1
    outer loop
      vertex 32.6249 -10.1198 0.5
      vertex 31.6087 -10.5408 0.5
      vertex 32.5284 -9.91579 0.5
    endloop
  endfacet
  facet normal 0 0 -1
    outer loop
      vertex 31.5583 -10.4343 0.5
      vertex 32.5284 -9.91579 0.5
      vertex 31.6087 -10.5408 0.5
    endloop
  endfacet
  facet normal 0 0 -1
    outer loop
      vertex 32.7889 -11.2254 0.5
      vertex 31.6942 -11.1176 0.5
      vertex 31.7 -11 0.5
    endloop
  endfacet
  facet normal 0 0 -1
    outer loop
      vertex 32.7558 -11.4487 0.5
      vertex 31.6769 -11.2341 0.5
      vertex 31.6942 -11.1176 0.5
    endloop
  endfacet
  facet normal 0 0 -1
    outer loop
      vertex 32.701 -11.6677 0.5
      vertex 31.6483 -11.3483 0.5
      vertex 31.6769 -11.2341 0.5
    endloop
  endfacet
  facet normal 0 0 -1
    outer loop
      vertex 32.6249 -11.8802 0.5
      vertex 31.6087 -11.4592 0.5
      vertex 31.6483 -11.3483 0.5
    endloop
  endfacet
  facet normal 0 0 -1
    outer loop
      vertex 31.1667 -11.9978 0.5
      vertex 31.7778 -12.9124 0.5
      vertex 31.5842 -13.0284 0.5
    endloop
  endfacet
  facet normal 0 0 -1
    outer loop
      vertex 32.5284 -12.0842 0.5
      vertex 31.5583 -11.5657 0.5
      vertex 31.6087 -11.4592 0.5
    endloop
  endfacet
  facet normal 0 0 -1
    outer loop
      vertex 32.4124 -12.2778 0.5
      vertex 31.4978 -11.6667 0.5
      vertex 31.5583 -11.5657 0.5
    endloop
  endfacet
  facet normal 0 0 -1
    outer loop
      vertex 32.2779 -12.4591 0.5
      vertex 31.4276 -11.7613 0.5
      vertex 31.4978 -11.6667 0.5
    endloop
  endfacet
  facet normal 0 0 -1
    outer loop
      vertex 31.0657 -12.0583 0.5
      vertex 31.5842 -13.0284 0.5
      vertex 31.3802 -13.1249 0.5
    endloop
  endfacet
  facet normal 0 0 -1
    outer loop
      vertex 32.1263 -12.6263 0.5
      vertex 31.3485 -11.8485 0.5
      vertex 31.4276 -11.7613 0.5
    endloop
  endfacet
  facet normal 0 0 -1
    outer loop
      vertex 31.9591 -12.7779 0.5
      vertex 31.2613 -11.9276 0.5
      vertex 31.3485 -11.8485 0.5
    endloop
  endfacet
  facet normal 0 0 -1
    outer loop
      vertex 30.9592 -12.1087 0.5
      vertex 31.3802 -13.1249 0.5
      vertex 31.1677 -13.201 0.5
    endloop
  endfacet
  facet normal 0 0 -1
    outer loop
      vertex 31.7778 -12.9124 0.5
      vertex 31.1667 -11.9978 0.5
      vertex 31.2613 -11.9276 0.5
    endloop
  endfacet
  facet normal 0 0 -1
    outer loop
      vertex 31.5842 -13.0284 0.5
      vertex 31.0657 -12.0583 0.5
      vertex 31.1667 -11.9978 0.5
    endloop
  endfacet
  facet normal 0 0 -1
    outer loop
      vertex 31.3802 -13.1249 0.5
      vertex 30.9592 -12.1087 0.5
      vertex 31.0657 -12.0583 0.5
    endloop
  endfacet
  facet normal 0 0 -1
    outer loop
      vertex 30.8483 -12.1483 0.5
      vertex 31.1677 -13.201 0.5
      vertex 30.9487 -13.2558 0.5
    endloop
  endfacet
  facet normal 0 0 -1
    outer loop
      vertex 31.1677 -13.201 0.5
      vertex 30.8483 -12.1483 0.5
      vertex 30.9592 -12.1087 0.5
    endloop
  endfacet
  facet normal 0 0 -1
    outer loop
      vertex 30.9487 -13.2558 0.5
      vertex 30.7341 -12.1769 0.5
      vertex 30.8483 -12.1483 0.5
    endloop
  endfacet
  facet normal 0 0 -1
    outer loop
      vertex 30.7254 -13.2889 0.5
      vertex 30.7341 -12.1769 0.5
      vertex 30.9487 -13.2558 0.5
    endloop
  endfacet
  facet normal 0 0 -1
    outer loop
      vertex 30.7254 -13.2889 0.5
      vertex 30.6176 -12.1942 0.5
      vertex 30.7341 -12.1769 0.5
    endloop
  endfacet
  facet normal 0 0 -1
    outer loop
      vertex 30.5 -13.3 0.5
      vertex 30.6176 -12.1942 0.5
      vertex 30.7254 -13.2889 0.5
    endloop
  endfacet
  facet normal 0 0 -1
    outer loop
      vertex 30.5 -13.3 0.5
      vertex 30.5 -12.2 0.5
      vertex 30.6176 -12.1942 0.5
    endloop
  endfacet
  facet normal 0 0 -1
    outer loop
      vertex 30.5 -13.3 0.5
      vertex 30.3824 -12.1942 0.5
      vertex 30.5 -12.2 0.5
    endloop
  endfacet
  facet normal 0 0 -1
    outer loop
      vertex 30.2746 -13.2889 0.5
      vertex 30.3824 -12.1942 0.5
      vertex 30.5 -13.3 0.5
    endloop
  endfacet
  facet normal 0 0 -1
    outer loop
      vertex 30.2746 -13.2889 0.5
      vertex 30.2659 -12.1769 0.5
      vertex 30.3824 -12.1942 0.5
    endloop
  endfacet
  facet normal 0 0 -1
    outer loop
      vertex 30.0513 -13.2558 0.5
      vertex 30.2659 -12.1769 0.5
      vertex 30.2746 -13.2889 0.5
    endloop
  endfacet
  facet normal -0 0 -1
    outer loop
      vertex 30.2659 -12.1769 0.5
      vertex 30.0513 -13.2558 0.5
      vertex 30.1517 -12.1483 0.5
    endloop
  endfacet
  facet normal 0 0 -1
    outer loop
      vertex 29.8323 -13.201 0.5
      vertex 30.1517 -12.1483 0.5
      vertex 30.0513 -13.2558 0.5
    endloop
  endfacet
  facet normal -0 0 -1
    outer loop
      vertex 30.1517 -12.1483 0.5
      vertex 29.8323 -13.201 0.5
      vertex 30.0408 -12.1087 0.5
    endloop
  endfacet
  facet normal 0 0 -1
    outer loop
      vertex 29.6198 -13.1249 0.5
      vertex 30.0408 -12.1087 0.5
      vertex 29.8323 -13.201 0.5
    endloop
  endfacet
  facet normal -0 0 -1
    outer loop
      vertex 30.0408 -12.1087 0.5
      vertex 29.6198 -13.1249 0.5
      vertex 29.9343 -12.0583 0.5
    endloop
  endfacet
  facet normal 0 0 -1
    outer loop
      vertex 29.4158 -13.0284 0.5
      vertex 29.9343 -12.0583 0.5
      vertex 29.6198 -13.1249 0.5
    endloop
  endfacet
  facet normal -0 0 -1
    outer loop
      vertex 29.9343 -12.0583 0.5
      vertex 29.4158 -13.0284 0.5
      vertex 29.8333 -11.9978 0.5
    endloop
  endfacet
  facet normal 0 0 -1
    outer loop
      vertex 29.2222 -12.9124 0.5
      vertex 29.8333 -11.9978 0.5
      vertex 29.4158 -13.0284 0.5
    endloop
  endfacet
  facet normal -0 0 -1
    outer loop
      vertex 29.8333 -11.9978 0.5
      vertex 29.2222 -12.9124 0.5
      vertex 29.7387 -11.9276 0.5
    endloop
  endfacet
  facet normal 0 0 -1
    outer loop
      vertex 29.0409 -12.7779 0.5
      vertex 29.7387 -11.9276 0.5
      vertex 29.2222 -12.9124 0.5
    endloop
  endfacet
  facet normal -0 0 -1
    outer loop
      vertex 29.7387 -11.9276 0.5
      vertex 29.0409 -12.7779 0.5
      vertex 29.6515 -11.8485 0.5
    endloop
  endfacet
  facet normal 0 0 -1
    outer loop
      vertex 28.8737 -12.6263 0.5
      vertex 29.6515 -11.8485 0.5
      vertex 29.0409 -12.7779 0.5
    endloop
  endfacet
  facet normal -0 0 -1
    outer loop
      vertex 29.6515 -11.8485 0.5
      vertex 28.8737 -12.6263 0.5
      vertex 29.5724 -11.7613 0.5
    endloop
  endfacet
  facet normal 0 0 -1
    outer loop
      vertex 28.7221 -12.4591 0.5
      vertex 29.5724 -11.7613 0.5
      vertex 28.8737 -12.6263 0.5
    endloop
  endfacet
  facet normal -0 0 -1
    outer loop
      vertex 29.5724 -11.7613 0.5
      vertex 28.7221 -12.4591 0.5
      vertex 29.5022 -11.6667 0.5
    endloop
  endfacet
  facet normal 0 0 -1
    outer loop
      vertex 28.5876 -12.2778 0.5
      vertex 29.5022 -11.6667 0.5
      vertex 28.7221 -12.4591 0.5
    endloop
  endfacet
  facet normal 0 0 -1
    outer loop
      vertex 28.4716 -12.0842 0.5
      vertex 29.4417 -11.5657 0.5
      vertex 28.5876 -12.2778 0.5
    endloop
  endfacet
  facet normal -0 0 -1
    outer loop
      vertex 29.5022 -11.6667 0.5
      vertex 28.5876 -12.2778 0.5
      vertex 29.4417 -11.5657 0.5
    endloop
  endfacet
  facet normal -0 0 -1
    outer loop
      vertex 32.5284 -9.91579 0.5
      vertex 31.5583 -10.4343 0.5
      vertex 32.4124 -9.72219 0.5
    endloop
  endfacet
  facet normal 0 0 -1
    outer loop
      vertex 31.4978 -10.3333 0.5
      vertex 32.4124 -9.72219 0.5
      vertex 31.5583 -10.4343 0.5
    endloop
  endfacet
  facet normal -0 0 -1
    outer loop
      vertex 32.4124 -9.72219 0.5
      vertex 31.4978 -10.3333 0.5
      vertex 32.2779 -9.5409 0.5
    endloop
  endfacet
  facet normal 0 0 -1
    outer loop
      vertex 31.4276 -10.2387 0.5
      vertex 32.2779 -9.5409 0.5
      vertex 31.4978 -10.3333 0.5
    endloop
  endfacet
  facet normal -0 0 -1
    outer loop
      vertex 32.2779 -9.5409 0.5
      vertex 31.4276 -10.2387 0.5
      vertex 32.1263 -9.37366 0.5
    endloop
  endfacet
  facet normal 0 0 -1
    outer loop
      vertex 31.3485 -10.1515 0.5
      vertex 32.1263 -9.37366 0.5
      vertex 31.4276 -10.2387 0.5
    endloop
  endfacet
  facet normal -0 0 -1
    outer loop
      vertex 32.1263 -9.37366 0.5
      vertex 31.3485 -10.1515 0.5
      vertex 31.9591 -9.22208 0.5
    endloop
  endfacet
  facet normal 0 0 -1
    outer loop
      vertex 31.2613 -10.0724 0.5
      vertex 31.9591 -9.22208 0.5
      vertex 31.3485 -10.1515 0.5
    endloop
  endfacet
  facet normal -0 0 -1
    outer loop
      vertex 31.9591 -9.22208 0.5
      vertex 31.2613 -10.0724 0.5
      vertex 31.7778 -9.08762 0.5
    endloop
  endfacet
  facet normal 0 0 -1
    outer loop
      vertex 31.1667 -10.0022 0.5
      vertex 31.7778 -9.08762 0.5
      vertex 31.2613 -10.0724 0.5
    endloop
  endfacet
  facet normal -0 0 -1
    outer loop
      vertex 31.7778 -9.08762 0.5
      vertex 31.1667 -10.0022 0.5
      vertex 31.5842 -8.97158 0.5
    endloop
  endfacet
  facet normal 0 0 -1
    outer loop
      vertex 31.0657 -9.9417 0.5
      vertex 31.5842 -8.97158 0.5
      vertex 31.1667 -10.0022 0.5
    endloop
  endfacet
  facet normal -0 0 -1
    outer loop
      vertex 31.5842 -8.97158 0.5
      vertex 31.0657 -9.9417 0.5
      vertex 31.3802 -8.87508 0.5
    endloop
  endfacet
  facet normal 0 0 -1
    outer loop
      vertex 30.9592 -9.89135 0.5
      vertex 31.3802 -8.87508 0.5
      vertex 31.0657 -9.9417 0.5
    endloop
  endfacet
  facet normal -0 0 -1
    outer loop
      vertex 31.3802 -8.87508 0.5
      vertex 30.9592 -9.89135 0.5
      vertex 31.1677 -8.79904 0.5
    endloop
  endfacet
  facet normal 0 0 -1
    outer loop
      vertex 30.8483 -9.85167 0.5
      vertex 31.1677 -8.79904 0.5
      vertex 30.9592 -9.89135 0.5
    endloop
  endfacet
  facet normal -0 0 -1
    outer loop
      vertex 31.1677 -8.79904 0.5
      vertex 30.8483 -9.85167 0.5
      vertex 30.9487 -8.74419 0.5
    endloop
  endfacet
  facet normal 0 0 -1
    outer loop
      vertex 30.7341 -9.82306 0.5
      vertex 30.9487 -8.74419 0.5
      vertex 30.8483 -9.85167 0.5
    endloop
  endfacet
  facet normal 0 0 -1
    outer loop
      vertex 30.7341 -9.82306 0.5
      vertex 30.7254 -8.71108 0.5
      vertex 30.9487 -8.74419 0.5
    endloop
  endfacet
  facet normal 0 0 -1
    outer loop
      vertex 30.6176 -9.80578 0.5
      vertex 30.7254 -8.71108 0.5
      vertex 30.7341 -9.82306 0.5
    endloop
  endfacet
  facet normal 0 0 -1
    outer loop
      vertex 30.5 -9.8 0.5
      vertex 30.7254 -8.71108 0.5
      vertex 30.6176 -9.80578 0.5
    endloop
  endfacet
  facet normal 0 0 -1
    outer loop
      vertex 30.5 -9.8 0.5
      vertex 30.5 -8.7 0.5
      vertex 30.7254 -8.71108 0.5
    endloop
  endfacet
  facet normal 0 0 -1
    outer loop
      vertex 30.3824 -9.80578 0.5
      vertex 30.5 -8.7 0.5
      vertex 30.5 -9.8 0.5
    endloop
  endfacet
  facet normal 0 0 -1
    outer loop
      vertex 30.3824 -9.80578 0.5
      vertex 30.2746 -8.71108 0.5
      vertex 30.5 -8.7 0.5
    endloop
  endfacet
  facet normal 0 0 -1
    outer loop
      vertex 30.2659 -9.82306 0.5
      vertex 30.2746 -8.71108 0.5
      vertex 30.3824 -9.80578 0.5
    endloop
  endfacet
  facet normal 0 0 -1
    outer loop
      vertex 30.0513 -8.74419 0.5
      vertex 30.2659 -9.82306 0.5
      vertex 30.1517 -9.85167 0.5
    endloop
  endfacet
  facet normal 0 0 -1
    outer loop
      vertex 30.2659 -9.82306 0.5
      vertex 30.0513 -8.74419 0.5
      vertex 30.2746 -8.71108 0.5
    endloop
  endfacet
  facet normal 0 0 -1
    outer loop
      vertex 29.8323 -8.79904 0.5
      vertex 30.1517 -9.85167 0.5
      vertex 30.0408 -9.89135 0.5
    endloop
  endfacet
  facet normal 0 0 -1
    outer loop
      vertex 29.6198 -8.87508 0.5
      vertex 30.0408 -9.89135 0.5
      vertex 29.9343 -9.9417 0.5
    endloop
  endfacet
  facet normal 0 0 -1
    outer loop
      vertex 29.4158 -8.97158 0.5
      vertex 29.9343 -9.9417 0.5
      vertex 29.8333 -10.0022 0.5
    endloop
  endfacet
  facet normal 0 0 -1
    outer loop
      vertex 30.1517 -9.85167 0.5
      vertex 29.8323 -8.79904 0.5
      vertex 30.0513 -8.74419 0.5
    endloop
  endfacet
  facet normal 0 0 -1
    outer loop
      vertex 29.2222 -9.08762 0.5
      vertex 29.8333 -10.0022 0.5
      vertex 29.7387 -10.0724 0.5
    endloop
  endfacet
  facet normal 0 0 -1
    outer loop
      vertex 29.0409 -9.22208 0.5
      vertex 29.7387 -10.0724 0.5
      vertex 29.6515 -10.1515 0.5
    endloop
  endfacet
  facet normal 0 0 -1
    outer loop
      vertex 30.0408 -9.89135 0.5
      vertex 29.6198 -8.87508 0.5
      vertex 29.8323 -8.79904 0.5
    endloop
  endfacet
  facet normal 0 0 -1
    outer loop
      vertex 28.8737 -9.37366 0.5
      vertex 29.6515 -10.1515 0.5
      vertex 29.5724 -10.2387 0.5
    endloop
  endfacet
  facet normal 0 0 -1
    outer loop
      vertex 28.7221 -9.5409 0.5
      vertex 29.5724 -10.2387 0.5
      vertex 29.5022 -10.3333 0.5
    endloop
  endfacet
  facet normal 0 0 -1
    outer loop
      vertex 28.5876 -9.72219 0.5
      vertex 29.5022 -10.3333 0.5
      vertex 29.4417 -10.4343 0.5
    endloop
  endfacet
  facet normal 0 0 -1
    outer loop
      vertex 29.9343 -9.9417 0.5
      vertex 29.4158 -8.97158 0.5
      vertex 29.6198 -8.87508 0.5
    endloop
  endfacet
  facet normal 0 0 -1
    outer loop
      vertex 28.4716 -9.91579 0.5
      vertex 29.4417 -10.4343 0.5
      vertex 29.3913 -10.5408 0.5
    endloop
  endfacet
  facet normal 0 0 -1
    outer loop
      vertex 28.3751 -10.1198 0.5
      vertex 29.3913 -10.5408 0.5
      vertex 29.3517 -10.6517 0.5
    endloop
  endfacet
  facet normal 0 0 -1
    outer loop
      vertex 28.299 -10.3323 0.5
      vertex 29.3517 -10.6517 0.5
      vertex 29.3231 -10.7659 0.5
    endloop
  endfacet
  facet normal 0 0 -1
    outer loop
      vertex 28.2442 -10.5513 0.5
      vertex 29.3231 -10.7659 0.5
      vertex 29.3058 -10.8824 0.5
    endloop
  endfacet
  facet normal 0 0 -1
    outer loop
      vertex 29.8333 -10.0022 0.5
      vertex 29.2222 -9.08762 0.5
      vertex 29.4158 -8.97158 0.5
    endloop
  endfacet
  facet normal 0 0 -1
    outer loop
      vertex 28.2111 -10.7746 0.5
      vertex 29.3058 -10.8824 0.5
      vertex 29.3 -11 0.5
    endloop
  endfacet
  facet normal -0 0 -1
    outer loop
      vertex 29.4417 -11.5657 0.5
      vertex 28.4716 -12.0842 0.5
      vertex 29.3913 -11.4592 0.5
    endloop
  endfacet
  facet normal 0 0 -1
    outer loop
      vertex 28.3751 -11.8802 0.5
      vertex 29.3913 -11.4592 0.5
      vertex 28.4716 -12.0842 0.5
    endloop
  endfacet
  facet normal 0 0 -1
    outer loop
      vertex 29.7387 -10.0724 0.5
      vertex 29.0409 -9.22208 0.5
      vertex 29.2222 -9.08762 0.5
    endloop
  endfacet
  facet normal -0 0 -1
    outer loop
      vertex 29.3913 -11.4592 0.5
      vertex 28.3751 -11.8802 0.5
      vertex 29.3517 -11.3483 0.5
    endloop
  endfacet
  facet normal 0 0 -1
    outer loop
      vertex 29.6515 -10.1515 0.5
      vertex 28.8737 -9.37366 0.5
      vertex 29.0409 -9.22208 0.5
    endloop
  endfacet
  facet normal 0 0 -1
    outer loop
      vertex 28.299 -11.6677 0.5
      vertex 29.3517 -11.3483 0.5
      vertex 28.3751 -11.8802 0.5
    endloop
  endfacet
  facet normal 0 0 -1
    outer loop
      vertex 29.5724 -10.2387 0.5
      vertex 28.7221 -9.5409 0.5
      vertex 28.8737 -9.37366 0.5
    endloop
  endfacet
  facet normal -0 0 -1
    outer loop
      vertex 29.3517 -11.3483 0.5
      vertex 28.299 -11.6677 0.5
      vertex 29.3231 -11.2341 0.5
    endloop
  endfacet
  facet normal 0 0 -1
    outer loop
      vertex 29.5022 -10.3333 0.5
      vertex 28.5876 -9.72219 0.5
      vertex 28.7221 -9.5409 0.5
    endloop
  endfacet
  facet normal 0 0 -1
    outer loop
      vertex 28.2442 -11.4487 0.5
      vertex 29.3231 -11.2341 0.5
      vertex 28.299 -11.6677 0.5
    endloop
  endfacet
  facet normal 0 0 -1
    outer loop
      vertex 29.4417 -10.4343 0.5
      vertex 28.4716 -9.91579 0.5
      vertex 28.5876 -9.72219 0.5
    endloop
  endfacet
  facet normal -0 0 -1
    outer loop
      vertex 29.3231 -11.2341 0.5
      vertex 28.2442 -11.4487 0.5
      vertex 29.3058 -11.1176 0.5
    endloop
  endfacet
  facet normal 0 0 -1
    outer loop
      vertex 29.3913 -10.5408 0.5
      vertex 28.3751 -10.1198 0.5
      vertex 28.4716 -9.91579 0.5
    endloop
  endfacet
  facet normal 0 0 -1
    outer loop
      vertex 28.2111 -11.2254 0.5
      vertex 29.3058 -11.1176 0.5
      vertex 28.2442 -11.4487 0.5
    endloop
  endfacet
  facet normal 0 0 -1
    outer loop
      vertex 29.3517 -10.6517 0.5
      vertex 28.299 -10.3323 0.5
      vertex 28.3751 -10.1198 0.5
    endloop
  endfacet
  facet normal -0 0 -1
    outer loop
      vertex 29.3058 -11.1176 0.5
      vertex 28.2111 -11.2254 0.5
      vertex 29.3 -11 0.5
    endloop
  endfacet
  facet normal 0 0 -1
    outer loop
      vertex 29.3231 -10.7659 0.5
      vertex 28.2442 -10.5513 0.5
      vertex 28.299 -10.3323 0.5
    endloop
  endfacet
  facet normal 0 0 -1
    outer loop
      vertex 28.2 -11 0.5
      vertex 29.3 -11 0.5
      vertex 28.2111 -11.2254 0.5
    endloop
  endfacet
  facet normal 0 0 -1
    outer loop
      vertex 29.3058 -10.8824 0.5
      vertex 28.2111 -10.7746 0.5
      vertex 28.2442 -10.5513 0.5
    endloop
  endfacet
  facet normal 0 0 -1
    outer loop
      vertex 29.3 -11 0.5
      vertex 28.2 -11 0.5
      vertex 28.2111 -10.7746 0.5
    endloop
  endfacet
  facet normal -0.514105 -0.857727 0
    outer loop
      vertex 31.5842 -8.97158 0
      vertex 31.7778 -9.08762 0.5
      vertex 31.5842 -8.97158 0.5
    endloop
  endfacet
  facet normal -0.514105 -0.857727 -0
    outer loop
      vertex 31.7778 -9.08762 0.5
      vertex 31.5842 -8.97158 0
      vertex 31.7778 -9.08762 0
    endloop
  endfacet
  facet normal -0.857806 -0.513974 0
    outer loop
      vertex 32.5284 -9.91579 0
      vertex 32.4124 -9.72219 0.5
      vertex 32.4124 -9.72219 0
    endloop
  endfacet
  facet normal -0.857806 -0.513974 0
    outer loop
      vertex 32.4124 -9.72219 0.5
      vertex 32.5284 -9.91579 0
      vertex 32.5284 -9.91579 0.5
    endloop
  endfacet
  facet normal 0.146672 -0.989185 0
    outer loop
      vertex 30.0513 -8.74419 0
      vertex 30.2746 -8.71108 0.5
      vertex 30.0513 -8.74419 0.5
    endloop
  endfacet
  facet normal 0.146672 -0.989185 0
    outer loop
      vertex 30.2746 -8.71108 0.5
      vertex 30.0513 -8.74419 0
      vertex 30.2746 -8.71108 0
    endloop
  endfacet
  facet normal 0.989192 0.146629 0
    outer loop
      vertex 28.2442 -11.4487 0.5
      vertex 28.2111 -11.2254 0
      vertex 28.2111 -11.2254 0.5
    endloop
  endfacet
  facet normal 0.989192 0.146629 0
    outer loop
      vertex 28.2111 -11.2254 0
      vertex 28.2442 -11.4487 0.5
      vertex 28.2442 -11.4487 0
    endloop
  endfacet
  facet normal 0.99879 0.0491862 0
    outer loop
      vertex 28.2111 -11.2254 0.5
      vertex 28.2 -11 0
      vertex 28.2 -11 0.5
    endloop
  endfacet
  facet normal 0.99879 0.0491862 0
    outer loop
      vertex 28.2 -11 0
      vertex 28.2111 -11.2254 0.5
      vertex 28.2111 -11.2254 0
    endloop
  endfacet
  facet normal 0.42761 -0.903963 0
    outer loop
      vertex 29.4158 -8.97158 0
      vertex 29.6198 -8.87508 0.5
      vertex 29.4158 -8.97158 0.5
    endloop
  endfacet
  facet normal 0.42761 -0.903963 0
    outer loop
      vertex 29.6198 -8.87508 0.5
      vertex 29.4158 -8.97158 0
      vertex 29.6198 -8.87508 0
    endloop
  endfacet
  facet normal 0.903971 -0.427593 0
    outer loop
      vertex 28.3751 -10.1198 0.5
      vertex 28.4716 -9.91579 0
      vertex 28.4716 -9.91579 0.5
    endloop
  endfacet
  facet normal 0.903971 -0.427593 0
    outer loop
      vertex 28.4716 -9.91579 0
      vertex 28.3751 -10.1198 0.5
      vertex 28.3751 -10.1198 0
    endloop
  endfacet
  facet normal 0.857806 0.513974 0
    outer loop
      vertex 28.5876 -12.2778 0.5
      vertex 28.4716 -12.0842 0
      vertex 28.4716 -12.0842 0.5
    endloop
  endfacet
  facet normal 0.857806 0.513974 0
    outer loop
      vertex 28.4716 -12.0842 0
      vertex 28.5876 -12.2778 0.5
      vertex 28.5876 -12.2778 0
    endloop
  endfacet
  facet normal 0.24281 0.970074 -0
    outer loop
      vertex 34.116 16.4493 0
      vertex 33.7828 16.5327 11
      vertex 34.116 16.4493 11
    endloop
  endfacet
  facet normal 0.24281 0.970074 0
    outer loop
      vertex 33.7828 16.5327 11
      vertex 34.116 16.4493 0
      vertex 33.7828 16.5327 0
    endloop
  endfacet
  facet normal 0 1 -0
    outer loop
      vertex 33.1 16.6 0
      vertex -33.1 16.6 11
      vertex 33.1 16.6 11
    endloop
  endfacet
  facet normal 0 1 0
    outer loop
      vertex -33.1 16.6 11
      vertex 33.1 16.6 0
      vertex -33.1 16.6 0
    endloop
  endfacet
  facet normal 0.14676 0.989172 -0
    outer loop
      vertex 33.7828 16.5327 0
      vertex 33.4431 16.5831 11
      vertex 33.7828 16.5327 11
    endloop
  endfacet
  facet normal 0.14676 0.989172 0
    outer loop
      vertex 33.4431 16.5831 11
      vertex 33.7828 16.5327 0
      vertex 33.4431 16.5831 0
    endloop
  endfacet
  facet normal 0.514153 0.857698 -0
    outer loop
      vertex 35.0445 16.0101 0
      vertex 34.7499 16.1867 11
      vertex 35.0445 16.0101 11
    endloop
  endfacet
  facet normal 0.514153 0.857698 0
    outer loop
      vertex 34.7499 16.1867 11
      vertex 35.0445 16.0101 0
      vertex 34.7499 16.1867 0
    endloop
  endfacet
  facet normal 0.857698 0.514153 0
    outer loop
      vertex 36.1867 14.7499 11
      vertex 36.0101 15.0445 0
      vertex 36.0101 15.0445 11
    endloop
  endfacet
  facet normal 0.857698 0.514153 0
    outer loop
      vertex 36.0101 15.0445 0
      vertex 36.1867 14.7499 11
      vertex 36.1867 14.7499 0
    endloop
  endfacet
  facet normal 0.0491971 0.998789 -0
    outer loop
      vertex 33.4431 16.5831 0
      vertex 33.1 16.6 11
      vertex 33.4431 16.5831 11
    endloop
  endfacet
  facet normal 0.0491971 0.998789 0
    outer loop
      vertex 33.1 16.6 11
      vertex 33.4431 16.5831 0
      vertex 33.1 16.6 0
    endloop
  endfacet
  facet normal -0.14676 -0.989172 0
    outer loop
      vertex -33.7828 -16.5327 0
      vertex -33.4431 -16.5831 11
      vertex -33.7828 -16.5327 11
    endloop
  endfacet
  facet normal -0.14676 -0.989172 -0
    outer loop
      vertex -33.4431 -16.5831 11
      vertex -33.7828 -16.5327 0
      vertex -33.4431 -16.5831 0
    endloop
  endfacet
  facet normal -0.903939 -0.427661 0
    outer loop
      vertex -36.1867 -14.7499 0
      vertex -36.3336 -14.4394 11
      vertex -36.3336 -14.4394 0
    endloop
  endfacet
  facet normal -0.903939 -0.427661 0
    outer loop
      vertex -36.3336 -14.4394 11
      vertex -36.1867 -14.7499 0
      vertex -36.1867 -14.7499 11
    endloop
  endfacet
  facet normal 0.671454 0.741046 -0
    outer loop
      vertex 35.5749 15.5749 0
      vertex 35.3204 15.8055 11
      vertex 35.5749 15.5749 11
    endloop
  endfacet
  facet normal 0.671454 0.741046 0
    outer loop
      vertex 35.3204 15.8055 11
      vertex 35.5749 15.5749 0
      vertex 35.3204 15.8055 0
    endloop
  endfacet
  facet normal -0.595659 -0.803237 0
    outer loop
      vertex -35.3204 -15.8055 0
      vertex -35.0445 -16.0101 11
      vertex -35.3204 -15.8055 11
    endloop
  endfacet
  facet normal -0.595659 -0.803237 -0
    outer loop
      vertex -35.0445 -16.0101 11
      vertex -35.3204 -15.8055 0
      vertex -35.0445 -16.0101 0
    endloop
  endfacet
  facet normal 0.336853 -0.941557 0
    outer loop
      vertex 34.116 -16.4493 0
      vertex 34.4394 -16.3336 11
      vertex 34.116 -16.4493 11
    endloop
  endfacet
  facet normal 0.336853 -0.941557 0
    outer loop
      vertex 34.4394 -16.3336 11
      vertex 34.116 -16.4493 0
      vertex 34.4394 -16.3336 0
    endloop
  endfacet
  facet normal 0.989172 -0.14676 0
    outer loop
      vertex 36.5327 -13.7828 11
      vertex 36.5831 -13.4431 0
      vertex 36.5831 -13.4431 11
    endloop
  endfacet
  facet normal 0.989172 -0.14676 0
    outer loop
      vertex 36.5831 -13.4431 0
      vertex 36.5327 -13.7828 11
      vertex 36.5327 -13.7828 0
    endloop
  endfacet
  facet normal -0.857698 -0.514153 0
    outer loop
      vertex -36.0101 -15.0445 0
      vertex -36.1867 -14.7499 11
      vertex -36.1867 -14.7499 0
    endloop
  endfacet
  facet normal -0.857698 -0.514153 0
    outer loop
      vertex -36.1867 -14.7499 11
      vertex -36.0101 -15.0445 0
      vertex -36.0101 -15.0445 11
    endloop
  endfacet
  facet normal -0.514153 -0.857698 0
    outer loop
      vertex -35.0445 -16.0101 0
      vertex -34.7499 -16.1867 11
      vertex -35.0445 -16.0101 11
    endloop
  endfacet
  facet normal -0.514153 -0.857698 -0
    outer loop
      vertex -34.7499 -16.1867 11
      vertex -35.0445 -16.0101 0
      vertex -34.7499 -16.1867 0
    endloop
  endfacet
  facet normal -0.0491971 0.998789 0
    outer loop
      vertex -33.1 16.6 0
      vertex -33.4431 16.5831 11
      vertex -33.1 16.6 11
    endloop
  endfacet
  facet normal -0.0491971 0.998789 0
    outer loop
      vertex -33.4431 16.5831 11
      vertex -33.1 16.6 0
      vertex -33.4431 16.5831 0
    endloop
  endfacet
  facet normal -0.427661 -0.903939 0
    outer loop
      vertex -34.7499 -16.1867 0
      vertex -34.4394 -16.3336 11
      vertex -34.7499 -16.1867 11
    endloop
  endfacet
  facet normal -0.427661 -0.903939 -0
    outer loop
      vertex -34.4394 -16.3336 11
      vertex -34.7499 -16.1867 0
      vertex -34.4394 -16.3336 0
    endloop
  endfacet
  facet normal 0.941557 0.336853 0
    outer loop
      vertex 36.4493 14.116 11
      vertex 36.3336 14.4394 0
      vertex 36.3336 14.4394 11
    endloop
  endfacet
  facet normal 0.941557 0.336853 0
    outer loop
      vertex 36.3336 14.4394 0
      vertex 36.4493 14.116 11
      vertex 36.4493 14.116 0
    endloop
  endfacet
  facet normal 0.14676 -0.989172 0
    outer loop
      vertex 33.4431 -16.5831 0
      vertex 33.7828 -16.5327 11
      vertex 33.4431 -16.5831 11
    endloop
  endfacet
  facet normal 0.14676 -0.989172 0
    outer loop
      vertex 33.7828 -16.5327 11
      vertex 33.4431 -16.5831 0
      vertex 33.7828 -16.5327 0
    endloop
  endfacet
  facet normal -0.998789 0.0491971 0
    outer loop
      vertex -36.6 13.1 0
      vertex -36.5831 13.4431 11
      vertex -36.5831 13.4431 0
    endloop
  endfacet
  facet normal -0.998789 0.0491971 0
    outer loop
      vertex -36.5831 13.4431 11
      vertex -36.6 13.1 0
      vertex -36.6 13.1 11
    endloop
  endfacet
  facet normal -1 0 0
    outer loop
      vertex -36.6 13.1 0
      vertex -36.6 6.5 9.35
      vertex -36.6 13.1 11
    endloop
  endfacet
  facet normal -1 0 0
    outer loop
      vertex -36.6 13.1 0
      vertex -36.6 -6.5 9.35
      vertex -36.6 6.5 9.35
    endloop
  endfacet
  facet normal -1 0 0
    outer loop
      vertex -36.6 -13.1 0
      vertex -36.6 -6.5 9.35
      vertex -36.6 13.1 0
    endloop
  endfacet
  facet normal -1 0 0
    outer loop
      vertex -36.6 -13.1 11
      vertex -36.6 -6.5 9.35
      vertex -36.6 -13.1 0
    endloop
  endfacet
  facet normal -1 0 0
    outer loop
      vertex -36.6 -6.5 9.35
      vertex -36.6 -13.1 11
      vertex -36.6 -6.5 11
    endloop
  endfacet
  facet normal -1 -0 0
    outer loop
      vertex -36.6 13.1 11
      vertex -36.6 6.5 9.35
      vertex -36.6 6.5 11
    endloop
  endfacet
  facet normal -0.427661 0.903939 0
    outer loop
      vertex -34.4394 16.3336 0
      vertex -34.7499 16.1867 11
      vertex -34.4394 16.3336 11
    endloop
  endfacet
  facet normal -0.427661 0.903939 0
    outer loop
      vertex -34.7499 16.1867 11
      vertex -34.4394 16.3336 0
      vertex -34.7499 16.1867 0
    endloop
  endfacet
  facet normal -0.803237 0.595659 0
    outer loop
      vertex -36.0101 15.0445 0
      vertex -35.8055 15.3204 11
      vertex -35.8055 15.3204 0
    endloop
  endfacet
  facet normal -0.803237 0.595659 0
    outer loop
      vertex -35.8055 15.3204 11
      vertex -36.0101 15.0445 0
      vertex -36.0101 15.0445 11
    endloop
  endfacet
  facet normal -0.989172 -0.14676 0
    outer loop
      vertex -36.5327 -13.7828 0
      vertex -36.5831 -13.4431 11
      vertex -36.5831 -13.4431 0
    endloop
  endfacet
  facet normal -0.989172 -0.14676 0
    outer loop
      vertex -36.5831 -13.4431 11
      vertex -36.5327 -13.7828 0
      vertex -36.5327 -13.7828 11
    endloop
  endfacet
  facet normal 0.741046 0.671454 0
    outer loop
      vertex 35.8055 15.3204 11
      vertex 35.5749 15.5749 0
      vertex 35.5749 15.5749 11
    endloop
  endfacet
  facet normal 0.741046 0.671454 0
    outer loop
      vertex 35.5749 15.5749 0
      vertex 35.8055 15.3204 11
      vertex 35.8055 15.3204 0
    endloop
  endfacet
  facet normal 0 -1 0
    outer loop
      vertex -33.1 -16.6 0
      vertex 33.1 -16.6 11
      vertex -33.1 -16.6 11
    endloop
  endfacet
  facet normal 0 -1 -0
    outer loop
      vertex 33.1 -16.6 11
      vertex -33.1 -16.6 0
      vertex 33.1 -16.6 0
    endloop
  endfacet
  facet normal -0.24281 -0.970074 0
    outer loop
      vertex -34.116 -16.4493 0
      vertex -33.7828 -16.5327 11
      vertex -34.116 -16.4493 11
    endloop
  endfacet
  facet normal -0.24281 -0.970074 -0
    outer loop
      vertex -33.7828 -16.5327 11
      vertex -34.116 -16.4493 0
      vertex -33.7828 -16.5327 0
    endloop
  endfacet
  facet normal 1 -0 0
    outer loop
      vertex 36.6 -13.1 11
      vertex 36.6 13.1 0
      vertex 36.6 13.1 11
    endloop
  endfacet
  facet normal 1 0 0
    outer loop
      vertex 36.6 13.1 0
      vertex 36.6 -13.1 11
      vertex 36.6 -13.1 0
    endloop
  endfacet
  facet normal -0.857698 0.514153 0
    outer loop
      vertex -36.1867 14.7499 0
      vertex -36.0101 15.0445 11
      vertex -36.0101 15.0445 0
    endloop
  endfacet
  facet normal -0.857698 0.514153 0
    outer loop
      vertex -36.0101 15.0445 11
      vertex -36.1867 14.7499 0
      vertex -36.1867 14.7499 11
    endloop
  endfacet
  facet normal 0.427661 -0.903939 0
    outer loop
      vertex 34.4394 -16.3336 0
      vertex 34.7499 -16.1867 11
      vertex 34.4394 -16.3336 11
    endloop
  endfacet
  facet normal 0.427661 -0.903939 0
    outer loop
      vertex 34.7499 -16.1867 11
      vertex 34.4394 -16.3336 0
      vertex 34.7499 -16.1867 0
    endloop
  endfacet
  facet normal 0.427661 0.903939 -0
    outer loop
      vertex 34.7499 16.1867 0
      vertex 34.4394 16.3336 11
      vertex 34.7499 16.1867 11
    endloop
  endfacet
  facet normal 0.427661 0.903939 0
    outer loop
      vertex 34.4394 16.3336 11
      vertex 34.7499 16.1867 0
      vertex 34.4394 16.3336 0
    endloop
  endfacet
  facet normal 0.903939 0.427661 0
    outer loop
      vertex 36.3336 14.4394 11
      vertex 36.1867 14.7499 0
      vertex 36.1867 14.7499 11
    endloop
  endfacet
  facet normal 0.903939 0.427661 0
    outer loop
      vertex 36.1867 14.7499 0
      vertex 36.3336 14.4394 11
      vertex 36.3336 14.4394 0
    endloop
  endfacet
  facet normal 0.803237 0.595659 0
    outer loop
      vertex 36.0101 15.0445 11
      vertex 35.8055 15.3204 0
      vertex 35.8055 15.3204 11
    endloop
  endfacet
  facet normal 0.803237 0.595659 0
    outer loop
      vertex 35.8055 15.3204 0
      vertex 36.0101 15.0445 11
      vertex 36.0101 15.0445 0
    endloop
  endfacet
  facet normal -0.14676 0.989172 0
    outer loop
      vertex -33.4431 16.5831 0
      vertex -33.7828 16.5327 11
      vertex -33.4431 16.5831 11
    endloop
  endfacet
  facet normal -0.14676 0.989172 0
    outer loop
      vertex -33.7828 16.5327 11
      vertex -33.4431 16.5831 0
      vertex -33.7828 16.5327 0
    endloop
  endfacet
  facet normal 0.998789 0.0491971 0
    outer loop
      vertex 36.6 13.1 11
      vertex 36.5831 13.4431 0
      vertex 36.5831 13.4431 11
    endloop
  endfacet
  facet normal 0.998789 0.0491971 0
    outer loop
      vertex 36.5831 13.4431 0
      vertex 36.6 13.1 11
      vertex 36.6 13.1 0
    endloop
  endfacet
  facet normal -0.0491971 -0.998789 0
    outer loop
      vertex -33.4431 -16.5831 0
      vertex -33.1 -16.6 11
      vertex -33.4431 -16.5831 11
    endloop
  endfacet
  facet normal -0.0491971 -0.998789 -0
    outer loop
      vertex -33.1 -16.6 11
      vertex -33.4431 -16.5831 0
      vertex -33.1 -16.6 0
    endloop
  endfacet
  facet normal 0.903939 -0.427661 0
    outer loop
      vertex 36.1867 -14.7499 11
      vertex 36.3336 -14.4394 0
      vertex 36.3336 -14.4394 11
    endloop
  endfacet
  facet normal 0.903939 -0.427661 0
    outer loop
      vertex 36.3336 -14.4394 0
      vertex 36.1867 -14.7499 11
      vertex 36.1867 -14.7499 0
    endloop
  endfacet
  facet normal -0.336853 -0.941557 0
    outer loop
      vertex -34.4394 -16.3336 0
      vertex -34.116 -16.4493 11
      vertex -34.4394 -16.3336 11
    endloop
  endfacet
  facet normal -0.336853 -0.941557 -0
    outer loop
      vertex -34.116 -16.4493 11
      vertex -34.4394 -16.3336 0
      vertex -34.116 -16.4493 0
    endloop
  endfacet
  facet normal -0.24281 0.970074 0
    outer loop
      vertex -33.7828 16.5327 0
      vertex -34.116 16.4493 11
      vertex -33.7828 16.5327 11
    endloop
  endfacet
  facet normal -0.24281 0.970074 0
    outer loop
      vertex -34.116 16.4493 11
      vertex -33.7828 16.5327 0
      vertex -34.116 16.4493 0
    endloop
  endfacet
  facet normal 0.24281 -0.970074 0
    outer loop
      vertex 33.7828 -16.5327 0
      vertex 34.116 -16.4493 11
      vertex 33.7828 -16.5327 11
    endloop
  endfacet
  facet normal 0.24281 -0.970074 0
    outer loop
      vertex 34.116 -16.4493 11
      vertex 33.7828 -16.5327 0
      vertex 34.116 -16.4493 0
    endloop
  endfacet
  facet normal -0.336853 0.941557 0
    outer loop
      vertex -34.116 16.4493 0
      vertex -34.4394 16.3336 11
      vertex -34.116 16.4493 11
    endloop
  endfacet
  facet normal -0.336853 0.941557 0
    outer loop
      vertex -34.4394 16.3336 11
      vertex -34.116 16.4493 0
      vertex -34.4394 16.3336 0
    endloop
  endfacet
  facet normal 0.998789 -0.0491971 0
    outer loop
      vertex 36.5831 -13.4431 11
      vertex 36.6 -13.1 0
      vertex 36.6 -13.1 11
    endloop
  endfacet
  facet normal 0.998789 -0.0491971 0
    outer loop
      vertex 36.6 -13.1 0
      vertex 36.5831 -13.4431 11
      vertex 36.5831 -13.4431 0
    endloop
  endfacet
  facet normal 0.970074 0.24281 0
    outer loop
      vertex 36.5327 13.7828 11
      vertex 36.4493 14.116 0
      vertex 36.4493 14.116 11
    endloop
  endfacet
  facet normal 0.970074 0.24281 0
    outer loop
      vertex 36.4493 14.116 0
      vertex 36.5327 13.7828 11
      vertex 36.5327 13.7828 0
    endloop
  endfacet
  facet normal 0.0491971 -0.998789 0
    outer loop
      vertex 33.1 -16.6 0
      vertex 33.4431 -16.5831 11
      vertex 33.1 -16.6 11
    endloop
  endfacet
  facet normal 0.0491971 -0.998789 0
    outer loop
      vertex 33.4431 -16.5831 11
      vertex 33.1 -16.6 0
      vertex 33.4431 -16.5831 0
    endloop
  endfacet
  facet normal 0.514153 -0.857698 0
    outer loop
      vertex 34.7499 -16.1867 0
      vertex 35.0445 -16.0101 11
      vertex 34.7499 -16.1867 11
    endloop
  endfacet
  facet normal 0.514153 -0.857698 0
    outer loop
      vertex 35.0445 -16.0101 11
      vertex 34.7499 -16.1867 0
      vertex 35.0445 -16.0101 0
    endloop
  endfacet
  facet normal 0.989172 0.14676 0
    outer loop
      vertex 36.5831 13.4431 11
      vertex 36.5327 13.7828 0
      vertex 36.5327 13.7828 11
    endloop
  endfacet
  facet normal 0.989172 0.14676 0
    outer loop
      vertex 36.5327 13.7828 0
      vertex 36.5831 13.4431 11
      vertex 36.5831 13.4431 0
    endloop
  endfacet
  facet normal -0.941557 -0.336853 0
    outer loop
      vertex -36.3336 -14.4394 0
      vertex -36.4493 -14.116 11
      vertex -36.4493 -14.116 0
    endloop
  endfacet
  facet normal -0.941557 -0.336853 0
    outer loop
      vertex -36.4493 -14.116 11
      vertex -36.3336 -14.4394 0
      vertex -36.3336 -14.4394 11
    endloop
  endfacet
  facet normal 0.857698 -0.514153 0
    outer loop
      vertex 36.0101 -15.0445 11
      vertex 36.1867 -14.7499 0
      vertex 36.1867 -14.7499 11
    endloop
  endfacet
  facet normal 0.857698 -0.514153 0
    outer loop
      vertex 36.1867 -14.7499 0
      vertex 36.0101 -15.0445 11
      vertex 36.0101 -15.0445 0
    endloop
  endfacet
  facet normal -0.803237 -0.595659 0
    outer loop
      vertex -35.8055 -15.3204 0
      vertex -36.0101 -15.0445 11
      vertex -36.0101 -15.0445 0
    endloop
  endfacet
  facet normal -0.803237 -0.595659 0
    outer loop
      vertex -36.0101 -15.0445 11
      vertex -35.8055 -15.3204 0
      vertex -35.8055 -15.3204 11
    endloop
  endfacet
  facet normal -0.741046 0.671454 0
    outer loop
      vertex -35.8055 15.3204 0
      vertex -35.5749 15.5749 11
      vertex -35.5749 15.5749 0
    endloop
  endfacet
  facet normal -0.741046 0.671454 0
    outer loop
      vertex -35.5749 15.5749 11
      vertex -35.8055 15.3204 0
      vertex -35.8055 15.3204 11
    endloop
  endfacet
  facet normal -0.741046 -0.671454 0
    outer loop
      vertex -35.5749 -15.5749 0
      vertex -35.8055 -15.3204 11
      vertex -35.8055 -15.3204 0
    endloop
  endfacet
  facet normal -0.741046 -0.671454 0
    outer loop
      vertex -35.8055 -15.3204 11
      vertex -35.5749 -15.5749 0
      vertex -35.5749 -15.5749 11
    endloop
  endfacet
  facet normal -0.970074 0.24281 0
    outer loop
      vertex -36.5327 13.7828 0
      vertex -36.4493 14.116 11
      vertex -36.4493 14.116 0
    endloop
  endfacet
  facet normal -0.970074 0.24281 0
    outer loop
      vertex -36.4493 14.116 11
      vertex -36.5327 13.7828 0
      vertex -36.5327 13.7828 11
    endloop
  endfacet
  facet normal -0 0 1
    outer loop
      vertex -36.6 -13.1 11
      vertex -35.8 -13.3 11
      vertex -35.8 -6.5 11
    endloop
  endfacet
  facet normal 0 -0 1
    outer loop
      vertex -36.5831 -13.4431 11
      vertex -35.8 -13.3 11
      vertex -36.6 -13.1 11
    endloop
  endfacet
  facet normal 0 0 1
    outer loop
      vertex -35.8 -13.3 11
      vertex -36.0101 -15.0445 11
      vertex -35.8055 -15.3204 11
    endloop
  endfacet
  facet normal 0 0 1
    outer loop
      vertex -35.8 -13.3 11
      vertex -36.1867 -14.7499 11
      vertex -36.0101 -15.0445 11
    endloop
  endfacet
  facet normal 0 0 1
    outer loop
      vertex -35.8 -13.3 11
      vertex -36.3336 -14.4394 11
      vertex -36.1867 -14.7499 11
    endloop
  endfacet
  facet normal 0 0 1
    outer loop
      vertex -35.8 -13.3 11
      vertex -36.4493 -14.116 11
      vertex -36.3336 -14.4394 11
    endloop
  endfacet
  facet normal 0 0 1
    outer loop
      vertex -35.8 -13.3 11
      vertex -36.5327 -13.7828 11
      vertex -36.4493 -14.116 11
    endloop
  endfacet
  facet normal 0 0 1
    outer loop
      vertex -36.6 -13.1 11
      vertex -35.8 -6.5 11
      vertex -36.6 -6.5 11
    endloop
  endfacet
  facet normal 0 0 1
    outer loop
      vertex -35.8 -13.3 11
      vertex -36.5831 -13.4431 11
      vertex -36.5327 -13.7828 11
    endloop
  endfacet
  facet normal -0 0 1
    outer loop
      vertex 35.8 13.3 11
      vertex 36.6 13.1 11
      vertex 36.5831 13.4431 11
    endloop
  endfacet
  facet normal 0 0 1
    outer loop
      vertex 36.6 13.1 11
      vertex 35.8 13.3 11
      vertex 36.6 -13.1 11
    endloop
  endfacet
  facet normal -0 0 1
    outer loop
      vertex 35.7879 13.545 11
      vertex 36.5831 13.4431 11
      vertex 36.5327 13.7828 11
    endloop
  endfacet
  facet normal 0 0 1
    outer loop
      vertex 35.8 -13.3 11
      vertex 36.6 -13.1 11
      vertex 35.8 13.3 11
    endloop
  endfacet
  facet normal -0 0 1
    outer loop
      vertex 35.752 13.7877 11
      vertex 36.5327 13.7828 11
      vertex 36.4493 14.116 11
    endloop
  endfacet
  facet normal 0 0 1
    outer loop
      vertex 36.6 -13.1 11
      vertex 35.8 -13.3 11
      vertex 36.5831 -13.4431 11
    endloop
  endfacet
  facet normal 0 0 1
    outer loop
      vertex 35.6923 14.0257 11
      vertex 36.4493 14.116 11
      vertex 36.3336 14.4394 11
    endloop
  endfacet
  facet normal 0 0 1
    outer loop
      vertex 35.7879 -13.545 11
      vertex 36.5831 -13.4431 11
      vertex 35.8 -13.3 11
    endloop
  endfacet
  facet normal 0 0 1
    outer loop
      vertex 35.6097 14.2567 11
      vertex 36.3336 14.4394 11
      vertex 36.1867 14.7499 11
    endloop
  endfacet
  facet normal 0 0 1
    outer loop
      vertex 36.5831 -13.4431 11
      vertex 35.7879 -13.545 11
      vertex 36.5327 -13.7828 11
    endloop
  endfacet
  facet normal 0 0 1
    outer loop
      vertex 35.5048 14.4785 11
      vertex 36.1867 14.7499 11
      vertex 36.0101 15.0445 11
    endloop
  endfacet
  facet normal 0 0 1
    outer loop
      vertex 35.752 -13.7877 11
      vertex 36.5327 -13.7828 11
      vertex 35.7879 -13.545 11
    endloop
  endfacet
  facet normal 0 0 1
    outer loop
      vertex 35.3787 14.6889 11
      vertex 36.0101 15.0445 11
      vertex 35.8055 15.3204 11
    endloop
  endfacet
  facet normal 0 0 1
    outer loop
      vertex 36.5327 -13.7828 11
      vertex 35.752 -13.7877 11
      vertex 36.4493 -14.116 11
    endloop
  endfacet
  facet normal -0 0 1
    outer loop
      vertex 35.6923 -14.0257 11
      vertex 36.4493 -14.116 11
      vertex 35.752 -13.7877 11
    endloop
  endfacet
  facet normal 0 0 1
    outer loop
      vertex 36.5831 13.4431 11
      vertex 35.7879 13.545 11
      vertex 35.8 13.3 11
    endloop
  endfacet
  facet normal 0 0 1
    outer loop
      vertex 36.5327 13.7828 11
      vertex 35.752 13.7877 11
      vertex 35.7879 13.545 11
    endloop
  endfacet
  facet normal 0 0 1
    outer loop
      vertex 36.4493 14.116 11
      vertex 35.6923 14.0257 11
      vertex 35.752 13.7877 11
    endloop
  endfacet
  facet normal 0 0 1
    outer loop
      vertex 36.3336 14.4394 11
      vertex 35.6097 14.2567 11
      vertex 35.6923 14.0257 11
    endloop
  endfacet
  facet normal 0 0 1
    outer loop
      vertex 35.2325 14.886 11
      vertex 35.8055 15.3204 11
      vertex 35.5749 15.5749 11
    endloop
  endfacet
  facet normal 0 0 1
    outer loop
      vertex 36.1867 14.7499 11
      vertex 35.5048 14.4785 11
      vertex 35.6097 14.2567 11
    endloop
  endfacet
  facet normal 0 0 1
    outer loop
      vertex 36.0101 15.0445 11
      vertex 35.3787 14.6889 11
      vertex 35.5048 14.4785 11
    endloop
  endfacet
  facet normal 0 0 1
    outer loop
      vertex 34.886 15.2325 11
      vertex 35.5749 15.5749 11
      vertex 35.3204 15.8055 11
    endloop
  endfacet
  facet normal 0 0 1
    outer loop
      vertex 35.8055 15.3204 11
      vertex 35.2325 14.886 11
      vertex 35.3787 14.6889 11
    endloop
  endfacet
  facet normal 0 0 1
    outer loop
      vertex 35.5749 15.5749 11
      vertex 35.0677 15.0677 11
      vertex 35.2325 14.886 11
    endloop
  endfacet
  facet normal 0 0 1
    outer loop
      vertex 34.6889 15.3787 11
      vertex 35.3204 15.8055 11
      vertex 35.0445 16.0101 11
    endloop
  endfacet
  facet normal 0 0 1
    outer loop
      vertex 35.5749 15.5749 11
      vertex 34.886 15.2325 11
      vertex 35.0677 15.0677 11
    endloop
  endfacet
  facet normal 0 0 1
    outer loop
      vertex 34.4785 15.5048 11
      vertex 35.0445 16.0101 11
      vertex 34.7499 16.1867 11
    endloop
  endfacet
  facet normal 0 0 1
    outer loop
      vertex 35.3204 15.8055 11
      vertex 34.6889 15.3787 11
      vertex 34.886 15.2325 11
    endloop
  endfacet
  facet normal 0 0 1
    outer loop
      vertex 35.0445 16.0101 11
      vertex 34.4785 15.5048 11
      vertex 34.6889 15.3787 11
    endloop
  endfacet
  facet normal 0 0 1
    outer loop
      vertex 34.2567 15.6097 11
      vertex 34.7499 16.1867 11
      vertex 34.4394 16.3336 11
    endloop
  endfacet
  facet normal 0 0 1
    outer loop
      vertex 34.7499 16.1867 11
      vertex 34.2567 15.6097 11
      vertex 34.4785 15.5048 11
    endloop
  endfacet
  facet normal 0 0 1
    outer loop
      vertex 34.0257 15.6923 11
      vertex 34.4394 16.3336 11
      vertex 34.116 16.4493 11
    endloop
  endfacet
  facet normal 0 0 1
    outer loop
      vertex 34.4394 16.3336 11
      vertex 34.0257 15.6923 11
      vertex 34.2567 15.6097 11
    endloop
  endfacet
  facet normal 0 0 1
    outer loop
      vertex 34.116 16.4493 11
      vertex 33.7877 15.752 11
      vertex 34.0257 15.6923 11
    endloop
  endfacet
  facet normal 0 0 1
    outer loop
      vertex 33.7828 16.5327 11
      vertex 33.7877 15.752 11
      vertex 34.116 16.4493 11
    endloop
  endfacet
  facet normal 0 0 1
    outer loop
      vertex 33.7828 16.5327 11
      vertex 33.545 15.7879 11
      vertex 33.7877 15.752 11
    endloop
  endfacet
  facet normal 0 0 1
    outer loop
      vertex 33.4431 16.5831 11
      vertex 33.545 15.7879 11
      vertex 33.7828 16.5327 11
    endloop
  endfacet
  facet normal 0 0 1
    outer loop
      vertex 33.4431 16.5831 11
      vertex 33.3 15.8 11
      vertex 33.545 15.7879 11
    endloop
  endfacet
  facet normal 0 0 1
    outer loop
      vertex 33.1 16.6 11
      vertex 33.3 15.8 11
      vertex 33.4431 16.5831 11
    endloop
  endfacet
  facet normal -0 0 1
    outer loop
      vertex -33.1 16.6 11
      vertex 33.3 15.8 11
      vertex 33.1 16.6 11
    endloop
  endfacet
  facet normal 0 0 1
    outer loop
      vertex -33.1 16.6 11
      vertex -33.3 15.8 11
      vertex 33.3 15.8 11
    endloop
  endfacet
  facet normal -0 0 1
    outer loop
      vertex -33.4431 16.5831 11
      vertex -33.3 15.8 11
      vertex -33.1 16.6 11
    endloop
  endfacet
  facet normal 0 0 1
    outer loop
      vertex -33.4431 16.5831 11
      vertex -33.545 15.7879 11
      vertex -33.3 15.8 11
    endloop
  endfacet
  facet normal -0 0 1
    outer loop
      vertex -33.7828 16.5327 11
      vertex -33.545 15.7879 11
      vertex -33.4431 16.5831 11
    endloop
  endfacet
  facet normal 0 0 1
    outer loop
      vertex -33.7828 16.5327 11
      vertex -33.7877 15.752 11
      vertex -33.545 15.7879 11
    endloop
  endfacet
  facet normal -0 0 1
    outer loop
      vertex -34.116 16.4493 11
      vertex -33.7877 15.752 11
      vertex -33.7828 16.5327 11
    endloop
  endfacet
  facet normal 0 0 1
    outer loop
      vertex -33.7877 15.752 11
      vertex -34.116 16.4493 11
      vertex -34.0257 15.6923 11
    endloop
  endfacet
  facet normal -0 0 1
    outer loop
      vertex -34.4394 16.3336 11
      vertex -34.0257 15.6923 11
      vertex -34.116 16.4493 11
    endloop
  endfacet
  facet normal 0 0 1
    outer loop
      vertex -34.0257 15.6923 11
      vertex -34.4394 16.3336 11
      vertex -34.2567 15.6097 11
    endloop
  endfacet
  facet normal -0 0 1
    outer loop
      vertex -34.7499 16.1867 11
      vertex -34.2567 15.6097 11
      vertex -34.4394 16.3336 11
    endloop
  endfacet
  facet normal 0 0 1
    outer loop
      vertex -34.2567 15.6097 11
      vertex -34.7499 16.1867 11
      vertex -34.4785 15.5048 11
    endloop
  endfacet
  facet normal -0 0 1
    outer loop
      vertex -35.0445 16.0101 11
      vertex -34.4785 15.5048 11
      vertex -34.7499 16.1867 11
    endloop
  endfacet
  facet normal 0 0 1
    outer loop
      vertex -34.4785 15.5048 11
      vertex -35.0445 16.0101 11
      vertex -34.6889 15.3787 11
    endloop
  endfacet
  facet normal -0 0 1
    outer loop
      vertex -35.3204 15.8055 11
      vertex -34.6889 15.3787 11
      vertex -35.0445 16.0101 11
    endloop
  endfacet
  facet normal 0 0 1
    outer loop
      vertex -34.6889 15.3787 11
      vertex -35.3204 15.8055 11
      vertex -34.886 15.2325 11
    endloop
  endfacet
  facet normal -0 0 1
    outer loop
      vertex -35.5749 15.5749 11
      vertex -34.886 15.2325 11
      vertex -35.3204 15.8055 11
    endloop
  endfacet
  facet normal 0 0 1
    outer loop
      vertex -34.886 15.2325 11
      vertex -35.5749 15.5749 11
      vertex -35.0677 15.0677 11
    endloop
  endfacet
  facet normal 0 0 1
    outer loop
      vertex -35.0677 15.0677 11
      vertex -35.5749 15.5749 11
      vertex -35.2325 14.886 11
    endloop
  endfacet
  facet normal -0 0 1
    outer loop
      vertex -35.8055 15.3204 11
      vertex -35.2325 14.886 11
      vertex -35.5749 15.5749 11
    endloop
  endfacet
  facet normal 0 0 1
    outer loop
      vertex -35.2325 14.886 11
      vertex -35.8055 15.3204 11
      vertex -35.3787 14.6889 11
    endloop
  endfacet
  facet normal -0 0 1
    outer loop
      vertex -36.0101 15.0445 11
      vertex -35.3787 14.6889 11
      vertex -35.8055 15.3204 11
    endloop
  endfacet
  facet normal 0 0 1
    outer loop
      vertex -35.3787 14.6889 11
      vertex -36.0101 15.0445 11
      vertex -35.5048 14.4785 11
    endloop
  endfacet
  facet normal -0 0 1
    outer loop
      vertex -36.1867 14.7499 11
      vertex -35.5048 14.4785 11
      vertex -36.0101 15.0445 11
    endloop
  endfacet
  facet normal 0 0 1
    outer loop
      vertex -35.5048 14.4785 11
      vertex -36.1867 14.7499 11
      vertex -35.6097 14.2567 11
    endloop
  endfacet
  facet normal -0 0 1
    outer loop
      vertex -36.3336 14.4394 11
      vertex -35.6097 14.2567 11
      vertex -36.1867 14.7499 11
    endloop
  endfacet
  facet normal 0 0 1
    outer loop
      vertex -35.6097 14.2567 11
      vertex -36.3336 14.4394 11
      vertex -35.6923 14.0257 11
    endloop
  endfacet
  facet normal -0 0 1
    outer loop
      vertex -36.4493 14.116 11
      vertex -35.6923 14.0257 11
      vertex -36.3336 14.4394 11
    endloop
  endfacet
  facet normal 0 0 1
    outer loop
      vertex -35.6923 14.0257 11
      vertex -36.4493 14.116 11
      vertex -35.752 13.7877 11
    endloop
  endfacet
  facet normal 0 0 1
    outer loop
      vertex -36.5327 13.7828 11
      vertex -35.752 13.7877 11
      vertex -36.4493 14.116 11
    endloop
  endfacet
  facet normal 0 0 1
    outer loop
      vertex -35.752 13.7877 11
      vertex -36.5327 13.7828 11
      vertex -35.7879 13.545 11
    endloop
  endfacet
  facet normal 0 0 1
    outer loop
      vertex -36.5831 13.4431 11
      vertex -35.7879 13.545 11
      vertex -36.5327 13.7828 11
    endloop
  endfacet
  facet normal 0 0 1
    outer loop
      vertex -35.7879 13.545 11
      vertex -36.5831 13.4431 11
      vertex -35.8 13.3 11
    endloop
  endfacet
  facet normal 0 0 1
    outer loop
      vertex -35.8 13.3 11
      vertex -36.5831 13.4431 11
      vertex -36.6 13.1 11
    endloop
  endfacet
  facet normal 0 0 1
    outer loop
      vertex -35.8 13.3 11
      vertex -36.6 13.1 11
      vertex -35.8 6.5 11
    endloop
  endfacet
  facet normal 0 0 1
    outer loop
      vertex -35.8 6.5 11
      vertex -36.6 13.1 11
      vertex -36.6 6.5 11
    endloop
  endfacet
  facet normal 0 0 1
    outer loop
      vertex 36.4493 -14.116 11
      vertex 35.6923 -14.0257 11
      vertex 36.3336 -14.4394 11
    endloop
  endfacet
  facet normal -0 0 1
    outer loop
      vertex 35.6097 -14.2567 11
      vertex 36.3336 -14.4394 11
      vertex 35.6923 -14.0257 11
    endloop
  endfacet
  facet normal 0 0 1
    outer loop
      vertex 36.3336 -14.4394 11
      vertex 35.6097 -14.2567 11
      vertex 36.1867 -14.7499 11
    endloop
  endfacet
  facet normal -0 0 1
    outer loop
      vertex 35.5048 -14.4785 11
      vertex 36.1867 -14.7499 11
      vertex 35.6097 -14.2567 11
    endloop
  endfacet
  facet normal 0 0 1
    outer loop
      vertex 36.1867 -14.7499 11
      vertex 35.5048 -14.4785 11
      vertex 36.0101 -15.0445 11
    endloop
  endfacet
  facet normal -0 0 1
    outer loop
      vertex 35.3787 -14.6889 11
      vertex 36.0101 -15.0445 11
      vertex 35.5048 -14.4785 11
    endloop
  endfacet
  facet normal 0 0 1
    outer loop
      vertex 36.0101 -15.0445 11
      vertex 35.3787 -14.6889 11
      vertex 35.8055 -15.3204 11
    endloop
  endfacet
  facet normal -0 0 1
    outer loop
      vertex 35.2325 -14.886 11
      vertex 35.8055 -15.3204 11
      vertex 35.3787 -14.6889 11
    endloop
  endfacet
  facet normal 0 0 1
    outer loop
      vertex 35.8055 -15.3204 11
      vertex 35.2325 -14.886 11
      vertex 35.5749 -15.5749 11
    endloop
  endfacet
  facet normal -0 0 1
    outer loop
      vertex 35.0677 -15.0677 11
      vertex 35.5749 -15.5749 11
      vertex 35.2325 -14.886 11
    endloop
  endfacet
  facet normal -0 0 1
    outer loop
      vertex 34.886 -15.2325 11
      vertex 35.5749 -15.5749 11
      vertex 35.0677 -15.0677 11
    endloop
  endfacet
  facet normal 0 0 1
    outer loop
      vertex 35.5749 -15.5749 11
      vertex 34.886 -15.2325 11
      vertex 35.3204 -15.8055 11
    endloop
  endfacet
  facet normal -0 0 1
    outer loop
      vertex 34.6889 -15.3787 11
      vertex 35.3204 -15.8055 11
      vertex 34.886 -15.2325 11
    endloop
  endfacet
  facet normal 0 0 1
    outer loop
      vertex 35.3204 -15.8055 11
      vertex 34.6889 -15.3787 11
      vertex 35.0445 -16.0101 11
    endloop
  endfacet
  facet normal -0 0 1
    outer loop
      vertex 34.4785 -15.5048 11
      vertex 35.0445 -16.0101 11
      vertex 34.6889 -15.3787 11
    endloop
  endfacet
  facet normal 0 0 1
    outer loop
      vertex 35.0445 -16.0101 11
      vertex 34.4785 -15.5048 11
      vertex 34.7499 -16.1867 11
    endloop
  endfacet
  facet normal -0 0 1
    outer loop
      vertex 34.2567 -15.6097 11
      vertex 34.7499 -16.1867 11
      vertex 34.4785 -15.5048 11
    endloop
  endfacet
  facet normal 0 0 1
    outer loop
      vertex 34.7499 -16.1867 11
      vertex 34.2567 -15.6097 11
      vertex 34.4394 -16.3336 11
    endloop
  endfacet
  facet normal -0 0 1
    outer loop
      vertex 34.0257 -15.6923 11
      vertex 34.4394 -16.3336 11
      vertex 34.2567 -15.6097 11
    endloop
  endfacet
  facet normal 0 0 1
    outer loop
      vertex 34.4394 -16.3336 11
      vertex 34.0257 -15.6923 11
      vertex 34.116 -16.4493 11
    endloop
  endfacet
  facet normal -0 0 1
    outer loop
      vertex 33.7877 -15.752 11
      vertex 34.116 -16.4493 11
      vertex 34.0257 -15.6923 11
    endloop
  endfacet
  facet normal 0 0 1
    outer loop
      vertex 33.7877 -15.752 11
      vertex 33.7828 -16.5327 11
      vertex 34.116 -16.4493 11
    endloop
  endfacet
  facet normal -0 0 1
    outer loop
      vertex 33.545 -15.7879 11
      vertex 33.7828 -16.5327 11
      vertex 33.7877 -15.752 11
    endloop
  endfacet
  facet normal 0 0 1
    outer loop
      vertex 33.545 -15.7879 11
      vertex 33.4431 -16.5831 11
      vertex 33.7828 -16.5327 11
    endloop
  endfacet
  facet normal -0 0 1
    outer loop
      vertex 33.3 -15.8 11
      vertex 33.4431 -16.5831 11
      vertex 33.545 -15.7879 11
    endloop
  endfacet
  facet normal 0 0 1
    outer loop
      vertex 33.3 -15.8 11
      vertex 33.1 -16.6 11
      vertex 33.4431 -16.5831 11
    endloop
  endfacet
  facet normal 0 0 1
    outer loop
      vertex 33.3 -15.8 11
      vertex -33.1 -16.6 11
      vertex 33.1 -16.6 11
    endloop
  endfacet
  facet normal -0 0 1
    outer loop
      vertex -33.3 -15.8 11
      vertex -33.1 -16.6 11
      vertex 33.3 -15.8 11
    endloop
  endfacet
  facet normal 0 0 1
    outer loop
      vertex -33.3 -15.8 11
      vertex -33.4431 -16.5831 11
      vertex -33.1 -16.6 11
    endloop
  endfacet
  facet normal 0 0 1
    outer loop
      vertex -33.545 -15.7879 11
      vertex -33.4431 -16.5831 11
      vertex -33.3 -15.8 11
    endloop
  endfacet
  facet normal 0 0 1
    outer loop
      vertex -33.545 -15.7879 11
      vertex -33.7828 -16.5327 11
      vertex -33.4431 -16.5831 11
    endloop
  endfacet
  facet normal 0 0 1
    outer loop
      vertex -33.7877 -15.752 11
      vertex -33.7828 -16.5327 11
      vertex -33.545 -15.7879 11
    endloop
  endfacet
  facet normal 0 0 1
    outer loop
      vertex -34.116 -16.4493 11
      vertex -33.7877 -15.752 11
      vertex -34.0257 -15.6923 11
    endloop
  endfacet
  facet normal 0 0 1
    outer loop
      vertex -33.7877 -15.752 11
      vertex -34.116 -16.4493 11
      vertex -33.7828 -16.5327 11
    endloop
  endfacet
  facet normal 0 0 1
    outer loop
      vertex -34.4394 -16.3336 11
      vertex -34.0257 -15.6923 11
      vertex -34.2567 -15.6097 11
    endloop
  endfacet
  facet normal 0 0 1
    outer loop
      vertex -34.0257 -15.6923 11
      vertex -34.4394 -16.3336 11
      vertex -34.116 -16.4493 11
    endloop
  endfacet
  facet normal 0 0 1
    outer loop
      vertex -34.7499 -16.1867 11
      vertex -34.2567 -15.6097 11
      vertex -34.4785 -15.5048 11
    endloop
  endfacet
  facet normal 0 0 1
    outer loop
      vertex -35.0445 -16.0101 11
      vertex -34.4785 -15.5048 11
      vertex -34.6889 -15.3787 11
    endloop
  endfacet
  facet normal 0 0 1
    outer loop
      vertex -34.2567 -15.6097 11
      vertex -34.7499 -16.1867 11
      vertex -34.4394 -16.3336 11
    endloop
  endfacet
  facet normal 0 0 1
    outer loop
      vertex -35.3204 -15.8055 11
      vertex -34.6889 -15.3787 11
      vertex -34.886 -15.2325 11
    endloop
  endfacet
  facet normal 0 0 1
    outer loop
      vertex -34.4785 -15.5048 11
      vertex -35.0445 -16.0101 11
      vertex -34.7499 -16.1867 11
    endloop
  endfacet
  facet normal 0 0 1
    outer loop
      vertex -35.5749 -15.5749 11
      vertex -34.886 -15.2325 11
      vertex -35.0677 -15.0677 11
    endloop
  endfacet
  facet normal 0 0 1
    outer loop
      vertex -35.5749 -15.5749 11
      vertex -35.0677 -15.0677 11
      vertex -35.2325 -14.886 11
    endloop
  endfacet
  facet normal 0 0 1
    outer loop
      vertex -34.6889 -15.3787 11
      vertex -35.3204 -15.8055 11
      vertex -35.0445 -16.0101 11
    endloop
  endfacet
  facet normal 0 0 1
    outer loop
      vertex -35.8055 -15.3204 11
      vertex -35.2325 -14.886 11
      vertex -35.3787 -14.6889 11
    endloop
  endfacet
  facet normal 0 0 1
    outer loop
      vertex -35.8055 -15.3204 11
      vertex -35.3787 -14.6889 11
      vertex -35.5048 -14.4785 11
    endloop
  endfacet
  facet normal 0 0 1
    outer loop
      vertex -34.886 -15.2325 11
      vertex -35.5749 -15.5749 11
      vertex -35.3204 -15.8055 11
    endloop
  endfacet
  facet normal 0 0 1
    outer loop
      vertex -35.8055 -15.3204 11
      vertex -35.5048 -14.4785 11
      vertex -35.6097 -14.2567 11
    endloop
  endfacet
  facet normal 0 0 1
    outer loop
      vertex -35.8055 -15.3204 11
      vertex -35.6097 -14.2567 11
      vertex -35.6923 -14.0257 11
    endloop
  endfacet
  facet normal 0 0 1
    outer loop
      vertex -35.8055 -15.3204 11
      vertex -35.6923 -14.0257 11
      vertex -35.752 -13.7877 11
    endloop
  endfacet
  facet normal 0 0 1
    outer loop
      vertex -35.8055 -15.3204 11
      vertex -35.752 -13.7877 11
      vertex -35.7879 -13.545 11
    endloop
  endfacet
  facet normal 0 0 1
    outer loop
      vertex -35.2325 -14.886 11
      vertex -35.8055 -15.3204 11
      vertex -35.5749 -15.5749 11
    endloop
  endfacet
  facet normal 0 0 1
    outer loop
      vertex -35.8055 -15.3204 11
      vertex -35.7879 -13.545 11
      vertex -35.8 -13.3 11
    endloop
  endfacet
  facet normal 0.595659 -0.803237 0
    outer loop
      vertex 35.0445 -16.0101 0
      vertex 35.3204 -15.8055 11
      vertex 35.0445 -16.0101 11
    endloop
  endfacet
  facet normal 0.595659 -0.803237 0
    outer loop
      vertex 35.3204 -15.8055 11
      vertex 35.0445 -16.0101 0
      vertex 35.3204 -15.8055 0
    endloop
  endfacet
  facet normal -0.671454 -0.741046 0
    outer loop
      vertex -35.5749 -15.5749 0
      vertex -35.3204 -15.8055 11
      vertex -35.5749 -15.5749 11
    endloop
  endfacet
  facet normal -0.671454 -0.741046 -0
    outer loop
      vertex -35.3204 -15.8055 11
      vertex -35.5749 -15.5749 0
      vertex -35.3204 -15.8055 0
    endloop
  endfacet
  facet normal -0.989172 0.14676 0
    outer loop
      vertex -36.5831 13.4431 0
      vertex -36.5327 13.7828 11
      vertex -36.5327 13.7828 0
    endloop
  endfacet
  facet normal -0.989172 0.14676 0
    outer loop
      vertex -36.5327 13.7828 11
      vertex -36.5831 13.4431 0
      vertex -36.5831 13.4431 11
    endloop
  endfacet
  facet normal 0.941557 -0.336853 0
    outer loop
      vertex 36.3336 -14.4394 11
      vertex 36.4493 -14.116 0
      vertex 36.4493 -14.116 11
    endloop
  endfacet
  facet normal 0.941557 -0.336853 0
    outer loop
      vertex 36.4493 -14.116 0
      vertex 36.3336 -14.4394 11
      vertex 36.3336 -14.4394 0
    endloop
  endfacet
  facet normal 0.803237 -0.595659 0
    outer loop
      vertex 35.8055 -15.3204 11
      vertex 36.0101 -15.0445 0
      vertex 36.0101 -15.0445 11
    endloop
  endfacet
  facet normal 0.803237 -0.595659 0
    outer loop
      vertex 36.0101 -15.0445 0
      vertex 35.8055 -15.3204 11
      vertex 35.8055 -15.3204 0
    endloop
  endfacet
  facet normal -0.595659 0.803237 0
    outer loop
      vertex -35.0445 16.0101 0
      vertex -35.3204 15.8055 11
      vertex -35.0445 16.0101 11
    endloop
  endfacet
  facet normal -0.595659 0.803237 0
    outer loop
      vertex -35.3204 15.8055 11
      vertex -35.0445 16.0101 0
      vertex -35.3204 15.8055 0
    endloop
  endfacet
  facet normal -0.998789 -0.0491971 0
    outer loop
      vertex -36.5831 -13.4431 0
      vertex -36.6 -13.1 11
      vertex -36.6 -13.1 0
    endloop
  endfacet
  facet normal -0.998789 -0.0491971 0
    outer loop
      vertex -36.6 -13.1 11
      vertex -36.5831 -13.4431 0
      vertex -36.5831 -13.4431 11
    endloop
  endfacet
  facet normal -0.903939 0.427661 0
    outer loop
      vertex -36.3336 14.4394 0
      vertex -36.1867 14.7499 11
      vertex -36.1867 14.7499 0
    endloop
  endfacet
  facet normal -0.903939 0.427661 0
    outer loop
      vertex -36.1867 14.7499 11
      vertex -36.3336 14.4394 0
      vertex -36.3336 14.4394 11
    endloop
  endfacet
  facet normal 0.741046 -0.671454 0
    outer loop
      vertex 35.5749 -15.5749 11
      vertex 35.8055 -15.3204 0
      vertex 35.8055 -15.3204 11
    endloop
  endfacet
  facet normal 0.741046 -0.671454 0
    outer loop
      vertex 35.8055 -15.3204 0
      vertex 35.5749 -15.5749 11
      vertex 35.5749 -15.5749 0
    endloop
  endfacet
  facet normal -0.514153 0.857698 0
    outer loop
      vertex -34.7499 16.1867 0
      vertex -35.0445 16.0101 11
      vertex -34.7499 16.1867 11
    endloop
  endfacet
  facet normal -0.514153 0.857698 0
    outer loop
      vertex -35.0445 16.0101 11
      vertex -34.7499 16.1867 0
      vertex -35.0445 16.0101 0
    endloop
  endfacet
  facet normal 0.595659 0.803237 -0
    outer loop
      vertex 35.3204 15.8055 0
      vertex 35.0445 16.0101 11
      vertex 35.3204 15.8055 11
    endloop
  endfacet
  facet normal 0.595659 0.803237 0
    outer loop
      vertex 35.0445 16.0101 11
      vertex 35.3204 15.8055 0
      vertex 35.0445 16.0101 0
    endloop
  endfacet
  facet normal -0.941557 0.336853 0
    outer loop
      vertex -36.4493 14.116 0
      vertex -36.3336 14.4394 11
      vertex -36.3336 14.4394 0
    endloop
  endfacet
  facet normal -0.941557 0.336853 0
    outer loop
      vertex -36.3336 14.4394 11
      vertex -36.4493 14.116 0
      vertex -36.4493 14.116 11
    endloop
  endfacet
  facet normal 0.671454 -0.741046 0
    outer loop
      vertex 35.3204 -15.8055 0
      vertex 35.5749 -15.5749 11
      vertex 35.3204 -15.8055 11
    endloop
  endfacet
  facet normal 0.671454 -0.741046 0
    outer loop
      vertex 35.5749 -15.5749 11
      vertex 35.3204 -15.8055 0
      vertex 35.5749 -15.5749 0
    endloop
  endfacet
  facet normal -0.970074 -0.24281 0
    outer loop
      vertex -36.4493 -14.116 0
      vertex -36.5327 -13.7828 11
      vertex -36.5327 -13.7828 0
    endloop
  endfacet
  facet normal -0.970074 -0.24281 0
    outer loop
      vertex -36.5327 -13.7828 11
      vertex -36.4493 -14.116 0
      vertex -36.4493 -14.116 11
    endloop
  endfacet
  facet normal 0.970074 -0.24281 0
    outer loop
      vertex 36.4493 -14.116 11
      vertex 36.5327 -13.7828 0
      vertex 36.5327 -13.7828 11
    endloop
  endfacet
  facet normal 0.970074 -0.24281 0
    outer loop
      vertex 36.5327 -13.7828 0
      vertex 36.4493 -14.116 11
      vertex 36.4493 -14.116 0
    endloop
  endfacet
  facet normal 0 0 -1
    outer loop
      vertex -29.0409 -9.22208 0
      vertex -27.5311 -8.46445 0
      vertex -28.8737 -9.37366 0
    endloop
  endfacet
  facet normal 0 0 -1
    outer loop
      vertex -27.5923 7.84317 0
      vertex -28.2111 10.7746 0
      vertex -28.2 11 0
    endloop
  endfacet
  facet normal -0 0 -1
    outer loop
      vertex -27.5311 -8.46445 0
      vertex -29.0409 -9.22208 0
      vertex -27.5693 -8.31214 0
    endloop
  endfacet
  facet normal 0 0 -1
    outer loop
      vertex -27.5923 7.84317 0
      vertex -28.2442 10.5513 0
      vertex -28.2111 10.7746 0
    endloop
  endfacet
  facet normal -0 0 -1
    outer loop
      vertex -27.5693 -8.31214 0
      vertex -29.0409 -9.22208 0
      vertex -27.5923 -8.15683 0
    endloop
  endfacet
  facet normal 0 0 -1
    outer loop
      vertex -27.5923 7.84317 0
      vertex -28.299 10.3323 0
      vertex -28.2442 10.5513 0
    endloop
  endfacet
  facet normal 0 0 -1
    outer loop
      vertex -29.2222 -9.08762 0
      vertex -27.5923 -8.15683 0
      vertex -29.0409 -9.22208 0
    endloop
  endfacet
  facet normal 0 0 -1
    outer loop
      vertex -27.5923 7.84317 0
      vertex -28.3751 10.1198 0
      vertex -28.299 10.3323 0
    endloop
  endfacet
  facet normal -0 0 -1
    outer loop
      vertex -27.5923 -8.15683 0
      vertex -29.2222 -9.08762 0
      vertex -27.6 -8 0
    endloop
  endfacet
  facet normal 0 0 -1
    outer loop
      vertex -27.5923 7.84317 0
      vertex -28.4716 9.91579 0
      vertex -28.3751 10.1198 0
    endloop
  endfacet
  facet normal 0 0 -1
    outer loop
      vertex -29.4158 -8.97158 0
      vertex -27.6 -8 0
      vertex -29.2222 -9.08762 0
    endloop
  endfacet
  facet normal 0 0 -1
    outer loop
      vertex -27.5923 7.84317 0
      vertex -28.5876 9.72219 0
      vertex -28.4716 9.91579 0
    endloop
  endfacet
  facet normal -0 0 -1
    outer loop
      vertex -27.6 -8 0
      vertex -29.4158 -8.97158 0
      vertex -27.5923 -7.84317 0
    endloop
  endfacet
  facet normal 0 0 -1
    outer loop
      vertex -27.5923 7.84317 0
      vertex -28.7221 9.5409 0
      vertex -28.5876 9.72219 0
    endloop
  endfacet
  facet normal 0 0 -1
    outer loop
      vertex -29.6198 -8.87508 0
      vertex -27.5923 -7.84317 0
      vertex -29.4158 -8.97158 0
    endloop
  endfacet
  facet normal 0 0 -1
    outer loop
      vertex -27.5923 7.84317 0
      vertex -28.8737 9.37366 0
      vertex -28.7221 9.5409 0
    endloop
  endfacet
  facet normal -0 0 -1
    outer loop
      vertex -27.5923 -7.84317 0
      vertex -29.6198 -8.87508 0
      vertex -27.5693 -7.68785 0
    endloop
  endfacet
  facet normal 0 0 -1
    outer loop
      vertex -27.5923 7.84317 0
      vertex -29.0409 9.22208 0
      vertex -28.8737 9.37366 0
    endloop
  endfacet
  facet normal 0 0 -1
    outer loop
      vertex -29.8323 -8.79904 0
      vertex -27.5693 -7.68785 0
      vertex -29.6198 -8.87508 0
    endloop
  endfacet
  facet normal 0 0 -1
    outer loop
      vertex -27.5923 7.84317 0
      vertex -29.2222 9.08762 0
      vertex -29.0409 9.22208 0
    endloop
  endfacet
  facet normal 0 0 -1
    outer loop
      vertex -30.0513 -8.74419 0
      vertex -27.5693 -7.68785 0
      vertex -29.8323 -8.79904 0
    endloop
  endfacet
  facet normal 0 0 -1
    outer loop
      vertex -27.5923 7.84317 0
      vertex -29.4158 8.97158 0
      vertex -29.2222 9.08762 0
    endloop
  endfacet
  facet normal 0 0 -1
    outer loop
      vertex -30.2746 -8.71108 0
      vertex -27.5693 -7.68785 0
      vertex -30.0513 -8.74419 0
    endloop
  endfacet
  facet normal 0 0 -1
    outer loop
      vertex -27.5923 7.84317 0
      vertex -29.6198 8.87508 0
      vertex -29.4158 8.97158 0
    endloop
  endfacet
  facet normal 0 0 -1
    outer loop
      vertex -30.5 -8.7 0
      vertex -27.5693 -7.68785 0
      vertex -30.2746 -8.71108 0
    endloop
  endfacet
  facet normal 0 0 -1
    outer loop
      vertex -27.5693 7.68785 0
      vertex -29.6198 8.87508 0
      vertex -27.5923 7.84317 0
    endloop
  endfacet
  facet normal 0 0 -1
    outer loop
      vertex -30.7254 -8.71108 0
      vertex -27.5693 -7.68785 0
      vertex -30.5 -8.7 0
    endloop
  endfacet
  facet normal 0 -0 -1
    outer loop
      vertex -29.6198 8.87508 0
      vertex -27.5693 7.68785 0
      vertex -29.8323 8.79904 0
    endloop
  endfacet
  facet normal -0 0 -1
    outer loop
      vertex -27.5693 -7.68785 0
      vertex -30.7254 -8.71108 0
      vertex -27.5693 7.68785 0
    endloop
  endfacet
  facet normal 0 -0 -1
    outer loop
      vertex -29.8323 8.79904 0
      vertex -27.5693 7.68785 0
      vertex -30.0513 8.74419 0
    endloop
  endfacet
  facet normal 0 0 -1
    outer loop
      vertex -30.7254 8.71108 0
      vertex -27.5693 7.68785 0
      vertex -30.7254 -8.71108 0
    endloop
  endfacet
  facet normal 0 -0 -1
    outer loop
      vertex -30.0513 8.74419 0
      vertex -27.5693 7.68785 0
      vertex -30.2746 8.71108 0
    endloop
  endfacet
  facet normal -0 -0 -1
    outer loop
      vertex -30.5 8.7 0
      vertex -27.5693 7.68785 0
      vertex -30.7254 8.71108 0
    endloop
  endfacet
  facet normal 0 -0 -1
    outer loop
      vertex -30.2746 8.71108 0
      vertex -27.5693 7.68785 0
      vertex -30.5 8.7 0
    endloop
  endfacet
  facet normal 0 0 -1
    outer loop
      vertex -30.9487 -8.74419 0
      vertex -30.7254 8.71108 0
      vertex -30.7254 -8.71108 0
    endloop
  endfacet
  facet normal 0 0 -1
    outer loop
      vertex -30.9487 -8.74419 0
      vertex -30.9487 8.74419 0
      vertex -30.7254 8.71108 0
    endloop
  endfacet
  facet normal 0 0 -1
    outer loop
      vertex -31.1677 -8.79904 0
      vertex -30.9487 8.74419 0
      vertex -30.9487 -8.74419 0
    endloop
  endfacet
  facet normal 0 0 -1
    outer loop
      vertex -31.1677 -8.79904 0
      vertex -31.1677 8.79904 0
      vertex -30.9487 8.74419 0
    endloop
  endfacet
  facet normal 0 0 -1
    outer loop
      vertex -31.3802 -8.87508 0
      vertex -31.1677 8.79904 0
      vertex -31.1677 -8.79904 0
    endloop
  endfacet
  facet normal 0 0 -1
    outer loop
      vertex -31.3802 -8.87508 0
      vertex -31.3802 8.87508 0
      vertex -31.1677 8.79904 0
    endloop
  endfacet
  facet normal 0 0 -1
    outer loop
      vertex -31.5842 -8.97158 0
      vertex -31.3802 8.87508 0
      vertex -31.3802 -8.87508 0
    endloop
  endfacet
  facet normal 0 0 -1
    outer loop
      vertex -31.5842 -8.97158 0
      vertex -31.5842 8.97158 0
      vertex -31.3802 8.87508 0
    endloop
  endfacet
  facet normal 0 0 -1
    outer loop
      vertex -31.7778 -9.08762 0
      vertex -31.5842 8.97158 0
      vertex -31.5842 -8.97158 0
    endloop
  endfacet
  facet normal 0 0 -1
    outer loop
      vertex -31.7778 -9.08762 0
      vertex -31.7778 9.08762 0
      vertex -31.5842 8.97158 0
    endloop
  endfacet
  facet normal 0 0 -1
    outer loop
      vertex -31.9591 -9.22208 0
      vertex -31.7778 9.08762 0
      vertex -31.7778 -9.08762 0
    endloop
  endfacet
  facet normal 0 0 -1
    outer loop
      vertex -31.9591 -9.22208 0
      vertex -31.9591 9.22208 0
      vertex -31.7778 9.08762 0
    endloop
  endfacet
  facet normal 0 0 -1
    outer loop
      vertex -32.1263 -9.37366 0
      vertex -31.9591 9.22208 0
      vertex -31.9591 -9.22208 0
    endloop
  endfacet
  facet normal 0 0 -1
    outer loop
      vertex -32.1263 -9.37366 0
      vertex -32.1263 9.37366 0
      vertex -31.9591 9.22208 0
    endloop
  endfacet
  facet normal 0 0 -1
    outer loop
      vertex -32.2779 -9.5409 0
      vertex -32.1263 9.37366 0
      vertex -32.1263 -9.37366 0
    endloop
  endfacet
  facet normal 0 0 -1
    outer loop
      vertex -32.2779 -9.5409 0
      vertex -32.2779 9.5409 0
      vertex -32.1263 9.37366 0
    endloop
  endfacet
  facet normal 0 0 -1
    outer loop
      vertex -36.6 -13.1 0
      vertex -32.2779 -9.5409 0
      vertex -32.4124 -9.72219 0
    endloop
  endfacet
  facet normal -0 0 -1
    outer loop
      vertex -32.2779 -9.5409 0
      vertex -36.6 -13.1 0
      vertex -32.2779 9.5409 0
    endloop
  endfacet
  facet normal 0 0 -1
    outer loop
      vertex -36.6 -13.1 0
      vertex -32.4124 -9.72219 0
      vertex -32.5284 -9.91579 0
    endloop
  endfacet
  facet normal 0 0 -1
    outer loop
      vertex -36.6 13.1 0
      vertex -32.2779 9.5409 0
      vertex -36.6 -13.1 0
    endloop
  endfacet
  facet normal 0 0 -1
    outer loop
      vertex -36.6 -13.1 0
      vertex -32.5284 -9.91579 0
      vertex -32.6249 -10.1198 0
    endloop
  endfacet
  facet normal 0 0 -1
    outer loop
      vertex -32.2779 9.5409 0
      vertex -36.6 13.1 0
      vertex -32.4124 9.72219 0
    endloop
  endfacet
  facet normal 0 0 -1
    outer loop
      vertex -36.6 -13.1 0
      vertex -32.6249 -10.1198 0
      vertex -32.701 -10.3323 0
    endloop
  endfacet
  facet normal 0 0 -1
    outer loop
      vertex -32.4124 9.72219 0
      vertex -36.6 13.1 0
      vertex -32.5284 9.91579 0
    endloop
  endfacet
  facet normal 0 0 -1
    outer loop
      vertex -36.6 -13.1 0
      vertex -32.701 -10.3323 0
      vertex -32.7558 -10.5513 0
    endloop
  endfacet
  facet normal 0 0 -1
    outer loop
      vertex -32.5284 9.91579 0
      vertex -36.6 13.1 0
      vertex -32.6249 10.1198 0
    endloop
  endfacet
  facet normal 0 0 -1
    outer loop
      vertex -36.6 -13.1 0
      vertex -32.7558 -10.5513 0
      vertex -32.7889 -10.7746 0
    endloop
  endfacet
  facet normal 0 0 -1
    outer loop
      vertex -32.6249 10.1198 0
      vertex -36.6 13.1 0
      vertex -32.701 10.3323 0
    endloop
  endfacet
  facet normal 0 0 -1
    outer loop
      vertex -36.6 -13.1 0
      vertex -32.7889 -10.7746 0
      vertex -32.8 -11 0
    endloop
  endfacet
  facet normal 0 0 -1
    outer loop
      vertex -32.701 10.3323 0
      vertex -36.6 13.1 0
      vertex -32.7558 10.5513 0
    endloop
  endfacet
  facet normal 0 0 -1
    outer loop
      vertex -24.4689 -7.53554 0
      vertex -7 -9.29999 0
      vertex -24.4307 -7.68785 0
    endloop
  endfacet
  facet normal 0 0 -1
    outer loop
      vertex -7 9.29999 0
      vertex -24.4077 7.84317 0
      vertex -24.4 8 0
    endloop
  endfacet
  facet normal 0 0 -1
    outer loop
      vertex -24.5218 -7.38771 0
      vertex -7 -9.29999 0
      vertex -24.4689 -7.53554 0
    endloop
  endfacet
  facet normal 0 0 -1
    outer loop
      vertex -7 9.29999 0
      vertex -24.4307 7.68785 0
      vertex -24.4077 7.84317 0
    endloop
  endfacet
  facet normal 0 0 -1
    outer loop
      vertex -24.5889 -7.24576 0
      vertex -7 -9.29999 0
      vertex -24.5218 -7.38771 0
    endloop
  endfacet
  facet normal 0 0 -1
    outer loop
      vertex -7 9.29999 0
      vertex -24.4689 7.53554 0
      vertex -24.4307 7.68785 0
    endloop
  endfacet
  facet normal 0 0 -1
    outer loop
      vertex -24.6696 -7.11109 0
      vertex -7 -9.29999 0
      vertex -24.5889 -7.24576 0
    endloop
  endfacet
  facet normal 0 0 -1
    outer loop
      vertex -7 9.29999 0
      vertex -24.5218 7.38771 0
      vertex -24.4689 7.53554 0
    endloop
  endfacet
  facet normal 0 0 -1
    outer loop
      vertex -7 -9.29999 0
      vertex -24.6696 -7.11109 0
      vertex -7 9.29999 0
    endloop
  endfacet
  facet normal 0 0 -1
    outer loop
      vertex -7 9.29999 0
      vertex -24.5889 7.24576 0
      vertex -24.5218 7.38771 0
    endloop
  endfacet
  facet normal 0 0 -1
    outer loop
      vertex -24.6696 7.11109 0
      vertex -7 9.29999 0
      vertex -24.6696 -7.11109 0
    endloop
  endfacet
  facet normal 0 0 -1
    outer loop
      vertex -7 9.29999 0
      vertex -24.6696 7.11109 0
      vertex -24.5889 7.24576 0
    endloop
  endfacet
  facet normal 0 0 -1
    outer loop
      vertex -24.7632 -6.98497 0
      vertex -24.6696 7.11109 0
      vertex -24.6696 -7.11109 0
    endloop
  endfacet
  facet normal 0 0 -1
    outer loop
      vertex -24.7632 -6.98497 0
      vertex -24.7632 6.98497 0
      vertex -24.6696 7.11109 0
    endloop
  endfacet
  facet normal 0 0 -1
    outer loop
      vertex -24.8686 -6.86863 0
      vertex -24.7632 6.98497 0
      vertex -24.7632 -6.98497 0
    endloop
  endfacet
  facet normal 0 0 -1
    outer loop
      vertex -24.8686 -6.86863 0
      vertex -24.8686 6.86863 0
      vertex -24.7632 6.98497 0
    endloop
  endfacet
  facet normal 0 0 -1
    outer loop
      vertex -24.985 -6.76318 0
      vertex -24.8686 6.86863 0
      vertex -24.8686 -6.86863 0
    endloop
  endfacet
  facet normal 0 0 -1
    outer loop
      vertex -24.985 -6.76318 0
      vertex -24.985 6.76318 0
      vertex -24.8686 6.86863 0
    endloop
  endfacet
  facet normal 0 0 -1
    outer loop
      vertex -25.1111 -6.66965 0
      vertex -24.985 6.76318 0
      vertex -24.985 -6.76318 0
    endloop
  endfacet
  facet normal 0 0 -1
    outer loop
      vertex -25.1111 -6.66965 0
      vertex -25.1111 6.66965 0
      vertex -24.985 6.76318 0
    endloop
  endfacet
  facet normal 0 0 -1
    outer loop
      vertex -25.2458 -6.58893 0
      vertex -25.1111 6.66965 0
      vertex -25.1111 -6.66965 0
    endloop
  endfacet
  facet normal 0 0 -1
    outer loop
      vertex -25.2458 -6.58893 0
      vertex -25.2458 6.58893 0
      vertex -25.1111 6.66965 0
    endloop
  endfacet
  facet normal 0 0 -1
    outer loop
      vertex -25.3877 -6.52179 0
      vertex -25.2458 6.58893 0
      vertex -25.2458 -6.58893 0
    endloop
  endfacet
  facet normal 0 0 -1
    outer loop
      vertex -25.3877 -6.52179 0
      vertex -25.3877 6.52179 0
      vertex -25.2458 6.58893 0
    endloop
  endfacet
  facet normal 0 0 -1
    outer loop
      vertex -25.5355 -6.46889 0
      vertex -25.3877 6.52179 0
      vertex -25.3877 -6.52179 0
    endloop
  endfacet
  facet normal 0 0 -1
    outer loop
      vertex -25.5355 -6.46889 0
      vertex -25.5355 6.46889 0
      vertex -25.3877 6.52179 0
    endloop
  endfacet
  facet normal 0 0 -1
    outer loop
      vertex -25.6879 -6.43074 0
      vertex -25.5355 6.46889 0
      vertex -25.5355 -6.46889 0
    endloop
  endfacet
  facet normal 0 0 -1
    outer loop
      vertex -25.6879 -6.43074 0
      vertex -25.6879 6.43074 0
      vertex -25.5355 6.46889 0
    endloop
  endfacet
  facet normal 0 0 -1
    outer loop
      vertex -25.8432 -6.4077 0
      vertex -25.6879 6.43074 0
      vertex -25.6879 -6.43074 0
    endloop
  endfacet
  facet normal 0 0 -1
    outer loop
      vertex -25.8432 -6.4077 0
      vertex -25.8432 6.4077 0
      vertex -25.6879 6.43074 0
    endloop
  endfacet
  facet normal 0 0 -1
    outer loop
      vertex -26 -6.4 0
      vertex -25.8432 6.4077 0
      vertex -25.8432 -6.4077 0
    endloop
  endfacet
  facet normal 0 0 -1
    outer loop
      vertex -26 -6.4 0
      vertex -26 6.4 0
      vertex -25.8432 6.4077 0
    endloop
  endfacet
  facet normal 0 0 -1
    outer loop
      vertex -26.1568 -6.4077 0
      vertex -26 6.4 0
      vertex -26 -6.4 0
    endloop
  endfacet
  facet normal 0 0 -1
    outer loop
      vertex -26.1568 -6.4077 0
      vertex -26.1568 6.4077 0
      vertex -26 6.4 0
    endloop
  endfacet
  facet normal 0 0 -1
    outer loop
      vertex -26.3121 -6.43074 0
      vertex -26.1568 6.4077 0
      vertex -26.1568 -6.4077 0
    endloop
  endfacet
  facet normal 0 0 -1
    outer loop
      vertex -26.3121 -6.43074 0
      vertex -26.3121 6.43074 0
      vertex -26.1568 6.4077 0
    endloop
  endfacet
  facet normal 0 0 -1
    outer loop
      vertex -26.4645 -6.46889 0
      vertex -26.3121 6.43074 0
      vertex -26.3121 -6.43074 0
    endloop
  endfacet
  facet normal 0 0 -1
    outer loop
      vertex -26.4645 -6.46889 0
      vertex -26.4645 6.46889 0
      vertex -26.3121 6.43074 0
    endloop
  endfacet
  facet normal 0 0 -1
    outer loop
      vertex -26.6123 -6.52179 0
      vertex -26.4645 6.46889 0
      vertex -26.4645 -6.46889 0
    endloop
  endfacet
  facet normal 0 0 -1
    outer loop
      vertex -26.6123 -6.52179 0
      vertex -26.6123 6.52179 0
      vertex -26.4645 6.46889 0
    endloop
  endfacet
  facet normal 0 0 -1
    outer loop
      vertex -26.7542 -6.58893 0
      vertex -26.6123 6.52179 0
      vertex -26.6123 -6.52179 0
    endloop
  endfacet
  facet normal 0 0 -1
    outer loop
      vertex -26.7542 -6.58893 0
      vertex -26.7542 6.58893 0
      vertex -26.6123 6.52179 0
    endloop
  endfacet
  facet normal 0 0 -1
    outer loop
      vertex -26.8889 -6.66965 0
      vertex -26.7542 6.58893 0
      vertex -26.7542 -6.58893 0
    endloop
  endfacet
  facet normal 0 0 -1
    outer loop
      vertex -26.8889 -6.66965 0
      vertex -26.8889 6.66965 0
      vertex -26.7542 6.58893 0
    endloop
  endfacet
  facet normal 0 0 -1
    outer loop
      vertex -27.015 -6.76318 0
      vertex -26.8889 6.66965 0
      vertex -26.8889 -6.66965 0
    endloop
  endfacet
  facet normal 0 0 -1
    outer loop
      vertex -27.015 -6.76318 0
      vertex -27.015 6.76318 0
      vertex -26.8889 6.66965 0
    endloop
  endfacet
  facet normal 0 0 -1
    outer loop
      vertex -27.1314 -6.86863 0
      vertex -27.015 6.76318 0
      vertex -27.015 -6.76318 0
    endloop
  endfacet
  facet normal 0 0 -1
    outer loop
      vertex -27.1314 -6.86863 0
      vertex -27.1314 6.86863 0
      vertex -27.015 6.76318 0
    endloop
  endfacet
  facet normal 0 0 -1
    outer loop
      vertex -27.2368 -6.98497 0
      vertex -27.1314 6.86863 0
      vertex -27.1314 -6.86863 0
    endloop
  endfacet
  facet normal 0 0 -1
    outer loop
      vertex -27.2368 -6.98497 0
      vertex -27.2368 6.98497 0
      vertex -27.1314 6.86863 0
    endloop
  endfacet
  facet normal 0 0 -1
    outer loop
      vertex -27.3304 -7.11109 0
      vertex -27.2368 6.98497 0
      vertex -27.2368 -6.98497 0
    endloop
  endfacet
  facet normal 0 0 -1
    outer loop
      vertex -27.3304 -7.11109 0
      vertex -27.3304 7.11109 0
      vertex -27.2368 6.98497 0
    endloop
  endfacet
  facet normal 0 0 -1
    outer loop
      vertex -27.4111 -7.24576 0
      vertex -27.3304 7.11109 0
      vertex -27.3304 -7.11109 0
    endloop
  endfacet
  facet normal 0 0 -1
    outer loop
      vertex -27.4111 -7.24576 0
      vertex -27.4111 7.24576 0
      vertex -27.3304 7.11109 0
    endloop
  endfacet
  facet normal 0 0 -1
    outer loop
      vertex -27.4782 -7.38771 0
      vertex -27.4111 7.24576 0
      vertex -27.4111 -7.24576 0
    endloop
  endfacet
  facet normal 0 0 -1
    outer loop
      vertex -27.4782 -7.38771 0
      vertex -27.4782 7.38771 0
      vertex -27.4111 7.24576 0
    endloop
  endfacet
  facet normal 0 0 -1
    outer loop
      vertex -27.5311 -7.53554 0
      vertex -27.4782 7.38771 0
      vertex -27.4782 -7.38771 0
    endloop
  endfacet
  facet normal 0 0 -1
    outer loop
      vertex -27.5311 -7.53554 0
      vertex -27.5311 7.53554 0
      vertex -27.4782 7.38771 0
    endloop
  endfacet
  facet normal 0 0 -1
    outer loop
      vertex -27.5693 -7.68785 0
      vertex -27.5311 7.53554 0
      vertex -27.5311 -7.53554 0
    endloop
  endfacet
  facet normal 0 0 -1
    outer loop
      vertex -27.5693 -7.68785 0
      vertex -27.5693 7.68785 0
      vertex -27.5311 7.53554 0
    endloop
  endfacet
  facet normal -0 0 -1
    outer loop
      vertex -27.4111 -8.75423 0
      vertex -28.7221 -9.5409 0
      vertex -27.4782 -8.61229 0
    endloop
  endfacet
  facet normal 0 0 -1
    outer loop
      vertex -28.8737 -9.37366 0
      vertex -27.4782 -8.61229 0
      vertex -28.7221 -9.5409 0
    endloop
  endfacet
  facet normal -0 0 -1
    outer loop
      vertex -27.3304 -8.88891 0
      vertex -28.5876 -9.72219 0
      vertex -27.4111 -8.75423 0
    endloop
  endfacet
  facet normal 0 0 -1
    outer loop
      vertex -28.7221 -9.5409 0
      vertex -27.4111 -8.75423 0
      vertex -28.5876 -9.72219 0
    endloop
  endfacet
  facet normal 0 0 -1
    outer loop
      vertex 32.701 -10.3323 0
      vertex 36.6 -13.1 0
      vertex 32.7558 -10.5513 0
    endloop
  endfacet
  facet normal 0 0 -1
    outer loop
      vertex 36.6 13.1 0
      vertex 32.7889 10.7746 0
      vertex 32.8 11 0
    endloop
  endfacet
  facet normal 0 0 -1
    outer loop
      vertex 32.6249 -10.1198 0
      vertex 36.6 -13.1 0
      vertex 32.701 -10.3323 0
    endloop
  endfacet
  facet normal 0 0 -1
    outer loop
      vertex 36.6 13.1 0
      vertex 32.7558 10.5513 0
      vertex 32.7889 10.7746 0
    endloop
  endfacet
  facet normal 0 0 -1
    outer loop
      vertex 32.5284 -9.91579 0
      vertex 36.6 -13.1 0
      vertex 32.6249 -10.1198 0
    endloop
  endfacet
  facet normal 0 0 -1
    outer loop
      vertex 36.6 13.1 0
      vertex 32.701 10.3323 0
      vertex 32.7558 10.5513 0
    endloop
  endfacet
  facet normal 0 0 -1
    outer loop
      vertex 32.4124 -9.72219 0
      vertex 36.6 -13.1 0
      vertex 32.5284 -9.91579 0
    endloop
  endfacet
  facet normal 0 0 -1
    outer loop
      vertex 36.6 13.1 0
      vertex 32.6249 10.1198 0
      vertex 32.701 10.3323 0
    endloop
  endfacet
  facet normal 0 0 -1
    outer loop
      vertex 32.2779 -9.5409 0
      vertex 36.6 -13.1 0
      vertex 32.4124 -9.72219 0
    endloop
  endfacet
  facet normal 0 0 -1
    outer loop
      vertex 36.6 13.1 0
      vertex 32.5284 9.91579 0
      vertex 32.6249 10.1198 0
    endloop
  endfacet
  facet normal 0 0 -1
    outer loop
      vertex 36.6 -13.1 0
      vertex 32.2779 -9.5409 0
      vertex 36.6 13.1 0
    endloop
  endfacet
  facet normal 0 0 -1
    outer loop
      vertex 36.6 13.1 0
      vertex 32.4124 9.72219 0
      vertex 32.5284 9.91579 0
    endloop
  endfacet
  facet normal 0 0 -1
    outer loop
      vertex 32.2779 9.5409 0
      vertex 36.6 13.1 0
      vertex 32.2779 -9.5409 0
    endloop
  endfacet
  facet normal 0 0 -1
    outer loop
      vertex 36.6 13.1 0
      vertex 32.2779 9.5409 0
      vertex 32.4124 9.72219 0
    endloop
  endfacet
  facet normal 0 0 -1
    outer loop
      vertex 32.1263 -9.37366 0
      vertex 32.2779 9.5409 0
      vertex 32.2779 -9.5409 0
    endloop
  endfacet
  facet normal 0 0 -1
    outer loop
      vertex 32.1263 -9.37366 0
      vertex 32.1263 9.37366 0
      vertex 32.2779 9.5409 0
    endloop
  endfacet
  facet normal 0 0 -1
    outer loop
      vertex 31.9591 -9.22208 0
      vertex 32.1263 9.37366 0
      vertex 32.1263 -9.37366 0
    endloop
  endfacet
  facet normal 0 0 -1
    outer loop
      vertex 31.9591 -9.22208 0
      vertex 31.9591 9.22208 0
      vertex 32.1263 9.37366 0
    endloop
  endfacet
  facet normal 0 0 -1
    outer loop
      vertex 31.7778 -9.08762 0
      vertex 31.9591 9.22208 0
      vertex 31.9591 -9.22208 0
    endloop
  endfacet
  facet normal 0 0 -1
    outer loop
      vertex 31.7778 -9.08762 0
      vertex 31.7778 9.08762 0
      vertex 31.9591 9.22208 0
    endloop
  endfacet
  facet normal 0 0 -1
    outer loop
      vertex 31.5842 -8.97158 0
      vertex 31.7778 9.08762 0
      vertex 31.7778 -9.08762 0
    endloop
  endfacet
  facet normal 0 0 -1
    outer loop
      vertex 31.5842 -8.97158 0
      vertex 31.5842 8.97158 0
      vertex 31.7778 9.08762 0
    endloop
  endfacet
  facet normal 0 0 -1
    outer loop
      vertex 31.3802 -8.87508 0
      vertex 31.5842 8.97158 0
      vertex 31.5842 -8.97158 0
    endloop
  endfacet
  facet normal 0 0 -1
    outer loop
      vertex 31.3802 -8.87508 0
      vertex 31.3802 8.87508 0
      vertex 31.5842 8.97158 0
    endloop
  endfacet
  facet normal 0 0 -1
    outer loop
      vertex 31.1677 -8.79904 0
      vertex 31.3802 8.87508 0
      vertex 31.3802 -8.87508 0
    endloop
  endfacet
  facet normal 0 0 -1
    outer loop
      vertex 31.1677 -8.79904 0
      vertex 31.1677 8.79904 0
      vertex 31.3802 8.87508 0
    endloop
  endfacet
  facet normal 0 0 -1
    outer loop
      vertex 30.9487 -8.74419 0
      vertex 31.1677 8.79904 0
      vertex 31.1677 -8.79904 0
    endloop
  endfacet
  facet normal 0 0 -1
    outer loop
      vertex 30.9487 -8.74419 0
      vertex 30.9487 8.74419 0
      vertex 31.1677 8.79904 0
    endloop
  endfacet
  facet normal 0 0 -1
    outer loop
      vertex 30.7254 -8.71108 0
      vertex 30.9487 8.74419 0
      vertex 30.9487 -8.74419 0
    endloop
  endfacet
  facet normal 0 0 -1
    outer loop
      vertex 30.7254 -8.71108 0
      vertex 30.7254 8.71108 0
      vertex 30.9487 8.74419 0
    endloop
  endfacet
  facet normal 0 0 -1
    outer loop
      vertex 30.5 -8.7 0
      vertex 30.7254 8.71108 0
      vertex 30.7254 -8.71108 0
    endloop
  endfacet
  facet normal 0 0 -1
    outer loop
      vertex 30.5 -8.7 0
      vertex 30.5 8.7 0
      vertex 30.7254 8.71108 0
    endloop
  endfacet
  facet normal 0 0 -1
    outer loop
      vertex 30.2746 -8.71108 0
      vertex 30.5 8.7 0
      vertex 30.5 -8.7 0
    endloop
  endfacet
  facet normal 0 0 -1
    outer loop
      vertex 30.2746 -8.71108 0
      vertex 30.2746 8.71108 0
      vertex 30.5 8.7 0
    endloop
  endfacet
  facet normal 0 0 -1
    outer loop
      vertex 30.0513 -8.74419 0
      vertex 30.2746 8.71108 0
      vertex 30.2746 -8.71108 0
    endloop
  endfacet
  facet normal 0 0 -1
    outer loop
      vertex 30.0513 -8.74419 0
      vertex 30.0513 8.74419 0
      vertex 30.2746 8.71108 0
    endloop
  endfacet
  facet normal 0 0 -1
    outer loop
      vertex 29.8323 -8.79904 0
      vertex 30.0513 8.74419 0
      vertex 30.0513 -8.74419 0
    endloop
  endfacet
  facet normal 0 0 -1
    outer loop
      vertex 29.8323 -8.79904 0
      vertex 29.8323 8.79904 0
      vertex 30.0513 8.74419 0
    endloop
  endfacet
  facet normal 0 0 -1
    outer loop
      vertex 29.6198 -8.87508 0
      vertex 29.8323 8.79904 0
      vertex 29.8323 -8.79904 0
    endloop
  endfacet
  facet normal 0 0 -1
    outer loop
      vertex 29.6198 -8.87508 0
      vertex 29.6198 8.87508 0
      vertex 29.8323 8.79904 0
    endloop
  endfacet
  facet normal 0 0 -1
    outer loop
      vertex 29.4158 -8.97158 0
      vertex 29.6198 8.87508 0
      vertex 29.6198 -8.87508 0
    endloop
  endfacet
  facet normal 0 0 -1
    outer loop
      vertex 29.4158 -8.97158 0
      vertex 29.4158 8.97158 0
      vertex 29.6198 8.87508 0
    endloop
  endfacet
  facet normal 0 0 -1
    outer loop
      vertex 29.2222 -9.08762 0
      vertex 29.4158 8.97158 0
      vertex 29.4158 -8.97158 0
    endloop
  endfacet
  facet normal 0 0 -1
    outer loop
      vertex 29.2222 -9.08762 0
      vertex 29.2222 9.08762 0
      vertex 29.4158 8.97158 0
    endloop
  endfacet
  facet normal 0 0 -1
    outer loop
      vertex 29.0409 -9.22208 0
      vertex 29.2222 9.08762 0
      vertex 29.2222 -9.08762 0
    endloop
  endfacet
  facet normal 0 0 -1
    outer loop
      vertex 29.0409 -9.22208 0
      vertex 29.0409 9.22208 0
      vertex 29.2222 9.08762 0
    endloop
  endfacet
  facet normal 0 0 -1
    outer loop
      vertex 16 -9.29999 0
      vertex 29.0409 -9.22208 0
      vertex 28.8737 -9.37366 0
    endloop
  endfacet
  facet normal -0 0 -1
    outer loop
      vertex 29.0409 -9.22208 0
      vertex 16 -9.29999 0
      vertex 29.0409 9.22208 0
    endloop
  endfacet
  facet normal 0 0 -1
    outer loop
      vertex 16 -9.29999 0
      vertex 28.8737 -9.37366 0
      vertex 28.7221 -9.5409 0
    endloop
  endfacet
  facet normal 0 0 -1
    outer loop
      vertex 16 9.29999 0
      vertex 29.0409 9.22208 0
      vertex 16 -9.29999 0
    endloop
  endfacet
  facet normal 0 0 -1
    outer loop
      vertex 16 -9.29999 0
      vertex 28.7221 -9.5409 0
      vertex 28.5876 -9.72219 0
    endloop
  endfacet
  facet normal 0 0 -1
    outer loop
      vertex 29.0409 9.22208 0
      vertex 16 9.29999 0
      vertex 28.8737 9.37366 0
    endloop
  endfacet
  facet normal 0 0 -1
    outer loop
      vertex 16 -9.29999 0
      vertex 28.5876 -9.72219 0
      vertex 28.4716 -9.91579 0
    endloop
  endfacet
  facet normal -0 0 -1
    outer loop
      vertex 28.8737 9.37366 0
      vertex 16 9.29999 0
      vertex 28.7221 9.5409 0
    endloop
  endfacet
  facet normal 0 0 -1
    outer loop
      vertex 16 -9.29999 0
      vertex 28.4716 -9.91579 0
      vertex 28.3751 -10.1198 0
    endloop
  endfacet
  facet normal -0 0 -1
    outer loop
      vertex 28.7221 9.5409 0
      vertex 16 9.29999 0
      vertex 28.5876 9.72219 0
    endloop
  endfacet
  facet normal 0 0 -1
    outer loop
      vertex 16 -9.29999 0
      vertex 28.3751 -10.1198 0
      vertex 28.299 -10.3323 0
    endloop
  endfacet
  facet normal -0 0 -1
    outer loop
      vertex 28.5876 9.72219 0
      vertex 16 9.29999 0
      vertex 28.4716 9.91579 0
    endloop
  endfacet
  facet normal 0 0 -1
    outer loop
      vertex 16 -9.29999 0
      vertex 28.299 -10.3323 0
      vertex 28.2442 -10.5513 0
    endloop
  endfacet
  facet normal -0 0 -1
    outer loop
      vertex 28.4716 9.91579 0
      vertex 16 9.29999 0
      vertex 28.3751 10.1198 0
    endloop
  endfacet
  facet normal 0 0 -1
    outer loop
      vertex 15.9961 -9.3784 0
      vertex 28.2442 -10.5513 0
      vertex 28.2111 -10.7746 0
    endloop
  endfacet
  facet normal -0 0 -1
    outer loop
      vertex 28.3751 10.1198 0
      vertex 16 9.29999 0
      vertex 28.299 10.3323 0
    endloop
  endfacet
  facet normal 0 0 -1
    outer loop
      vertex 15.9846 -9.45605 0
      vertex 28.2111 -10.7746 0
      vertex 28.2 -11 0
    endloop
  endfacet
  facet normal -0 0 -1
    outer loop
      vertex 28.299 10.3323 0
      vertex 16 9.29999 0
      vertex 28.2442 10.5513 0
    endloop
  endfacet
  facet normal 0 0 -1
    outer loop
      vertex 32.5284 -12.0842 0
      vertex 36.6 -13.1 0
      vertex 36.5831 -13.4431 0
    endloop
  endfacet
  facet normal 0 0 -1
    outer loop
      vertex 32.7889 -10.7746 0
      vertex 36.6 -13.1 0
      vertex 32.8 -11 0
    endloop
  endfacet
  facet normal 0 0 -1
    outer loop
      vertex 32.5284 -12.0842 0
      vertex 36.5831 -13.4431 0
      vertex 36.5327 -13.7828 0
    endloop
  endfacet
  facet normal 0 0 -1
    outer loop
      vertex 32.7558 -10.5513 0
      vertex 36.6 -13.1 0
      vertex 32.7889 -10.7746 0
    endloop
  endfacet
  facet normal 0 0 -1
    outer loop
      vertex 32.4124 -12.2778 0
      vertex 36.5327 -13.7828 0
      vertex 36.4493 -14.116 0
    endloop
  endfacet
  facet normal 0 0 -1
    outer loop
      vertex 32.7889 11.2254 0
      vertex 36.6 13.1 0
      vertex 32.8 11 0
    endloop
  endfacet
  facet normal 0 0 -1
    outer loop
      vertex 32.4124 -12.2778 0
      vertex 36.4493 -14.116 0
      vertex 36.3336 -14.4394 0
    endloop
  endfacet
  facet normal 0 0 -1
    outer loop
      vertex 32.7558 11.4487 0
      vertex 36.6 13.1 0
      vertex 32.7889 11.2254 0
    endloop
  endfacet
  facet normal 0 0 -1
    outer loop
      vertex 32.4124 -12.2778 0
      vertex 36.3336 -14.4394 0
      vertex 36.1867 -14.7499 0
    endloop
  endfacet
  facet normal 0 0 -1
    outer loop
      vertex 32.701 11.6677 0
      vertex 36.6 13.1 0
      vertex 32.7558 11.4487 0
    endloop
  endfacet
  facet normal 0 0 -1
    outer loop
      vertex 32.4124 -12.2778 0
      vertex 36.1867 -14.7499 0
      vertex 36.0101 -15.0445 0
    endloop
  endfacet
  facet normal 0 0 -1
    outer loop
      vertex 32.6249 11.8802 0
      vertex 36.6 13.1 0
      vertex 32.701 11.6677 0
    endloop
  endfacet
  facet normal 0 0 -1
    outer loop
      vertex 32.2779 -12.4591 0
      vertex 36.0101 -15.0445 0
      vertex 35.8055 -15.3204 0
    endloop
  endfacet
  facet normal 0 0 -1
    outer loop
      vertex 32.5284 12.0842 0
      vertex 36.6 13.1 0
      vertex 32.6249 11.8802 0
    endloop
  endfacet
  facet normal 0 0 -1
    outer loop
      vertex 32.2779 -12.4591 0
      vertex 35.8055 -15.3204 0
      vertex 35.5749 -15.5749 0
    endloop
  endfacet
  facet normal -0 0 -1
    outer loop
      vertex 36.6 13.1 0
      vertex 32.5284 12.0842 0
      vertex 36.5831 13.4431 0
    endloop
  endfacet
  facet normal 0 0 -1
    outer loop
      vertex 32.2779 -12.4591 0
      vertex 35.5749 -15.5749 0
      vertex 35.3204 -15.8055 0
    endloop
  endfacet
  facet normal -0 0 -1
    outer loop
      vertex 36.5831 13.4431 0
      vertex 32.5284 12.0842 0
      vertex 36.5327 13.7828 0
    endloop
  endfacet
  facet normal 0 0 -1
    outer loop
      vertex 32.1263 -12.6263 0
      vertex 35.3204 -15.8055 0
      vertex 35.0445 -16.0101 0
    endloop
  endfacet
  facet normal 0 0 -1
    outer loop
      vertex 32.4124 12.2778 0
      vertex 36.5327 13.7828 0
      vertex 32.5284 12.0842 0
    endloop
  endfacet
  facet normal 0 0 -1
    outer loop
      vertex 32.1263 -12.6263 0
      vertex 35.0445 -16.0101 0
      vertex 34.7499 -16.1867 0
    endloop
  endfacet
  facet normal -0 0 -1
    outer loop
      vertex 36.5327 13.7828 0
      vertex 32.4124 12.2778 0
      vertex 36.4493 14.116 0
    endloop
  endfacet
  facet normal 0 0 -1
    outer loop
      vertex 32.1263 -12.6263 0
      vertex 34.7499 -16.1867 0
      vertex 34.4394 -16.3336 0
    endloop
  endfacet
  facet normal -0 0 -1
    outer loop
      vertex 36.4493 14.116 0
      vertex 32.4124 12.2778 0
      vertex 36.3336 14.4394 0
    endloop
  endfacet
  facet normal 0 0 -1
    outer loop
      vertex 32.1263 -12.6263 0
      vertex 34.4394 -16.3336 0
      vertex 34.116 -16.4493 0
    endloop
  endfacet
  facet normal -0 0 -1
    outer loop
      vertex 36.3336 14.4394 0
      vertex 32.4124 12.2778 0
      vertex 36.1867 14.7499 0
    endloop
  endfacet
  facet normal 0 0 -1
    outer loop
      vertex 31.9591 -12.7779 0
      vertex 34.116 -16.4493 0
      vertex 33.7828 -16.5327 0
    endloop
  endfacet
  facet normal -0 0 -1
    outer loop
      vertex 36.1867 14.7499 0
      vertex 32.4124 12.2778 0
      vertex 36.0101 15.0445 0
    endloop
  endfacet
  facet normal 0 0 -1
    outer loop
      vertex 31.9591 -12.7779 0
      vertex 33.7828 -16.5327 0
      vertex 33.4431 -16.5831 0
    endloop
  endfacet
  facet normal 0 0 -1
    outer loop
      vertex 32.2779 12.4591 0
      vertex 36.0101 15.0445 0
      vertex 32.4124 12.2778 0
    endloop
  endfacet
  facet normal 0 0 -1
    outer loop
      vertex 31.9591 -12.7779 0
      vertex 33.4431 -16.5831 0
      vertex 33.1 -16.6 0
    endloop
  endfacet
  facet normal -0 0 -1
    outer loop
      vertex 36.0101 15.0445 0
      vertex 32.2779 12.4591 0
      vertex 35.8055 15.3204 0
    endloop
  endfacet
  facet normal -0 0 -1
    outer loop
      vertex 35.8055 15.3204 0
      vertex 32.2779 12.4591 0
      vertex 35.5749 15.5749 0
    endloop
  endfacet
  facet normal 0 0 -1
    outer loop
      vertex 36.6 -13.1 0
      vertex 32.7889 -11.2254 0
      vertex 32.8 -11 0
    endloop
  endfacet
  facet normal 0 0 -1
    outer loop
      vertex 36.6 -13.1 0
      vertex 32.7558 -11.4487 0
      vertex 32.7889 -11.2254 0
    endloop
  endfacet
  facet normal 0 0 -1
    outer loop
      vertex 36.6 -13.1 0
      vertex 32.701 -11.6677 0
      vertex 32.7558 -11.4487 0
    endloop
  endfacet
  facet normal 0 0 -1
    outer loop
      vertex 36.6 -13.1 0
      vertex 32.6249 -11.8802 0
      vertex 32.701 -11.6677 0
    endloop
  endfacet
  facet normal 0 0 -1
    outer loop
      vertex 36.6 -13.1 0
      vertex 32.5284 -12.0842 0
      vertex 32.6249 -11.8802 0
    endloop
  endfacet
  facet normal 0 0 -1
    outer loop
      vertex 36.5327 -13.7828 0
      vertex 32.4124 -12.2778 0
      vertex 32.5284 -12.0842 0
    endloop
  endfacet
  facet normal 0 0 -1
    outer loop
      vertex 36.0101 -15.0445 0
      vertex 32.2779 -12.4591 0
      vertex 32.4124 -12.2778 0
    endloop
  endfacet
  facet normal 0 0 -1
    outer loop
      vertex 35.3204 -15.8055 0
      vertex 32.1263 -12.6263 0
      vertex 32.2779 -12.4591 0
    endloop
  endfacet
  facet normal 0 0 -1
    outer loop
      vertex 34.116 -16.4493 0
      vertex 31.9591 -12.7779 0
      vertex 32.1263 -12.6263 0
    endloop
  endfacet
  facet normal 0 0 -1
    outer loop
      vertex 33.1 -16.6 0
      vertex 31.7778 -12.9124 0
      vertex 31.9591 -12.7779 0
    endloop
  endfacet
  facet normal 0 0 -1
    outer loop
      vertex 33.1 -16.6 0
      vertex 31.5842 -13.0284 0
      vertex 31.7778 -12.9124 0
    endloop
  endfacet
  facet normal 0 0 -1
    outer loop
      vertex 33.1 -16.6 0
      vertex 31.3802 -13.1249 0
      vertex 31.5842 -13.0284 0
    endloop
  endfacet
  facet normal 0 0 -1
    outer loop
      vertex 33.1 -16.6 0
      vertex 31.1677 -13.201 0
      vertex 31.3802 -13.1249 0
    endloop
  endfacet
  facet normal 0 0 -1
    outer loop
      vertex 33.1 -16.6 0
      vertex 30.9487 -13.2558 0
      vertex 31.1677 -13.201 0
    endloop
  endfacet
  facet normal 0 0 -1
    outer loop
      vertex 33.1 -16.6 0
      vertex 30.7254 -13.2889 0
      vertex 30.9487 -13.2558 0
    endloop
  endfacet
  facet normal 0 0 -1
    outer loop
      vertex 33.1 -16.6 0
      vertex 30.5 -13.3 0
      vertex 30.7254 -13.2889 0
    endloop
  endfacet
  facet normal 0 0 -1
    outer loop
      vertex 33.1 -16.6 0
      vertex 30.2746 -13.2889 0
      vertex 30.5 -13.3 0
    endloop
  endfacet
  facet normal 0 0 -1
    outer loop
      vertex 33.1 -16.6 0
      vertex 30.0513 -13.2558 0
      vertex 30.2746 -13.2889 0
    endloop
  endfacet
  facet normal 0 0 -1
    outer loop
      vertex 33.1 -16.6 0
      vertex 29.8323 -13.201 0
      vertex 30.0513 -13.2558 0
    endloop
  endfacet
  facet normal 0 0 -1
    outer loop
      vertex 33.1 -16.6 0
      vertex 29.6198 -13.1249 0
      vertex 29.8323 -13.201 0
    endloop
  endfacet
  facet normal 0 0 -1
    outer loop
      vertex 33.1 -16.6 0
      vertex 29.4158 -13.0284 0
      vertex 29.6198 -13.1249 0
    endloop
  endfacet
  facet normal 0 0 -1
    outer loop
      vertex 33.1 -16.6 0
      vertex 29.2222 -12.9124 0
      vertex 29.4158 -13.0284 0
    endloop
  endfacet
  facet normal 0 0 -1
    outer loop
      vertex 15.3561 -10.0846 0
      vertex 29.2222 -12.9124 0
      vertex 33.1 -16.6 0
    endloop
  endfacet
  facet normal 0 0 -1
    outer loop
      vertex 29.2222 -12.9124 0
      vertex 15.3561 -10.0846 0
      vertex 29.0409 -12.7779 0
    endloop
  endfacet
  facet normal 0 0 -1
    outer loop
      vertex 15.9961 9.3784 0
      vertex 28.2442 10.5513 0
      vertex 16 9.29999 0
    endloop
  endfacet
  facet normal 0 0 -1
    outer loop
      vertex 15.9655 -9.53221 0
      vertex 28.2 -11 0
      vertex 28.2111 -11.2254 0
    endloop
  endfacet
  facet normal 0 0 -1
    outer loop
      vertex 15.9391 -9.60614 0
      vertex 28.2111 -11.2254 0
      vertex 28.2442 -11.4487 0
    endloop
  endfacet
  facet normal 0 0 -1
    outer loop
      vertex 15.9055 -9.67711 0
      vertex 28.2442 -11.4487 0
      vertex 28.299 -11.6677 0
    endloop
  endfacet
  facet normal 0 0 -1
    outer loop
      vertex 15.8184 -9.8075 0
      vertex 28.299 -11.6677 0
      vertex 28.3751 -11.8802 0
    endloop
  endfacet
  facet normal 0 0 -1
    outer loop
      vertex 15.7657 -9.86568 0
      vertex 28.3751 -11.8802 0
      vertex 28.4716 -12.0842 0
    endloop
  endfacet
  facet normal 0 0 -1
    outer loop
      vertex 15.7075 -9.9184 0
      vertex 28.4716 -12.0842 0
      vertex 28.5876 -12.2778 0
    endloop
  endfacet
  facet normal 0 0 -1
    outer loop
      vertex 15.6445 -9.96516 0
      vertex 28.5876 -12.2778 0
      vertex 28.7221 -12.4591 0
    endloop
  endfacet
  facet normal 0 0 -1
    outer loop
      vertex 15.5771 -10.0055 0
      vertex 28.7221 -12.4591 0
      vertex 28.8737 -12.6263 0
    endloop
  endfacet
  facet normal 0 -0 -1
    outer loop
      vertex 15.4322 -10.0655 0
      vertex 29.0409 -12.7779 0
      vertex 15.3561 -10.0846 0
    endloop
  endfacet
  facet normal 0 0 -1
    outer loop
      vertex 28.2442 -10.5513 0
      vertex 15.9961 -9.3784 0
      vertex 16 -9.29999 0
    endloop
  endfacet
  facet normal 0 0 -1
    outer loop
      vertex 28.2111 -10.7746 0
      vertex 15.9846 -9.45605 0
      vertex 15.9961 -9.3784 0
    endloop
  endfacet
  facet normal 0 0 -1
    outer loop
      vertex 28.2 -11 0
      vertex 15.9655 -9.53221 0
      vertex 15.9846 -9.45605 0
    endloop
  endfacet
  facet normal 0 0 -1
    outer loop
      vertex 28.2111 -11.2254 0
      vertex 15.9391 -9.60614 0
      vertex 15.9655 -9.53221 0
    endloop
  endfacet
  facet normal 0 0 -1
    outer loop
      vertex 28.2442 -11.4487 0
      vertex 15.9055 -9.67711 0
      vertex 15.9391 -9.60614 0
    endloop
  endfacet
  facet normal 0 0 -1
    outer loop
      vertex 28.299 -11.6677 0
      vertex 15.8652 -9.74445 0
      vertex 15.9055 -9.67711 0
    endloop
  endfacet
  facet normal 0 0 -1
    outer loop
      vertex 28.299 -11.6677 0
      vertex 15.8184 -9.8075 0
      vertex 15.8652 -9.74445 0
    endloop
  endfacet
  facet normal 0 0 -1
    outer loop
      vertex 28.3751 -11.8802 0
      vertex 15.7657 -9.86568 0
      vertex 15.8184 -9.8075 0
    endloop
  endfacet
  facet normal 0 0 -1
    outer loop
      vertex 28.4716 -12.0842 0
      vertex 15.7075 -9.9184 0
      vertex 15.7657 -9.86568 0
    endloop
  endfacet
  facet normal 0 0 -1
    outer loop
      vertex 28.5876 -12.2778 0
      vertex 15.6445 -9.96516 0
      vertex 15.7075 -9.9184 0
    endloop
  endfacet
  facet normal 0 0 -1
    outer loop
      vertex 28.7221 -12.4591 0
      vertex 15.5771 -10.0055 0
      vertex 15.6445 -9.96516 0
    endloop
  endfacet
  facet normal 0 0 -1
    outer loop
      vertex 28.8737 -12.6263 0
      vertex 15.5061 -10.0391 0
      vertex 15.5771 -10.0055 0
    endloop
  endfacet
  facet normal 0 0 -1
    outer loop
      vertex 28.8737 -12.6263 0
      vertex 15.4322 -10.0655 0
      vertex 15.5061 -10.0391 0
    endloop
  endfacet
  facet normal 0 0 -1
    outer loop
      vertex 29.0409 -12.7779 0
      vertex 15.4322 -10.0655 0
      vertex 28.8737 -12.6263 0
    endloop
  endfacet
  facet normal 0 0 -1
    outer loop
      vertex 33.1 -16.6 0
      vertex 15.2784 -10.0961 0
      vertex 15.3561 -10.0846 0
    endloop
  endfacet
  facet normal 0 0 -1
    outer loop
      vertex 33.1 -16.6 0
      vertex 15.2 -10.1 0
      vertex 15.2784 -10.0961 0
    endloop
  endfacet
  facet normal 0 0 -1
    outer loop
      vertex 33.1 -16.6 0
      vertex 14.8 -10.1 0
      vertex 15.2 -10.1 0
    endloop
  endfacet
  facet normal 0 0 -1
    outer loop
      vertex 33.1 -16.6 0
      vertex 14.7216 -10.0961 0
      vertex 14.8 -10.1 0
    endloop
  endfacet
  facet normal 0 0 -1
    outer loop
      vertex 8.27841 -10.0961 0
      vertex 14.7216 -10.0961 0
      vertex 33.1 -16.6 0
    endloop
  endfacet
  facet normal 0 0 -1
    outer loop
      vertex 14.7216 -10.0961 0
      vertex 8.27841 -10.0961 0
      vertex 14.6439 -10.0846 0
    endloop
  endfacet
  facet normal 0 0 -1
    outer loop
      vertex 14 -9.29999 0
      vertex 9 -9.29999 0
      vertex 14 9.29999 0
    endloop
  endfacet
  facet normal 0 0 -1
    outer loop
      vertex 14.0039 -9.3784 0
      vertex 9 -9.29999 0
      vertex 14 -9.29999 0
    endloop
  endfacet
  facet normal 0 0 -1
    outer loop
      vertex 8.99614 -9.3784 0
      vertex 14.0039 -9.3784 0
      vertex 14.0154 -9.45605 0
    endloop
  endfacet
  facet normal 0 0 -1
    outer loop
      vertex 8.98462 -9.45605 0
      vertex 14.0154 -9.45605 0
      vertex 14.0345 -9.53221 0
    endloop
  endfacet
  facet normal 0 0 -1
    outer loop
      vertex 8.96555 -9.53221 0
      vertex 14.0345 -9.53221 0
      vertex 14.0609 -9.60614 0
    endloop
  endfacet
  facet normal 0 0 -1
    outer loop
      vertex 8.9391 -9.60614 0
      vertex 14.0609 -9.60614 0
      vertex 14.0945 -9.67711 0
    endloop
  endfacet
  facet normal 0 0 -1
    outer loop
      vertex 8.90553 -9.67711 0
      vertex 14.0945 -9.67711 0
      vertex 14.1348 -9.74445 0
    endloop
  endfacet
  facet normal 0 0 -1
    outer loop
      vertex 8.86517 -9.74445 0
      vertex 14.1348 -9.74445 0
      vertex 14.1816 -9.8075 0
    endloop
  endfacet
  facet normal 0 0 -1
    outer loop
      vertex 8.81841 -9.8075 0
      vertex 14.1816 -9.8075 0
      vertex 14.2343 -9.86568 0
    endloop
  endfacet
  facet normal 0 0 -1
    outer loop
      vertex 8.76569 -9.86568 0
      vertex 14.2343 -9.86568 0
      vertex 14.2925 -9.9184 0
    endloop
  endfacet
  facet normal 0 0 -1
    outer loop
      vertex 8.7075 -9.9184 0
      vertex 14.2925 -9.9184 0
      vertex 14.3555 -9.96516 0
    endloop
  endfacet
  facet normal 0 0 -1
    outer loop
      vertex 8.64445 -9.96516 0
      vertex 14.3555 -9.96516 0
      vertex 14.4229 -10.0055 0
    endloop
  endfacet
  facet normal 0 0 -1
    outer loop
      vertex 8.57712 -10.0055 0
      vertex 14.4229 -10.0055 0
      vertex 14.4939 -10.0391 0
    endloop
  endfacet
  facet normal 0 0 -1
    outer loop
      vertex 8.50615 -10.0391 0
      vertex 14.4939 -10.0391 0
      vertex 14.5678 -10.0655 0
    endloop
  endfacet
  facet normal 0 -0 -1
    outer loop
      vertex 8.35606 -10.0846 0
      vertex 14.6439 -10.0846 0
      vertex 8.27841 -10.0961 0
    endloop
  endfacet
  facet normal 0 0 -1
    outer loop
      vertex 14.0039 -9.3784 0
      vertex 8.99614 -9.3784 0
      vertex 9 -9.29999 0
    endloop
  endfacet
  facet normal 0 0 -1
    outer loop
      vertex 14.0154 -9.45605 0
      vertex 8.98462 -9.45605 0
      vertex 8.99614 -9.3784 0
    endloop
  endfacet
  facet normal 0 0 -1
    outer loop
      vertex 14.0345 -9.53221 0
      vertex 8.96555 -9.53221 0
      vertex 8.98462 -9.45605 0
    endloop
  endfacet
  facet normal 0 0 -1
    outer loop
      vertex 14.0609 -9.60614 0
      vertex 8.9391 -9.60614 0
      vertex 8.96555 -9.53221 0
    endloop
  endfacet
  facet normal 0 0 -1
    outer loop
      vertex 14.0945 -9.67711 0
      vertex 8.90553 -9.67711 0
      vertex 8.9391 -9.60614 0
    endloop
  endfacet
  facet normal 0 0 -1
    outer loop
      vertex 14.1348 -9.74445 0
      vertex 8.86517 -9.74445 0
      vertex 8.90553 -9.67711 0
    endloop
  endfacet
  facet normal 0 0 -1
    outer loop
      vertex 14.1816 -9.8075 0
      vertex 8.81841 -9.8075 0
      vertex 8.86517 -9.74445 0
    endloop
  endfacet
  facet normal 0 0 -1
    outer loop
      vertex 14.2343 -9.86568 0
      vertex 8.76569 -9.86568 0
      vertex 8.81841 -9.8075 0
    endloop
  endfacet
  facet normal 0 0 -1
    outer loop
      vertex 14.2925 -9.9184 0
      vertex 8.7075 -9.9184 0
      vertex 8.76569 -9.86568 0
    endloop
  endfacet
  facet normal 0 0 -1
    outer loop
      vertex 14.3555 -9.96516 0
      vertex 8.64445 -9.96516 0
      vertex 8.7075 -9.9184 0
    endloop
  endfacet
  facet normal 0 0 -1
    outer loop
      vertex 14.4229 -10.0055 0
      vertex 8.57712 -10.0055 0
      vertex 8.64445 -9.96516 0
    endloop
  endfacet
  facet normal 0 0 -1
    outer loop
      vertex 14.4939 -10.0391 0
      vertex 8.50615 -10.0391 0
      vertex 8.57712 -10.0055 0
    endloop
  endfacet
  facet normal 0 0 -1
    outer loop
      vertex 14.5678 -10.0655 0
      vertex 8.43222 -10.0655 0
      vertex 8.50615 -10.0391 0
    endloop
  endfacet
  facet normal -0 0 -1
    outer loop
      vertex 14.5678 -10.0655 0
      vertex 8.35606 -10.0846 0
      vertex 8.43222 -10.0655 0
    endloop
  endfacet
  facet normal 0 0 -1
    outer loop
      vertex 14.6439 -10.0846 0
      vertex 8.35606 -10.0846 0
      vertex 14.5678 -10.0655 0
    endloop
  endfacet
  facet normal 0 0 -1
    outer loop
      vertex 33.1 -16.6 0
      vertex 8.2 -10.1 0
      vertex 8.27841 -10.0961 0
    endloop
  endfacet
  facet normal 0 0 -1
    outer loop
      vertex 33.1 -16.6 0
      vertex 7.8 -10.1 0
      vertex 8.2 -10.1 0
    endloop
  endfacet
  facet normal 0 0 -1
    outer loop
      vertex 33.1 -16.6 0
      vertex 7.72159 -10.0961 0
      vertex 7.8 -10.1 0
    endloop
  endfacet
  facet normal 0 0 -1
    outer loop
      vertex 1.27841 -10.0961 0
      vertex 7.72159 -10.0961 0
      vertex 33.1 -16.6 0
    endloop
  endfacet
  facet normal 0 0 -1
    outer loop
      vertex 7.72159 -10.0961 0
      vertex 1.27841 -10.0961 0
      vertex 7.64394 -10.0846 0
    endloop
  endfacet
  facet normal 0 0 -1
    outer loop
      vertex 7 -9.29999 0
      vertex 2 -9.29999 0
      vertex 7 9.29999 0
    endloop
  endfacet
  facet normal 0 0 -1
    outer loop
      vertex 7.00386 -9.3784 0
      vertex 2 -9.29999 0
      vertex 7 -9.29999 0
    endloop
  endfacet
  facet normal 0 0 -1
    outer loop
      vertex 1.99614 -9.3784 0
      vertex 7.00386 -9.3784 0
      vertex 7.01538 -9.45605 0
    endloop
  endfacet
  facet normal 0 0 -1
    outer loop
      vertex 1.98462 -9.45605 0
      vertex 7.01538 -9.45605 0
      vertex 7.03445 -9.53221 0
    endloop
  endfacet
  facet normal 0 0 -1
    outer loop
      vertex 1.96555 -9.53221 0
      vertex 7.03445 -9.53221 0
      vertex 7.0609 -9.60614 0
    endloop
  endfacet
  facet normal 0 0 -1
    outer loop
      vertex 1.9391 -9.60614 0
      vertex 7.0609 -9.60614 0
      vertex 7.09447 -9.67711 0
    endloop
  endfacet
  facet normal 0 0 -1
    outer loop
      vertex 1.90553 -9.67711 0
      vertex 7.09447 -9.67711 0
      vertex 7.13483 -9.74445 0
    endloop
  endfacet
  facet normal 0 0 -1
    outer loop
      vertex 1.86517 -9.74445 0
      vertex 7.13483 -9.74445 0
      vertex 7.18159 -9.8075 0
    endloop
  endfacet
  facet normal 0 0 -1
    outer loop
      vertex 1.81841 -9.8075 0
      vertex 7.18159 -9.8075 0
      vertex 7.23431 -9.86568 0
    endloop
  endfacet
  facet normal 0 0 -1
    outer loop
      vertex 1.76569 -9.86568 0
      vertex 7.23431 -9.86568 0
      vertex 7.2925 -9.9184 0
    endloop
  endfacet
  facet normal 0 0 -1
    outer loop
      vertex 1.7075 -9.9184 0
      vertex 7.2925 -9.9184 0
      vertex 7.35555 -9.96516 0
    endloop
  endfacet
  facet normal 0 0 -1
    outer loop
      vertex 1.64445 -9.96516 0
      vertex 7.35555 -9.96516 0
      vertex 7.42288 -10.0055 0
    endloop
  endfacet
  facet normal 0 0 -1
    outer loop
      vertex 1.57712 -10.0055 0
      vertex 7.42288 -10.0055 0
      vertex 7.49385 -10.0391 0
    endloop
  endfacet
  facet normal 0 0 -1
    outer loop
      vertex 1.50615 -10.0391 0
      vertex 7.49385 -10.0391 0
      vertex 7.56778 -10.0655 0
    endloop
  endfacet
  facet normal 0 -0 -1
    outer loop
      vertex 1.35606 -10.0846 0
      vertex 7.64394 -10.0846 0
      vertex 1.27841 -10.0961 0
    endloop
  endfacet
  facet normal 0 0 -1
    outer loop
      vertex 7.00386 -9.3784 0
      vertex 1.99614 -9.3784 0
      vertex 2 -9.29999 0
    endloop
  endfacet
  facet normal 0 0 -1
    outer loop
      vertex 7.01538 -9.45605 0
      vertex 1.98462 -9.45605 0
      vertex 1.99614 -9.3784 0
    endloop
  endfacet
  facet normal 0 0 -1
    outer loop
      vertex 7.03445 -9.53221 0
      vertex 1.96555 -9.53221 0
      vertex 1.98462 -9.45605 0
    endloop
  endfacet
  facet normal 0 0 -1
    outer loop
      vertex 7.0609 -9.60614 0
      vertex 1.9391 -9.60614 0
      vertex 1.96555 -9.53221 0
    endloop
  endfacet
  facet normal 0 0 -1
    outer loop
      vertex 7.09447 -9.67711 0
      vertex 1.90553 -9.67711 0
      vertex 1.9391 -9.60614 0
    endloop
  endfacet
  facet normal 0 0 -1
    outer loop
      vertex 7.13483 -9.74445 0
      vertex 1.86517 -9.74445 0
      vertex 1.90553 -9.67711 0
    endloop
  endfacet
  facet normal 0 0 -1
    outer loop
      vertex 7.18159 -9.8075 0
      vertex 1.81841 -9.8075 0
      vertex 1.86517 -9.74445 0
    endloop
  endfacet
  facet normal 0 0 -1
    outer loop
      vertex 7.23431 -9.86568 0
      vertex 1.76569 -9.86568 0
      vertex 1.81841 -9.8075 0
    endloop
  endfacet
  facet normal 0 0 -1
    outer loop
      vertex 7.2925 -9.9184 0
      vertex 1.7075 -9.9184 0
      vertex 1.76569 -9.86568 0
    endloop
  endfacet
  facet normal 0 0 -1
    outer loop
      vertex 7.35555 -9.96516 0
      vertex 1.64445 -9.96516 0
      vertex 1.7075 -9.9184 0
    endloop
  endfacet
  facet normal 0 0 -1
    outer loop
      vertex 7.42288 -10.0055 0
      vertex 1.57712 -10.0055 0
      vertex 1.64445 -9.96516 0
    endloop
  endfacet
  facet normal 0 0 -1
    outer loop
      vertex 7.49385 -10.0391 0
      vertex 1.50615 -10.0391 0
      vertex 1.57712 -10.0055 0
    endloop
  endfacet
  facet normal 0 0 -1
    outer loop
      vertex 7.56778 -10.0655 0
      vertex 1.43222 -10.0655 0
      vertex 1.50615 -10.0391 0
    endloop
  endfacet
  facet normal -0 0 -1
    outer loop
      vertex 7.56778 -10.0655 0
      vertex 1.35606 -10.0846 0
      vertex 1.43222 -10.0655 0
    endloop
  endfacet
  facet normal 0 0 -1
    outer loop
      vertex 7.64394 -10.0846 0
      vertex 1.35606 -10.0846 0
      vertex 7.56778 -10.0655 0
    endloop
  endfacet
  facet normal 0 0 -1
    outer loop
      vertex 33.1 -16.6 0
      vertex 1.2 -10.1 0
      vertex 1.27841 -10.0961 0
    endloop
  endfacet
  facet normal 0 0 -1
    outer loop
      vertex 33.1 -16.6 0
      vertex 0.800003 -10.1 0
      vertex 1.2 -10.1 0
    endloop
  endfacet
  facet normal 0 0 -1
    outer loop
      vertex -33.1 -16.6 0
      vertex 0.800003 -10.1 0
      vertex 33.1 -16.6 0
    endloop
  endfacet
  facet normal -0 0 -1
    outer loop
      vertex 0.800003 -10.1 0
      vertex -33.1 -16.6 0
      vertex 0.721588 -10.0961 0
    endloop
  endfacet
  facet normal 0 0 -1
    outer loop
      vertex 0 -9.29999 0
      vertex -5 -9.29999 0
      vertex 0 9.29999 0
    endloop
  endfacet
  facet normal 0 0 -1
    outer loop
      vertex 0.00386047 -9.3784 0
      vertex -5 -9.29999 0
      vertex 0 -9.29999 0
    endloop
  endfacet
  facet normal 0 0 -1
    outer loop
      vertex -5.00386 -9.3784 0
      vertex 0.00386047 -9.3784 0
      vertex 0.0153809 -9.45605 0
    endloop
  endfacet
  facet normal 0 0 -1
    outer loop
      vertex -5.01538 -9.45605 0
      vertex 0.0153809 -9.45605 0
      vertex 0.0344543 -9.53221 0
    endloop
  endfacet
  facet normal 0 0 -1
    outer loop
      vertex -5.03445 -9.53221 0
      vertex 0.0344543 -9.53221 0
      vertex 0.0608978 -9.60614 0
    endloop
  endfacet
  facet normal 0 0 -1
    outer loop
      vertex -5.0609 -9.60614 0
      vertex 0.0608978 -9.60614 0
      vertex 0.0944672 -9.67711 0
    endloop
  endfacet
  facet normal 0 0 -1
    outer loop
      vertex -5.09447 -9.67711 0
      vertex 0.0944672 -9.67711 0
      vertex 0.134827 -9.74445 0
    endloop
  endfacet
  facet normal 0 0 -1
    outer loop
      vertex -5.13483 -9.74445 0
      vertex 0.134827 -9.74445 0
      vertex 0.181595 -9.8075 0
    endloop
  endfacet
  facet normal 0 0 -1
    outer loop
      vertex -5.18159 -9.8075 0
      vertex 0.181595 -9.8075 0
      vertex 0.234314 -9.86568 0
    endloop
  endfacet
  facet normal 0 0 -1
    outer loop
      vertex -5.23431 -9.86568 0
      vertex 0.234314 -9.86568 0
      vertex 0.292496 -9.9184 0
    endloop
  endfacet
  facet normal 0 0 -1
    outer loop
      vertex -5.2925 -9.9184 0
      vertex 0.292496 -9.9184 0
      vertex 0.355545 -9.96516 0
    endloop
  endfacet
  facet normal 0 0 -1
    outer loop
      vertex -5.35555 -9.96516 0
      vertex 0.355545 -9.96516 0
      vertex 0.422882 -10.0055 0
    endloop
  endfacet
  facet normal 0 0 -1
    outer loop
      vertex -5.42288 -10.0055 0
      vertex 0.422882 -10.0055 0
      vertex 0.493851 -10.0391 0
    endloop
  endfacet
  facet normal 0 0 -1
    outer loop
      vertex -5.49385 -10.0391 0
      vertex 0.493851 -10.0391 0
      vertex 0.56778 -10.0655 0
    endloop
  endfacet
  facet normal 0 0 -1
    outer loop
      vertex -5.56778 -10.0655 0
      vertex 0.56778 -10.0655 0
      vertex 0.643936 -10.0846 0
    endloop
  endfacet
  facet normal 0 -0 -1
    outer loop
      vertex -5.72159 -10.0961 0
      vertex 0.721588 -10.0961 0
      vertex -33.1 -16.6 0
    endloop
  endfacet
  facet normal 0 0 -1
    outer loop
      vertex 0.00386047 -9.3784 0
      vertex -5.00386 -9.3784 0
      vertex -5 -9.29999 0
    endloop
  endfacet
  facet normal 0 0 -1
    outer loop
      vertex 0.0153809 -9.45605 0
      vertex -5.01538 -9.45605 0
      vertex -5.00386 -9.3784 0
    endloop
  endfacet
  facet normal 0 0 -1
    outer loop
      vertex 0.0344543 -9.53221 0
      vertex -5.03445 -9.53221 0
      vertex -5.01538 -9.45605 0
    endloop
  endfacet
  facet normal 0 0 -1
    outer loop
      vertex 0.0608978 -9.60614 0
      vertex -5.0609 -9.60614 0
      vertex -5.03445 -9.53221 0
    endloop
  endfacet
  facet normal 0 0 -1
    outer loop
      vertex 0.0944672 -9.67711 0
      vertex -5.09447 -9.67711 0
      vertex -5.0609 -9.60614 0
    endloop
  endfacet
  facet normal 0 0 -1
    outer loop
      vertex 0.134827 -9.74445 0
      vertex -5.13483 -9.74445 0
      vertex -5.09447 -9.67711 0
    endloop
  endfacet
  facet normal 0 0 -1
    outer loop
      vertex 0.181595 -9.8075 0
      vertex -5.18159 -9.8075 0
      vertex -5.13483 -9.74445 0
    endloop
  endfacet
  facet normal 0 0 -1
    outer loop
      vertex 0.234314 -9.86568 0
      vertex -5.23431 -9.86568 0
      vertex -5.18159 -9.8075 0
    endloop
  endfacet
  facet normal 0 0 -1
    outer loop
      vertex 0.292496 -9.9184 0
      vertex -5.2925 -9.9184 0
      vertex -5.23431 -9.86568 0
    endloop
  endfacet
  facet normal 0 0 -1
    outer loop
      vertex 0.355545 -9.96516 0
      vertex -5.35555 -9.96516 0
      vertex -5.2925 -9.9184 0
    endloop
  endfacet
  facet normal 0 0 -1
    outer loop
      vertex 0.422882 -10.0055 0
      vertex -5.42288 -10.0055 0
      vertex -5.35555 -9.96516 0
    endloop
  endfacet
  facet normal 0 0 -1
    outer loop
      vertex 0.493851 -10.0391 0
      vertex -5.49385 -10.0391 0
      vertex -5.42288 -10.0055 0
    endloop
  endfacet
  facet normal 0 0 -1
    outer loop
      vertex 0.56778 -10.0655 0
      vertex -5.56778 -10.0655 0
      vertex -5.49385 -10.0391 0
    endloop
  endfacet
  facet normal 0 0 -1
    outer loop
      vertex 0.643936 -10.0846 0
      vertex -5.64394 -10.0846 0
      vertex -5.56778 -10.0655 0
    endloop
  endfacet
  facet normal -0 0 -1
    outer loop
      vertex 0.643936 -10.0846 0
      vertex -5.72159 -10.0961 0
      vertex -5.64394 -10.0846 0
    endloop
  endfacet
  facet normal 0 0 -1
    outer loop
      vertex 0.721588 -10.0961 0
      vertex -5.72159 -10.0961 0
      vertex 0.643936 -10.0846 0
    endloop
  endfacet
  facet normal 0 0 -1
    outer loop
      vertex -5.72159 -10.0961 0
      vertex -33.1 -16.6 0
      vertex -5.8 -10.1 0
    endloop
  endfacet
  facet normal -0 0 -1
    outer loop
      vertex -5.8 -10.1 0
      vertex -33.1 -16.6 0
      vertex -6.2 -10.1 0
    endloop
  endfacet
  facet normal -0 0 -1
    outer loop
      vertex -6.2 -10.1 0
      vertex -33.1 -16.6 0
      vertex -6.27841 -10.0961 0
    endloop
  endfacet
  facet normal 0 0 -1
    outer loop
      vertex -24.4077 -7.84317 0
      vertex -7 -9.29999 0
      vertex -24.4 -8 0
    endloop
  endfacet
  facet normal 0 0 -1
    outer loop
      vertex -24.4307 -8.31214 0
      vertex -7 -9.29999 0
      vertex -6.99614 -9.3784 0
    endloop
  endfacet
  facet normal 0 0 -1
    outer loop
      vertex -24.4689 -8.46445 0
      vertex -6.99614 -9.3784 0
      vertex -6.98462 -9.45605 0
    endloop
  endfacet
  facet normal 0 0 -1
    outer loop
      vertex -24.5218 -8.61229 0
      vertex -6.98462 -9.45605 0
      vertex -6.96555 -9.53221 0
    endloop
  endfacet
  facet normal 0 0 -1
    outer loop
      vertex -24.5218 -8.61229 0
      vertex -6.96555 -9.53221 0
      vertex -6.9391 -9.60614 0
    endloop
  endfacet
  facet normal 0 0 -1
    outer loop
      vertex -24.5889 -8.75423 0
      vertex -6.9391 -9.60614 0
      vertex -6.90553 -9.67711 0
    endloop
  endfacet
  facet normal 0 0 -1
    outer loop
      vertex -24.6696 -8.88891 0
      vertex -6.90553 -9.67711 0
      vertex -6.86517 -9.74445 0
    endloop
  endfacet
  facet normal 0 0 -1
    outer loop
      vertex -24.7632 -9.01503 0
      vertex -6.86517 -9.74445 0
      vertex -6.81841 -9.8075 0
    endloop
  endfacet
  facet normal 0 0 -1
    outer loop
      vertex -24.8686 -9.13137 0
      vertex -6.81841 -9.8075 0
      vertex -6.76569 -9.86568 0
    endloop
  endfacet
  facet normal 0 0 -1
    outer loop
      vertex -24.985 -9.23682 0
      vertex -6.76569 -9.86568 0
      vertex -6.7075 -9.9184 0
    endloop
  endfacet
  facet normal 0 0 -1
    outer loop
      vertex -25.1111 -9.33035 0
      vertex -6.7075 -9.9184 0
      vertex -6.64445 -9.96516 0
    endloop
  endfacet
  facet normal 0 0 -1
    outer loop
      vertex -28.8737 -12.6263 0
      vertex -6.64445 -9.96516 0
      vertex -6.57712 -10.0055 0
    endloop
  endfacet
  facet normal 0 0 -1
    outer loop
      vertex -29.0409 -12.7779 0
      vertex -6.57712 -10.0055 0
      vertex -6.50615 -10.0391 0
    endloop
  endfacet
  facet normal 0 0 -1
    outer loop
      vertex -33.1 -16.6 0
      vertex -6.50615 -10.0391 0
      vertex -6.43222 -10.0655 0
    endloop
  endfacet
  facet normal 0 0 -1
    outer loop
      vertex -33.1 -16.6 0
      vertex -6.43222 -10.0655 0
      vertex -6.35606 -10.0846 0
    endloop
  endfacet
  facet normal -0 0 -1
    outer loop
      vertex -6.27841 -10.0961 0
      vertex -33.1 -16.6 0
      vertex -6.35606 -10.0846 0
    endloop
  endfacet
  facet normal 0 0 -1
    outer loop
      vertex -7 -9.29999 0
      vertex -24.4077 -8.15683 0
      vertex -24.4 -8 0
    endloop
  endfacet
  facet normal 0 0 -1
    outer loop
      vertex -7 -9.29999 0
      vertex -24.4307 -8.31214 0
      vertex -24.4077 -8.15683 0
    endloop
  endfacet
  facet normal 0 0 -1
    outer loop
      vertex -6.99614 -9.3784 0
      vertex -24.4689 -8.46445 0
      vertex -24.4307 -8.31214 0
    endloop
  endfacet
  facet normal 0 0 -1
    outer loop
      vertex -6.98462 -9.45605 0
      vertex -24.5218 -8.61229 0
      vertex -24.4689 -8.46445 0
    endloop
  endfacet
  facet normal 0 0 -1
    outer loop
      vertex -6.9391 -9.60614 0
      vertex -24.5889 -8.75423 0
      vertex -24.5218 -8.61229 0
    endloop
  endfacet
  facet normal 0 0 -1
    outer loop
      vertex -6.90553 -9.67711 0
      vertex -24.6696 -8.88891 0
      vertex -24.5889 -8.75423 0
    endloop
  endfacet
  facet normal 0 0 -1
    outer loop
      vertex -6.86517 -9.74445 0
      vertex -24.7632 -9.01503 0
      vertex -24.6696 -8.88891 0
    endloop
  endfacet
  facet normal 0 0 -1
    outer loop
      vertex -6.81841 -9.8075 0
      vertex -24.8686 -9.13137 0
      vertex -24.7632 -9.01503 0
    endloop
  endfacet
  facet normal 0 0 -1
    outer loop
      vertex -6.76569 -9.86568 0
      vertex -24.985 -9.23682 0
      vertex -24.8686 -9.13137 0
    endloop
  endfacet
  facet normal 0 0 -1
    outer loop
      vertex -6.64445 -9.96516 0
      vertex -28.8737 -12.6263 0
      vertex -28.7221 -12.4591 0
    endloop
  endfacet
  facet normal 0 0 -1
    outer loop
      vertex -6.7075 -9.9184 0
      vertex -25.1111 -9.33035 0
      vertex -24.985 -9.23682 0
    endloop
  endfacet
  facet normal -0 0 -1
    outer loop
      vertex -6.64445 -9.96516 0
      vertex -28.7221 -12.4591 0
      vertex -25.1111 -9.33035 0
    endloop
  endfacet
  facet normal 0 0 -1
    outer loop
      vertex -25.1111 -9.33035 0
      vertex -28.7221 -12.4591 0
      vertex -25.2458 -9.41107 0
    endloop
  endfacet
  facet normal 0 -0 -1
    outer loop
      vertex -28.5876 -12.2778 0
      vertex -25.2458 -9.41107 0
      vertex -28.7221 -12.4591 0
    endloop
  endfacet
  facet normal 0 0 -1
    outer loop
      vertex -25.2458 -9.41107 0
      vertex -28.5876 -12.2778 0
      vertex -25.3877 -9.47821 0
    endloop
  endfacet
  facet normal 0 0 -1
    outer loop
      vertex -25.3877 -9.47821 0
      vertex -28.4716 -12.0842 0
      vertex -25.5355 -9.5311 0
    endloop
  endfacet
  facet normal 0 -0 -1
    outer loop
      vertex -28.3751 -11.8802 0
      vertex -25.5355 -9.5311 0
      vertex -28.4716 -12.0842 0
    endloop
  endfacet
  facet normal -0 0 -1
    outer loop
      vertex -27.4782 -8.61229 0
      vertex -28.8737 -9.37366 0
      vertex -27.5311 -8.46445 0
    endloop
  endfacet
  facet normal -0 0 -1
    outer loop
      vertex -27.2368 -9.01503 0
      vertex -28.5876 -9.72219 0
      vertex -27.3304 -8.88891 0
    endloop
  endfacet
  facet normal 0 0 -1
    outer loop
      vertex -28.5876 -9.72219 0
      vertex -27.2368 -9.01503 0
      vertex -28.4716 -9.91579 0
    endloop
  endfacet
  facet normal -0 0 -1
    outer loop
      vertex -27.1314 -9.13137 0
      vertex -28.4716 -9.91579 0
      vertex -27.2368 -9.01503 0
    endloop
  endfacet
  facet normal 0 0 -1
    outer loop
      vertex -28.4716 -9.91579 0
      vertex -27.1314 -9.13137 0
      vertex -28.3751 -10.1198 0
    endloop
  endfacet
  facet normal -0 0 -1
    outer loop
      vertex -27.015 -9.23682 0
      vertex -28.3751 -10.1198 0
      vertex -27.1314 -9.13137 0
    endloop
  endfacet
  facet normal 0 0 -1
    outer loop
      vertex -28.3751 -10.1198 0
      vertex -27.015 -9.23682 0
      vertex -28.299 -10.3323 0
    endloop
  endfacet
  facet normal -0 0 -1
    outer loop
      vertex -26.8889 -9.33035 0
      vertex -28.299 -10.3323 0
      vertex -27.015 -9.23682 0
    endloop
  endfacet
  facet normal 0 0 -1
    outer loop
      vertex -28.299 -10.3323 0
      vertex -26.8889 -9.33035 0
      vertex -28.2442 -10.5513 0
    endloop
  endfacet
  facet normal -0 0 -1
    outer loop
      vertex -26.7542 -9.41107 0
      vertex -28.2442 -10.5513 0
      vertex -26.8889 -9.33035 0
    endloop
  endfacet
  facet normal -0 0 -1
    outer loop
      vertex -26.6123 -9.47821 0
      vertex -28.2442 -10.5513 0
      vertex -26.7542 -9.41107 0
    endloop
  endfacet
  facet normal 0 0 -1
    outer loop
      vertex -28.2442 -10.5513 0
      vertex -26.6123 -9.47821 0
      vertex -28.2111 -10.7746 0
    endloop
  endfacet
  facet normal -0 0 -1
    outer loop
      vertex -26.4645 -9.5311 0
      vertex -28.2111 -10.7746 0
      vertex -26.6123 -9.47821 0
    endloop
  endfacet
  facet normal 0 0 -1
    outer loop
      vertex -28.2111 -10.7746 0
      vertex -26.4645 -9.5311 0
      vertex -28.2 -11 0
    endloop
  endfacet
  facet normal -0 0 -1
    outer loop
      vertex -26.3121 -9.56926 0
      vertex -28.2 -11 0
      vertex -26.4645 -9.5311 0
    endloop
  endfacet
  facet normal 0 0 -1
    outer loop
      vertex -28.2111 -11.2254 0
      vertex -26.3121 -9.56926 0
      vertex -26.1568 -9.59229 0
    endloop
  endfacet
  facet normal 0 0 -1
    outer loop
      vertex -25.5355 -9.5311 0
      vertex -28.3751 -11.8802 0
      vertex -25.6879 -9.56926 0
    endloop
  endfacet
  facet normal 0 0 -1
    outer loop
      vertex -26.3121 -9.56926 0
      vertex -28.2111 -11.2254 0
      vertex -28.2 -11 0
    endloop
  endfacet
  facet normal 0 0 -1
    outer loop
      vertex -26.1568 -9.59229 0
      vertex -28.2442 -11.4487 0
      vertex -28.2111 -11.2254 0
    endloop
  endfacet
  facet normal -0 0 -1
    outer loop
      vertex -26 -9.6 0
      vertex -28.2442 -11.4487 0
      vertex -26.1568 -9.59229 0
    endloop
  endfacet
  facet normal 0 0 -1
    outer loop
      vertex -25.8432 -9.59229 0
      vertex -28.2442 -11.4487 0
      vertex -26 -9.6 0
    endloop
  endfacet
  facet normal 0 -0 -1
    outer loop
      vertex -28.2442 -11.4487 0
      vertex -25.8432 -9.59229 0
      vertex -28.299 -11.6677 0
    endloop
  endfacet
  facet normal 0 0 -1
    outer loop
      vertex -25.6879 -9.56926 0
      vertex -28.299 -11.6677 0
      vertex -25.8432 -9.59229 0
    endloop
  endfacet
  facet normal 0 -0 -1
    outer loop
      vertex -28.299 -11.6677 0
      vertex -25.6879 -9.56926 0
      vertex -28.3751 -11.8802 0
    endloop
  endfacet
  facet normal 0 -0 -1
    outer loop
      vertex -28.4716 -12.0842 0
      vertex -25.3877 -9.47821 0
      vertex -28.5876 -12.2778 0
    endloop
  endfacet
  facet normal 0 0 -1
    outer loop
      vertex -6.57712 -10.0055 0
      vertex -29.0409 -12.7779 0
      vertex -28.8737 -12.6263 0
    endloop
  endfacet
  facet normal 0 0 -1
    outer loop
      vertex -6.50615 -10.0391 0
      vertex -33.1 -16.6 0
      vertex -29.0409 -12.7779 0
    endloop
  endfacet
  facet normal 0 0 -1
    outer loop
      vertex -29.0409 -12.7779 0
      vertex -33.1 -16.6 0
      vertex -29.2222 -12.9124 0
    endloop
  endfacet
  facet normal 0 0 -1
    outer loop
      vertex -29.2222 -12.9124 0
      vertex -33.1 -16.6 0
      vertex -29.4158 -13.0284 0
    endloop
  endfacet
  facet normal 0 0 -1
    outer loop
      vertex -29.4158 -13.0284 0
      vertex -33.1 -16.6 0
      vertex -29.6198 -13.1249 0
    endloop
  endfacet
  facet normal 0 0 -1
    outer loop
      vertex -29.6198 -13.1249 0
      vertex -33.1 -16.6 0
      vertex -29.8323 -13.201 0
    endloop
  endfacet
  facet normal 0 0 -1
    outer loop
      vertex -29.8323 -13.201 0
      vertex -33.1 -16.6 0
      vertex -30.0513 -13.2558 0
    endloop
  endfacet
  facet normal 0 0 -1
    outer loop
      vertex -30.0513 -13.2558 0
      vertex -33.1 -16.6 0
      vertex -30.2746 -13.2889 0
    endloop
  endfacet
  facet normal 0 0 -1
    outer loop
      vertex -30.2746 -13.2889 0
      vertex -33.1 -16.6 0
      vertex -30.5 -13.3 0
    endloop
  endfacet
  facet normal 0 0 -1
    outer loop
      vertex -35.5749 -15.5749 0
      vertex -32.2779 -12.4591 0
      vertex -35.3204 -15.8055 0
    endloop
  endfacet
  facet normal -0 0 -1
    outer loop
      vertex -32.1263 -12.6263 0
      vertex -35.3204 -15.8055 0
      vertex -32.2779 -12.4591 0
    endloop
  endfacet
  facet normal 0 0 -1
    outer loop
      vertex -35.3204 -15.8055 0
      vertex -32.1263 -12.6263 0
      vertex -35.0445 -16.0101 0
    endloop
  endfacet
  facet normal 0 0 -1
    outer loop
      vertex -35.0445 -16.0101 0
      vertex -32.1263 -12.6263 0
      vertex -34.7499 -16.1867 0
    endloop
  endfacet
  facet normal 0 0 -1
    outer loop
      vertex -34.7499 -16.1867 0
      vertex -32.1263 -12.6263 0
      vertex -34.4394 -16.3336 0
    endloop
  endfacet
  facet normal 0 0 -1
    outer loop
      vertex -34.4394 -16.3336 0
      vertex -32.1263 -12.6263 0
      vertex -34.116 -16.4493 0
    endloop
  endfacet
  facet normal -0 0 -1
    outer loop
      vertex -31.9591 -12.7779 0
      vertex -34.116 -16.4493 0
      vertex -32.1263 -12.6263 0
    endloop
  endfacet
  facet normal 0 0 -1
    outer loop
      vertex -34.116 -16.4493 0
      vertex -31.9591 -12.7779 0
      vertex -33.7828 -16.5327 0
    endloop
  endfacet
  facet normal 0 0 -1
    outer loop
      vertex -33.7828 -16.5327 0
      vertex -31.9591 -12.7779 0
      vertex -33.4431 -16.5831 0
    endloop
  endfacet
  facet normal 0 0 -1
    outer loop
      vertex -33.4431 -16.5831 0
      vertex -31.9591 -12.7779 0
      vertex -33.1 -16.6 0
    endloop
  endfacet
  facet normal -0 0 -1
    outer loop
      vertex -31.7778 -12.9124 0
      vertex -33.1 -16.6 0
      vertex -31.9591 -12.7779 0
    endloop
  endfacet
  facet normal -0 0 -1
    outer loop
      vertex -31.5842 -13.0284 0
      vertex -33.1 -16.6 0
      vertex -31.7778 -12.9124 0
    endloop
  endfacet
  facet normal -0 0 -1
    outer loop
      vertex -31.3802 -13.1249 0
      vertex -33.1 -16.6 0
      vertex -31.5842 -13.0284 0
    endloop
  endfacet
  facet normal -0 0 -1
    outer loop
      vertex -31.1677 -13.201 0
      vertex -33.1 -16.6 0
      vertex -31.3802 -13.1249 0
    endloop
  endfacet
  facet normal -0 0 -1
    outer loop
      vertex -30.9487 -13.2558 0
      vertex -33.1 -16.6 0
      vertex -31.1677 -13.201 0
    endloop
  endfacet
  facet normal -0 0 -1
    outer loop
      vertex -30.7254 -13.2889 0
      vertex -33.1 -16.6 0
      vertex -30.9487 -13.2558 0
    endloop
  endfacet
  facet normal -0 0 -1
    outer loop
      vertex -30.5 -13.3 0
      vertex -33.1 -16.6 0
      vertex -30.7254 -13.2889 0
    endloop
  endfacet
  facet normal -0 0 -1
    outer loop
      vertex 35.5749 15.5749 0
      vertex 32.2779 12.4591 0
      vertex 35.3204 15.8055 0
    endloop
  endfacet
  facet normal 0 0 -1
    outer loop
      vertex 32.1263 12.6263 0
      vertex 35.3204 15.8055 0
      vertex 32.2779 12.4591 0
    endloop
  endfacet
  facet normal -0 0 -1
    outer loop
      vertex 35.3204 15.8055 0
      vertex 32.1263 12.6263 0
      vertex 35.0445 16.0101 0
    endloop
  endfacet
  facet normal -0 0 -1
    outer loop
      vertex 35.0445 16.0101 0
      vertex 32.1263 12.6263 0
      vertex 34.7499 16.1867 0
    endloop
  endfacet
  facet normal -0 0 -1
    outer loop
      vertex 34.7499 16.1867 0
      vertex 32.1263 12.6263 0
      vertex 34.4394 16.3336 0
    endloop
  endfacet
  facet normal -0 0 -1
    outer loop
      vertex 34.4394 16.3336 0
      vertex 32.1263 12.6263 0
      vertex 34.116 16.4493 0
    endloop
  endfacet
  facet normal 0 0 -1
    outer loop
      vertex 31.9591 12.7779 0
      vertex 34.116 16.4493 0
      vertex 32.1263 12.6263 0
    endloop
  endfacet
  facet normal -0 0 -1
    outer loop
      vertex 34.116 16.4493 0
      vertex 31.9591 12.7779 0
      vertex 33.7828 16.5327 0
    endloop
  endfacet
  facet normal -0 0 -1
    outer loop
      vertex 33.7828 16.5327 0
      vertex 31.9591 12.7779 0
      vertex 33.4431 16.5831 0
    endloop
  endfacet
  facet normal -0 0 -1
    outer loop
      vertex 33.4431 16.5831 0
      vertex 31.9591 12.7779 0
      vertex 33.1 16.6 0
    endloop
  endfacet
  facet normal 0 0 -1
    outer loop
      vertex 31.7778 12.9124 0
      vertex 33.1 16.6 0
      vertex 31.9591 12.7779 0
    endloop
  endfacet
  facet normal 0 0 -1
    outer loop
      vertex 31.5842 13.0284 0
      vertex 33.1 16.6 0
      vertex 31.7778 12.9124 0
    endloop
  endfacet
  facet normal 0 0 -1
    outer loop
      vertex 31.3802 13.1249 0
      vertex 33.1 16.6 0
      vertex 31.5842 13.0284 0
    endloop
  endfacet
  facet normal 0 0 -1
    outer loop
      vertex 31.1677 13.201 0
      vertex 33.1 16.6 0
      vertex 31.3802 13.1249 0
    endloop
  endfacet
  facet normal 0 0 -1
    outer loop
      vertex 30.9487 13.2558 0
      vertex 33.1 16.6 0
      vertex 31.1677 13.201 0
    endloop
  endfacet
  facet normal 0 0 -1
    outer loop
      vertex 30.7254 13.2889 0
      vertex 33.1 16.6 0
      vertex 30.9487 13.2558 0
    endloop
  endfacet
  facet normal 0 0 -1
    outer loop
      vertex 30.5 13.3 0
      vertex 33.1 16.6 0
      vertex 30.7254 13.2889 0
    endloop
  endfacet
  facet normal 0 0 -1
    outer loop
      vertex 30.2746 13.2889 0
      vertex 33.1 16.6 0
      vertex 30.5 13.3 0
    endloop
  endfacet
  facet normal 0 0 -1
    outer loop
      vertex 30.0513 13.2558 0
      vertex 33.1 16.6 0
      vertex 30.2746 13.2889 0
    endloop
  endfacet
  facet normal 0 0 -1
    outer loop
      vertex 29.8323 13.201 0
      vertex 33.1 16.6 0
      vertex 30.0513 13.2558 0
    endloop
  endfacet
  facet normal 0 0 -1
    outer loop
      vertex 29.6198 13.1249 0
      vertex 33.1 16.6 0
      vertex 29.8323 13.201 0
    endloop
  endfacet
  facet normal 0 0 -1
    outer loop
      vertex 29.4158 13.0284 0
      vertex 33.1 16.6 0
      vertex 29.6198 13.1249 0
    endloop
  endfacet
  facet normal 0 0 -1
    outer loop
      vertex 29.2222 12.9124 0
      vertex 33.1 16.6 0
      vertex 29.4158 13.0284 0
    endloop
  endfacet
  facet normal 0 0 -1
    outer loop
      vertex 15.3561 10.0846 0
      vertex 29.2222 12.9124 0
      vertex 29.0409 12.7779 0
    endloop
  endfacet
  facet normal 0 0 -1
    outer loop
      vertex 15.4322 10.0655 0
      vertex 29.0409 12.7779 0
      vertex 28.8737 12.6263 0
    endloop
  endfacet
  facet normal -0 0 -1
    outer loop
      vertex 28.2442 10.5513 0
      vertex 15.9961 9.3784 0
      vertex 28.2111 10.7746 0
    endloop
  endfacet
  facet normal 0 0 -1
    outer loop
      vertex 15.9846 9.45605 0
      vertex 28.2111 10.7746 0
      vertex 15.9961 9.3784 0
    endloop
  endfacet
  facet normal -0 0 -1
    outer loop
      vertex 28.2111 10.7746 0
      vertex 15.9846 9.45605 0
      vertex 28.2 11 0
    endloop
  endfacet
  facet normal 0 0 -1
    outer loop
      vertex 15.9655 9.53221 0
      vertex 28.2 11 0
      vertex 15.9846 9.45605 0
    endloop
  endfacet
  facet normal -0 0 -1
    outer loop
      vertex 28.2 11 0
      vertex 15.9655 9.53221 0
      vertex 28.2111 11.2254 0
    endloop
  endfacet
  facet normal 0 0 -1
    outer loop
      vertex 15.9391 9.60614 0
      vertex 28.2111 11.2254 0
      vertex 15.9655 9.53221 0
    endloop
  endfacet
  facet normal -0 0 -1
    outer loop
      vertex 28.2111 11.2254 0
      vertex 15.9391 9.60614 0
      vertex 28.2442 11.4487 0
    endloop
  endfacet
  facet normal 0 0 -1
    outer loop
      vertex 15.9055 9.67711 0
      vertex 28.2442 11.4487 0
      vertex 15.9391 9.60614 0
    endloop
  endfacet
  facet normal -0 0 -1
    outer loop
      vertex 28.2442 11.4487 0
      vertex 15.9055 9.67711 0
      vertex 28.299 11.6677 0
    endloop
  endfacet
  facet normal 0 0 -1
    outer loop
      vertex 15.8652 9.74445 0
      vertex 28.299 11.6677 0
      vertex 15.9055 9.67711 0
    endloop
  endfacet
  facet normal 0 0 -1
    outer loop
      vertex 15.8184 9.8075 0
      vertex 28.299 11.6677 0
      vertex 15.8652 9.74445 0
    endloop
  endfacet
  facet normal -0 0 -1
    outer loop
      vertex 28.299 11.6677 0
      vertex 15.8184 9.8075 0
      vertex 28.3751 11.8802 0
    endloop
  endfacet
  facet normal 0 0 -1
    outer loop
      vertex 15.7657 9.86568 0
      vertex 28.3751 11.8802 0
      vertex 15.8184 9.8075 0
    endloop
  endfacet
  facet normal -0 0 -1
    outer loop
      vertex 28.3751 11.8802 0
      vertex 15.7657 9.86568 0
      vertex 28.4716 12.0842 0
    endloop
  endfacet
  facet normal 0 0 -1
    outer loop
      vertex 15.7075 9.9184 0
      vertex 28.4716 12.0842 0
      vertex 15.7657 9.86568 0
    endloop
  endfacet
  facet normal -0 0 -1
    outer loop
      vertex 28.4716 12.0842 0
      vertex 15.7075 9.9184 0
      vertex 28.5876 12.2778 0
    endloop
  endfacet
  facet normal 0 0 -1
    outer loop
      vertex 15.6445 9.96516 0
      vertex 28.5876 12.2778 0
      vertex 15.7075 9.9184 0
    endloop
  endfacet
  facet normal -0 0 -1
    outer loop
      vertex 28.5876 12.2778 0
      vertex 15.6445 9.96516 0
      vertex 28.7221 12.4591 0
    endloop
  endfacet
  facet normal 0 0 -1
    outer loop
      vertex 15.5771 10.0055 0
      vertex 28.7221 12.4591 0
      vertex 15.6445 9.96516 0
    endloop
  endfacet
  facet normal -0 0 -1
    outer loop
      vertex 28.7221 12.4591 0
      vertex 15.5771 10.0055 0
      vertex 28.8737 12.6263 0
    endloop
  endfacet
  facet normal 0 0 -1
    outer loop
      vertex 15.5061 10.0391 0
      vertex 28.8737 12.6263 0
      vertex 15.5771 10.0055 0
    endloop
  endfacet
  facet normal 0 0 -1
    outer loop
      vertex 15.4322 10.0655 0
      vertex 28.8737 12.6263 0
      vertex 15.5061 10.0391 0
    endloop
  endfacet
  facet normal 0 0 -1
    outer loop
      vertex 29.0409 12.7779 0
      vertex 15.4322 10.0655 0
      vertex 15.3561 10.0846 0
    endloop
  endfacet
  facet normal -0 0 -1
    outer loop
      vertex 29.2222 12.9124 0
      vertex 15.3561 10.0846 0
      vertex 33.1 16.6 0
    endloop
  endfacet
  facet normal 0 0 -1
    outer loop
      vertex 15.2784 10.0961 0
      vertex 33.1 16.6 0
      vertex 15.3561 10.0846 0
    endloop
  endfacet
  facet normal 0 0 -1
    outer loop
      vertex 15.2 10.1 0
      vertex 33.1 16.6 0
      vertex 15.2784 10.0961 0
    endloop
  endfacet
  facet normal 0 0 -1
    outer loop
      vertex 14.8 10.1 0
      vertex 33.1 16.6 0
      vertex 15.2 10.1 0
    endloop
  endfacet
  facet normal 0 0 -1
    outer loop
      vertex 14.7216 10.0961 0
      vertex 33.1 16.6 0
      vertex 14.8 10.1 0
    endloop
  endfacet
  facet normal 0 0 -1
    outer loop
      vertex 8.27841 10.0961 0
      vertex 14.7216 10.0961 0
      vertex 14.6439 10.0846 0
    endloop
  endfacet
  facet normal 0 0 -1
    outer loop
      vertex 8.35606 10.0846 0
      vertex 14.6439 10.0846 0
      vertex 14.5678 10.0655 0
    endloop
  endfacet
  facet normal 0 0 -1
    outer loop
      vertex 9 9.29999 0
      vertex 14 9.29999 0
      vertex 9 -9.29999 0
    endloop
  endfacet
  facet normal 0 0 -1
    outer loop
      vertex 14 9.29999 0
      vertex 9 9.29999 0
      vertex 14.0039 9.3784 0
    endloop
  endfacet
  facet normal 0 0 -1
    outer loop
      vertex 8.99614 9.3784 0
      vertex 14.0039 9.3784 0
      vertex 9 9.29999 0
    endloop
  endfacet
  facet normal 0 0 -1
    outer loop
      vertex 14.0039 9.3784 0
      vertex 8.99614 9.3784 0
      vertex 14.0154 9.45605 0
    endloop
  endfacet
  facet normal 0 0 -1
    outer loop
      vertex 8.98462 9.45605 0
      vertex 14.0154 9.45605 0
      vertex 8.99614 9.3784 0
    endloop
  endfacet
  facet normal 0 0 -1
    outer loop
      vertex 14.0154 9.45605 0
      vertex 8.98462 9.45605 0
      vertex 14.0345 9.53221 0
    endloop
  endfacet
  facet normal 0 0 -1
    outer loop
      vertex 8.96555 9.53221 0
      vertex 14.0345 9.53221 0
      vertex 8.98462 9.45605 0
    endloop
  endfacet
  facet normal 0 0 -1
    outer loop
      vertex 14.0345 9.53221 0
      vertex 8.96555 9.53221 0
      vertex 14.0609 9.60614 0
    endloop
  endfacet
  facet normal 0 0 -1
    outer loop
      vertex 8.9391 9.60614 0
      vertex 14.0609 9.60614 0
      vertex 8.96555 9.53221 0
    endloop
  endfacet
  facet normal 0 0 -1
    outer loop
      vertex 14.0609 9.60614 0
      vertex 8.9391 9.60614 0
      vertex 14.0945 9.67711 0
    endloop
  endfacet
  facet normal 0 0 -1
    outer loop
      vertex 8.90553 9.67711 0
      vertex 14.0945 9.67711 0
      vertex 8.9391 9.60614 0
    endloop
  endfacet
  facet normal 0 0 -1
    outer loop
      vertex 14.0945 9.67711 0
      vertex 8.90553 9.67711 0
      vertex 14.1348 9.74445 0
    endloop
  endfacet
  facet normal 0 0 -1
    outer loop
      vertex 8.86517 9.74445 0
      vertex 14.1348 9.74445 0
      vertex 8.90553 9.67711 0
    endloop
  endfacet
  facet normal 0 0 -1
    outer loop
      vertex 14.1348 9.74445 0
      vertex 8.86517 9.74445 0
      vertex 14.1816 9.8075 0
    endloop
  endfacet
  facet normal 0 0 -1
    outer loop
      vertex 8.81841 9.8075 0
      vertex 14.1816 9.8075 0
      vertex 8.86517 9.74445 0
    endloop
  endfacet
  facet normal 0 0 -1
    outer loop
      vertex 14.1816 9.8075 0
      vertex 8.81841 9.8075 0
      vertex 14.2343 9.86568 0
    endloop
  endfacet
  facet normal 0 0 -1
    outer loop
      vertex 8.76569 9.86568 0
      vertex 14.2343 9.86568 0
      vertex 8.81841 9.8075 0
    endloop
  endfacet
  facet normal 0 0 -1
    outer loop
      vertex 14.2343 9.86568 0
      vertex 8.76569 9.86568 0
      vertex 14.2925 9.9184 0
    endloop
  endfacet
  facet normal 0 0 -1
    outer loop
      vertex 8.7075 9.9184 0
      vertex 14.2925 9.9184 0
      vertex 8.76569 9.86568 0
    endloop
  endfacet
  facet normal 0 0 -1
    outer loop
      vertex 14.2925 9.9184 0
      vertex 8.7075 9.9184 0
      vertex 14.3555 9.96516 0
    endloop
  endfacet
  facet normal 0 0 -1
    outer loop
      vertex 8.64445 9.96516 0
      vertex 14.3555 9.96516 0
      vertex 8.7075 9.9184 0
    endloop
  endfacet
  facet normal 0 0 -1
    outer loop
      vertex 14.3555 9.96516 0
      vertex 8.64445 9.96516 0
      vertex 14.4229 10.0055 0
    endloop
  endfacet
  facet normal 0 0 -1
    outer loop
      vertex 8.57712 10.0055 0
      vertex 14.4229 10.0055 0
      vertex 8.64445 9.96516 0
    endloop
  endfacet
  facet normal 0 0 -1
    outer loop
      vertex 14.4229 10.0055 0
      vertex 8.57712 10.0055 0
      vertex 14.4939 10.0391 0
    endloop
  endfacet
  facet normal 0 0 -1
    outer loop
      vertex 8.50615 10.0391 0
      vertex 14.4939 10.0391 0
      vertex 8.57712 10.0055 0
    endloop
  endfacet
  facet normal 0 0 -1
    outer loop
      vertex 14.4939 10.0391 0
      vertex 8.50615 10.0391 0
      vertex 14.5678 10.0655 0
    endloop
  endfacet
  facet normal 0 0 -1
    outer loop
      vertex 8.43222 10.0655 0
      vertex 14.5678 10.0655 0
      vertex 8.50615 10.0391 0
    endloop
  endfacet
  facet normal 0 0 -1
    outer loop
      vertex 8.35606 10.0846 0
      vertex 14.5678 10.0655 0
      vertex 8.43222 10.0655 0
    endloop
  endfacet
  facet normal 0 0 -1
    outer loop
      vertex 14.6439 10.0846 0
      vertex 8.35606 10.0846 0
      vertex 8.27841 10.0961 0
    endloop
  endfacet
  facet normal 0 0 -1
    outer loop
      vertex 14.7216 10.0961 0
      vertex 8.27841 10.0961 0
      vertex 33.1 16.6 0
    endloop
  endfacet
  facet normal 0 0 -1
    outer loop
      vertex 8.2 10.1 0
      vertex 33.1 16.6 0
      vertex 8.27841 10.0961 0
    endloop
  endfacet
  facet normal 0 0 -1
    outer loop
      vertex 7.8 10.1 0
      vertex 33.1 16.6 0
      vertex 8.2 10.1 0
    endloop
  endfacet
  facet normal 0 0 -1
    outer loop
      vertex 7.72159 10.0961 0
      vertex 33.1 16.6 0
      vertex 7.8 10.1 0
    endloop
  endfacet
  facet normal 0 0 -1
    outer loop
      vertex 1.27841 10.0961 0
      vertex 7.72159 10.0961 0
      vertex 7.64394 10.0846 0
    endloop
  endfacet
  facet normal 0 0 -1
    outer loop
      vertex 1.35606 10.0846 0
      vertex 7.64394 10.0846 0
      vertex 7.56778 10.0655 0
    endloop
  endfacet
  facet normal 0 0 -1
    outer loop
      vertex 2 9.29999 0
      vertex 7 9.29999 0
      vertex 2 -9.29999 0
    endloop
  endfacet
  facet normal 0 0 -1
    outer loop
      vertex 7 9.29999 0
      vertex 2 9.29999 0
      vertex 7.00386 9.3784 0
    endloop
  endfacet
  facet normal 0 0 -1
    outer loop
      vertex 1.99614 9.3784 0
      vertex 7.00386 9.3784 0
      vertex 2 9.29999 0
    endloop
  endfacet
  facet normal 0 0 -1
    outer loop
      vertex 7.00386 9.3784 0
      vertex 1.99614 9.3784 0
      vertex 7.01538 9.45605 0
    endloop
  endfacet
  facet normal 0 0 -1
    outer loop
      vertex 1.98462 9.45605 0
      vertex 7.01538 9.45605 0
      vertex 1.99614 9.3784 0
    endloop
  endfacet
  facet normal 0 0 -1
    outer loop
      vertex 7.01538 9.45605 0
      vertex 1.98462 9.45605 0
      vertex 7.03445 9.53221 0
    endloop
  endfacet
  facet normal 0 0 -1
    outer loop
      vertex 1.96555 9.53221 0
      vertex 7.03445 9.53221 0
      vertex 1.98462 9.45605 0
    endloop
  endfacet
  facet normal 0 0 -1
    outer loop
      vertex 7.03445 9.53221 0
      vertex 1.96555 9.53221 0
      vertex 7.0609 9.60614 0
    endloop
  endfacet
  facet normal 0 0 -1
    outer loop
      vertex 1.9391 9.60614 0
      vertex 7.0609 9.60614 0
      vertex 1.96555 9.53221 0
    endloop
  endfacet
  facet normal 0 0 -1
    outer loop
      vertex 7.0609 9.60614 0
      vertex 1.9391 9.60614 0
      vertex 7.09447 9.67711 0
    endloop
  endfacet
  facet normal 0 0 -1
    outer loop
      vertex 1.90553 9.67711 0
      vertex 7.09447 9.67711 0
      vertex 1.9391 9.60614 0
    endloop
  endfacet
  facet normal 0 0 -1
    outer loop
      vertex 7.09447 9.67711 0
      vertex 1.90553 9.67711 0
      vertex 7.13483 9.74445 0
    endloop
  endfacet
  facet normal 0 0 -1
    outer loop
      vertex 1.86517 9.74445 0
      vertex 7.13483 9.74445 0
      vertex 1.90553 9.67711 0
    endloop
  endfacet
  facet normal 0 0 -1
    outer loop
      vertex 7.13483 9.74445 0
      vertex 1.86517 9.74445 0
      vertex 7.18159 9.8075 0
    endloop
  endfacet
  facet normal 0 0 -1
    outer loop
      vertex 1.81841 9.8075 0
      vertex 7.18159 9.8075 0
      vertex 1.86517 9.74445 0
    endloop
  endfacet
  facet normal 0 0 -1
    outer loop
      vertex 7.18159 9.8075 0
      vertex 1.81841 9.8075 0
      vertex 7.23431 9.86568 0
    endloop
  endfacet
  facet normal 0 0 -1
    outer loop
      vertex 1.76569 9.86568 0
      vertex 7.23431 9.86568 0
      vertex 1.81841 9.8075 0
    endloop
  endfacet
  facet normal 0 0 -1
    outer loop
      vertex 7.23431 9.86568 0
      vertex 1.76569 9.86568 0
      vertex 7.2925 9.9184 0
    endloop
  endfacet
  facet normal 0 0 -1
    outer loop
      vertex 1.7075 9.9184 0
      vertex 7.2925 9.9184 0
      vertex 1.76569 9.86568 0
    endloop
  endfacet
  facet normal 0 0 -1
    outer loop
      vertex 7.2925 9.9184 0
      vertex 1.7075 9.9184 0
      vertex 7.35555 9.96516 0
    endloop
  endfacet
  facet normal 0 0 -1
    outer loop
      vertex 1.64445 9.96516 0
      vertex 7.35555 9.96516 0
      vertex 1.7075 9.9184 0
    endloop
  endfacet
  facet normal 0 0 -1
    outer loop
      vertex 7.35555 9.96516 0
      vertex 1.64445 9.96516 0
      vertex 7.42288 10.0055 0
    endloop
  endfacet
  facet normal 0 0 -1
    outer loop
      vertex 1.57712 10.0055 0
      vertex 7.42288 10.0055 0
      vertex 1.64445 9.96516 0
    endloop
  endfacet
  facet normal 0 0 -1
    outer loop
      vertex 7.42288 10.0055 0
      vertex 1.57712 10.0055 0
      vertex 7.49385 10.0391 0
    endloop
  endfacet
  facet normal 0 0 -1
    outer loop
      vertex 1.50615 10.0391 0
      vertex 7.49385 10.0391 0
      vertex 1.57712 10.0055 0
    endloop
  endfacet
  facet normal 0 0 -1
    outer loop
      vertex 7.49385 10.0391 0
      vertex 1.50615 10.0391 0
      vertex 7.56778 10.0655 0
    endloop
  endfacet
  facet normal 0 0 -1
    outer loop
      vertex 1.43222 10.0655 0
      vertex 7.56778 10.0655 0
      vertex 1.50615 10.0391 0
    endloop
  endfacet
  facet normal 0 0 -1
    outer loop
      vertex 1.35606 10.0846 0
      vertex 7.56778 10.0655 0
      vertex 1.43222 10.0655 0
    endloop
  endfacet
  facet normal 0 0 -1
    outer loop
      vertex 7.64394 10.0846 0
      vertex 1.35606 10.0846 0
      vertex 1.27841 10.0961 0
    endloop
  endfacet
  facet normal 0 0 -1
    outer loop
      vertex 7.72159 10.0961 0
      vertex 1.27841 10.0961 0
      vertex 33.1 16.6 0
    endloop
  endfacet
  facet normal 0 0 -1
    outer loop
      vertex 1.2 10.1 0
      vertex 33.1 16.6 0
      vertex 1.27841 10.0961 0
    endloop
  endfacet
  facet normal 0 0 -1
    outer loop
      vertex 0.800003 10.1 0
      vertex 33.1 16.6 0
      vertex 1.2 10.1 0
    endloop
  endfacet
  facet normal 0 0 -1
    outer loop
      vertex -33.1 16.6 0
      vertex 0.800003 10.1 0
      vertex 0.721588 10.0961 0
    endloop
  endfacet
  facet normal 0 0 -1
    outer loop
      vertex -5.72159 10.0961 0
      vertex 0.721588 10.0961 0
      vertex 0.643936 10.0846 0
    endloop
  endfacet
  facet normal 0 0 -1
    outer loop
      vertex -5 9.29999 0
      vertex 0 9.29999 0
      vertex -5 -9.29999 0
    endloop
  endfacet
  facet normal 0 0 -1
    outer loop
      vertex 0 9.29999 0
      vertex -5 9.29999 0
      vertex 0.00386047 9.3784 0
    endloop
  endfacet
  facet normal 0 0 -1
    outer loop
      vertex -5.00386 9.3784 0
      vertex 0.00386047 9.3784 0
      vertex -5 9.29999 0
    endloop
  endfacet
  facet normal 0 0 -1
    outer loop
      vertex 0.00386047 9.3784 0
      vertex -5.00386 9.3784 0
      vertex 0.0153809 9.45605 0
    endloop
  endfacet
  facet normal 0 0 -1
    outer loop
      vertex -5.01538 9.45605 0
      vertex 0.0153809 9.45605 0
      vertex -5.00386 9.3784 0
    endloop
  endfacet
  facet normal 0 0 -1
    outer loop
      vertex 0.0153809 9.45605 0
      vertex -5.01538 9.45605 0
      vertex 0.0344543 9.53221 0
    endloop
  endfacet
  facet normal 0 0 -1
    outer loop
      vertex -5.03445 9.53221 0
      vertex 0.0344543 9.53221 0
      vertex -5.01538 9.45605 0
    endloop
  endfacet
  facet normal 0 0 -1
    outer loop
      vertex 0.0344543 9.53221 0
      vertex -5.03445 9.53221 0
      vertex 0.0608978 9.60614 0
    endloop
  endfacet
  facet normal 0 0 -1
    outer loop
      vertex -5.0609 9.60614 0
      vertex 0.0608978 9.60614 0
      vertex -5.03445 9.53221 0
    endloop
  endfacet
  facet normal 0 0 -1
    outer loop
      vertex 0.0608978 9.60614 0
      vertex -5.0609 9.60614 0
      vertex 0.0944672 9.67711 0
    endloop
  endfacet
  facet normal 0 0 -1
    outer loop
      vertex -5.09447 9.67711 0
      vertex 0.0944672 9.67711 0
      vertex -5.0609 9.60614 0
    endloop
  endfacet
  facet normal 0 0 -1
    outer loop
      vertex 0.0944672 9.67711 0
      vertex -5.09447 9.67711 0
      vertex 0.134827 9.74445 0
    endloop
  endfacet
  facet normal 0 0 -1
    outer loop
      vertex -5.13483 9.74445 0
      vertex 0.134827 9.74445 0
      vertex -5.09447 9.67711 0
    endloop
  endfacet
  facet normal 0 0 -1
    outer loop
      vertex 0.134827 9.74445 0
      vertex -5.13483 9.74445 0
      vertex 0.181595 9.8075 0
    endloop
  endfacet
  facet normal 0 0 -1
    outer loop
      vertex -5.18159 9.8075 0
      vertex 0.181595 9.8075 0
      vertex -5.13483 9.74445 0
    endloop
  endfacet
  facet normal 0 0 -1
    outer loop
      vertex 0.181595 9.8075 0
      vertex -5.18159 9.8075 0
      vertex 0.234314 9.86568 0
    endloop
  endfacet
  facet normal 0 0 -1
    outer loop
      vertex -5.23431 9.86568 0
      vertex 0.234314 9.86568 0
      vertex -5.18159 9.8075 0
    endloop
  endfacet
  facet normal 0 0 -1
    outer loop
      vertex 0.234314 9.86568 0
      vertex -5.23431 9.86568 0
      vertex 0.292496 9.9184 0
    endloop
  endfacet
  facet normal 0 0 -1
    outer loop
      vertex -5.2925 9.9184 0
      vertex 0.292496 9.9184 0
      vertex -5.23431 9.86568 0
    endloop
  endfacet
  facet normal 0 0 -1
    outer loop
      vertex 0.292496 9.9184 0
      vertex -5.2925 9.9184 0
      vertex 0.355545 9.96516 0
    endloop
  endfacet
  facet normal 0 0 -1
    outer loop
      vertex -5.35555 9.96516 0
      vertex 0.355545 9.96516 0
      vertex -5.2925 9.9184 0
    endloop
  endfacet
  facet normal 0 0 -1
    outer loop
      vertex 0.355545 9.96516 0
      vertex -5.35555 9.96516 0
      vertex 0.422882 10.0055 0
    endloop
  endfacet
  facet normal 0 0 -1
    outer loop
      vertex -5.42288 10.0055 0
      vertex 0.422882 10.0055 0
      vertex -5.35555 9.96516 0
    endloop
  endfacet
  facet normal 0 0 -1
    outer loop
      vertex 0.422882 10.0055 0
      vertex -5.42288 10.0055 0
      vertex 0.493851 10.0391 0
    endloop
  endfacet
  facet normal 0 0 -1
    outer loop
      vertex -5.49385 10.0391 0
      vertex 0.493851 10.0391 0
      vertex -5.42288 10.0055 0
    endloop
  endfacet
  facet normal 0 0 -1
    outer loop
      vertex 0.493851 10.0391 0
      vertex -5.49385 10.0391 0
      vertex 0.56778 10.0655 0
    endloop
  endfacet
  facet normal 0 0 -1
    outer loop
      vertex -5.56778 10.0655 0
      vertex 0.56778 10.0655 0
      vertex -5.49385 10.0391 0
    endloop
  endfacet
  facet normal 0 0 -1
    outer loop
      vertex 0.56778 10.0655 0
      vertex -5.56778 10.0655 0
      vertex 0.643936 10.0846 0
    endloop
  endfacet
  facet normal 0 0 -1
    outer loop
      vertex -5.64394 10.0846 0
      vertex 0.643936 10.0846 0
      vertex -5.56778 10.0655 0
    endloop
  endfacet
  facet normal 0 0 -1
    outer loop
      vertex -5.72159 10.0961 0
      vertex 0.643936 10.0846 0
      vertex -5.64394 10.0846 0
    endloop
  endfacet
  facet normal 0 0 -1
    outer loop
      vertex 0.721588 10.0961 0
      vertex -5.72159 10.0961 0
      vertex -33.1 16.6 0
    endloop
  endfacet
  facet normal 0 0 -1
    outer loop
      vertex -33.1 16.6 0
      vertex -5.72159 10.0961 0
      vertex -5.8 10.1 0
    endloop
  endfacet
  facet normal 0 0 -1
    outer loop
      vertex -33.1 16.6 0
      vertex -5.8 10.1 0
      vertex -6.2 10.1 0
    endloop
  endfacet
  facet normal 0 0 -1
    outer loop
      vertex -33.1 16.6 0
      vertex -6.2 10.1 0
      vertex -6.27841 10.0961 0
    endloop
  endfacet
  facet normal 0 0 -1
    outer loop
      vertex -33.1 16.6 0
      vertex -6.27841 10.0961 0
      vertex -6.35606 10.0846 0
    endloop
  endfacet
  facet normal 0 0 -1
    outer loop
      vertex -24.4307 -7.68785 0
      vertex -7 -9.29999 0
      vertex -24.4077 -7.84317 0
    endloop
  endfacet
  facet normal 0 0 -1
    outer loop
      vertex -24.4077 8.15683 0
      vertex -7 9.29999 0
      vertex -24.4 8 0
    endloop
  endfacet
  facet normal 0 0 -1
    outer loop
      vertex -24.4307 8.31214 0
      vertex -7 9.29999 0
      vertex -24.4077 8.15683 0
    endloop
  endfacet
  facet normal -0 0 -1
    outer loop
      vertex -7 9.29999 0
      vertex -24.4307 8.31214 0
      vertex -6.99614 9.3784 0
    endloop
  endfacet
  facet normal 0 0 -1
    outer loop
      vertex -24.4689 8.46445 0
      vertex -6.99614 9.3784 0
      vertex -24.4307 8.31214 0
    endloop
  endfacet
  facet normal -0 0 -1
    outer loop
      vertex -6.99614 9.3784 0
      vertex -24.4689 8.46445 0
      vertex -6.98462 9.45605 0
    endloop
  endfacet
  facet normal 0 0 -1
    outer loop
      vertex -24.5218 8.61229 0
      vertex -6.98462 9.45605 0
      vertex -24.4689 8.46445 0
    endloop
  endfacet
  facet normal -0 0 -1
    outer loop
      vertex -6.98462 9.45605 0
      vertex -24.5218 8.61229 0
      vertex -6.96555 9.53221 0
    endloop
  endfacet
  facet normal -0 0 -1
    outer loop
      vertex -6.96555 9.53221 0
      vertex -24.5218 8.61229 0
      vertex -6.9391 9.60614 0
    endloop
  endfacet
  facet normal 0 0 -1
    outer loop
      vertex -24.5889 8.75423 0
      vertex -6.9391 9.60614 0
      vertex -24.5218 8.61229 0
    endloop
  endfacet
  facet normal -0 0 -1
    outer loop
      vertex -6.9391 9.60614 0
      vertex -24.5889 8.75423 0
      vertex -6.90553 9.67711 0
    endloop
  endfacet
  facet normal 0 0 -1
    outer loop
      vertex -24.6696 8.88891 0
      vertex -6.90553 9.67711 0
      vertex -24.5889 8.75423 0
    endloop
  endfacet
  facet normal -0 0 -1
    outer loop
      vertex -6.90553 9.67711 0
      vertex -24.6696 8.88891 0
      vertex -6.86517 9.74445 0
    endloop
  endfacet
  facet normal 0 0 -1
    outer loop
      vertex -24.7632 9.01503 0
      vertex -6.86517 9.74445 0
      vertex -24.6696 8.88891 0
    endloop
  endfacet
  facet normal -0 0 -1
    outer loop
      vertex -6.86517 9.74445 0
      vertex -24.7632 9.01503 0
      vertex -6.81841 9.8075 0
    endloop
  endfacet
  facet normal 0 0 -1
    outer loop
      vertex -24.8686 9.13137 0
      vertex -6.81841 9.8075 0
      vertex -24.7632 9.01503 0
    endloop
  endfacet
  facet normal -0 0 -1
    outer loop
      vertex -6.81841 9.8075 0
      vertex -24.8686 9.13137 0
      vertex -6.76569 9.86568 0
    endloop
  endfacet
  facet normal 0 0 -1
    outer loop
      vertex -24.985 9.23682 0
      vertex -6.76569 9.86568 0
      vertex -24.8686 9.13137 0
    endloop
  endfacet
  facet normal -0 0 -1
    outer loop
      vertex -6.76569 9.86568 0
      vertex -24.985 9.23682 0
      vertex -6.7075 9.9184 0
    endloop
  endfacet
  facet normal 0 0 -1
    outer loop
      vertex -25.1111 9.33035 0
      vertex -6.7075 9.9184 0
      vertex -24.985 9.23682 0
    endloop
  endfacet
  facet normal -0 0 -1
    outer loop
      vertex -6.7075 9.9184 0
      vertex -25.1111 9.33035 0
      vertex -6.64445 9.96516 0
    endloop
  endfacet
  facet normal 0 0 -1
    outer loop
      vertex -28.7221 12.4591 0
      vertex -6.64445 9.96516 0
      vertex -25.1111 9.33035 0
    endloop
  endfacet
  facet normal 0 0 -1
    outer loop
      vertex -28.8737 12.6263 0
      vertex -6.64445 9.96516 0
      vertex -28.7221 12.4591 0
    endloop
  endfacet
  facet normal 0 0 -1
    outer loop
      vertex -6.64445 9.96516 0
      vertex -28.8737 12.6263 0
      vertex -6.57712 10.0055 0
    endloop
  endfacet
  facet normal 0 0 -1
    outer loop
      vertex -29.0409 12.7779 0
      vertex -6.57712 10.0055 0
      vertex -28.8737 12.6263 0
    endloop
  endfacet
  facet normal 0 0 -1
    outer loop
      vertex -6.57712 10.0055 0
      vertex -29.0409 12.7779 0
      vertex -6.50615 10.0391 0
    endloop
  endfacet
  facet normal 0 0 -1
    outer loop
      vertex -28.7221 12.4591 0
      vertex -25.1111 9.33035 0
      vertex -25.2458 9.41107 0
    endloop
  endfacet
  facet normal 0 0 -1
    outer loop
      vertex -28.5876 12.2778 0
      vertex -25.2458 9.41107 0
      vertex -25.3877 9.47821 0
    endloop
  endfacet
  facet normal 0 0 -1
    outer loop
      vertex -28.4716 12.0842 0
      vertex -25.3877 9.47821 0
      vertex -25.5355 9.5311 0
    endloop
  endfacet
  facet normal 0 0 -1
    outer loop
      vertex -28.3751 11.8802 0
      vertex -25.5355 9.5311 0
      vertex -25.6879 9.56926 0
    endloop
  endfacet
  facet normal 0 0 -1
    outer loop
      vertex -28.299 11.6677 0
      vertex -25.6879 9.56926 0
      vertex -25.8432 9.59229 0
    endloop
  endfacet
  facet normal 0 0 -1
    outer loop
      vertex -28.2442 11.4487 0
      vertex -25.8432 9.59229 0
      vertex -26 9.6 0
    endloop
  endfacet
  facet normal 0 0 -1
    outer loop
      vertex -28.2442 11.4487 0
      vertex -26 9.6 0
      vertex -26.1568 9.59229 0
    endloop
  endfacet
  facet normal 0 0 -1
    outer loop
      vertex -27.5923 7.84317 0
      vertex -28.2 11 0
      vertex -27.6 8 0
    endloop
  endfacet
  facet normal 0 0 -1
    outer loop
      vertex -28.2 11 0
      vertex -27.5923 8.15683 0
      vertex -27.6 8 0
    endloop
  endfacet
  facet normal 0 0 -1
    outer loop
      vertex -28.2 11 0
      vertex -27.5693 8.31214 0
      vertex -27.5923 8.15683 0
    endloop
  endfacet
  facet normal 0 0 -1
    outer loop
      vertex -28.2 11 0
      vertex -27.5311 8.46445 0
      vertex -27.5693 8.31214 0
    endloop
  endfacet
  facet normal 0 0 -1
    outer loop
      vertex -28.2 11 0
      vertex -27.4782 8.61229 0
      vertex -27.5311 8.46445 0
    endloop
  endfacet
  facet normal 0 0 -1
    outer loop
      vertex -28.2 11 0
      vertex -27.4111 8.75423 0
      vertex -27.4782 8.61229 0
    endloop
  endfacet
  facet normal 0 0 -1
    outer loop
      vertex -28.2 11 0
      vertex -27.3304 8.88891 0
      vertex -27.4111 8.75423 0
    endloop
  endfacet
  facet normal 0 0 -1
    outer loop
      vertex -28.2 11 0
      vertex -27.2368 9.01503 0
      vertex -27.3304 8.88891 0
    endloop
  endfacet
  facet normal 0 0 -1
    outer loop
      vertex -28.2 11 0
      vertex -27.1314 9.13137 0
      vertex -27.2368 9.01503 0
    endloop
  endfacet
  facet normal 0 0 -1
    outer loop
      vertex -28.2 11 0
      vertex -27.015 9.23682 0
      vertex -27.1314 9.13137 0
    endloop
  endfacet
  facet normal 0 0 -1
    outer loop
      vertex -28.2 11 0
      vertex -26.8889 9.33035 0
      vertex -27.015 9.23682 0
    endloop
  endfacet
  facet normal 0 0 -1
    outer loop
      vertex -28.2 11 0
      vertex -26.7542 9.41107 0
      vertex -26.8889 9.33035 0
    endloop
  endfacet
  facet normal 0 0 -1
    outer loop
      vertex -28.2 11 0
      vertex -26.6123 9.47821 0
      vertex -26.7542 9.41107 0
    endloop
  endfacet
  facet normal 0 0 -1
    outer loop
      vertex -28.2 11 0
      vertex -26.4645 9.5311 0
      vertex -26.6123 9.47821 0
    endloop
  endfacet
  facet normal 0 0 -1
    outer loop
      vertex -28.2 11 0
      vertex -26.3121 9.56926 0
      vertex -26.4645 9.5311 0
    endloop
  endfacet
  facet normal 0 0 -1
    outer loop
      vertex -28.2111 11.2254 0
      vertex -26.3121 9.56926 0
      vertex -28.2 11 0
    endloop
  endfacet
  facet normal 0 0 -1
    outer loop
      vertex -26.3121 9.56926 0
      vertex -28.2111 11.2254 0
      vertex -26.1568 9.59229 0
    endloop
  endfacet
  facet normal 0 0 -1
    outer loop
      vertex -28.2442 11.4487 0
      vertex -26.1568 9.59229 0
      vertex -28.2111 11.2254 0
    endloop
  endfacet
  facet normal 0 0 -1
    outer loop
      vertex -25.8432 9.59229 0
      vertex -28.2442 11.4487 0
      vertex -28.299 11.6677 0
    endloop
  endfacet
  facet normal 0 0 -1
    outer loop
      vertex -25.6879 9.56926 0
      vertex -28.299 11.6677 0
      vertex -28.3751 11.8802 0
    endloop
  endfacet
  facet normal 0 0 -1
    outer loop
      vertex -25.5355 9.5311 0
      vertex -28.3751 11.8802 0
      vertex -28.4716 12.0842 0
    endloop
  endfacet
  facet normal 0 0 -1
    outer loop
      vertex -25.3877 9.47821 0
      vertex -28.4716 12.0842 0
      vertex -28.5876 12.2778 0
    endloop
  endfacet
  facet normal 0 0 -1
    outer loop
      vertex -25.2458 9.41107 0
      vertex -28.5876 12.2778 0
      vertex -28.7221 12.4591 0
    endloop
  endfacet
  facet normal 0 0 -1
    outer loop
      vertex -33.1 16.6 0
      vertex -6.50615 10.0391 0
      vertex -29.0409 12.7779 0
    endloop
  endfacet
  facet normal 0 0 -1
    outer loop
      vertex -6.50615 10.0391 0
      vertex -33.1 16.6 0
      vertex -6.43222 10.0655 0
    endloop
  endfacet
  facet normal 0 0 -1
    outer loop
      vertex -6.43222 10.0655 0
      vertex -33.1 16.6 0
      vertex -6.35606 10.0846 0
    endloop
  endfacet
  facet normal 0 0 -1
    outer loop
      vertex -33.1 16.6 0
      vertex -29.0409 12.7779 0
      vertex -29.2222 12.9124 0
    endloop
  endfacet
  facet normal 0 0 -1
    outer loop
      vertex -33.1 16.6 0
      vertex -29.2222 12.9124 0
      vertex -29.4158 13.0284 0
    endloop
  endfacet
  facet normal 0 0 -1
    outer loop
      vertex -33.1 16.6 0
      vertex -29.4158 13.0284 0
      vertex -29.6198 13.1249 0
    endloop
  endfacet
  facet normal 0 0 -1
    outer loop
      vertex -33.1 16.6 0
      vertex -29.6198 13.1249 0
      vertex -29.8323 13.201 0
    endloop
  endfacet
  facet normal 0 0 -1
    outer loop
      vertex -33.1 16.6 0
      vertex -29.8323 13.201 0
      vertex -30.0513 13.2558 0
    endloop
  endfacet
  facet normal 0 0 -1
    outer loop
      vertex -33.1 16.6 0
      vertex -30.0513 13.2558 0
      vertex -30.2746 13.2889 0
    endloop
  endfacet
  facet normal 0 0 -1
    outer loop
      vertex -33.1 16.6 0
      vertex -30.2746 13.2889 0
      vertex -30.5 13.3 0
    endloop
  endfacet
  facet normal 0 0 -1
    outer loop
      vertex -33.1 16.6 0
      vertex -30.5 13.3 0
      vertex -30.7254 13.2889 0
    endloop
  endfacet
  facet normal 0 0 -1
    outer loop
      vertex 0.800003 10.1 0
      vertex -33.1 16.6 0
      vertex 33.1 16.6 0
    endloop
  endfacet
  facet normal 0 0 -1
    outer loop
      vertex -30.9487 13.2558 0
      vertex -33.1 16.6 0
      vertex -30.7254 13.2889 0
    endloop
  endfacet
  facet normal 0 0 -1
    outer loop
      vertex -31.1677 13.201 0
      vertex -33.1 16.6 0
      vertex -30.9487 13.2558 0
    endloop
  endfacet
  facet normal 0 0 -1
    outer loop
      vertex -31.3802 13.1249 0
      vertex -33.1 16.6 0
      vertex -31.1677 13.201 0
    endloop
  endfacet
  facet normal 0 0 -1
    outer loop
      vertex -31.5842 13.0284 0
      vertex -33.1 16.6 0
      vertex -31.3802 13.1249 0
    endloop
  endfacet
  facet normal 0 0 -1
    outer loop
      vertex -31.7778 12.9124 0
      vertex -33.1 16.6 0
      vertex -31.5842 13.0284 0
    endloop
  endfacet
  facet normal 0 0 -1
    outer loop
      vertex -31.9591 12.7779 0
      vertex -33.1 16.6 0
      vertex -31.7778 12.9124 0
    endloop
  endfacet
  facet normal 0 0 -1
    outer loop
      vertex -34.116 16.4493 0
      vertex -31.9591 12.7779 0
      vertex -32.1263 12.6263 0
    endloop
  endfacet
  facet normal 0 0 -1
    outer loop
      vertex -35.3204 15.8055 0
      vertex -32.1263 12.6263 0
      vertex -32.2779 12.4591 0
    endloop
  endfacet
  facet normal 0 0 -1
    outer loop
      vertex -36.0101 15.0445 0
      vertex -32.2779 12.4591 0
      vertex -32.4124 12.2778 0
    endloop
  endfacet
  facet normal 0 0 -1
    outer loop
      vertex -36.5327 13.7828 0
      vertex -32.4124 12.2778 0
      vertex -32.5284 12.0842 0
    endloop
  endfacet
  facet normal 0 0 -1
    outer loop
      vertex -36.6 13.1 0
      vertex -32.5284 12.0842 0
      vertex -32.6249 11.8802 0
    endloop
  endfacet
  facet normal 0 0 -1
    outer loop
      vertex -36.6 13.1 0
      vertex -32.6249 11.8802 0
      vertex -32.701 11.6677 0
    endloop
  endfacet
  facet normal 0 0 -1
    outer loop
      vertex -36.6 13.1 0
      vertex -32.701 11.6677 0
      vertex -32.7558 11.4487 0
    endloop
  endfacet
  facet normal 0 0 -1
    outer loop
      vertex -36.6 13.1 0
      vertex -32.7558 11.4487 0
      vertex -32.7889 11.2254 0
    endloop
  endfacet
  facet normal 0 0 -1
    outer loop
      vertex -36.6 13.1 0
      vertex -32.7889 11.2254 0
      vertex -32.8 11 0
    endloop
  endfacet
  facet normal 0 0 -1
    outer loop
      vertex -32.7558 10.5513 0
      vertex -36.6 13.1 0
      vertex -32.7889 10.7746 0
    endloop
  endfacet
  facet normal 0 0 -1
    outer loop
      vertex -35.8055 -15.3204 0
      vertex -32.2779 -12.4591 0
      vertex -35.5749 -15.5749 0
    endloop
  endfacet
  facet normal 0 0 -1
    outer loop
      vertex -32.7889 10.7746 0
      vertex -36.6 13.1 0
      vertex -32.8 11 0
    endloop
  endfacet
  facet normal 0 0 -1
    outer loop
      vertex -36.0101 -15.0445 0
      vertex -32.2779 -12.4591 0
      vertex -35.8055 -15.3204 0
    endloop
  endfacet
  facet normal 0 0 -1
    outer loop
      vertex -32.5284 12.0842 0
      vertex -36.6 13.1 0
      vertex -36.5831 13.4431 0
    endloop
  endfacet
  facet normal -0 0 -1
    outer loop
      vertex -32.2779 -12.4591 0
      vertex -36.0101 -15.0445 0
      vertex -32.4124 -12.2778 0
    endloop
  endfacet
  facet normal 0 0 -1
    outer loop
      vertex -31.9591 12.7779 0
      vertex -33.4431 16.5831 0
      vertex -33.1 16.6 0
    endloop
  endfacet
  facet normal 0 0 -1
    outer loop
      vertex -36.1867 -14.7499 0
      vertex -32.4124 -12.2778 0
      vertex -36.0101 -15.0445 0
    endloop
  endfacet
  facet normal 0 0 -1
    outer loop
      vertex -31.9591 12.7779 0
      vertex -33.7828 16.5327 0
      vertex -33.4431 16.5831 0
    endloop
  endfacet
  facet normal 0 0 -1
    outer loop
      vertex -36.3336 -14.4394 0
      vertex -32.4124 -12.2778 0
      vertex -36.1867 -14.7499 0
    endloop
  endfacet
  facet normal 0 0 -1
    outer loop
      vertex -31.9591 12.7779 0
      vertex -34.116 16.4493 0
      vertex -33.7828 16.5327 0
    endloop
  endfacet
  facet normal 0 0 -1
    outer loop
      vertex -36.4493 -14.116 0
      vertex -32.4124 -12.2778 0
      vertex -36.3336 -14.4394 0
    endloop
  endfacet
  facet normal 0 0 -1
    outer loop
      vertex -32.1263 12.6263 0
      vertex -34.4394 16.3336 0
      vertex -34.116 16.4493 0
    endloop
  endfacet
  facet normal 0 0 -1
    outer loop
      vertex -36.5327 -13.7828 0
      vertex -32.4124 -12.2778 0
      vertex -36.4493 -14.116 0
    endloop
  endfacet
  facet normal 0 0 -1
    outer loop
      vertex -32.1263 12.6263 0
      vertex -34.7499 16.1867 0
      vertex -34.4394 16.3336 0
    endloop
  endfacet
  facet normal -0 0 -1
    outer loop
      vertex -32.4124 -12.2778 0
      vertex -36.5327 -13.7828 0
      vertex -32.5284 -12.0842 0
    endloop
  endfacet
  facet normal 0 0 -1
    outer loop
      vertex -32.1263 12.6263 0
      vertex -35.0445 16.0101 0
      vertex -34.7499 16.1867 0
    endloop
  endfacet
  facet normal 0 0 -1
    outer loop
      vertex -36.5831 -13.4431 0
      vertex -32.5284 -12.0842 0
      vertex -36.5327 -13.7828 0
    endloop
  endfacet
  facet normal 0 0 -1
    outer loop
      vertex -32.1263 12.6263 0
      vertex -35.3204 15.8055 0
      vertex -35.0445 16.0101 0
    endloop
  endfacet
  facet normal 0 0 -1
    outer loop
      vertex -36.6 -13.1 0
      vertex -32.5284 -12.0842 0
      vertex -36.5831 -13.4431 0
    endloop
  endfacet
  facet normal 0 0 -1
    outer loop
      vertex -32.2779 12.4591 0
      vertex -35.5749 15.5749 0
      vertex -35.3204 15.8055 0
    endloop
  endfacet
  facet normal -0 0 -1
    outer loop
      vertex -32.5284 -12.0842 0
      vertex -36.6 -13.1 0
      vertex -32.6249 -11.8802 0
    endloop
  endfacet
  facet normal 0 0 -1
    outer loop
      vertex -32.2779 12.4591 0
      vertex -35.8055 15.3204 0
      vertex -35.5749 15.5749 0
    endloop
  endfacet
  facet normal -0 0 -1
    outer loop
      vertex -32.6249 -11.8802 0
      vertex -36.6 -13.1 0
      vertex -32.701 -11.6677 0
    endloop
  endfacet
  facet normal 0 0 -1
    outer loop
      vertex -32.2779 12.4591 0
      vertex -36.0101 15.0445 0
      vertex -35.8055 15.3204 0
    endloop
  endfacet
  facet normal -0 0 -1
    outer loop
      vertex -32.701 -11.6677 0
      vertex -36.6 -13.1 0
      vertex -32.7558 -11.4487 0
    endloop
  endfacet
  facet normal 0 0 -1
    outer loop
      vertex -32.4124 12.2778 0
      vertex -36.1867 14.7499 0
      vertex -36.0101 15.0445 0
    endloop
  endfacet
  facet normal -0 0 -1
    outer loop
      vertex -32.7558 -11.4487 0
      vertex -36.6 -13.1 0
      vertex -32.7889 -11.2254 0
    endloop
  endfacet
  facet normal 0 0 -1
    outer loop
      vertex -32.4124 12.2778 0
      vertex -36.3336 14.4394 0
      vertex -36.1867 14.7499 0
    endloop
  endfacet
  facet normal -0 0 -1
    outer loop
      vertex -32.7889 -11.2254 0
      vertex -36.6 -13.1 0
      vertex -32.8 -11 0
    endloop
  endfacet
  facet normal 0 0 -1
    outer loop
      vertex -32.4124 12.2778 0
      vertex -36.4493 14.116 0
      vertex -36.3336 14.4394 0
    endloop
  endfacet
  facet normal 0 0 -1
    outer loop
      vertex -32.4124 12.2778 0
      vertex -36.5327 13.7828 0
      vertex -36.4493 14.116 0
    endloop
  endfacet
  facet normal 0 0 -1
    outer loop
      vertex -32.5284 12.0842 0
      vertex -36.5831 13.4431 0
      vertex -36.5327 13.7828 0
    endloop
  endfacet
  facet normal -0.671454 0.741046 0
    outer loop
      vertex -35.3204 15.8055 0
      vertex -35.5749 15.5749 11
      vertex -35.3204 15.8055 11
    endloop
  endfacet
  facet normal -0.671454 0.741046 0
    outer loop
      vertex -35.5749 15.5749 11
      vertex -35.3204 15.8055 0
      vertex -35.5749 15.5749 0
    endloop
  endfacet
  facet normal 0.336853 0.941557 -0
    outer loop
      vertex 34.4394 16.3336 0
      vertex 34.116 16.4493 11
      vertex 34.4394 16.3336 11
    endloop
  endfacet
  facet normal 0.336853 0.941557 0
    outer loop
      vertex 34.116 16.4493 11
      vertex 34.4394 16.3336 0
      vertex 34.116 16.4493 0
    endloop
  endfacet
  facet normal -0.0489209 -0.998803 0
    outer loop
      vertex 33.1 14.6 2
      vertex 33.247 14.5928 9.5
      vertex 33.1 14.6 9.5
    endloop
  endfacet
  facet normal -0.0489209 -0.998803 -0
    outer loop
      vertex 33.247 14.5928 9.5
      vertex 33.1 14.6 2
      vertex 33.247 14.5928 2
    endloop
  endfacet
  facet normal 0.146746 -0.989174 0
    outer loop
      vertex -33.3926 14.5712 2
      vertex -33.247 14.5928 9.5
      vertex -33.3926 14.5712 9.5
    endloop
  endfacet
  facet normal 0.146746 -0.989174 0
    outer loop
      vertex -33.247 14.5928 9.5
      vertex -33.3926 14.5712 2
      vertex -33.247 14.5928 2
    endloop
  endfacet
  facet normal -0.427269 0.904125 0
    outer loop
      vertex 33.8071 -14.4229 2
      vertex 33.674 -14.4858 9.5
      vertex 33.8071 -14.4229 9.5
    endloop
  endfacet
  facet normal -0.427269 0.904125 0
    outer loop
      vertex 33.674 -14.4858 9.5
      vertex 33.8071 -14.4229 2
      vertex 33.674 -14.4858 2
    endloop
  endfacet
  facet normal 0 -1 0
    outer loop
      vertex -33.1 14.6 2
      vertex 33.1 14.6 9.5
      vertex -33.1 14.6 9.5
    endloop
  endfacet
  facet normal 0 -1 -0
    outer loop
      vertex 33.1 14.6 9.5
      vertex -33.1 14.6 2
      vertex 33.1 14.6 2
    endloop
  endfacet
  facet normal 0.803329 -0.595536 0
    outer loop
      vertex -34.3472 13.9333 9.5
      vertex -34.2595 14.0516 2
      vertex -34.2595 14.0516 9.5
    endloop
  endfacet
  facet normal 0.803329 -0.595536 0
    outer loop
      vertex -34.2595 14.0516 2
      vertex -34.3472 13.9333 9.5
      vertex -34.3472 13.9333 2
    endloop
  endfacet
  facet normal -0.941527 -0.336939 0
    outer loop
      vertex 34.5354 13.5354 2
      vertex 34.4858 13.674 9.5
      vertex 34.4858 13.674 2
    endloop
  endfacet
  facet normal -0.941527 -0.336939 0
    outer loop
      vertex 34.4858 13.674 9.5
      vertex 34.5354 13.5354 2
      vertex 34.5354 13.5354 9.5
    endloop
  endfacet
  facet normal -0.336939 0.941527 0
    outer loop
      vertex 33.674 -14.4858 2
      vertex 33.5354 -14.5354 9.5
      vertex 33.674 -14.4858 9.5
    endloop
  endfacet
  facet normal -0.336939 0.941527 0
    outer loop
      vertex 33.5354 -14.5354 9.5
      vertex 33.674 -14.4858 2
      vertex 33.5354 -14.5354 2
    endloop
  endfacet
  facet normal 0.998803 0.0489209 0
    outer loop
      vertex -34.5928 -13.247 9.5
      vertex -34.6 -13.1 2
      vertex -34.6 -13.1 9.5
    endloop
  endfacet
  facet normal 0.998803 0.0489209 0
    outer loop
      vertex -34.6 -13.1 2
      vertex -34.5928 -13.247 9.5
      vertex -34.5928 -13.247 2
    endloop
  endfacet
  facet normal -0.243175 0.969982 0
    outer loop
      vertex 33.5354 -14.5354 2
      vertex 33.3926 -14.5712 9.5
      vertex 33.5354 -14.5354 9.5
    endloop
  endfacet
  facet normal -0.243175 0.969982 0
    outer loop
      vertex 33.3926 -14.5712 9.5
      vertex 33.5354 -14.5354 2
      vertex 33.3926 -14.5712 2
    endloop
  endfacet
  facet normal 0 1 -0
    outer loop
      vertex 33.1 -14.6 2
      vertex -33.1 -14.6 9.5
      vertex 33.1 -14.6 9.5
    endloop
  endfacet
  facet normal 0 1 0
    outer loop
      vertex -33.1 -14.6 9.5
      vertex 33.1 -14.6 2
      vertex -33.1 -14.6 2
    endloop
  endfacet
  facet normal 0.0489209 -0.998803 0
    outer loop
      vertex -33.247 14.5928 2
      vertex -33.1 14.6 9.5
      vertex -33.247 14.5928 9.5
    endloop
  endfacet
  facet normal 0.0489209 -0.998803 0
    outer loop
      vertex -33.1 14.6 9.5
      vertex -33.247 14.5928 2
      vertex -33.1 14.6 2
    endloop
  endfacet
  facet normal -0.803329 0.595536 0
    outer loop
      vertex 34.2595 -14.0516 2
      vertex 34.3472 -13.9333 9.5
      vertex 34.3472 -13.9333 2
    endloop
  endfacet
  facet normal -0.803329 0.595536 0
    outer loop
      vertex 34.3472 -13.9333 9.5
      vertex 34.2595 -14.0516 2
      vertex 34.2595 -14.0516 9.5
    endloop
  endfacet
  facet normal -0.427269 -0.904125 0
    outer loop
      vertex 33.674 14.4858 2
      vertex 33.8071 14.4229 9.5
      vertex 33.674 14.4858 9.5
    endloop
  endfacet
  facet normal -0.427269 -0.904125 -0
    outer loop
      vertex 33.8071 14.4229 9.5
      vertex 33.674 14.4858 2
      vertex 33.8071 14.4229 2
    endloop
  endfacet
  facet normal 0.336939 0.941527 -0
    outer loop
      vertex -33.5354 -14.5354 2
      vertex -33.674 -14.4858 9.5
      vertex -33.5354 -14.5354 9.5
    endloop
  endfacet
  facet normal 0.336939 0.941527 0
    outer loop
      vertex -33.674 -14.4858 9.5
      vertex -33.5354 -14.5354 2
      vertex -33.674 -14.4858 2
    endloop
  endfacet
  facet normal 1 -0 0
    outer loop
      vertex -34.6 -13.1 9.5
      vertex -34.6 13.1 2
      vertex -34.6 13.1 9.5
    endloop
  endfacet
  facet normal 1 0 0
    outer loop
      vertex -34.6 13.1 2
      vertex -34.6 -13.1 9.5
      vertex -34.6 -13.1 2
    endloop
  endfacet
  facet normal -1 0 0
    outer loop
      vertex 34.6 -13.1 2
      vertex 34.6 13.1 9.5
      vertex 34.6 13.1 2
    endloop
  endfacet
  facet normal -1 -0 0
    outer loop
      vertex 34.6 13.1 9.5
      vertex 34.6 -13.1 2
      vertex 34.6 -13.1 9.5
    endloop
  endfacet
  facet normal -0.671962 0.740585 0
    outer loop
      vertex 34.1606 -14.1606 2
      vertex 34.0516 -14.2595 9.5
      vertex 34.1606 -14.1606 9.5
    endloop
  endfacet
  facet normal -0.671962 0.740585 0
    outer loop
      vertex 34.0516 -14.2595 9.5
      vertex 34.1606 -14.1606 2
      vertex 34.0516 -14.2595 2
    endloop
  endfacet
  facet normal -0.969982 -0.243175 0
    outer loop
      vertex 34.5712 13.3926 2
      vertex 34.5354 13.5354 9.5
      vertex 34.5354 13.5354 2
    endloop
  endfacet
  facet normal -0.969982 -0.243175 0
    outer loop
      vertex 34.5354 13.5354 9.5
      vertex 34.5712 13.3926 2
      vertex 34.5712 13.3926 9.5
    endloop
  endfacet
  facet normal 0.740585 0.671962 0
    outer loop
      vertex -34.1606 -14.1606 9.5
      vertex -34.2595 -14.0516 2
      vertex -34.2595 -14.0516 9.5
    endloop
  endfacet
  facet normal 0.740585 0.671962 0
    outer loop
      vertex -34.2595 -14.0516 2
      vertex -34.1606 -14.1606 9.5
      vertex -34.1606 -14.1606 2
    endloop
  endfacet
  facet normal 0.857553 -0.514396 0
    outer loop
      vertex -34.4229 13.8071 9.5
      vertex -34.3472 13.9333 2
      vertex -34.3472 13.9333 9.5
    endloop
  endfacet
  facet normal 0.857553 -0.514396 0
    outer loop
      vertex -34.3472 13.9333 2
      vertex -34.4229 13.8071 9.5
      vertex -34.4229 13.8071 2
    endloop
  endfacet
  facet normal 0.514396 0.857553 -0
    outer loop
      vertex -33.8071 -14.4229 2
      vertex -33.9333 -14.3472 9.5
      vertex -33.8071 -14.4229 9.5
    endloop
  endfacet
  facet normal 0.514396 0.857553 0
    outer loop
      vertex -33.9333 -14.3472 9.5
      vertex -33.8071 -14.4229 2
      vertex -33.9333 -14.3472 2
    endloop
  endfacet
  facet normal -0.998803 -0.0489209 0
    outer loop
      vertex 34.6 13.1 2
      vertex 34.5928 13.247 9.5
      vertex 34.5928 13.247 2
    endloop
  endfacet
  facet normal -0.998803 -0.0489209 0
    outer loop
      vertex 34.5928 13.247 9.5
      vertex 34.6 13.1 2
      vertex 34.6 13.1 9.5
    endloop
  endfacet
  facet normal 0.595536 -0.803329 0
    outer loop
      vertex -34.0516 14.2595 2
      vertex -33.9333 14.3472 9.5
      vertex -34.0516 14.2595 9.5
    endloop
  endfacet
  facet normal 0.595536 -0.803329 0
    outer loop
      vertex -33.9333 14.3472 9.5
      vertex -34.0516 14.2595 2
      vertex -33.9333 14.3472 2
    endloop
  endfacet
  facet normal 0.671962 0.740585 -0
    outer loop
      vertex -34.0516 -14.2595 2
      vertex -34.1606 -14.1606 9.5
      vertex -34.0516 -14.2595 9.5
    endloop
  endfacet
  facet normal 0.671962 0.740585 0
    outer loop
      vertex -34.1606 -14.1606 9.5
      vertex -34.0516 -14.2595 2
      vertex -34.1606 -14.1606 2
    endloop
  endfacet
  facet normal -0.989174 -0.146746 0
    outer loop
      vertex 34.5928 13.247 2
      vertex 34.5712 13.3926 9.5
      vertex 34.5712 13.3926 2
    endloop
  endfacet
  facet normal -0.989174 -0.146746 0
    outer loop
      vertex 34.5712 13.3926 9.5
      vertex 34.5928 13.247 2
      vertex 34.5928 13.247 9.5
    endloop
  endfacet
  facet normal -0.146746 -0.989174 0
    outer loop
      vertex 33.247 14.5928 2
      vertex 33.3926 14.5712 9.5
      vertex 33.247 14.5928 9.5
    endloop
  endfacet
  facet normal -0.146746 -0.989174 -0
    outer loop
      vertex 33.3926 14.5712 9.5
      vertex 33.247 14.5928 2
      vertex 33.3926 14.5712 2
    endloop
  endfacet
  facet normal 0.803329 0.595536 0
    outer loop
      vertex -34.2595 -14.0516 9.5
      vertex -34.3472 -13.9333 2
      vertex -34.3472 -13.9333 9.5
    endloop
  endfacet
  facet normal 0.803329 0.595536 0
    outer loop
      vertex -34.3472 -13.9333 2
      vertex -34.2595 -14.0516 9.5
      vertex -34.2595 -14.0516 2
    endloop
  endfacet
  facet normal 0.336939 -0.941527 0
    outer loop
      vertex -33.674 14.4858 2
      vertex -33.5354 14.5354 9.5
      vertex -33.674 14.4858 9.5
    endloop
  endfacet
  facet normal 0.336939 -0.941527 0
    outer loop
      vertex -33.5354 14.5354 9.5
      vertex -33.674 14.4858 2
      vertex -33.5354 14.5354 2
    endloop
  endfacet
  facet normal -0.740585 -0.671962 0
    outer loop
      vertex 34.2595 14.0516 2
      vertex 34.1606 14.1606 9.5
      vertex 34.1606 14.1606 2
    endloop
  endfacet
  facet normal -0.740585 -0.671962 0
    outer loop
      vertex 34.1606 14.1606 9.5
      vertex 34.2595 14.0516 2
      vertex 34.2595 14.0516 9.5
    endloop
  endfacet
  facet normal 0.595536 0.803329 -0
    outer loop
      vertex -33.9333 -14.3472 2
      vertex -34.0516 -14.2595 9.5
      vertex -33.9333 -14.3472 9.5
    endloop
  endfacet
  facet normal 0.595536 0.803329 0
    outer loop
      vertex -34.0516 -14.2595 9.5
      vertex -33.9333 -14.3472 2
      vertex -34.0516 -14.2595 2
    endloop
  endfacet
  facet normal 0.146746 0.989174 -0
    outer loop
      vertex -33.247 -14.5928 2
      vertex -33.3926 -14.5712 9.5
      vertex -33.247 -14.5928 9.5
    endloop
  endfacet
  facet normal 0.146746 0.989174 0
    outer loop
      vertex -33.3926 -14.5712 9.5
      vertex -33.247 -14.5928 2
      vertex -33.3926 -14.5712 2
    endloop
  endfacet
  facet normal 0.989174 -0.146746 0
    outer loop
      vertex -34.5928 13.247 9.5
      vertex -34.5712 13.3926 2
      vertex -34.5712 13.3926 9.5
    endloop
  endfacet
  facet normal 0.989174 -0.146746 0
    outer loop
      vertex -34.5712 13.3926 2
      vertex -34.5928 13.247 9.5
      vertex -34.5928 13.247 2
    endloop
  endfacet
  facet normal 0.0489209 0.998803 -0
    outer loop
      vertex -33.1 -14.6 2
      vertex -33.247 -14.5928 9.5
      vertex -33.1 -14.6 9.5
    endloop
  endfacet
  facet normal 0.0489209 0.998803 0
    outer loop
      vertex -33.247 -14.5928 9.5
      vertex -33.1 -14.6 2
      vertex -33.247 -14.5928 2
    endloop
  endfacet
  facet normal -0.595536 0.803329 0
    outer loop
      vertex 34.0516 -14.2595 2
      vertex 33.9333 -14.3472 9.5
      vertex 34.0516 -14.2595 9.5
    endloop
  endfacet
  facet normal -0.595536 0.803329 0
    outer loop
      vertex 33.9333 -14.3472 9.5
      vertex 34.0516 -14.2595 2
      vertex 33.9333 -14.3472 2
    endloop
  endfacet
  facet normal -0.0489209 0.998803 0
    outer loop
      vertex 33.247 -14.5928 2
      vertex 33.1 -14.6 9.5
      vertex 33.247 -14.5928 9.5
    endloop
  endfacet
  facet normal -0.0489209 0.998803 0
    outer loop
      vertex 33.1 -14.6 9.5
      vertex 33.247 -14.5928 2
      vertex 33.1 -14.6 2
    endloop
  endfacet
  facet normal 0.989174 0.146746 0
    outer loop
      vertex -34.5712 -13.3926 9.5
      vertex -34.5928 -13.247 2
      vertex -34.5928 -13.247 9.5
    endloop
  endfacet
  facet normal 0.989174 0.146746 0
    outer loop
      vertex -34.5928 -13.247 2
      vertex -34.5712 -13.3926 9.5
      vertex -34.5712 -13.3926 2
    endloop
  endfacet
  facet normal -0 0 1
    outer loop
      vertex -29.8333 10.0022 2
      vertex -27.5311 8.46445 2
      vertex -29.7387 10.0724 2
    endloop
  endfacet
  facet normal 0 0 1
    outer loop
      vertex -27.4782 -7.38771 2
      vertex -29.3058 -10.8824 2
      vertex -29.3 -11 2
    endloop
  endfacet
  facet normal 0 0 1
    outer loop
      vertex -27.5311 8.46445 2
      vertex -29.8333 10.0022 2
      vertex -27.5693 8.31214 2
    endloop
  endfacet
  facet normal 0 0 1
    outer loop
      vertex -27.4782 -7.38771 2
      vertex -29.3231 -10.7659 2
      vertex -29.3058 -10.8824 2
    endloop
  endfacet
  facet normal -0 0 1
    outer loop
      vertex -29.9343 9.9417 2
      vertex -27.5693 8.31214 2
      vertex -29.8333 10.0022 2
    endloop
  endfacet
  facet normal 0 0 1
    outer loop
      vertex -27.4782 -7.38771 2
      vertex -29.3517 -10.6517 2
      vertex -29.3231 -10.7659 2
    endloop
  endfacet
  facet normal 0 0 1
    outer loop
      vertex -27.5693 8.31214 2
      vertex -29.9343 9.9417 2
      vertex -27.5923 8.15683 2
    endloop
  endfacet
  facet normal 0 0 1
    outer loop
      vertex -27.4782 -7.38771 2
      vertex -29.3913 -10.5408 2
      vertex -29.3517 -10.6517 2
    endloop
  endfacet
  facet normal -0 0 1
    outer loop
      vertex -30.0408 9.89135 2
      vertex -27.5923 8.15683 2
      vertex -29.9343 9.9417 2
    endloop
  endfacet
  facet normal 0 0 1
    outer loop
      vertex -27.4782 -7.38771 2
      vertex -29.4417 -10.4343 2
      vertex -29.3913 -10.5408 2
    endloop
  endfacet
  facet normal 0 0 1
    outer loop
      vertex -27.5923 8.15683 2
      vertex -30.0408 9.89135 2
      vertex -27.6 8 2
    endloop
  endfacet
  facet normal 0 0 1
    outer loop
      vertex -27.4782 -7.38771 2
      vertex -29.5022 -10.3333 2
      vertex -29.4417 -10.4343 2
    endloop
  endfacet
  facet normal -0 0 1
    outer loop
      vertex -30.1517 9.85167 2
      vertex -27.6 8 2
      vertex -30.0408 9.89135 2
    endloop
  endfacet
  facet normal 0 0 1
    outer loop
      vertex -27.4782 -7.38771 2
      vertex -29.5724 -10.2387 2
      vertex -29.5022 -10.3333 2
    endloop
  endfacet
  facet normal 0 0 1
    outer loop
      vertex -27.6 8 2
      vertex -30.1517 9.85167 2
      vertex -27.5923 7.84317 2
    endloop
  endfacet
  facet normal 0 0 1
    outer loop
      vertex -27.4782 -7.38771 2
      vertex -29.6515 -10.1515 2
      vertex -29.5724 -10.2387 2
    endloop
  endfacet
  facet normal -0 0 1
    outer loop
      vertex -30.2659 9.82306 2
      vertex -27.5923 7.84317 2
      vertex -30.1517 9.85167 2
    endloop
  endfacet
  facet normal 0 0 1
    outer loop
      vertex -27.4782 -7.38771 2
      vertex -29.7387 -10.0724 2
      vertex -29.6515 -10.1515 2
    endloop
  endfacet
  facet normal 0 0 1
    outer loop
      vertex -27.5923 7.84317 2
      vertex -30.2659 9.82306 2
      vertex -27.5693 7.68785 2
    endloop
  endfacet
  facet normal 0 0 1
    outer loop
      vertex -27.4782 -7.38771 2
      vertex -29.8333 -10.0022 2
      vertex -29.7387 -10.0724 2
    endloop
  endfacet
  facet normal -0 0 1
    outer loop
      vertex -30.3824 9.80578 2
      vertex -27.5693 7.68785 2
      vertex -30.2659 9.82306 2
    endloop
  endfacet
  facet normal 0 0 1
    outer loop
      vertex -27.4782 -7.38771 2
      vertex -29.9343 -9.9417 2
      vertex -29.8333 -10.0022 2
    endloop
  endfacet
  facet normal -0 0 1
    outer loop
      vertex -30.5 9.8 2
      vertex -27.5693 7.68785 2
      vertex -30.3824 9.80578 2
    endloop
  endfacet
  facet normal 0 0 1
    outer loop
      vertex -27.4782 -7.38771 2
      vertex -30.0408 -9.89135 2
      vertex -29.9343 -9.9417 2
    endloop
  endfacet
  facet normal 0 0 1
    outer loop
      vertex -27.5693 7.68785 2
      vertex -30.5 9.8 2
      vertex -27.5311 7.53554 2
    endloop
  endfacet
  facet normal 0 0 1
    outer loop
      vertex -27.4782 -7.38771 2
      vertex -30.1517 -9.85167 2
      vertex -30.0408 -9.89135 2
    endloop
  endfacet
  facet normal 0 0 1
    outer loop
      vertex -30.6176 9.80578 2
      vertex -27.5311 7.53554 2
      vertex -30.5 9.8 2
    endloop
  endfacet
  facet normal 0 0 1
    outer loop
      vertex -27.4782 -7.38771 2
      vertex -30.2659 -9.82306 2
      vertex -30.1517 -9.85167 2
    endloop
  endfacet
  facet normal 0 0 1
    outer loop
      vertex -27.5311 7.53554 2
      vertex -30.6176 9.80578 2
      vertex -27.4782 7.38771 2
    endloop
  endfacet
  facet normal 0 0 1
    outer loop
      vertex -27.4782 -7.38771 2
      vertex -30.3824 -9.80578 2
      vertex -30.2659 -9.82306 2
    endloop
  endfacet
  facet normal 0 0 1
    outer loop
      vertex -30.7341 9.82306 2
      vertex -27.4782 7.38771 2
      vertex -30.6176 9.80578 2
    endloop
  endfacet
  facet normal 0 0 1
    outer loop
      vertex -27.4782 -7.38771 2
      vertex -30.5 -9.8 2
      vertex -30.3824 -9.80578 2
    endloop
  endfacet
  facet normal 0 0 1
    outer loop
      vertex -30.8483 9.85167 2
      vertex -27.4782 7.38771 2
      vertex -30.7341 9.82306 2
    endloop
  endfacet
  facet normal 0 0 1
    outer loop
      vertex -27.4782 -7.38771 2
      vertex -30.6176 -9.80578 2
      vertex -30.5 -9.8 2
    endloop
  endfacet
  facet normal 0 0 1
    outer loop
      vertex -30.9592 9.89135 2
      vertex -27.4782 7.38771 2
      vertex -30.8483 9.85167 2
    endloop
  endfacet
  facet normal 0 0 1
    outer loop
      vertex -27.4782 -7.38771 2
      vertex -30.7341 -9.82306 2
      vertex -30.6176 -9.80578 2
    endloop
  endfacet
  facet normal 0 0 1
    outer loop
      vertex -27.4782 7.38771 2
      vertex -30.9592 9.89135 2
      vertex -27.4782 -7.38771 2
    endloop
  endfacet
  facet normal 0 0 1
    outer loop
      vertex -27.4782 -7.38771 2
      vertex -30.8483 -9.85167 2
      vertex -30.7341 -9.82306 2
    endloop
  endfacet
  facet normal 0 0 1
    outer loop
      vertex -30.9592 -9.89135 2
      vertex -27.4782 -7.38771 2
      vertex -30.9592 9.89135 2
    endloop
  endfacet
  facet normal 0 0 1
    outer loop
      vertex -27.4782 -7.38771 2
      vertex -30.9592 -9.89135 2
      vertex -30.8483 -9.85167 2
    endloop
  endfacet
  facet normal 0 0 1
    outer loop
      vertex -31.0657 9.9417 2
      vertex -30.9592 -9.89135 2
      vertex -30.9592 9.89135 2
    endloop
  endfacet
  facet normal 0 0 1
    outer loop
      vertex -31.0657 9.9417 2
      vertex -31.0657 -9.9417 2
      vertex -30.9592 -9.89135 2
    endloop
  endfacet
  facet normal 0 0 1
    outer loop
      vertex -31.1667 10.0022 2
      vertex -31.0657 -9.9417 2
      vertex -31.0657 9.9417 2
    endloop
  endfacet
  facet normal 0 0 1
    outer loop
      vertex -31.1667 10.0022 2
      vertex -31.1667 -10.0022 2
      vertex -31.0657 -9.9417 2
    endloop
  endfacet
  facet normal 0 0 1
    outer loop
      vertex -31.2613 10.0724 2
      vertex -31.1667 -10.0022 2
      vertex -31.1667 10.0022 2
    endloop
  endfacet
  facet normal 0 0 1
    outer loop
      vertex -31.2613 10.0724 2
      vertex -31.2613 -10.0724 2
      vertex -31.1667 -10.0022 2
    endloop
  endfacet
  facet normal 0 0 1
    outer loop
      vertex -31.3485 10.1515 2
      vertex -31.2613 -10.0724 2
      vertex -31.2613 10.0724 2
    endloop
  endfacet
  facet normal 0 0 1
    outer loop
      vertex -31.3485 10.1515 2
      vertex -31.3485 -10.1515 2
      vertex -31.2613 -10.0724 2
    endloop
  endfacet
  facet normal 0 0 1
    outer loop
      vertex -31.4276 10.2387 2
      vertex -31.3485 -10.1515 2
      vertex -31.3485 10.1515 2
    endloop
  endfacet
  facet normal 0 0 1
    outer loop
      vertex -31.4276 10.2387 2
      vertex -31.4276 -10.2387 2
      vertex -31.3485 -10.1515 2
    endloop
  endfacet
  facet normal 0 0 1
    outer loop
      vertex -34.6 13.1 2
      vertex -31.4276 10.2387 2
      vertex -31.4978 10.3333 2
    endloop
  endfacet
  facet normal 0 0 1
    outer loop
      vertex -31.4276 10.2387 2
      vertex -34.6 13.1 2
      vertex -31.4276 -10.2387 2
    endloop
  endfacet
  facet normal 0 0 1
    outer loop
      vertex -34.6 13.1 2
      vertex -31.4978 10.3333 2
      vertex -31.5583 10.4343 2
    endloop
  endfacet
  facet normal 0 0 1
    outer loop
      vertex -34.6 -13.1 2
      vertex -31.4276 -10.2387 2
      vertex -34.6 13.1 2
    endloop
  endfacet
  facet normal 0 0 1
    outer loop
      vertex -34.6 13.1 2
      vertex -31.5583 10.4343 2
      vertex -31.6087 10.5408 2
    endloop
  endfacet
  facet normal 0 0 1
    outer loop
      vertex -31.4276 -10.2387 2
      vertex -34.6 -13.1 2
      vertex -31.4978 -10.3333 2
    endloop
  endfacet
  facet normal 0 0 1
    outer loop
      vertex -34.6 13.1 2
      vertex -31.6087 10.5408 2
      vertex -31.6483 10.6517 2
    endloop
  endfacet
  facet normal 0 0 1
    outer loop
      vertex -31.4978 -10.3333 2
      vertex -34.6 -13.1 2
      vertex -31.5583 -10.4343 2
    endloop
  endfacet
  facet normal 0 0 1
    outer loop
      vertex -34.6 13.1 2
      vertex -31.6483 10.6517 2
      vertex -31.6769 10.7659 2
    endloop
  endfacet
  facet normal 0 0 1
    outer loop
      vertex -31.5583 -10.4343 2
      vertex -34.6 -13.1 2
      vertex -31.6087 -10.5408 2
    endloop
  endfacet
  facet normal 0 0 1
    outer loop
      vertex -34.6 13.1 2
      vertex -31.6769 10.7659 2
      vertex -31.6942 10.8824 2
    endloop
  endfacet
  facet normal 0 0 1
    outer loop
      vertex -31.6087 -10.5408 2
      vertex -34.6 -13.1 2
      vertex -31.6483 -10.6517 2
    endloop
  endfacet
  facet normal 0 0 1
    outer loop
      vertex -34.6 13.1 2
      vertex -31.6942 10.8824 2
      vertex -31.7 11 2
    endloop
  endfacet
  facet normal 0 0 1
    outer loop
      vertex -31.6483 -10.6517 2
      vertex -34.6 -13.1 2
      vertex -31.6769 -10.7659 2
    endloop
  endfacet
  facet normal 0 0 1
    outer loop
      vertex -24.4689 7.53554 2
      vertex -7 9.29999 2
      vertex -24.4307 7.68785 2
    endloop
  endfacet
  facet normal 0 0 1
    outer loop
      vertex -7 -9.29999 2
      vertex -24.4077 -7.84317 2
      vertex -24.4 -8 2
    endloop
  endfacet
  facet normal 0 0 1
    outer loop
      vertex -24.5218 7.38771 2
      vertex -7 9.29999 2
      vertex -24.4689 7.53554 2
    endloop
  endfacet
  facet normal 0 0 1
    outer loop
      vertex -7 -9.29999 2
      vertex -24.4307 -7.68785 2
      vertex -24.4077 -7.84317 2
    endloop
  endfacet
  facet normal 0 0 1
    outer loop
      vertex -24.5889 7.24576 2
      vertex -7 9.29999 2
      vertex -24.5218 7.38771 2
    endloop
  endfacet
  facet normal 0 0 1
    outer loop
      vertex -7 -9.29999 2
      vertex -24.4689 -7.53554 2
      vertex -24.4307 -7.68785 2
    endloop
  endfacet
  facet normal 0 0 1
    outer loop
      vertex -24.6696 7.11109 2
      vertex -7 9.29999 2
      vertex -24.5889 7.24576 2
    endloop
  endfacet
  facet normal 0 0 1
    outer loop
      vertex -7 -9.29999 2
      vertex -24.5218 -7.38771 2
      vertex -24.4689 -7.53554 2
    endloop
  endfacet
  facet normal 0 0 1
    outer loop
      vertex -7 9.29999 2
      vertex -24.6696 7.11109 2
      vertex -7 -9.29999 2
    endloop
  endfacet
  facet normal 0 0 1
    outer loop
      vertex -7 -9.29999 2
      vertex -24.5889 -7.24576 2
      vertex -24.5218 -7.38771 2
    endloop
  endfacet
  facet normal -0 0 1
    outer loop
      vertex -24.6696 -7.11109 2
      vertex -7 -9.29999 2
      vertex -24.6696 7.11109 2
    endloop
  endfacet
  facet normal 0 0 1
    outer loop
      vertex -7 -9.29999 2
      vertex -24.6696 -7.11109 2
      vertex -24.5889 -7.24576 2
    endloop
  endfacet
  facet normal -0 0 1
    outer loop
      vertex -24.7632 6.98497 2
      vertex -24.6696 -7.11109 2
      vertex -24.6696 7.11109 2
    endloop
  endfacet
  facet normal 0 0 1
    outer loop
      vertex -24.7632 6.98497 2
      vertex -24.7632 -6.98497 2
      vertex -24.6696 -7.11109 2
    endloop
  endfacet
  facet normal -0 0 1
    outer loop
      vertex -24.8686 6.86863 2
      vertex -24.7632 -6.98497 2
      vertex -24.7632 6.98497 2
    endloop
  endfacet
  facet normal 0 0 1
    outer loop
      vertex -24.8686 6.86863 2
      vertex -24.8686 -6.86863 2
      vertex -24.7632 -6.98497 2
    endloop
  endfacet
  facet normal -0 0 1
    outer loop
      vertex -24.985 6.76318 2
      vertex -24.8686 -6.86863 2
      vertex -24.8686 6.86863 2
    endloop
  endfacet
  facet normal 0 0 1
    outer loop
      vertex -24.985 6.76318 2
      vertex -24.985 -6.76318 2
      vertex -24.8686 -6.86863 2
    endloop
  endfacet
  facet normal -0 0 1
    outer loop
      vertex -25.1111 6.66965 2
      vertex -24.985 -6.76318 2
      vertex -24.985 6.76318 2
    endloop
  endfacet
  facet normal 0 0 1
    outer loop
      vertex -25.1111 6.66965 2
      vertex -25.1111 -6.66965 2
      vertex -24.985 -6.76318 2
    endloop
  endfacet
  facet normal -0 0 1
    outer loop
      vertex -25.2458 6.58893 2
      vertex -25.1111 -6.66965 2
      vertex -25.1111 6.66965 2
    endloop
  endfacet
  facet normal 0 0 1
    outer loop
      vertex -25.2458 6.58893 2
      vertex -25.2458 -6.58893 2
      vertex -25.1111 -6.66965 2
    endloop
  endfacet
  facet normal -0 0 1
    outer loop
      vertex -25.3877 6.52179 2
      vertex -25.2458 -6.58893 2
      vertex -25.2458 6.58893 2
    endloop
  endfacet
  facet normal 0 0 1
    outer loop
      vertex -25.3877 6.52179 2
      vertex -25.3877 -6.52179 2
      vertex -25.2458 -6.58893 2
    endloop
  endfacet
  facet normal -0 0 1
    outer loop
      vertex -25.5355 6.46889 2
      vertex -25.3877 -6.52179 2
      vertex -25.3877 6.52179 2
    endloop
  endfacet
  facet normal 0 0 1
    outer loop
      vertex -25.5355 6.46889 2
      vertex -25.5355 -6.46889 2
      vertex -25.3877 -6.52179 2
    endloop
  endfacet
  facet normal -0 0 1
    outer loop
      vertex -25.6879 6.43074 2
      vertex -25.5355 -6.46889 2
      vertex -25.5355 6.46889 2
    endloop
  endfacet
  facet normal 0 0 1
    outer loop
      vertex -25.6879 6.43074 2
      vertex -25.6879 -6.43074 2
      vertex -25.5355 -6.46889 2
    endloop
  endfacet
  facet normal -0 0 1
    outer loop
      vertex -25.8432 6.4077 2
      vertex -25.6879 -6.43074 2
      vertex -25.6879 6.43074 2
    endloop
  endfacet
  facet normal 0 0 1
    outer loop
      vertex -25.8432 6.4077 2
      vertex -25.8432 -6.4077 2
      vertex -25.6879 -6.43074 2
    endloop
  endfacet
  facet normal -0 0 1
    outer loop
      vertex -26 6.4 2
      vertex -25.8432 -6.4077 2
      vertex -25.8432 6.4077 2
    endloop
  endfacet
  facet normal 0 0 1
    outer loop
      vertex -26 6.4 2
      vertex -26 -6.4 2
      vertex -25.8432 -6.4077 2
    endloop
  endfacet
  facet normal 0 0 1
    outer loop
      vertex -26.1568 6.4077 2
      vertex -26 -6.4 2
      vertex -26 6.4 2
    endloop
  endfacet
  facet normal 0 0 1
    outer loop
      vertex -26.1568 6.4077 2
      vertex -26.1568 -6.4077 2
      vertex -26 -6.4 2
    endloop
  endfacet
  facet normal 0 0 1
    outer loop
      vertex -26.3121 6.43074 2
      vertex -26.1568 -6.4077 2
      vertex -26.1568 6.4077 2
    endloop
  endfacet
  facet normal 0 0 1
    outer loop
      vertex -26.3121 6.43074 2
      vertex -26.3121 -6.43074 2
      vertex -26.1568 -6.4077 2
    endloop
  endfacet
  facet normal 0 0 1
    outer loop
      vertex -26.4645 6.46889 2
      vertex -26.3121 -6.43074 2
      vertex -26.3121 6.43074 2
    endloop
  endfacet
  facet normal 0 0 1
    outer loop
      vertex -26.4645 6.46889 2
      vertex -26.4645 -6.46889 2
      vertex -26.3121 -6.43074 2
    endloop
  endfacet
  facet normal 0 0 1
    outer loop
      vertex -26.6123 6.52179 2
      vertex -26.4645 -6.46889 2
      vertex -26.4645 6.46889 2
    endloop
  endfacet
  facet normal 0 0 1
    outer loop
      vertex -26.6123 6.52179 2
      vertex -26.6123 -6.52179 2
      vertex -26.4645 -6.46889 2
    endloop
  endfacet
  facet normal 0 0 1
    outer loop
      vertex -26.7542 6.58893 2
      vertex -26.6123 -6.52179 2
      vertex -26.6123 6.52179 2
    endloop
  endfacet
  facet normal 0 0 1
    outer loop
      vertex -26.7542 6.58893 2
      vertex -26.7542 -6.58893 2
      vertex -26.6123 -6.52179 2
    endloop
  endfacet
  facet normal 0 0 1
    outer loop
      vertex -26.8889 6.66965 2
      vertex -26.7542 -6.58893 2
      vertex -26.7542 6.58893 2
    endloop
  endfacet
  facet normal 0 0 1
    outer loop
      vertex -26.8889 6.66965 2
      vertex -26.8889 -6.66965 2
      vertex -26.7542 -6.58893 2
    endloop
  endfacet
  facet normal 0 0 1
    outer loop
      vertex -27.015 6.76318 2
      vertex -26.8889 -6.66965 2
      vertex -26.8889 6.66965 2
    endloop
  endfacet
  facet normal 0 0 1
    outer loop
      vertex -27.015 6.76318 2
      vertex -27.015 -6.76318 2
      vertex -26.8889 -6.66965 2
    endloop
  endfacet
  facet normal 0 0 1
    outer loop
      vertex -27.1314 6.86863 2
      vertex -27.015 -6.76318 2
      vertex -27.015 6.76318 2
    endloop
  endfacet
  facet normal 0 0 1
    outer loop
      vertex -27.1314 6.86863 2
      vertex -27.1314 -6.86863 2
      vertex -27.015 -6.76318 2
    endloop
  endfacet
  facet normal 0 0 1
    outer loop
      vertex -27.2368 6.98497 2
      vertex -27.1314 -6.86863 2
      vertex -27.1314 6.86863 2
    endloop
  endfacet
  facet normal 0 0 1
    outer loop
      vertex -27.2368 6.98497 2
      vertex -27.2368 -6.98497 2
      vertex -27.1314 -6.86863 2
    endloop
  endfacet
  facet normal 0 0 1
    outer loop
      vertex -27.3304 7.11109 2
      vertex -27.2368 -6.98497 2
      vertex -27.2368 6.98497 2
    endloop
  endfacet
  facet normal 0 0 1
    outer loop
      vertex -27.3304 7.11109 2
      vertex -27.3304 -7.11109 2
      vertex -27.2368 -6.98497 2
    endloop
  endfacet
  facet normal 0 0 1
    outer loop
      vertex -27.4111 7.24576 2
      vertex -27.3304 -7.11109 2
      vertex -27.3304 7.11109 2
    endloop
  endfacet
  facet normal 0 0 1
    outer loop
      vertex -27.4111 7.24576 2
      vertex -27.4111 -7.24576 2
      vertex -27.3304 -7.11109 2
    endloop
  endfacet
  facet normal 0 0 1
    outer loop
      vertex -27.4782 7.38771 2
      vertex -27.4111 -7.24576 2
      vertex -27.4111 7.24576 2
    endloop
  endfacet
  facet normal 0 0 1
    outer loop
      vertex -27.4782 7.38771 2
      vertex -27.4782 -7.38771 2
      vertex -27.4111 -7.24576 2
    endloop
  endfacet
  facet normal 0 0 1
    outer loop
      vertex -27.4111 8.75423 2
      vertex -29.6515 10.1515 2
      vertex -27.4782 8.61229 2
    endloop
  endfacet
  facet normal -0 0 1
    outer loop
      vertex -29.7387 10.0724 2
      vertex -27.4782 8.61229 2
      vertex -29.6515 10.1515 2
    endloop
  endfacet
  facet normal -0 0 1
    outer loop
      vertex -29.6515 10.1515 2
      vertex -27.4111 8.75423 2
      vertex -29.5724 10.2387 2
    endloop
  endfacet
  facet normal 0 0 1
    outer loop
      vertex -27.4782 8.61229 2
      vertex -29.7387 10.0724 2
      vertex -27.5311 8.46445 2
    endloop
  endfacet
  facet normal 0 0 1
    outer loop
      vertex -27.3304 8.88891 2
      vertex -29.5724 10.2387 2
      vertex -27.4111 8.75423 2
    endloop
  endfacet
  facet normal 0 0 1
    outer loop
      vertex -27.4782 -7.38771 2
      vertex -29.3 -11 2
      vertex -27.5311 -7.53554 2
    endloop
  endfacet
  facet normal -0 0 1
    outer loop
      vertex -29.5724 10.2387 2
      vertex -27.3304 8.88891 2
      vertex -29.5022 10.3333 2
    endloop
  endfacet
  facet normal 0 0 1
    outer loop
      vertex -27.5311 -7.53554 2
      vertex -29.3 -11 2
      vertex -27.5693 -7.68785 2
    endloop
  endfacet
  facet normal 0 0 1
    outer loop
      vertex 31.6483 10.6517 2
      vertex 34.6 13.1 2
      vertex 31.6769 10.7659 2
    endloop
  endfacet
  facet normal 0 0 1
    outer loop
      vertex 34.6 -13.1 2
      vertex 31.6942 -10.8824 2
      vertex 31.7 -11 2
    endloop
  endfacet
  facet normal 0 0 1
    outer loop
      vertex 31.6087 10.5408 2
      vertex 34.6 13.1 2
      vertex 31.6483 10.6517 2
    endloop
  endfacet
  facet normal 0 0 1
    outer loop
      vertex 34.6 -13.1 2
      vertex 31.6769 -10.7659 2
      vertex 31.6942 -10.8824 2
    endloop
  endfacet
  facet normal 0 0 1
    outer loop
      vertex 31.5583 10.4343 2
      vertex 34.6 13.1 2
      vertex 31.6087 10.5408 2
    endloop
  endfacet
  facet normal 0 0 1
    outer loop
      vertex 34.6 -13.1 2
      vertex 31.6483 -10.6517 2
      vertex 31.6769 -10.7659 2
    endloop
  endfacet
  facet normal 0 0 1
    outer loop
      vertex 31.4978 10.3333 2
      vertex 34.6 13.1 2
      vertex 31.5583 10.4343 2
    endloop
  endfacet
  facet normal 0 0 1
    outer loop
      vertex 34.6 -13.1 2
      vertex 31.6087 -10.5408 2
      vertex 31.6483 -10.6517 2
    endloop
  endfacet
  facet normal 0 0 1
    outer loop
      vertex 31.4276 10.2387 2
      vertex 34.6 13.1 2
      vertex 31.4978 10.3333 2
    endloop
  endfacet
  facet normal 0 0 1
    outer loop
      vertex 34.6 -13.1 2
      vertex 31.5583 -10.4343 2
      vertex 31.6087 -10.5408 2
    endloop
  endfacet
  facet normal 0 0 1
    outer loop
      vertex 34.6 13.1 2
      vertex 31.4276 10.2387 2
      vertex 34.6 -13.1 2
    endloop
  endfacet
  facet normal 0 0 1
    outer loop
      vertex 34.6 -13.1 2
      vertex 31.4978 -10.3333 2
      vertex 31.5583 -10.4343 2
    endloop
  endfacet
  facet normal -0 0 1
    outer loop
      vertex 31.4276 -10.2387 2
      vertex 34.6 -13.1 2
      vertex 31.4276 10.2387 2
    endloop
  endfacet
  facet normal 0 0 1
    outer loop
      vertex 34.6 -13.1 2
      vertex 31.4276 -10.2387 2
      vertex 31.4978 -10.3333 2
    endloop
  endfacet
  facet normal -0 0 1
    outer loop
      vertex 31.3485 10.1515 2
      vertex 31.4276 -10.2387 2
      vertex 31.4276 10.2387 2
    endloop
  endfacet
  facet normal 0 0 1
    outer loop
      vertex 31.3485 10.1515 2
      vertex 31.3485 -10.1515 2
      vertex 31.4276 -10.2387 2
    endloop
  endfacet
  facet normal -0 0 1
    outer loop
      vertex 31.2613 10.0724 2
      vertex 31.3485 -10.1515 2
      vertex 31.3485 10.1515 2
    endloop
  endfacet
  facet normal 0 0 1
    outer loop
      vertex 31.2613 10.0724 2
      vertex 31.2613 -10.0724 2
      vertex 31.3485 -10.1515 2
    endloop
  endfacet
  facet normal -0 0 1
    outer loop
      vertex 31.1667 10.0022 2
      vertex 31.2613 -10.0724 2
      vertex 31.2613 10.0724 2
    endloop
  endfacet
  facet normal 0 0 1
    outer loop
      vertex 31.1667 10.0022 2
      vertex 31.1667 -10.0022 2
      vertex 31.2613 -10.0724 2
    endloop
  endfacet
  facet normal -0 0 1
    outer loop
      vertex 31.0657 9.9417 2
      vertex 31.1667 -10.0022 2
      vertex 31.1667 10.0022 2
    endloop
  endfacet
  facet normal 0 0 1
    outer loop
      vertex 31.0657 9.9417 2
      vertex 31.0657 -9.9417 2
      vertex 31.1667 -10.0022 2
    endloop
  endfacet
  facet normal -0 0 1
    outer loop
      vertex 30.9592 9.89135 2
      vertex 31.0657 -9.9417 2
      vertex 31.0657 9.9417 2
    endloop
  endfacet
  facet normal 0 0 1
    outer loop
      vertex 30.9592 9.89135 2
      vertex 30.9592 -9.89135 2
      vertex 31.0657 -9.9417 2
    endloop
  endfacet
  facet normal -0 0 1
    outer loop
      vertex 30.8483 9.85167 2
      vertex 30.9592 -9.89135 2
      vertex 30.9592 9.89135 2
    endloop
  endfacet
  facet normal 0 0 1
    outer loop
      vertex 30.8483 9.85167 2
      vertex 30.8483 -9.85167 2
      vertex 30.9592 -9.89135 2
    endloop
  endfacet
  facet normal -0 0 1
    outer loop
      vertex 30.7341 9.82306 2
      vertex 30.8483 -9.85167 2
      vertex 30.8483 9.85167 2
    endloop
  endfacet
  facet normal 0 0 1
    outer loop
      vertex 30.7341 9.82306 2
      vertex 30.7341 -9.82306 2
      vertex 30.8483 -9.85167 2
    endloop
  endfacet
  facet normal -0 0 1
    outer loop
      vertex 30.6176 9.80578 2
      vertex 30.7341 -9.82306 2
      vertex 30.7341 9.82306 2
    endloop
  endfacet
  facet normal 0 0 1
    outer loop
      vertex 30.6176 9.80578 2
      vertex 30.6176 -9.80578 2
      vertex 30.7341 -9.82306 2
    endloop
  endfacet
  facet normal -0 0 1
    outer loop
      vertex 30.5 9.8 2
      vertex 30.6176 -9.80578 2
      vertex 30.6176 9.80578 2
    endloop
  endfacet
  facet normal 0 0 1
    outer loop
      vertex 30.5 9.8 2
      vertex 30.5 -9.8 2
      vertex 30.6176 -9.80578 2
    endloop
  endfacet
  facet normal 0 0 1
    outer loop
      vertex 30.3824 9.80578 2
      vertex 30.5 -9.8 2
      vertex 30.5 9.8 2
    endloop
  endfacet
  facet normal 0 0 1
    outer loop
      vertex 30.3824 9.80578 2
      vertex 30.3824 -9.80578 2
      vertex 30.5 -9.8 2
    endloop
  endfacet
  facet normal 0 0 1
    outer loop
      vertex 30.2659 9.82306 2
      vertex 30.3824 -9.80578 2
      vertex 30.3824 9.80578 2
    endloop
  endfacet
  facet normal 0 0 1
    outer loop
      vertex 30.2659 9.82306 2
      vertex 30.2659 -9.82306 2
      vertex 30.3824 -9.80578 2
    endloop
  endfacet
  facet normal 0 0 1
    outer loop
      vertex 30.1517 9.85167 2
      vertex 30.2659 -9.82306 2
      vertex 30.2659 9.82306 2
    endloop
  endfacet
  facet normal 0 0 1
    outer loop
      vertex 30.1517 9.85167 2
      vertex 30.1517 -9.85167 2
      vertex 30.2659 -9.82306 2
    endloop
  endfacet
  facet normal 0 0 1
    outer loop
      vertex 30.0408 9.89135 2
      vertex 30.1517 -9.85167 2
      vertex 30.1517 9.85167 2
    endloop
  endfacet
  facet normal 0 0 1
    outer loop
      vertex 30.0408 9.89135 2
      vertex 30.0408 -9.89135 2
      vertex 30.1517 -9.85167 2
    endloop
  endfacet
  facet normal 0 0 1
    outer loop
      vertex 29.9343 9.9417 2
      vertex 30.0408 -9.89135 2
      vertex 30.0408 9.89135 2
    endloop
  endfacet
  facet normal 0 0 1
    outer loop
      vertex 29.9343 9.9417 2
      vertex 29.9343 -9.9417 2
      vertex 30.0408 -9.89135 2
    endloop
  endfacet
  facet normal 0 0 1
    outer loop
      vertex 29.8333 10.0022 2
      vertex 29.9343 -9.9417 2
      vertex 29.9343 9.9417 2
    endloop
  endfacet
  facet normal 0 0 1
    outer loop
      vertex 29.8333 10.0022 2
      vertex 29.8333 -10.0022 2
      vertex 29.9343 -9.9417 2
    endloop
  endfacet
  facet normal 0 0 1
    outer loop
      vertex 16 9.29999 2
      vertex 29.8333 10.0022 2
      vertex 29.7387 10.0724 2
    endloop
  endfacet
  facet normal 0 0 1
    outer loop
      vertex 29.8333 10.0022 2
      vertex 16 9.29999 2
      vertex 29.8333 -10.0022 2
    endloop
  endfacet
  facet normal 0 0 1
    outer loop
      vertex 16 9.29999 2
      vertex 29.7387 10.0724 2
      vertex 29.6515 10.1515 2
    endloop
  endfacet
  facet normal -0 0 1
    outer loop
      vertex 16 -9.29999 2
      vertex 29.8333 -10.0022 2
      vertex 16 9.29999 2
    endloop
  endfacet
  facet normal 0 0 1
    outer loop
      vertex 16 9.29999 2
      vertex 29.6515 10.1515 2
      vertex 29.5724 10.2387 2
    endloop
  endfacet
  facet normal 0 0 1
    outer loop
      vertex 29.8333 -10.0022 2
      vertex 16 -9.29999 2
      vertex 29.7387 -10.0724 2
    endloop
  endfacet
  facet normal 0 0 1
    outer loop
      vertex 16 9.29999 2
      vertex 29.5724 10.2387 2
      vertex 29.5022 10.3333 2
    endloop
  endfacet
  facet normal 0 0 1
    outer loop
      vertex 29.7387 -10.0724 2
      vertex 16 -9.29999 2
      vertex 29.6515 -10.1515 2
    endloop
  endfacet
  facet normal 0 0 1
    outer loop
      vertex 16 9.29999 2
      vertex 29.5022 10.3333 2
      vertex 29.4417 10.4343 2
    endloop
  endfacet
  facet normal 0 0 1
    outer loop
      vertex 29.6515 -10.1515 2
      vertex 16 -9.29999 2
      vertex 29.5724 -10.2387 2
    endloop
  endfacet
  facet normal 0 0 1
    outer loop
      vertex 16 9.29999 2
      vertex 29.4417 10.4343 2
      vertex 29.3913 10.5408 2
    endloop
  endfacet
  facet normal 0 0 1
    outer loop
      vertex 29.5724 -10.2387 2
      vertex 16 -9.29999 2
      vertex 29.5022 -10.3333 2
    endloop
  endfacet
  facet normal 0 0 1
    outer loop
      vertex 16 9.29999 2
      vertex 29.3913 10.5408 2
      vertex 29.3517 10.6517 2
    endloop
  endfacet
  facet normal 0 0 1
    outer loop
      vertex 29.5022 -10.3333 2
      vertex 16 -9.29999 2
      vertex 29.4417 -10.4343 2
    endloop
  endfacet
  facet normal 0 0 1
    outer loop
      vertex 16 9.29999 2
      vertex 29.3517 10.6517 2
      vertex 29.3231 10.7659 2
    endloop
  endfacet
  facet normal 0 0 1
    outer loop
      vertex 29.4417 -10.4343 2
      vertex 16 -9.29999 2
      vertex 29.3913 -10.5408 2
    endloop
  endfacet
  facet normal 0 0 1
    outer loop
      vertex 15.9961 9.3784 2
      vertex 29.3231 10.7659 2
      vertex 29.3058 10.8824 2
    endloop
  endfacet
  facet normal 0 0 1
    outer loop
      vertex 29.3913 -10.5408 2
      vertex 16 -9.29999 2
      vertex 29.3517 -10.6517 2
    endloop
  endfacet
  facet normal 0 0 1
    outer loop
      vertex 15.9846 9.45605 2
      vertex 29.3058 10.8824 2
      vertex 29.3 11 2
    endloop
  endfacet
  facet normal 0 0 1
    outer loop
      vertex 29.3517 -10.6517 2
      vertex 16 -9.29999 2
      vertex 29.3231 -10.7659 2
    endloop
  endfacet
  facet normal 0 0 1
    outer loop
      vertex 33.1 14.6 2
      vertex 34.6 13.1 2
      vertex 34.5928 13.247 2
    endloop
  endfacet
  facet normal 0 0 1
    outer loop
      vertex 31.6942 10.8824 2
      vertex 34.6 13.1 2
      vertex 31.7 11 2
    endloop
  endfacet
  facet normal 0 0 1
    outer loop
      vertex 33.1 14.6 2
      vertex 34.5928 13.247 2
      vertex 34.5712 13.3926 2
    endloop
  endfacet
  facet normal 0 0 1
    outer loop
      vertex 31.6769 10.7659 2
      vertex 34.6 13.1 2
      vertex 31.6942 10.8824 2
    endloop
  endfacet
  facet normal 0 0 1
    outer loop
      vertex 33.1 14.6 2
      vertex 34.5712 13.3926 2
      vertex 34.5354 13.5354 2
    endloop
  endfacet
  facet normal -0 0 1
    outer loop
      vertex 31.6942 -11.1176 2
      vertex 34.6 -13.1 2
      vertex 31.7 -11 2
    endloop
  endfacet
  facet normal 0 0 1
    outer loop
      vertex 33.1 14.6 2
      vertex 34.5354 13.5354 2
      vertex 34.4858 13.674 2
    endloop
  endfacet
  facet normal -0 0 1
    outer loop
      vertex 31.6769 -11.2341 2
      vertex 34.6 -13.1 2
      vertex 31.6942 -11.1176 2
    endloop
  endfacet
  facet normal 0 0 1
    outer loop
      vertex 33.1 14.6 2
      vertex 34.4858 13.674 2
      vertex 34.4229 13.8071 2
    endloop
  endfacet
  facet normal -0 0 1
    outer loop
      vertex 31.6483 -11.3483 2
      vertex 34.6 -13.1 2
      vertex 31.6769 -11.2341 2
    endloop
  endfacet
  facet normal 0 0 1
    outer loop
      vertex 33.1 14.6 2
      vertex 34.4229 13.8071 2
      vertex 34.3472 13.9333 2
    endloop
  endfacet
  facet normal -0 0 1
    outer loop
      vertex 31.6087 -11.4592 2
      vertex 34.6 -13.1 2
      vertex 31.6483 -11.3483 2
    endloop
  endfacet
  facet normal 0 0 1
    outer loop
      vertex 33.1 14.6 2
      vertex 34.3472 13.9333 2
      vertex 34.2595 14.0516 2
    endloop
  endfacet
  facet normal -0 0 1
    outer loop
      vertex 31.5583 -11.5657 2
      vertex 34.6 -13.1 2
      vertex 31.6087 -11.4592 2
    endloop
  endfacet
  facet normal 0 0 1
    outer loop
      vertex 33.1 14.6 2
      vertex 34.2595 14.0516 2
      vertex 34.1606 14.1606 2
    endloop
  endfacet
  facet normal -0 0 1
    outer loop
      vertex 31.4978 -11.6667 2
      vertex 34.6 -13.1 2
      vertex 31.5583 -11.5657 2
    endloop
  endfacet
  facet normal 0 0 1
    outer loop
      vertex 33.1 14.6 2
      vertex 34.1606 14.1606 2
      vertex 34.0516 14.2595 2
    endloop
  endfacet
  facet normal -0 0 1
    outer loop
      vertex 31.4276 -11.7613 2
      vertex 34.6 -13.1 2
      vertex 31.4978 -11.6667 2
    endloop
  endfacet
  facet normal 0 0 1
    outer loop
      vertex 33.1 14.6 2
      vertex 34.0516 14.2595 2
      vertex 33.9333 14.3472 2
    endloop
  endfacet
  facet normal 0 -0 1
    outer loop
      vertex 33.1 -14.6 2
      vertex 34.6 -13.1 2
      vertex 31.4276 -11.7613 2
    endloop
  endfacet
  facet normal 0 0 1
    outer loop
      vertex 33.1 14.6 2
      vertex 33.9333 14.3472 2
      vertex 33.8071 14.4229 2
    endloop
  endfacet
  facet normal 0 0 1
    outer loop
      vertex 34.6 -13.1 2
      vertex 33.1 -14.6 2
      vertex 34.5928 -13.247 2
    endloop
  endfacet
  facet normal 0 0 1
    outer loop
      vertex 33.1 14.6 2
      vertex 33.8071 14.4229 2
      vertex 33.674 14.4858 2
    endloop
  endfacet
  facet normal 0 0 1
    outer loop
      vertex 34.5928 -13.247 2
      vertex 33.1 -14.6 2
      vertex 34.5712 -13.3926 2
    endloop
  endfacet
  facet normal 0 0 1
    outer loop
      vertex 33.1 14.6 2
      vertex 33.674 14.4858 2
      vertex 33.5354 14.5354 2
    endloop
  endfacet
  facet normal 0 0 1
    outer loop
      vertex 34.5712 -13.3926 2
      vertex 33.1 -14.6 2
      vertex 34.5354 -13.5354 2
    endloop
  endfacet
  facet normal 0 0 1
    outer loop
      vertex 33.1 14.6 2
      vertex 33.5354 14.5354 2
      vertex 33.3926 14.5712 2
    endloop
  endfacet
  facet normal 0 0 1
    outer loop
      vertex 34.4858 -13.674 2
      vertex 33.1 -14.6 2
      vertex 34.4229 -13.8071 2
    endloop
  endfacet
  facet normal 0 0 1
    outer loop
      vertex 33.1 14.6 2
      vertex 33.3926 14.5712 2
      vertex 33.247 14.5928 2
    endloop
  endfacet
  facet normal 0 0 1
    outer loop
      vertex 34.4229 -13.8071 2
      vertex 33.1 -14.6 2
      vertex 34.3472 -13.9333 2
    endloop
  endfacet
  facet normal 0 0 1
    outer loop
      vertex 34.6 13.1 2
      vertex 33.1 14.6 2
      vertex 31.4276 11.7613 2
    endloop
  endfacet
  facet normal 0 0 1
    outer loop
      vertex 34.3472 -13.9333 2
      vertex 33.1 -14.6 2
      vertex 34.2595 -14.0516 2
    endloop
  endfacet
  facet normal 0 0 1
    outer loop
      vertex 34.2595 -14.0516 2
      vertex 33.1 -14.6 2
      vertex 34.1606 -14.1606 2
    endloop
  endfacet
  facet normal 0 0 1
    outer loop
      vertex 34.6 13.1 2
      vertex 31.6942 11.1176 2
      vertex 31.7 11 2
    endloop
  endfacet
  facet normal 0 0 1
    outer loop
      vertex 34.6 13.1 2
      vertex 31.6769 11.2341 2
      vertex 31.6942 11.1176 2
    endloop
  endfacet
  facet normal 0 0 1
    outer loop
      vertex 34.6 13.1 2
      vertex 31.6483 11.3483 2
      vertex 31.6769 11.2341 2
    endloop
  endfacet
  facet normal 0 0 1
    outer loop
      vertex 34.6 13.1 2
      vertex 31.6087 11.4592 2
      vertex 31.6483 11.3483 2
    endloop
  endfacet
  facet normal 0 0 1
    outer loop
      vertex 34.6 13.1 2
      vertex 31.5583 11.5657 2
      vertex 31.6087 11.4592 2
    endloop
  endfacet
  facet normal 0 0 1
    outer loop
      vertex 34.6 13.1 2
      vertex 31.4978 11.6667 2
      vertex 31.5583 11.5657 2
    endloop
  endfacet
  facet normal 0 0 1
    outer loop
      vertex 34.6 13.1 2
      vertex 31.4276 11.7613 2
      vertex 31.4978 11.6667 2
    endloop
  endfacet
  facet normal 0 0 1
    outer loop
      vertex 33.1 14.6 2
      vertex 31.3485 11.8485 2
      vertex 31.4276 11.7613 2
    endloop
  endfacet
  facet normal 0 0 1
    outer loop
      vertex 33.1 14.6 2
      vertex 31.2613 11.9276 2
      vertex 31.3485 11.8485 2
    endloop
  endfacet
  facet normal 0 0 1
    outer loop
      vertex 33.1 14.6 2
      vertex 31.1667 11.9978 2
      vertex 31.2613 11.9276 2
    endloop
  endfacet
  facet normal 0 0 1
    outer loop
      vertex 33.1 14.6 2
      vertex 31.0657 12.0583 2
      vertex 31.1667 11.9978 2
    endloop
  endfacet
  facet normal 0 0 1
    outer loop
      vertex 33.1 14.6 2
      vertex 30.9592 12.1087 2
      vertex 31.0657 12.0583 2
    endloop
  endfacet
  facet normal 0 0 1
    outer loop
      vertex 33.1 14.6 2
      vertex 30.8483 12.1483 2
      vertex 30.9592 12.1087 2
    endloop
  endfacet
  facet normal 0 0 1
    outer loop
      vertex 33.1 14.6 2
      vertex 30.7341 12.1769 2
      vertex 30.8483 12.1483 2
    endloop
  endfacet
  facet normal 0 0 1
    outer loop
      vertex 33.1 14.6 2
      vertex 30.6176 12.1942 2
      vertex 30.7341 12.1769 2
    endloop
  endfacet
  facet normal 0 0 1
    outer loop
      vertex 33.1 14.6 2
      vertex 30.5 12.2 2
      vertex 30.6176 12.1942 2
    endloop
  endfacet
  facet normal 0 0 1
    outer loop
      vertex 33.1 14.6 2
      vertex 30.3824 12.1942 2
      vertex 30.5 12.2 2
    endloop
  endfacet
  facet normal 0 0 1
    outer loop
      vertex 33.1 14.6 2
      vertex 30.2659 12.1769 2
      vertex 30.3824 12.1942 2
    endloop
  endfacet
  facet normal 0 0 1
    outer loop
      vertex 33.1 14.6 2
      vertex 30.1517 12.1483 2
      vertex 30.2659 12.1769 2
    endloop
  endfacet
  facet normal 0 0 1
    outer loop
      vertex 33.1 14.6 2
      vertex 30.0408 12.1087 2
      vertex 30.1517 12.1483 2
    endloop
  endfacet
  facet normal 0 0 1
    outer loop
      vertex 33.1 14.6 2
      vertex 29.9343 12.0583 2
      vertex 30.0408 12.1087 2
    endloop
  endfacet
  facet normal 0 0 1
    outer loop
      vertex 33.1 14.6 2
      vertex 29.8333 11.9978 2
      vertex 29.9343 12.0583 2
    endloop
  endfacet
  facet normal 0 0 1
    outer loop
      vertex 15.4322 10.0655 2
      vertex 29.8333 11.9978 2
      vertex 33.1 14.6 2
    endloop
  endfacet
  facet normal -0 0 1
    outer loop
      vertex 15.9961 -9.3784 2
      vertex 29.3231 -10.7659 2
      vertex 16 -9.29999 2
    endloop
  endfacet
  facet normal 0 0 1
    outer loop
      vertex 15.9655 9.53221 2
      vertex 29.3 11 2
      vertex 29.3058 11.1176 2
    endloop
  endfacet
  facet normal 0 0 1
    outer loop
      vertex 15.9391 9.60614 2
      vertex 29.3058 11.1176 2
      vertex 29.3231 11.2341 2
    endloop
  endfacet
  facet normal 0 0 1
    outer loop
      vertex 15.9055 9.67711 2
      vertex 29.3231 11.2341 2
      vertex 29.3517 11.3483 2
    endloop
  endfacet
  facet normal 0 0 1
    outer loop
      vertex 15.8652 9.74445 2
      vertex 29.3517 11.3483 2
      vertex 29.3913 11.4592 2
    endloop
  endfacet
  facet normal 0 0 1
    outer loop
      vertex 15.8184 9.8075 2
      vertex 29.3913 11.4592 2
      vertex 29.4417 11.5657 2
    endloop
  endfacet
  facet normal 0 0 1
    outer loop
      vertex 15.7657 9.86568 2
      vertex 29.4417 11.5657 2
      vertex 29.5022 11.6667 2
    endloop
  endfacet
  facet normal 0 0 1
    outer loop
      vertex 15.7075 9.9184 2
      vertex 29.5022 11.6667 2
      vertex 29.5724 11.7613 2
    endloop
  endfacet
  facet normal 0 0 1
    outer loop
      vertex 15.6445 9.96516 2
      vertex 29.5724 11.7613 2
      vertex 29.6515 11.8485 2
    endloop
  endfacet
  facet normal 0 0 1
    outer loop
      vertex 15.5771 10.0055 2
      vertex 29.6515 11.8485 2
      vertex 29.7387 11.9276 2
    endloop
  endfacet
  facet normal 0 -0 1
    outer loop
      vertex 15.5061 10.0391 2
      vertex 29.8333 11.9978 2
      vertex 15.4322 10.0655 2
    endloop
  endfacet
  facet normal 0 0 1
    outer loop
      vertex 29.3231 10.7659 2
      vertex 15.9961 9.3784 2
      vertex 16 9.29999 2
    endloop
  endfacet
  facet normal 0 0 1
    outer loop
      vertex 29.3058 10.8824 2
      vertex 15.9846 9.45605 2
      vertex 15.9961 9.3784 2
    endloop
  endfacet
  facet normal 0 0 1
    outer loop
      vertex 29.3 11 2
      vertex 15.9655 9.53221 2
      vertex 15.9846 9.45605 2
    endloop
  endfacet
  facet normal 0 0 1
    outer loop
      vertex 29.3058 11.1176 2
      vertex 15.9391 9.60614 2
      vertex 15.9655 9.53221 2
    endloop
  endfacet
  facet normal 0 0 1
    outer loop
      vertex 29.3231 11.2341 2
      vertex 15.9055 9.67711 2
      vertex 15.9391 9.60614 2
    endloop
  endfacet
  facet normal 0 0 1
    outer loop
      vertex 29.3517 11.3483 2
      vertex 15.8652 9.74445 2
      vertex 15.9055 9.67711 2
    endloop
  endfacet
  facet normal 0 0 1
    outer loop
      vertex 29.3913 11.4592 2
      vertex 15.8184 9.8075 2
      vertex 15.8652 9.74445 2
    endloop
  endfacet
  facet normal 0 0 1
    outer loop
      vertex 29.4417 11.5657 2
      vertex 15.7657 9.86568 2
      vertex 15.8184 9.8075 2
    endloop
  endfacet
  facet normal 0 0 1
    outer loop
      vertex 29.5022 11.6667 2
      vertex 15.7075 9.9184 2
      vertex 15.7657 9.86568 2
    endloop
  endfacet
  facet normal 0 0 1
    outer loop
      vertex 29.5724 11.7613 2
      vertex 15.6445 9.96516 2
      vertex 15.7075 9.9184 2
    endloop
  endfacet
  facet normal 0 0 1
    outer loop
      vertex 29.6515 11.8485 2
      vertex 15.5771 10.0055 2
      vertex 15.6445 9.96516 2
    endloop
  endfacet
  facet normal 0 0 1
    outer loop
      vertex 29.7387 11.9276 2
      vertex 15.5061 10.0391 2
      vertex 15.5771 10.0055 2
    endloop
  endfacet
  facet normal 0 0 1
    outer loop
      vertex 29.8333 11.9978 2
      vertex 15.5061 10.0391 2
      vertex 29.7387 11.9276 2
    endloop
  endfacet
  facet normal 0 0 1
    outer loop
      vertex 33.1 14.6 2
      vertex 15.3561 10.0846 2
      vertex 15.4322 10.0655 2
    endloop
  endfacet
  facet normal 0 0 1
    outer loop
      vertex 33.1 14.6 2
      vertex 15.2784 10.0961 2
      vertex 15.3561 10.0846 2
    endloop
  endfacet
  facet normal 0 0 1
    outer loop
      vertex 33.1 14.6 2
      vertex 15.2 10.1 2
      vertex 15.2784 10.0961 2
    endloop
  endfacet
  facet normal 0 0 1
    outer loop
      vertex 33.1 14.6 2
      vertex 14.8 10.1 2
      vertex 15.2 10.1 2
    endloop
  endfacet
  facet normal 0 0 1
    outer loop
      vertex 33.1 14.6 2
      vertex 14.7216 10.0961 2
      vertex 14.8 10.1 2
    endloop
  endfacet
  facet normal 0 0 1
    outer loop
      vertex 8.27841 10.0961 2
      vertex 14.7216 10.0961 2
      vertex 33.1 14.6 2
    endloop
  endfacet
  facet normal 0 0 1
    outer loop
      vertex 14 9.29999 2
      vertex 9 9.29999 2
      vertex 14 -9.29999 2
    endloop
  endfacet
  facet normal 0 0 1
    outer loop
      vertex 14.0039 9.3784 2
      vertex 9 9.29999 2
      vertex 14 9.29999 2
    endloop
  endfacet
  facet normal 0 0 1
    outer loop
      vertex 8.99614 9.3784 2
      vertex 14.0039 9.3784 2
      vertex 14.0154 9.45605 2
    endloop
  endfacet
  facet normal 0 0 1
    outer loop
      vertex 8.98462 9.45605 2
      vertex 14.0154 9.45605 2
      vertex 14.0345 9.53221 2
    endloop
  endfacet
  facet normal 0 0 1
    outer loop
      vertex 8.96555 9.53221 2
      vertex 14.0345 9.53221 2
      vertex 14.0609 9.60614 2
    endloop
  endfacet
  facet normal 0 0 1
    outer loop
      vertex 8.9391 9.60614 2
      vertex 14.0609 9.60614 2
      vertex 14.0945 9.67711 2
    endloop
  endfacet
  facet normal 0 0 1
    outer loop
      vertex 8.90553 9.67711 2
      vertex 14.0945 9.67711 2
      vertex 14.1348 9.74445 2
    endloop
  endfacet
  facet normal 0 0 1
    outer loop
      vertex 8.86517 9.74445 2
      vertex 14.1348 9.74445 2
      vertex 14.1816 9.8075 2
    endloop
  endfacet
  facet normal 0 0 1
    outer loop
      vertex 8.81841 9.8075 2
      vertex 14.1816 9.8075 2
      vertex 14.2343 9.86568 2
    endloop
  endfacet
  facet normal 0 0 1
    outer loop
      vertex 8.76569 9.86568 2
      vertex 14.2343 9.86568 2
      vertex 14.2925 9.9184 2
    endloop
  endfacet
  facet normal 0 0 1
    outer loop
      vertex 8.7075 9.9184 2
      vertex 14.2925 9.9184 2
      vertex 14.3555 9.96516 2
    endloop
  endfacet
  facet normal 0 0 1
    outer loop
      vertex 8.64445 9.96516 2
      vertex 14.3555 9.96516 2
      vertex 14.4229 10.0055 2
    endloop
  endfacet
  facet normal 0 0 1
    outer loop
      vertex 8.57712 10.0055 2
      vertex 14.4229 10.0055 2
      vertex 14.4939 10.0391 2
    endloop
  endfacet
  facet normal 0 0 1
    outer loop
      vertex 8.50615 10.0391 2
      vertex 14.4939 10.0391 2
      vertex 14.5678 10.0655 2
    endloop
  endfacet
  facet normal 0 0 1
    outer loop
      vertex 8.43222 10.0655 2
      vertex 14.5678 10.0655 2
      vertex 14.6439 10.0846 2
    endloop
  endfacet
  facet normal 0 0 1
    outer loop
      vertex 14.7216 10.0961 2
      vertex 8.27841 10.0961 2
      vertex 14.6439 10.0846 2
    endloop
  endfacet
  facet normal 0 0 1
    outer loop
      vertex 14.0039 9.3784 2
      vertex 8.99614 9.3784 2
      vertex 9 9.29999 2
    endloop
  endfacet
  facet normal 0 0 1
    outer loop
      vertex 14.0154 9.45605 2
      vertex 8.98462 9.45605 2
      vertex 8.99614 9.3784 2
    endloop
  endfacet
  facet normal 0 0 1
    outer loop
      vertex 14.0345 9.53221 2
      vertex 8.96555 9.53221 2
      vertex 8.98462 9.45605 2
    endloop
  endfacet
  facet normal 0 0 1
    outer loop
      vertex 14.0609 9.60614 2
      vertex 8.9391 9.60614 2
      vertex 8.96555 9.53221 2
    endloop
  endfacet
  facet normal 0 0 1
    outer loop
      vertex 14.0945 9.67711 2
      vertex 8.90553 9.67711 2
      vertex 8.9391 9.60614 2
    endloop
  endfacet
  facet normal 0 0 1
    outer loop
      vertex 14.1348 9.74445 2
      vertex 8.86517 9.74445 2
      vertex 8.90553 9.67711 2
    endloop
  endfacet
  facet normal 0 0 1
    outer loop
      vertex 14.1816 9.8075 2
      vertex 8.81841 9.8075 2
      vertex 8.86517 9.74445 2
    endloop
  endfacet
  facet normal 0 0 1
    outer loop
      vertex 14.2343 9.86568 2
      vertex 8.76569 9.86568 2
      vertex 8.81841 9.8075 2
    endloop
  endfacet
  facet normal 0 0 1
    outer loop
      vertex 14.2925 9.9184 2
      vertex 8.7075 9.9184 2
      vertex 8.76569 9.86568 2
    endloop
  endfacet
  facet normal 0 0 1
    outer loop
      vertex 14.3555 9.96516 2
      vertex 8.64445 9.96516 2
      vertex 8.7075 9.9184 2
    endloop
  endfacet
  facet normal 0 0 1
    outer loop
      vertex 14.4229 10.0055 2
      vertex 8.57712 10.0055 2
      vertex 8.64445 9.96516 2
    endloop
  endfacet
  facet normal 0 0 1
    outer loop
      vertex 14.4939 10.0391 2
      vertex 8.50615 10.0391 2
      vertex 8.57712 10.0055 2
    endloop
  endfacet
  facet normal 0 0 1
    outer loop
      vertex 14.5678 10.0655 2
      vertex 8.43222 10.0655 2
      vertex 8.50615 10.0391 2
    endloop
  endfacet
  facet normal 0 0 1
    outer loop
      vertex 14.6439 10.0846 2
      vertex 8.35606 10.0846 2
      vertex 8.43222 10.0655 2
    endloop
  endfacet
  facet normal 0 0 1
    outer loop
      vertex 14.6439 10.0846 2
      vertex 8.27841 10.0961 2
      vertex 8.35606 10.0846 2
    endloop
  endfacet
  facet normal 0 0 1
    outer loop
      vertex 33.1 14.6 2
      vertex 8.2 10.1 2
      vertex 8.27841 10.0961 2
    endloop
  endfacet
  facet normal 0 0 1
    outer loop
      vertex 33.1 14.6 2
      vertex 7.8 10.1 2
      vertex 8.2 10.1 2
    endloop
  endfacet
  facet normal 0 0 1
    outer loop
      vertex 1.2 10.1 2
      vertex 7.8 10.1 2
      vertex 33.1 14.6 2
    endloop
  endfacet
  facet normal 0 0 1
    outer loop
      vertex 7.8 10.1 2
      vertex 1.2 10.1 2
      vertex 7.72159 10.0961 2
    endloop
  endfacet
  facet normal 0 0 1
    outer loop
      vertex 7 9.29999 2
      vertex 2 9.29999 2
      vertex 7 -9.29999 2
    endloop
  endfacet
  facet normal 0 0 1
    outer loop
      vertex 7.00386 9.3784 2
      vertex 2 9.29999 2
      vertex 7 9.29999 2
    endloop
  endfacet
  facet normal 0 0 1
    outer loop
      vertex 1.99614 9.3784 2
      vertex 7.00386 9.3784 2
      vertex 7.01538 9.45605 2
    endloop
  endfacet
  facet normal 0 0 1
    outer loop
      vertex 1.98462 9.45605 2
      vertex 7.01538 9.45605 2
      vertex 7.03445 9.53221 2
    endloop
  endfacet
  facet normal 0 0 1
    outer loop
      vertex 1.96555 9.53221 2
      vertex 7.03445 9.53221 2
      vertex 7.0609 9.60614 2
    endloop
  endfacet
  facet normal 0 0 1
    outer loop
      vertex 1.9391 9.60614 2
      vertex 7.0609 9.60614 2
      vertex 7.09447 9.67711 2
    endloop
  endfacet
  facet normal 0 0 1
    outer loop
      vertex 1.90553 9.67711 2
      vertex 7.09447 9.67711 2
      vertex 7.13483 9.74445 2
    endloop
  endfacet
  facet normal 0 0 1
    outer loop
      vertex 1.86517 9.74445 2
      vertex 7.13483 9.74445 2
      vertex 7.18159 9.8075 2
    endloop
  endfacet
  facet normal 0 0 1
    outer loop
      vertex 1.81841 9.8075 2
      vertex 7.18159 9.8075 2
      vertex 7.23431 9.86568 2
    endloop
  endfacet
  facet normal 0 0 1
    outer loop
      vertex 1.76569 9.86568 2
      vertex 7.23431 9.86568 2
      vertex 7.2925 9.9184 2
    endloop
  endfacet
  facet normal 0 0 1
    outer loop
      vertex 1.7075 9.9184 2
      vertex 7.2925 9.9184 2
      vertex 7.35555 9.96516 2
    endloop
  endfacet
  facet normal 0 0 1
    outer loop
      vertex 1.64445 9.96516 2
      vertex 7.35555 9.96516 2
      vertex 7.42288 10.0055 2
    endloop
  endfacet
  facet normal 0 0 1
    outer loop
      vertex 1.57712 10.0055 2
      vertex 7.42288 10.0055 2
      vertex 7.49385 10.0391 2
    endloop
  endfacet
  facet normal 0 0 1
    outer loop
      vertex 1.50615 10.0391 2
      vertex 7.49385 10.0391 2
      vertex 7.56778 10.0655 2
    endloop
  endfacet
  facet normal 0 0 1
    outer loop
      vertex 1.43222 10.0655 2
      vertex 7.56778 10.0655 2
      vertex 7.64394 10.0846 2
    endloop
  endfacet
  facet normal 0 -0 1
    outer loop
      vertex 1.27841 10.0961 2
      vertex 7.72159 10.0961 2
      vertex 1.2 10.1 2
    endloop
  endfacet
  facet normal 0 0 1
    outer loop
      vertex 7.00386 9.3784 2
      vertex 1.99614 9.3784 2
      vertex 2 9.29999 2
    endloop
  endfacet
  facet normal 0 0 1
    outer loop
      vertex 7.01538 9.45605 2
      vertex 1.98462 9.45605 2
      vertex 1.99614 9.3784 2
    endloop
  endfacet
  facet normal 0 0 1
    outer loop
      vertex 7.03445 9.53221 2
      vertex 1.96555 9.53221 2
      vertex 1.98462 9.45605 2
    endloop
  endfacet
  facet normal 0 0 1
    outer loop
      vertex 7.0609 9.60614 2
      vertex 1.9391 9.60614 2
      vertex 1.96555 9.53221 2
    endloop
  endfacet
  facet normal 0 0 1
    outer loop
      vertex 7.09447 9.67711 2
      vertex 1.90553 9.67711 2
      vertex 1.9391 9.60614 2
    endloop
  endfacet
  facet normal 0 0 1
    outer loop
      vertex 7.13483 9.74445 2
      vertex 1.86517 9.74445 2
      vertex 1.90553 9.67711 2
    endloop
  endfacet
  facet normal 0 0 1
    outer loop
      vertex 7.18159 9.8075 2
      vertex 1.81841 9.8075 2
      vertex 1.86517 9.74445 2
    endloop
  endfacet
  facet normal 0 0 1
    outer loop
      vertex 7.23431 9.86568 2
      vertex 1.76569 9.86568 2
      vertex 1.81841 9.8075 2
    endloop
  endfacet
  facet normal 0 0 1
    outer loop
      vertex 7.2925 9.9184 2
      vertex 1.7075 9.9184 2
      vertex 1.76569 9.86568 2
    endloop
  endfacet
  facet normal 0 0 1
    outer loop
      vertex 7.35555 9.96516 2
      vertex 1.64445 9.96516 2
      vertex 1.7075 9.9184 2
    endloop
  endfacet
  facet normal 0 0 1
    outer loop
      vertex 7.42288 10.0055 2
      vertex 1.57712 10.0055 2
      vertex 1.64445 9.96516 2
    endloop
  endfacet
  facet normal 0 0 1
    outer loop
      vertex 7.49385 10.0391 2
      vertex 1.50615 10.0391 2
      vertex 1.57712 10.0055 2
    endloop
  endfacet
  facet normal 0 0 1
    outer loop
      vertex 7.56778 10.0655 2
      vertex 1.43222 10.0655 2
      vertex 1.50615 10.0391 2
    endloop
  endfacet
  facet normal 0 0 1
    outer loop
      vertex 7.64394 10.0846 2
      vertex 1.35606 10.0846 2
      vertex 1.43222 10.0655 2
    endloop
  endfacet
  facet normal 0 0 1
    outer loop
      vertex 7.64394 10.0846 2
      vertex 1.27841 10.0961 2
      vertex 1.35606 10.0846 2
    endloop
  endfacet
  facet normal 0 0 1
    outer loop
      vertex 7.72159 10.0961 2
      vertex 1.27841 10.0961 2
      vertex 7.64394 10.0846 2
    endloop
  endfacet
  facet normal 0 0 1
    outer loop
      vertex 33.1 14.6 2
      vertex 0.800003 10.1 2
      vertex 1.2 10.1 2
    endloop
  endfacet
  facet normal -0 0 1
    outer loop
      vertex -33.1 14.6 2
      vertex 0.800003 10.1 2
      vertex 33.1 14.6 2
    endloop
  endfacet
  facet normal 0 0 1
    outer loop
      vertex 0 9.29999 2
      vertex -5 9.29999 2
      vertex 0 -9.29999 2
    endloop
  endfacet
  facet normal 0 0 1
    outer loop
      vertex 0.00386047 9.3784 2
      vertex -5 9.29999 2
      vertex 0 9.29999 2
    endloop
  endfacet
  facet normal 0 0 1
    outer loop
      vertex -5.00386 9.3784 2
      vertex 0.00386047 9.3784 2
      vertex 0.0153809 9.45605 2
    endloop
  endfacet
  facet normal 0 0 1
    outer loop
      vertex -5.01538 9.45605 2
      vertex 0.0153809 9.45605 2
      vertex 0.0344543 9.53221 2
    endloop
  endfacet
  facet normal 0 0 1
    outer loop
      vertex -5.03445 9.53221 2
      vertex 0.0344543 9.53221 2
      vertex 0.0608978 9.60614 2
    endloop
  endfacet
  facet normal 0 0 1
    outer loop
      vertex -5.0609 9.60614 2
      vertex 0.0608978 9.60614 2
      vertex 0.0944672 9.67711 2
    endloop
  endfacet
  facet normal 0 0 1
    outer loop
      vertex -5.09447 9.67711 2
      vertex 0.0944672 9.67711 2
      vertex 0.134827 9.74445 2
    endloop
  endfacet
  facet normal 0 0 1
    outer loop
      vertex -5.13483 9.74445 2
      vertex 0.134827 9.74445 2
      vertex 0.181595 9.8075 2
    endloop
  endfacet
  facet normal 0 0 1
    outer loop
      vertex -5.18159 9.8075 2
      vertex 0.181595 9.8075 2
      vertex 0.234314 9.86568 2
    endloop
  endfacet
  facet normal 0 0 1
    outer loop
      vertex -5.23431 9.86568 2
      vertex 0.234314 9.86568 2
      vertex 0.292496 9.9184 2
    endloop
  endfacet
  facet normal 0 0 1
    outer loop
      vertex -5.2925 9.9184 2
      vertex 0.292496 9.9184 2
      vertex 0.355545 9.96516 2
    endloop
  endfacet
  facet normal 0 0 1
    outer loop
      vertex -5.35555 9.96516 2
      vertex 0.355545 9.96516 2
      vertex 0.422882 10.0055 2
    endloop
  endfacet
  facet normal 0 0 1
    outer loop
      vertex -5.42288 10.0055 2
      vertex 0.422882 10.0055 2
      vertex 0.493851 10.0391 2
    endloop
  endfacet
  facet normal 0 0 1
    outer loop
      vertex -5.49385 10.0391 2
      vertex 0.493851 10.0391 2
      vertex 0.56778 10.0655 2
    endloop
  endfacet
  facet normal 0 0 1
    outer loop
      vertex -5.56778 10.0655 2
      vertex 0.56778 10.0655 2
      vertex 0.643936 10.0846 2
    endloop
  endfacet
  facet normal 0 0 1
    outer loop
      vertex -5.64394 10.0846 2
      vertex 0.643936 10.0846 2
      vertex 0.721588 10.0961 2
    endloop
  endfacet
  facet normal 0 0 1
    outer loop
      vertex 0.00386047 9.3784 2
      vertex -5.00386 9.3784 2
      vertex -5 9.29999 2
    endloop
  endfacet
  facet normal 0 -0 1
    outer loop
      vertex -5.8 10.1 2
      vertex 0.800003 10.1 2
      vertex -33.1 14.6 2
    endloop
  endfacet
  facet normal 0 0 1
    outer loop
      vertex 0.0153809 9.45605 2
      vertex -5.01538 9.45605 2
      vertex -5.00386 9.3784 2
    endloop
  endfacet
  facet normal 0 0 1
    outer loop
      vertex 0.0344543 9.53221 2
      vertex -5.03445 9.53221 2
      vertex -5.01538 9.45605 2
    endloop
  endfacet
  facet normal 0 0 1
    outer loop
      vertex 0.0608978 9.60614 2
      vertex -5.0609 9.60614 2
      vertex -5.03445 9.53221 2
    endloop
  endfacet
  facet normal 0 0 1
    outer loop
      vertex 0.0944672 9.67711 2
      vertex -5.09447 9.67711 2
      vertex -5.0609 9.60614 2
    endloop
  endfacet
  facet normal 0 0 1
    outer loop
      vertex 0.134827 9.74445 2
      vertex -5.13483 9.74445 2
      vertex -5.09447 9.67711 2
    endloop
  endfacet
  facet normal 0 0 1
    outer loop
      vertex 0.181595 9.8075 2
      vertex -5.18159 9.8075 2
      vertex -5.13483 9.74445 2
    endloop
  endfacet
  facet normal 0 0 1
    outer loop
      vertex 0.234314 9.86568 2
      vertex -5.23431 9.86568 2
      vertex -5.18159 9.8075 2
    endloop
  endfacet
  facet normal 0 0 1
    outer loop
      vertex 0.292496 9.9184 2
      vertex -5.2925 9.9184 2
      vertex -5.23431 9.86568 2
    endloop
  endfacet
  facet normal 0 0 1
    outer loop
      vertex 0.355545 9.96516 2
      vertex -5.35555 9.96516 2
      vertex -5.2925 9.9184 2
    endloop
  endfacet
  facet normal 0 0 1
    outer loop
      vertex 0.422882 10.0055 2
      vertex -5.42288 10.0055 2
      vertex -5.35555 9.96516 2
    endloop
  endfacet
  facet normal 0 0 1
    outer loop
      vertex 0.493851 10.0391 2
      vertex -5.49385 10.0391 2
      vertex -5.42288 10.0055 2
    endloop
  endfacet
  facet normal 0 0 1
    outer loop
      vertex 0.56778 10.0655 2
      vertex -5.56778 10.0655 2
      vertex -5.49385 10.0391 2
    endloop
  endfacet
  facet normal 0 0 1
    outer loop
      vertex 0.643936 10.0846 2
      vertex -5.64394 10.0846 2
      vertex -5.56778 10.0655 2
    endloop
  endfacet
  facet normal 0 0 1
    outer loop
      vertex 0.721588 10.0961 2
      vertex -5.72159 10.0961 2
      vertex -5.64394 10.0846 2
    endloop
  endfacet
  facet normal 0 0 1
    outer loop
      vertex 0.721588 10.0961 2
      vertex -5.8 10.1 2
      vertex -5.72159 10.0961 2
    endloop
  endfacet
  facet normal 0 0 1
    outer loop
      vertex 0.800003 10.1 2
      vertex -5.8 10.1 2
      vertex 0.721588 10.0961 2
    endloop
  endfacet
  facet normal 0 0 1
    outer loop
      vertex -5.8 10.1 2
      vertex -33.1 14.6 2
      vertex -6.2 10.1 2
    endloop
  endfacet
  facet normal 0 0 1
    outer loop
      vertex -24.4077 7.84317 2
      vertex -7 9.29999 2
      vertex -24.4 8 2
    endloop
  endfacet
  facet normal 0 0 1
    outer loop
      vertex -24.4307 8.31214 2
      vertex -7 9.29999 2
      vertex -6.99614 9.3784 2
    endloop
  endfacet
  facet normal 0 0 1
    outer loop
      vertex -24.4689 8.46445 2
      vertex -6.99614 9.3784 2
      vertex -6.98462 9.45605 2
    endloop
  endfacet
  facet normal 0 0 1
    outer loop
      vertex -24.5218 8.61229 2
      vertex -6.98462 9.45605 2
      vertex -6.96555 9.53221 2
    endloop
  endfacet
  facet normal 0 0 1
    outer loop
      vertex -24.5218 8.61229 2
      vertex -6.96555 9.53221 2
      vertex -6.9391 9.60614 2
    endloop
  endfacet
  facet normal 0 0 1
    outer loop
      vertex -24.5889 8.75423 2
      vertex -6.9391 9.60614 2
      vertex -6.90553 9.67711 2
    endloop
  endfacet
  facet normal 0 0 1
    outer loop
      vertex -24.6696 8.88891 2
      vertex -6.90553 9.67711 2
      vertex -6.86517 9.74445 2
    endloop
  endfacet
  facet normal 0 0 1
    outer loop
      vertex -24.7632 9.01503 2
      vertex -6.86517 9.74445 2
      vertex -6.81841 9.8075 2
    endloop
  endfacet
  facet normal 0 0 1
    outer loop
      vertex -24.8686 9.13137 2
      vertex -6.81841 9.8075 2
      vertex -6.76569 9.86568 2
    endloop
  endfacet
  facet normal 0 0 1
    outer loop
      vertex -24.985 9.23682 2
      vertex -6.76569 9.86568 2
      vertex -6.7075 9.9184 2
    endloop
  endfacet
  facet normal 0 0 1
    outer loop
      vertex -25.1111 9.33035 2
      vertex -6.7075 9.9184 2
      vertex -6.64445 9.96516 2
    endloop
  endfacet
  facet normal 0 0 1
    outer loop
      vertex -25.2458 9.41107 2
      vertex -6.64445 9.96516 2
      vertex -6.57712 10.0055 2
    endloop
  endfacet
  facet normal 0 0 1
    outer loop
      vertex -29.8333 11.9978 2
      vertex -6.57712 10.0055 2
      vertex -6.50615 10.0391 2
    endloop
  endfacet
  facet normal 0 0 1
    outer loop
      vertex -33.1 14.6 2
      vertex -6.50615 10.0391 2
      vertex -6.43222 10.0655 2
    endloop
  endfacet
  facet normal 0 0 1
    outer loop
      vertex -33.1 14.6 2
      vertex -6.43222 10.0655 2
      vertex -6.35606 10.0846 2
    endloop
  endfacet
  facet normal 0 0 1
    outer loop
      vertex -33.1 14.6 2
      vertex -6.35606 10.0846 2
      vertex -6.27841 10.0961 2
    endloop
  endfacet
  facet normal 0 0 1
    outer loop
      vertex -7 9.29999 2
      vertex -24.4077 8.15683 2
      vertex -24.4 8 2
    endloop
  endfacet
  facet normal 0 0 1
    outer loop
      vertex -6.2 10.1 2
      vertex -33.1 14.6 2
      vertex -6.27841 10.0961 2
    endloop
  endfacet
  facet normal 0 0 1
    outer loop
      vertex -7 9.29999 2
      vertex -24.4307 8.31214 2
      vertex -24.4077 8.15683 2
    endloop
  endfacet
  facet normal 0 0 1
    outer loop
      vertex -6.99614 9.3784 2
      vertex -24.4689 8.46445 2
      vertex -24.4307 8.31214 2
    endloop
  endfacet
  facet normal 0 0 1
    outer loop
      vertex -6.98462 9.45605 2
      vertex -24.5218 8.61229 2
      vertex -24.4689 8.46445 2
    endloop
  endfacet
  facet normal 0 0 1
    outer loop
      vertex -6.9391 9.60614 2
      vertex -24.5889 8.75423 2
      vertex -24.5218 8.61229 2
    endloop
  endfacet
  facet normal 0 0 1
    outer loop
      vertex -6.90553 9.67711 2
      vertex -24.6696 8.88891 2
      vertex -24.5889 8.75423 2
    endloop
  endfacet
  facet normal 0 0 1
    outer loop
      vertex -6.86517 9.74445 2
      vertex -24.7632 9.01503 2
      vertex -24.6696 8.88891 2
    endloop
  endfacet
  facet normal 0 0 1
    outer loop
      vertex -6.81841 9.8075 2
      vertex -24.8686 9.13137 2
      vertex -24.7632 9.01503 2
    endloop
  endfacet
  facet normal 0 0 1
    outer loop
      vertex -6.76569 9.86568 2
      vertex -24.985 9.23682 2
      vertex -24.8686 9.13137 2
    endloop
  endfacet
  facet normal 0 0 1
    outer loop
      vertex -6.7075 9.9184 2
      vertex -25.1111 9.33035 2
      vertex -24.985 9.23682 2
    endloop
  endfacet
  facet normal 0 0 1
    outer loop
      vertex -6.64445 9.96516 2
      vertex -25.2458 9.41107 2
      vertex -25.1111 9.33035 2
    endloop
  endfacet
  facet normal 0 0 1
    outer loop
      vertex -6.50615 10.0391 2
      vertex -33.1 14.6 2
      vertex -29.8333 11.9978 2
    endloop
  endfacet
  facet normal 0 0 1
    outer loop
      vertex -6.57712 10.0055 2
      vertex -25.3877 9.47821 2
      vertex -25.2458 9.41107 2
    endloop
  endfacet
  facet normal 0 0 1
    outer loop
      vertex -6.57712 10.0055 2
      vertex -29.8333 11.9978 2
      vertex -25.3877 9.47821 2
    endloop
  endfacet
  facet normal -0 -0 1
    outer loop
      vertex -29.7387 11.9276 2
      vertex -25.3877 9.47821 2
      vertex -29.8333 11.9978 2
    endloop
  endfacet
  facet normal 0 0 1
    outer loop
      vertex -25.3877 9.47821 2
      vertex -29.7387 11.9276 2
      vertex -25.5355 9.5311 2
    endloop
  endfacet
  facet normal -0 -0 1
    outer loop
      vertex -29.6515 11.8485 2
      vertex -25.5355 9.5311 2
      vertex -29.7387 11.9276 2
    endloop
  endfacet
  facet normal 0 0 1
    outer loop
      vertex -27.5693 -7.68785 2
      vertex -29.3 -11 2
      vertex -27.5923 -7.84317 2
    endloop
  endfacet
  facet normal -0 0 1
    outer loop
      vertex -29.5022 10.3333 2
      vertex -27.3304 8.88891 2
      vertex -29.4417 10.4343 2
    endloop
  endfacet
  facet normal 0 0 1
    outer loop
      vertex -27.2368 9.01503 2
      vertex -29.4417 10.4343 2
      vertex -27.3304 8.88891 2
    endloop
  endfacet
  facet normal -0 0 1
    outer loop
      vertex -29.4417 10.4343 2
      vertex -27.2368 9.01503 2
      vertex -29.3913 10.5408 2
    endloop
  endfacet
  facet normal 0 0 1
    outer loop
      vertex -27.1314 9.13137 2
      vertex -29.3913 10.5408 2
      vertex -27.2368 9.01503 2
    endloop
  endfacet
  facet normal -0 0 1
    outer loop
      vertex -29.3913 10.5408 2
      vertex -27.1314 9.13137 2
      vertex -29.3517 10.6517 2
    endloop
  endfacet
  facet normal 0 0 1
    outer loop
      vertex -27.015 9.23682 2
      vertex -29.3517 10.6517 2
      vertex -27.1314 9.13137 2
    endloop
  endfacet
  facet normal -0 0 1
    outer loop
      vertex -29.3517 10.6517 2
      vertex -27.015 9.23682 2
      vertex -29.3231 10.7659 2
    endloop
  endfacet
  facet normal 0 0 1
    outer loop
      vertex -26.8889 9.33035 2
      vertex -29.3231 10.7659 2
      vertex -27.015 9.23682 2
    endloop
  endfacet
  facet normal -0 0 1
    outer loop
      vertex -29.3231 10.7659 2
      vertex -26.8889 9.33035 2
      vertex -29.3058 10.8824 2
    endloop
  endfacet
  facet normal 0 0 1
    outer loop
      vertex -26.7542 9.41107 2
      vertex -29.3058 10.8824 2
      vertex -26.8889 9.33035 2
    endloop
  endfacet
  facet normal -0 0 1
    outer loop
      vertex -29.3058 10.8824 2
      vertex -26.7542 9.41107 2
      vertex -29.3 11 2
    endloop
  endfacet
  facet normal 0 0 1
    outer loop
      vertex -26.6123 9.47821 2
      vertex -29.3 11 2
      vertex -26.7542 9.41107 2
    endloop
  endfacet
  facet normal 0 0 1
    outer loop
      vertex -29.3058 11.1176 2
      vertex -26.6123 9.47821 2
      vertex -26.4645 9.5311 2
    endloop
  endfacet
  facet normal 0 0 1
    outer loop
      vertex -29.3517 11.3483 2
      vertex -26.4645 9.5311 2
      vertex -26.3121 9.56926 2
    endloop
  endfacet
  facet normal 0 0 1
    outer loop
      vertex -29.3913 11.4592 2
      vertex -26.3121 9.56926 2
      vertex -26.1568 9.59229 2
    endloop
  endfacet
  facet normal -0 -0 1
    outer loop
      vertex -29.5724 11.7613 2
      vertex -25.6879 9.56926 2
      vertex -29.6515 11.8485 2
    endloop
  endfacet
  facet normal 0 0 1
    outer loop
      vertex -26.6123 9.47821 2
      vertex -29.3058 11.1176 2
      vertex -29.3 11 2
    endloop
  endfacet
  facet normal 0 0 1
    outer loop
      vertex -26.4645 9.5311 2
      vertex -29.3231 11.2341 2
      vertex -29.3058 11.1176 2
    endloop
  endfacet
  facet normal 0 0 1
    outer loop
      vertex -26.4645 9.5311 2
      vertex -29.3517 11.3483 2
      vertex -29.3231 11.2341 2
    endloop
  endfacet
  facet normal 0 0 1
    outer loop
      vertex -26.3121 9.56926 2
      vertex -29.3913 11.4592 2
      vertex -29.3517 11.3483 2
    endloop
  endfacet
  facet normal 0 0 1
    outer loop
      vertex -26.1568 9.59229 2
      vertex -29.4417 11.5657 2
      vertex -29.3913 11.4592 2
    endloop
  endfacet
  facet normal 0 0 1
    outer loop
      vertex -26 9.6 2
      vertex -29.4417 11.5657 2
      vertex -26.1568 9.59229 2
    endloop
  endfacet
  facet normal -0 -0 1
    outer loop
      vertex -29.4417 11.5657 2
      vertex -26 9.6 2
      vertex -29.5022 11.6667 2
    endloop
  endfacet
  facet normal 0 0 1
    outer loop
      vertex -25.8432 9.59229 2
      vertex -29.5022 11.6667 2
      vertex -26 9.6 2
    endloop
  endfacet
  facet normal -0 -0 1
    outer loop
      vertex -29.5022 11.6667 2
      vertex -25.8432 9.59229 2
      vertex -29.5724 11.7613 2
    endloop
  endfacet
  facet normal 0 0 1
    outer loop
      vertex -25.6879 9.56926 2
      vertex -29.5724 11.7613 2
      vertex -25.8432 9.59229 2
    endloop
  endfacet
  facet normal 0 0 1
    outer loop
      vertex -25.5355 9.5311 2
      vertex -29.6515 11.8485 2
      vertex -25.6879 9.56926 2
    endloop
  endfacet
  facet normal 0 0 1
    outer loop
      vertex -29.8333 11.9978 2
      vertex -33.1 14.6 2
      vertex -29.9343 12.0583 2
    endloop
  endfacet
  facet normal 0 0 1
    outer loop
      vertex -29.9343 12.0583 2
      vertex -33.1 14.6 2
      vertex -30.0408 12.1087 2
    endloop
  endfacet
  facet normal 0 0 1
    outer loop
      vertex -30.0408 12.1087 2
      vertex -33.1 14.6 2
      vertex -30.1517 12.1483 2
    endloop
  endfacet
  facet normal 0 0 1
    outer loop
      vertex -30.1517 12.1483 2
      vertex -33.1 14.6 2
      vertex -30.2659 12.1769 2
    endloop
  endfacet
  facet normal 0 0 1
    outer loop
      vertex -30.2659 12.1769 2
      vertex -33.1 14.6 2
      vertex -30.3824 12.1942 2
    endloop
  endfacet
  facet normal 0 0 1
    outer loop
      vertex -31.6942 11.1176 2
      vertex -34.6 13.1 2
      vertex -31.7 11 2
    endloop
  endfacet
  facet normal 0 0 1
    outer loop
      vertex -31.6769 11.2341 2
      vertex -34.6 13.1 2
      vertex -31.6942 11.1176 2
    endloop
  endfacet
  facet normal 0 0 1
    outer loop
      vertex -31.6483 11.3483 2
      vertex -34.6 13.1 2
      vertex -31.6769 11.2341 2
    endloop
  endfacet
  facet normal 0 0 1
    outer loop
      vertex -31.6087 11.4592 2
      vertex -34.6 13.1 2
      vertex -31.6483 11.3483 2
    endloop
  endfacet
  facet normal 0 0 1
    outer loop
      vertex -31.5583 11.5657 2
      vertex -34.6 13.1 2
      vertex -31.6087 11.4592 2
    endloop
  endfacet
  facet normal 0 0 1
    outer loop
      vertex -31.4978 11.6667 2
      vertex -34.6 13.1 2
      vertex -31.5583 11.5657 2
    endloop
  endfacet
  facet normal 0 0 1
    outer loop
      vertex -31.4276 11.7613 2
      vertex -34.6 13.1 2
      vertex -31.4978 11.6667 2
    endloop
  endfacet
  facet normal -0 0 1
    outer loop
      vertex -34.6 13.1 2
      vertex -31.4276 11.7613 2
      vertex -33.1 14.6 2
    endloop
  endfacet
  facet normal 0 0 1
    outer loop
      vertex -31.3485 11.8485 2
      vertex -33.1 14.6 2
      vertex -31.4276 11.7613 2
    endloop
  endfacet
  facet normal 0 0 1
    outer loop
      vertex -31.2613 11.9276 2
      vertex -33.1 14.6 2
      vertex -31.3485 11.8485 2
    endloop
  endfacet
  facet normal 0 0 1
    outer loop
      vertex -31.1667 11.9978 2
      vertex -33.1 14.6 2
      vertex -31.2613 11.9276 2
    endloop
  endfacet
  facet normal 0 0 1
    outer loop
      vertex -31.0657 12.0583 2
      vertex -33.1 14.6 2
      vertex -31.1667 11.9978 2
    endloop
  endfacet
  facet normal 0 0 1
    outer loop
      vertex -30.9592 12.1087 2
      vertex -33.1 14.6 2
      vertex -31.0657 12.0583 2
    endloop
  endfacet
  facet normal 0 0 1
    outer loop
      vertex -30.8483 12.1483 2
      vertex -33.1 14.6 2
      vertex -30.9592 12.1087 2
    endloop
  endfacet
  facet normal 0 0 1
    outer loop
      vertex -30.7341 12.1769 2
      vertex -33.1 14.6 2
      vertex -30.8483 12.1483 2
    endloop
  endfacet
  facet normal 0 0 1
    outer loop
      vertex -30.6176 12.1942 2
      vertex -33.1 14.6 2
      vertex -30.7341 12.1769 2
    endloop
  endfacet
  facet normal 0 0 1
    outer loop
      vertex -30.5 12.2 2
      vertex -33.1 14.6 2
      vertex -30.6176 12.1942 2
    endloop
  endfacet
  facet normal 0 0 1
    outer loop
      vertex -30.3824 12.1942 2
      vertex -33.1 14.6 2
      vertex -30.5 12.2 2
    endloop
  endfacet
  facet normal 0 0 1
    outer loop
      vertex 34.1606 -14.1606 2
      vertex 33.1 -14.6 2
      vertex 34.0516 -14.2595 2
    endloop
  endfacet
  facet normal 0 0 1
    outer loop
      vertex 34.0516 -14.2595 2
      vertex 33.1 -14.6 2
      vertex 33.9333 -14.3472 2
    endloop
  endfacet
  facet normal 0 0 1
    outer loop
      vertex 33.9333 -14.3472 2
      vertex 33.1 -14.6 2
      vertex 33.8071 -14.4229 2
    endloop
  endfacet
  facet normal 0 0 1
    outer loop
      vertex 33.8071 -14.4229 2
      vertex 33.1 -14.6 2
      vertex 33.674 -14.4858 2
    endloop
  endfacet
  facet normal 0 0 1
    outer loop
      vertex 33.674 -14.4858 2
      vertex 33.1 -14.6 2
      vertex 33.5354 -14.5354 2
    endloop
  endfacet
  facet normal 0 0 1
    outer loop
      vertex 33.5354 -14.5354 2
      vertex 33.1 -14.6 2
      vertex 33.3926 -14.5712 2
    endloop
  endfacet
  facet normal 0 0 1
    outer loop
      vertex 33.3926 -14.5712 2
      vertex 33.1 -14.6 2
      vertex 33.247 -14.5928 2
    endloop
  endfacet
  facet normal 0 0 1
    outer loop
      vertex 34.5354 -13.5354 2
      vertex 33.1 -14.6 2
      vertex 34.4858 -13.674 2
    endloop
  endfacet
  facet normal -0 0 1
    outer loop
      vertex 31.3485 -11.8485 2
      vertex 33.1 -14.6 2
      vertex 31.4276 -11.7613 2
    endloop
  endfacet
  facet normal -0 0 1
    outer loop
      vertex 31.2613 -11.9276 2
      vertex 33.1 -14.6 2
      vertex 31.3485 -11.8485 2
    endloop
  endfacet
  facet normal -0 0 1
    outer loop
      vertex 31.1667 -11.9978 2
      vertex 33.1 -14.6 2
      vertex 31.2613 -11.9276 2
    endloop
  endfacet
  facet normal -0 0 1
    outer loop
      vertex 31.0657 -12.0583 2
      vertex 33.1 -14.6 2
      vertex 31.1667 -11.9978 2
    endloop
  endfacet
  facet normal -0 0 1
    outer loop
      vertex 30.9592 -12.1087 2
      vertex 33.1 -14.6 2
      vertex 31.0657 -12.0583 2
    endloop
  endfacet
  facet normal -0 0 1
    outer loop
      vertex 30.8483 -12.1483 2
      vertex 33.1 -14.6 2
      vertex 30.9592 -12.1087 2
    endloop
  endfacet
  facet normal -0 0 1
    outer loop
      vertex 30.7341 -12.1769 2
      vertex 33.1 -14.6 2
      vertex 30.8483 -12.1483 2
    endloop
  endfacet
  facet normal -0 0 1
    outer loop
      vertex 30.6176 -12.1942 2
      vertex 33.1 -14.6 2
      vertex 30.7341 -12.1769 2
    endloop
  endfacet
  facet normal -0 0 1
    outer loop
      vertex 30.5 -12.2 2
      vertex 33.1 -14.6 2
      vertex 30.6176 -12.1942 2
    endloop
  endfacet
  facet normal 0 0 1
    outer loop
      vertex 30.3824 -12.1942 2
      vertex 33.1 -14.6 2
      vertex 30.5 -12.2 2
    endloop
  endfacet
  facet normal 0 0 1
    outer loop
      vertex 30.2659 -12.1769 2
      vertex 33.1 -14.6 2
      vertex 30.3824 -12.1942 2
    endloop
  endfacet
  facet normal 0 0 1
    outer loop
      vertex 30.1517 -12.1483 2
      vertex 33.1 -14.6 2
      vertex 30.2659 -12.1769 2
    endloop
  endfacet
  facet normal 0 0 1
    outer loop
      vertex 30.0408 -12.1087 2
      vertex 33.1 -14.6 2
      vertex 30.1517 -12.1483 2
    endloop
  endfacet
  facet normal 0 0 1
    outer loop
      vertex 29.9343 -12.0583 2
      vertex 33.1 -14.6 2
      vertex 30.0408 -12.1087 2
    endloop
  endfacet
  facet normal 0 0 1
    outer loop
      vertex 29.8333 -11.9978 2
      vertex 33.1 -14.6 2
      vertex 29.9343 -12.0583 2
    endloop
  endfacet
  facet normal 0 0 1
    outer loop
      vertex 15.5061 -10.0391 2
      vertex 29.8333 -11.9978 2
      vertex 29.7387 -11.9276 2
    endloop
  endfacet
  facet normal 0 0 1
    outer loop
      vertex 29.3231 -10.7659 2
      vertex 15.9961 -9.3784 2
      vertex 29.3058 -10.8824 2
    endloop
  endfacet
  facet normal -0 0 1
    outer loop
      vertex 15.9846 -9.45605 2
      vertex 29.3058 -10.8824 2
      vertex 15.9961 -9.3784 2
    endloop
  endfacet
  facet normal 0 0 1
    outer loop
      vertex 29.3058 -10.8824 2
      vertex 15.9846 -9.45605 2
      vertex 29.3 -11 2
    endloop
  endfacet
  facet normal -0 0 1
    outer loop
      vertex 15.9655 -9.53221 2
      vertex 29.3 -11 2
      vertex 15.9846 -9.45605 2
    endloop
  endfacet
  facet normal 0 0 1
    outer loop
      vertex 29.3 -11 2
      vertex 15.9655 -9.53221 2
      vertex 29.3058 -11.1176 2
    endloop
  endfacet
  facet normal -0 0 1
    outer loop
      vertex 15.9391 -9.60614 2
      vertex 29.3058 -11.1176 2
      vertex 15.9655 -9.53221 2
    endloop
  endfacet
  facet normal 0 0 1
    outer loop
      vertex 29.3058 -11.1176 2
      vertex 15.9391 -9.60614 2
      vertex 29.3231 -11.2341 2
    endloop
  endfacet
  facet normal -0 0 1
    outer loop
      vertex 15.9055 -9.67711 2
      vertex 29.3231 -11.2341 2
      vertex 15.9391 -9.60614 2
    endloop
  endfacet
  facet normal 0 0 1
    outer loop
      vertex 29.3231 -11.2341 2
      vertex 15.9055 -9.67711 2
      vertex 29.3517 -11.3483 2
    endloop
  endfacet
  facet normal -0 0 1
    outer loop
      vertex 15.8652 -9.74445 2
      vertex 29.3517 -11.3483 2
      vertex 15.9055 -9.67711 2
    endloop
  endfacet
  facet normal 0 0 1
    outer loop
      vertex 29.3517 -11.3483 2
      vertex 15.8652 -9.74445 2
      vertex 29.3913 -11.4592 2
    endloop
  endfacet
  facet normal -0 0 1
    outer loop
      vertex 15.8184 -9.8075 2
      vertex 29.3913 -11.4592 2
      vertex 15.8652 -9.74445 2
    endloop
  endfacet
  facet normal 0 0 1
    outer loop
      vertex 29.3913 -11.4592 2
      vertex 15.8184 -9.8075 2
      vertex 29.4417 -11.5657 2
    endloop
  endfacet
  facet normal -0 0 1
    outer loop
      vertex 15.7657 -9.86568 2
      vertex 29.4417 -11.5657 2
      vertex 15.8184 -9.8075 2
    endloop
  endfacet
  facet normal 0 0 1
    outer loop
      vertex 29.4417 -11.5657 2
      vertex 15.7657 -9.86568 2
      vertex 29.5022 -11.6667 2
    endloop
  endfacet
  facet normal -0 0 1
    outer loop
      vertex 15.7075 -9.9184 2
      vertex 29.5022 -11.6667 2
      vertex 15.7657 -9.86568 2
    endloop
  endfacet
  facet normal 0 0 1
    outer loop
      vertex 29.5022 -11.6667 2
      vertex 15.7075 -9.9184 2
      vertex 29.5724 -11.7613 2
    endloop
  endfacet
  facet normal -0 0 1
    outer loop
      vertex 15.6445 -9.96516 2
      vertex 29.5724 -11.7613 2
      vertex 15.7075 -9.9184 2
    endloop
  endfacet
  facet normal 0 0 1
    outer loop
      vertex 29.5724 -11.7613 2
      vertex 15.6445 -9.96516 2
      vertex 29.6515 -11.8485 2
    endloop
  endfacet
  facet normal -0 0 1
    outer loop
      vertex 15.5771 -10.0055 2
      vertex 29.6515 -11.8485 2
      vertex 15.6445 -9.96516 2
    endloop
  endfacet
  facet normal 0 0 1
    outer loop
      vertex 29.6515 -11.8485 2
      vertex 15.5771 -10.0055 2
      vertex 29.7387 -11.9276 2
    endloop
  endfacet
  facet normal -0 0 1
    outer loop
      vertex 15.5061 -10.0391 2
      vertex 29.7387 -11.9276 2
      vertex 15.5771 -10.0055 2
    endloop
  endfacet
  facet normal 0 0 1
    outer loop
      vertex 29.8333 -11.9978 2
      vertex 15.5061 -10.0391 2
      vertex 15.4322 -10.0655 2
    endloop
  endfacet
  facet normal 0 0 1
    outer loop
      vertex 29.8333 -11.9978 2
      vertex 15.4322 -10.0655 2
      vertex 33.1 -14.6 2
    endloop
  endfacet
  facet normal -0 0 1
    outer loop
      vertex 15.3561 -10.0846 2
      vertex 33.1 -14.6 2
      vertex 15.4322 -10.0655 2
    endloop
  endfacet
  facet normal -0 0 1
    outer loop
      vertex 15.2784 -10.0961 2
      vertex 33.1 -14.6 2
      vertex 15.3561 -10.0846 2
    endloop
  endfacet
  facet normal -0 0 1
    outer loop
      vertex 15.2 -10.1 2
      vertex 33.1 -14.6 2
      vertex 15.2784 -10.0961 2
    endloop
  endfacet
  facet normal -0 0 1
    outer loop
      vertex 14.8 -10.1 2
      vertex 33.1 -14.6 2
      vertex 15.2 -10.1 2
    endloop
  endfacet
  facet normal 0 0 1
    outer loop
      vertex 14.7216 -10.0961 2
      vertex 33.1 -14.6 2
      vertex 14.8 -10.1 2
    endloop
  endfacet
  facet normal 0 0 1
    outer loop
      vertex 8.27841 -10.0961 2
      vertex 14.7216 -10.0961 2
      vertex 14.6439 -10.0846 2
    endloop
  endfacet
  facet normal 0 0 1
    outer loop
      vertex 9 -9.29999 2
      vertex 14 -9.29999 2
      vertex 9 9.29999 2
    endloop
  endfacet
  facet normal 0 0 1
    outer loop
      vertex 14 -9.29999 2
      vertex 9 -9.29999 2
      vertex 14.0039 -9.3784 2
    endloop
  endfacet
  facet normal 0 0 1
    outer loop
      vertex 8.99614 -9.3784 2
      vertex 14.0039 -9.3784 2
      vertex 9 -9.29999 2
    endloop
  endfacet
  facet normal 0 0 1
    outer loop
      vertex 14.0039 -9.3784 2
      vertex 8.99614 -9.3784 2
      vertex 14.0154 -9.45605 2
    endloop
  endfacet
  facet normal 0 0 1
    outer loop
      vertex 8.98462 -9.45605 2
      vertex 14.0154 -9.45605 2
      vertex 8.99614 -9.3784 2
    endloop
  endfacet
  facet normal 0 0 1
    outer loop
      vertex 14.0154 -9.45605 2
      vertex 8.98462 -9.45605 2
      vertex 14.0345 -9.53221 2
    endloop
  endfacet
  facet normal 0 0 1
    outer loop
      vertex 8.96555 -9.53221 2
      vertex 14.0345 -9.53221 2
      vertex 8.98462 -9.45605 2
    endloop
  endfacet
  facet normal 0 0 1
    outer loop
      vertex 14.0345 -9.53221 2
      vertex 8.96555 -9.53221 2
      vertex 14.0609 -9.60614 2
    endloop
  endfacet
  facet normal 0 0 1
    outer loop
      vertex 8.9391 -9.60614 2
      vertex 14.0609 -9.60614 2
      vertex 8.96555 -9.53221 2
    endloop
  endfacet
  facet normal 0 0 1
    outer loop
      vertex 14.0609 -9.60614 2
      vertex 8.9391 -9.60614 2
      vertex 14.0945 -9.67711 2
    endloop
  endfacet
  facet normal 0 0 1
    outer loop
      vertex 8.90553 -9.67711 2
      vertex 14.0945 -9.67711 2
      vertex 8.9391 -9.60614 2
    endloop
  endfacet
  facet normal 0 0 1
    outer loop
      vertex 14.0945 -9.67711 2
      vertex 8.90553 -9.67711 2
      vertex 14.1348 -9.74445 2
    endloop
  endfacet
  facet normal 0 0 1
    outer loop
      vertex 8.86517 -9.74445 2
      vertex 14.1348 -9.74445 2
      vertex 8.90553 -9.67711 2
    endloop
  endfacet
  facet normal 0 0 1
    outer loop
      vertex 14.1348 -9.74445 2
      vertex 8.86517 -9.74445 2
      vertex 14.1816 -9.8075 2
    endloop
  endfacet
  facet normal 0 0 1
    outer loop
      vertex 8.81841 -9.8075 2
      vertex 14.1816 -9.8075 2
      vertex 8.86517 -9.74445 2
    endloop
  endfacet
  facet normal 0 0 1
    outer loop
      vertex 14.1816 -9.8075 2
      vertex 8.81841 -9.8075 2
      vertex 14.2343 -9.86568 2
    endloop
  endfacet
  facet normal 0 0 1
    outer loop
      vertex 8.76569 -9.86568 2
      vertex 14.2343 -9.86568 2
      vertex 8.81841 -9.8075 2
    endloop
  endfacet
  facet normal 0 0 1
    outer loop
      vertex 14.2343 -9.86568 2
      vertex 8.76569 -9.86568 2
      vertex 14.2925 -9.9184 2
    endloop
  endfacet
  facet normal 0 0 1
    outer loop
      vertex 8.7075 -9.9184 2
      vertex 14.2925 -9.9184 2
      vertex 8.76569 -9.86568 2
    endloop
  endfacet
  facet normal 0 0 1
    outer loop
      vertex 14.2925 -9.9184 2
      vertex 8.7075 -9.9184 2
      vertex 14.3555 -9.96516 2
    endloop
  endfacet
  facet normal 0 0 1
    outer loop
      vertex 8.64445 -9.96516 2
      vertex 14.3555 -9.96516 2
      vertex 8.7075 -9.9184 2
    endloop
  endfacet
  facet normal 0 0 1
    outer loop
      vertex 14.3555 -9.96516 2
      vertex 8.64445 -9.96516 2
      vertex 14.4229 -10.0055 2
    endloop
  endfacet
  facet normal 0 0 1
    outer loop
      vertex 8.57712 -10.0055 2
      vertex 14.4229 -10.0055 2
      vertex 8.64445 -9.96516 2
    endloop
  endfacet
  facet normal 0 0 1
    outer loop
      vertex 14.4229 -10.0055 2
      vertex 8.57712 -10.0055 2
      vertex 14.4939 -10.0391 2
    endloop
  endfacet
  facet normal 0 0 1
    outer loop
      vertex 8.50615 -10.0391 2
      vertex 14.4939 -10.0391 2
      vertex 8.57712 -10.0055 2
    endloop
  endfacet
  facet normal 0 0 1
    outer loop
      vertex 14.4939 -10.0391 2
      vertex 8.50615 -10.0391 2
      vertex 14.5678 -10.0655 2
    endloop
  endfacet
  facet normal 0 0 1
    outer loop
      vertex 8.43222 -10.0655 2
      vertex 14.5678 -10.0655 2
      vertex 8.50615 -10.0391 2
    endloop
  endfacet
  facet normal 0 0 1
    outer loop
      vertex 14.5678 -10.0655 2
      vertex 8.43222 -10.0655 2
      vertex 14.6439 -10.0846 2
    endloop
  endfacet
  facet normal 0 0 1
    outer loop
      vertex 8.35606 -10.0846 2
      vertex 14.6439 -10.0846 2
      vertex 8.43222 -10.0655 2
    endloop
  endfacet
  facet normal 0 0 1
    outer loop
      vertex 8.27841 -10.0961 2
      vertex 14.6439 -10.0846 2
      vertex 8.35606 -10.0846 2
    endloop
  endfacet
  facet normal 0 0 1
    outer loop
      vertex 14.7216 -10.0961 2
      vertex 8.27841 -10.0961 2
      vertex 33.1 -14.6 2
    endloop
  endfacet
  facet normal -0 0 1
    outer loop
      vertex 8.2 -10.1 2
      vertex 33.1 -14.6 2
      vertex 8.27841 -10.0961 2
    endloop
  endfacet
  facet normal -0 0 1
    outer loop
      vertex 7.8 -10.1 2
      vertex 33.1 -14.6 2
      vertex 8.2 -10.1 2
    endloop
  endfacet
  facet normal 0 0 1
    outer loop
      vertex 1.2 -10.1 2
      vertex 7.8 -10.1 2
      vertex 7.72159 -10.0961 2
    endloop
  endfacet
  facet normal 0 0 1
    outer loop
      vertex 1.27841 -10.0961 2
      vertex 7.72159 -10.0961 2
      vertex 7.64394 -10.0846 2
    endloop
  endfacet
  facet normal 0 0 1
    outer loop
      vertex 2 -9.29999 2
      vertex 7 -9.29999 2
      vertex 2 9.29999 2
    endloop
  endfacet
  facet normal 0 0 1
    outer loop
      vertex 7 -9.29999 2
      vertex 2 -9.29999 2
      vertex 7.00386 -9.3784 2
    endloop
  endfacet
  facet normal 0 0 1
    outer loop
      vertex 1.99614 -9.3784 2
      vertex 7.00386 -9.3784 2
      vertex 2 -9.29999 2
    endloop
  endfacet
  facet normal 0 0 1
    outer loop
      vertex 7.00386 -9.3784 2
      vertex 1.99614 -9.3784 2
      vertex 7.01538 -9.45605 2
    endloop
  endfacet
  facet normal 0 0 1
    outer loop
      vertex 1.98462 -9.45605 2
      vertex 7.01538 -9.45605 2
      vertex 1.99614 -9.3784 2
    endloop
  endfacet
  facet normal 0 0 1
    outer loop
      vertex 7.01538 -9.45605 2
      vertex 1.98462 -9.45605 2
      vertex 7.03445 -9.53221 2
    endloop
  endfacet
  facet normal 0 0 1
    outer loop
      vertex 1.96555 -9.53221 2
      vertex 7.03445 -9.53221 2
      vertex 1.98462 -9.45605 2
    endloop
  endfacet
  facet normal 0 0 1
    outer loop
      vertex 7.03445 -9.53221 2
      vertex 1.96555 -9.53221 2
      vertex 7.0609 -9.60614 2
    endloop
  endfacet
  facet normal 0 0 1
    outer loop
      vertex 1.9391 -9.60614 2
      vertex 7.0609 -9.60614 2
      vertex 1.96555 -9.53221 2
    endloop
  endfacet
  facet normal 0 0 1
    outer loop
      vertex 7.0609 -9.60614 2
      vertex 1.9391 -9.60614 2
      vertex 7.09447 -9.67711 2
    endloop
  endfacet
  facet normal 0 0 1
    outer loop
      vertex 1.90553 -9.67711 2
      vertex 7.09447 -9.67711 2
      vertex 1.9391 -9.60614 2
    endloop
  endfacet
  facet normal 0 0 1
    outer loop
      vertex 7.09447 -9.67711 2
      vertex 1.90553 -9.67711 2
      vertex 7.13483 -9.74445 2
    endloop
  endfacet
  facet normal 0 0 1
    outer loop
      vertex 1.86517 -9.74445 2
      vertex 7.13483 -9.74445 2
      vertex 1.90553 -9.67711 2
    endloop
  endfacet
  facet normal 0 0 1
    outer loop
      vertex 7.13483 -9.74445 2
      vertex 1.86517 -9.74445 2
      vertex 7.18159 -9.8075 2
    endloop
  endfacet
  facet normal 0 0 1
    outer loop
      vertex 1.81841 -9.8075 2
      vertex 7.18159 -9.8075 2
      vertex 1.86517 -9.74445 2
    endloop
  endfacet
  facet normal 0 0 1
    outer loop
      vertex 7.18159 -9.8075 2
      vertex 1.81841 -9.8075 2
      vertex 7.23431 -9.86568 2
    endloop
  endfacet
  facet normal 0 0 1
    outer loop
      vertex 1.76569 -9.86568 2
      vertex 7.23431 -9.86568 2
      vertex 1.81841 -9.8075 2
    endloop
  endfacet
  facet normal 0 0 1
    outer loop
      vertex 7.23431 -9.86568 2
      vertex 1.76569 -9.86568 2
      vertex 7.2925 -9.9184 2
    endloop
  endfacet
  facet normal 0 0 1
    outer loop
      vertex 1.7075 -9.9184 2
      vertex 7.2925 -9.9184 2
      vertex 1.76569 -9.86568 2
    endloop
  endfacet
  facet normal 0 0 1
    outer loop
      vertex 7.2925 -9.9184 2
      vertex 1.7075 -9.9184 2
      vertex 7.35555 -9.96516 2
    endloop
  endfacet
  facet normal 0 0 1
    outer loop
      vertex 1.64445 -9.96516 2
      vertex 7.35555 -9.96516 2
      vertex 1.7075 -9.9184 2
    endloop
  endfacet
  facet normal 0 0 1
    outer loop
      vertex 7.35555 -9.96516 2
      vertex 1.64445 -9.96516 2
      vertex 7.42288 -10.0055 2
    endloop
  endfacet
  facet normal 0 0 1
    outer loop
      vertex 1.57712 -10.0055 2
      vertex 7.42288 -10.0055 2
      vertex 1.64445 -9.96516 2
    endloop
  endfacet
  facet normal 0 0 1
    outer loop
      vertex 7.42288 -10.0055 2
      vertex 1.57712 -10.0055 2
      vertex 7.49385 -10.0391 2
    endloop
  endfacet
  facet normal 0 0 1
    outer loop
      vertex 1.50615 -10.0391 2
      vertex 7.49385 -10.0391 2
      vertex 1.57712 -10.0055 2
    endloop
  endfacet
  facet normal 0 0 1
    outer loop
      vertex 7.49385 -10.0391 2
      vertex 1.50615 -10.0391 2
      vertex 7.56778 -10.0655 2
    endloop
  endfacet
  facet normal 0 0 1
    outer loop
      vertex 1.43222 -10.0655 2
      vertex 7.56778 -10.0655 2
      vertex 1.50615 -10.0391 2
    endloop
  endfacet
  facet normal 0 0 1
    outer loop
      vertex 7.56778 -10.0655 2
      vertex 1.43222 -10.0655 2
      vertex 7.64394 -10.0846 2
    endloop
  endfacet
  facet normal 0 0 1
    outer loop
      vertex 1.35606 -10.0846 2
      vertex 7.64394 -10.0846 2
      vertex 1.43222 -10.0655 2
    endloop
  endfacet
  facet normal 0 0 1
    outer loop
      vertex 1.27841 -10.0961 2
      vertex 7.64394 -10.0846 2
      vertex 1.35606 -10.0846 2
    endloop
  endfacet
  facet normal 0 0 1
    outer loop
      vertex 7.72159 -10.0961 2
      vertex 1.27841 -10.0961 2
      vertex 1.2 -10.1 2
    endloop
  endfacet
  facet normal 0 0 1
    outer loop
      vertex 7.8 -10.1 2
      vertex 1.2 -10.1 2
      vertex 33.1 -14.6 2
    endloop
  endfacet
  facet normal -0 0 1
    outer loop
      vertex 0.800003 -10.1 2
      vertex 33.1 -14.6 2
      vertex 1.2 -10.1 2
    endloop
  endfacet
  facet normal 0 0 1
    outer loop
      vertex -5.8 -10.1 2
      vertex 0.800003 -10.1 2
      vertex 0.721588 -10.0961 2
    endloop
  endfacet
  facet normal 0 0 1
    outer loop
      vertex -5 -9.29999 2
      vertex 0 -9.29999 2
      vertex -5 9.29999 2
    endloop
  endfacet
  facet normal 0 0 1
    outer loop
      vertex 0 -9.29999 2
      vertex -5 -9.29999 2
      vertex 0.00386047 -9.3784 2
    endloop
  endfacet
  facet normal 0 0 1
    outer loop
      vertex -5.00386 -9.3784 2
      vertex 0.00386047 -9.3784 2
      vertex -5 -9.29999 2
    endloop
  endfacet
  facet normal 0 0 1
    outer loop
      vertex 0.00386047 -9.3784 2
      vertex -5.00386 -9.3784 2
      vertex 0.0153809 -9.45605 2
    endloop
  endfacet
  facet normal 0 0 1
    outer loop
      vertex -5.01538 -9.45605 2
      vertex 0.0153809 -9.45605 2
      vertex -5.00386 -9.3784 2
    endloop
  endfacet
  facet normal 0 0 1
    outer loop
      vertex 0.0153809 -9.45605 2
      vertex -5.01538 -9.45605 2
      vertex 0.0344543 -9.53221 2
    endloop
  endfacet
  facet normal 0 0 1
    outer loop
      vertex -5.03445 -9.53221 2
      vertex 0.0344543 -9.53221 2
      vertex -5.01538 -9.45605 2
    endloop
  endfacet
  facet normal 0 0 1
    outer loop
      vertex 0.0344543 -9.53221 2
      vertex -5.03445 -9.53221 2
      vertex 0.0608978 -9.60614 2
    endloop
  endfacet
  facet normal 0 0 1
    outer loop
      vertex -5.0609 -9.60614 2
      vertex 0.0608978 -9.60614 2
      vertex -5.03445 -9.53221 2
    endloop
  endfacet
  facet normal 0 0 1
    outer loop
      vertex 0.0608978 -9.60614 2
      vertex -5.0609 -9.60614 2
      vertex 0.0944672 -9.67711 2
    endloop
  endfacet
  facet normal 0 0 1
    outer loop
      vertex -5.09447 -9.67711 2
      vertex 0.0944672 -9.67711 2
      vertex -5.0609 -9.60614 2
    endloop
  endfacet
  facet normal 0 0 1
    outer loop
      vertex 0.0944672 -9.67711 2
      vertex -5.09447 -9.67711 2
      vertex 0.134827 -9.74445 2
    endloop
  endfacet
  facet normal 0 0 1
    outer loop
      vertex -5.13483 -9.74445 2
      vertex 0.134827 -9.74445 2
      vertex -5.09447 -9.67711 2
    endloop
  endfacet
  facet normal 0 0 1
    outer loop
      vertex 0.134827 -9.74445 2
      vertex -5.13483 -9.74445 2
      vertex 0.181595 -9.8075 2
    endloop
  endfacet
  facet normal 0 0 1
    outer loop
      vertex -5.18159 -9.8075 2
      vertex 0.181595 -9.8075 2
      vertex -5.13483 -9.74445 2
    endloop
  endfacet
  facet normal 0 0 1
    outer loop
      vertex 0.181595 -9.8075 2
      vertex -5.18159 -9.8075 2
      vertex 0.234314 -9.86568 2
    endloop
  endfacet
  facet normal 0 0 1
    outer loop
      vertex -5.23431 -9.86568 2
      vertex 0.234314 -9.86568 2
      vertex -5.18159 -9.8075 2
    endloop
  endfacet
  facet normal 0 0 1
    outer loop
      vertex 0.234314 -9.86568 2
      vertex -5.23431 -9.86568 2
      vertex 0.292496 -9.9184 2
    endloop
  endfacet
  facet normal 0 0 1
    outer loop
      vertex -5.2925 -9.9184 2
      vertex 0.292496 -9.9184 2
      vertex -5.23431 -9.86568 2
    endloop
  endfacet
  facet normal 0 0 1
    outer loop
      vertex 0.292496 -9.9184 2
      vertex -5.2925 -9.9184 2
      vertex 0.355545 -9.96516 2
    endloop
  endfacet
  facet normal 0 0 1
    outer loop
      vertex -5.35555 -9.96516 2
      vertex 0.355545 -9.96516 2
      vertex -5.2925 -9.9184 2
    endloop
  endfacet
  facet normal 0 0 1
    outer loop
      vertex 0.355545 -9.96516 2
      vertex -5.35555 -9.96516 2
      vertex 0.422882 -10.0055 2
    endloop
  endfacet
  facet normal 0 0 1
    outer loop
      vertex -5.42288 -10.0055 2
      vertex 0.422882 -10.0055 2
      vertex -5.35555 -9.96516 2
    endloop
  endfacet
  facet normal 0 0 1
    outer loop
      vertex 0.422882 -10.0055 2
      vertex -5.42288 -10.0055 2
      vertex 0.493851 -10.0391 2
    endloop
  endfacet
  facet normal 0 0 1
    outer loop
      vertex -5.49385 -10.0391 2
      vertex 0.493851 -10.0391 2
      vertex -5.42288 -10.0055 2
    endloop
  endfacet
  facet normal 0 0 1
    outer loop
      vertex 0.493851 -10.0391 2
      vertex -5.49385 -10.0391 2
      vertex 0.56778 -10.0655 2
    endloop
  endfacet
  facet normal 0 0 1
    outer loop
      vertex -5.56778 -10.0655 2
      vertex 0.56778 -10.0655 2
      vertex -5.49385 -10.0391 2
    endloop
  endfacet
  facet normal 0 0 1
    outer loop
      vertex 0.56778 -10.0655 2
      vertex -5.56778 -10.0655 2
      vertex 0.643936 -10.0846 2
    endloop
  endfacet
  facet normal 0 0 1
    outer loop
      vertex -5.64394 -10.0846 2
      vertex 0.643936 -10.0846 2
      vertex -5.56778 -10.0655 2
    endloop
  endfacet
  facet normal 0 0 1
    outer loop
      vertex 0.643936 -10.0846 2
      vertex -5.64394 -10.0846 2
      vertex 0.721588 -10.0961 2
    endloop
  endfacet
  facet normal 0 0 1
    outer loop
      vertex -5.72159 -10.0961 2
      vertex 0.721588 -10.0961 2
      vertex -5.64394 -10.0846 2
    endloop
  endfacet
  facet normal 0 0 1
    outer loop
      vertex -5.8 -10.1 2
      vertex 0.721588 -10.0961 2
      vertex -5.72159 -10.0961 2
    endloop
  endfacet
  facet normal 0 0 1
    outer loop
      vertex 0.800003 -10.1 2
      vertex -5.8 -10.1 2
      vertex -33.1 -14.6 2
    endloop
  endfacet
  facet normal 0 0 1
    outer loop
      vertex -33.1 -14.6 2
      vertex -5.8 -10.1 2
      vertex -6.2 -10.1 2
    endloop
  endfacet
  facet normal 0 0 1
    outer loop
      vertex -33.1 -14.6 2
      vertex -6.2 -10.1 2
      vertex -6.27841 -10.0961 2
    endloop
  endfacet
  facet normal 0 0 1
    outer loop
      vertex -24.4307 7.68785 2
      vertex -7 9.29999 2
      vertex -24.4077 7.84317 2
    endloop
  endfacet
  facet normal -0 0 1
    outer loop
      vertex -24.4077 -8.15683 2
      vertex -7 -9.29999 2
      vertex -24.4 -8 2
    endloop
  endfacet
  facet normal -0 0 1
    outer loop
      vertex -24.4307 -8.31214 2
      vertex -7 -9.29999 2
      vertex -24.4077 -8.15683 2
    endloop
  endfacet
  facet normal 0 0 1
    outer loop
      vertex -7 -9.29999 2
      vertex -24.4307 -8.31214 2
      vertex -6.99614 -9.3784 2
    endloop
  endfacet
  facet normal -0 0 1
    outer loop
      vertex -24.4689 -8.46445 2
      vertex -6.99614 -9.3784 2
      vertex -24.4307 -8.31214 2
    endloop
  endfacet
  facet normal 0 0 1
    outer loop
      vertex -6.99614 -9.3784 2
      vertex -24.4689 -8.46445 2
      vertex -6.98462 -9.45605 2
    endloop
  endfacet
  facet normal -0 0 1
    outer loop
      vertex -24.5218 -8.61229 2
      vertex -6.98462 -9.45605 2
      vertex -24.4689 -8.46445 2
    endloop
  endfacet
  facet normal 0 0 1
    outer loop
      vertex -6.98462 -9.45605 2
      vertex -24.5218 -8.61229 2
      vertex -6.96555 -9.53221 2
    endloop
  endfacet
  facet normal 0 0 1
    outer loop
      vertex -6.96555 -9.53221 2
      vertex -24.5218 -8.61229 2
      vertex -6.9391 -9.60614 2
    endloop
  endfacet
  facet normal -0 0 1
    outer loop
      vertex -24.5889 -8.75423 2
      vertex -6.9391 -9.60614 2
      vertex -24.5218 -8.61229 2
    endloop
  endfacet
  facet normal 0 0 1
    outer loop
      vertex -6.9391 -9.60614 2
      vertex -24.5889 -8.75423 2
      vertex -6.90553 -9.67711 2
    endloop
  endfacet
  facet normal -0 0 1
    outer loop
      vertex -24.6696 -8.88891 2
      vertex -6.90553 -9.67711 2
      vertex -24.5889 -8.75423 2
    endloop
  endfacet
  facet normal 0 0 1
    outer loop
      vertex -6.90553 -9.67711 2
      vertex -24.6696 -8.88891 2
      vertex -6.86517 -9.74445 2
    endloop
  endfacet
  facet normal -0 0 1
    outer loop
      vertex -24.7632 -9.01503 2
      vertex -6.86517 -9.74445 2
      vertex -24.6696 -8.88891 2
    endloop
  endfacet
  facet normal 0 0 1
    outer loop
      vertex -6.86517 -9.74445 2
      vertex -24.7632 -9.01503 2
      vertex -6.81841 -9.8075 2
    endloop
  endfacet
  facet normal -0 0 1
    outer loop
      vertex -24.8686 -9.13137 2
      vertex -6.81841 -9.8075 2
      vertex -24.7632 -9.01503 2
    endloop
  endfacet
  facet normal 0 0 1
    outer loop
      vertex -6.81841 -9.8075 2
      vertex -24.8686 -9.13137 2
      vertex -6.76569 -9.86568 2
    endloop
  endfacet
  facet normal -0 0 1
    outer loop
      vertex -24.985 -9.23682 2
      vertex -6.76569 -9.86568 2
      vertex -24.8686 -9.13137 2
    endloop
  endfacet
  facet normal 0 0 1
    outer loop
      vertex -6.76569 -9.86568 2
      vertex -24.985 -9.23682 2
      vertex -6.7075 -9.9184 2
    endloop
  endfacet
  facet normal -0 0 1
    outer loop
      vertex -25.1111 -9.33035 2
      vertex -6.7075 -9.9184 2
      vertex -24.985 -9.23682 2
    endloop
  endfacet
  facet normal 0 0 1
    outer loop
      vertex -6.7075 -9.9184 2
      vertex -25.1111 -9.33035 2
      vertex -6.64445 -9.96516 2
    endloop
  endfacet
  facet normal -0 0 1
    outer loop
      vertex -25.2458 -9.41107 2
      vertex -6.64445 -9.96516 2
      vertex -25.1111 -9.33035 2
    endloop
  endfacet
  facet normal 0 0 1
    outer loop
      vertex -6.64445 -9.96516 2
      vertex -25.2458 -9.41107 2
      vertex -6.57712 -10.0055 2
    endloop
  endfacet
  facet normal -0 0 1
    outer loop
      vertex -25.3877 -9.47821 2
      vertex -6.57712 -10.0055 2
      vertex -25.2458 -9.41107 2
    endloop
  endfacet
  facet normal 0 0 1
    outer loop
      vertex -29.8333 -11.9978 2
      vertex -6.57712 -10.0055 2
      vertex -25.3877 -9.47821 2
    endloop
  endfacet
  facet normal 0 0 1
    outer loop
      vertex -6.57712 -10.0055 2
      vertex -29.8333 -11.9978 2
      vertex -6.50615 -10.0391 2
    endloop
  endfacet
  facet normal 0 0 1
    outer loop
      vertex -33.1 -14.6 2
      vertex -6.50615 -10.0391 2
      vertex -29.8333 -11.9978 2
    endloop
  endfacet
  facet normal 0 0 1
    outer loop
      vertex -6.50615 -10.0391 2
      vertex -33.1 -14.6 2
      vertex -6.43222 -10.0655 2
    endloop
  endfacet
  facet normal 0 0 1
    outer loop
      vertex -6.43222 -10.0655 2
      vertex -33.1 -14.6 2
      vertex -6.35606 -10.0846 2
    endloop
  endfacet
  facet normal 0 0 1
    outer loop
      vertex -29.7387 -11.9276 2
      vertex -25.3877 -9.47821 2
      vertex -25.5355 -9.5311 2
    endloop
  endfacet
  facet normal 0 0 1
    outer loop
      vertex -29.6515 -11.8485 2
      vertex -25.5355 -9.5311 2
      vertex -25.6879 -9.56926 2
    endloop
  endfacet
  facet normal 0 0 1
    outer loop
      vertex -29.5724 -11.7613 2
      vertex -25.6879 -9.56926 2
      vertex -25.8432 -9.59229 2
    endloop
  endfacet
  facet normal 0 0 1
    outer loop
      vertex -29.5022 -11.6667 2
      vertex -25.8432 -9.59229 2
      vertex -26 -9.6 2
    endloop
  endfacet
  facet normal 0 0 1
    outer loop
      vertex -29.4417 -11.5657 2
      vertex -26 -9.6 2
      vertex -26.1568 -9.59229 2
    endloop
  endfacet
  facet normal 0 0 1
    outer loop
      vertex -27.5923 -7.84317 2
      vertex -29.3 -11 2
      vertex -27.6 -8 2
    endloop
  endfacet
  facet normal 0 0 1
    outer loop
      vertex -27.6 -8 2
      vertex -29.3 -11 2
      vertex -27.5923 -8.15683 2
    endloop
  endfacet
  facet normal 0 0 1
    outer loop
      vertex -29.3 -11 2
      vertex -27.5693 -8.31214 2
      vertex -27.5923 -8.15683 2
    endloop
  endfacet
  facet normal 0 0 1
    outer loop
      vertex -29.3 -11 2
      vertex -27.5311 -8.46445 2
      vertex -27.5693 -8.31214 2
    endloop
  endfacet
  facet normal 0 0 1
    outer loop
      vertex -29.3 -11 2
      vertex -27.4782 -8.61229 2
      vertex -27.5311 -8.46445 2
    endloop
  endfacet
  facet normal 0 0 1
    outer loop
      vertex -29.3 -11 2
      vertex -27.4111 -8.75423 2
      vertex -27.4782 -8.61229 2
    endloop
  endfacet
  facet normal 0 0 1
    outer loop
      vertex -29.3 -11 2
      vertex -27.3304 -8.88891 2
      vertex -27.4111 -8.75423 2
    endloop
  endfacet
  facet normal 0 0 1
    outer loop
      vertex -29.3 -11 2
      vertex -27.2368 -9.01503 2
      vertex -27.3304 -8.88891 2
    endloop
  endfacet
  facet normal 0 0 1
    outer loop
      vertex -29.3 -11 2
      vertex -27.1314 -9.13137 2
      vertex -27.2368 -9.01503 2
    endloop
  endfacet
  facet normal 0 0 1
    outer loop
      vertex -29.3 -11 2
      vertex -27.015 -9.23682 2
      vertex -27.1314 -9.13137 2
    endloop
  endfacet
  facet normal 0 0 1
    outer loop
      vertex -29.3 -11 2
      vertex -26.8889 -9.33035 2
      vertex -27.015 -9.23682 2
    endloop
  endfacet
  facet normal 0 0 1
    outer loop
      vertex -29.3 -11 2
      vertex -26.7542 -9.41107 2
      vertex -26.8889 -9.33035 2
    endloop
  endfacet
  facet normal 0 0 1
    outer loop
      vertex -29.3 -11 2
      vertex -26.6123 -9.47821 2
      vertex -26.7542 -9.41107 2
    endloop
  endfacet
  facet normal 0 0 1
    outer loop
      vertex -29.3058 -11.1176 2
      vertex -26.6123 -9.47821 2
      vertex -29.3 -11 2
    endloop
  endfacet
  facet normal 0 0 1
    outer loop
      vertex -26.6123 -9.47821 2
      vertex -29.3058 -11.1176 2
      vertex -26.4645 -9.5311 2
    endloop
  endfacet
  facet normal 0 0 1
    outer loop
      vertex -29.3231 -11.2341 2
      vertex -26.4645 -9.5311 2
      vertex -29.3058 -11.1176 2
    endloop
  endfacet
  facet normal 0 0 1
    outer loop
      vertex -29.3517 -11.3483 2
      vertex -26.4645 -9.5311 2
      vertex -29.3231 -11.2341 2
    endloop
  endfacet
  facet normal 0 0 1
    outer loop
      vertex -26.4645 -9.5311 2
      vertex -29.3517 -11.3483 2
      vertex -26.3121 -9.56926 2
    endloop
  endfacet
  facet normal 0 0 1
    outer loop
      vertex -29.3913 -11.4592 2
      vertex -26.3121 -9.56926 2
      vertex -29.3517 -11.3483 2
    endloop
  endfacet
  facet normal 0 0 1
    outer loop
      vertex -26.3121 -9.56926 2
      vertex -29.3913 -11.4592 2
      vertex -26.1568 -9.59229 2
    endloop
  endfacet
  facet normal 0 0 1
    outer loop
      vertex -29.4417 -11.5657 2
      vertex -26.1568 -9.59229 2
      vertex -29.3913 -11.4592 2
    endloop
  endfacet
  facet normal 0 0 1
    outer loop
      vertex -26 -9.6 2
      vertex -29.4417 -11.5657 2
      vertex -29.5022 -11.6667 2
    endloop
  endfacet
  facet normal 0 0 1
    outer loop
      vertex -25.8432 -9.59229 2
      vertex -29.5022 -11.6667 2
      vertex -29.5724 -11.7613 2
    endloop
  endfacet
  facet normal 0 0 1
    outer loop
      vertex -25.6879 -9.56926 2
      vertex -29.5724 -11.7613 2
      vertex -29.6515 -11.8485 2
    endloop
  endfacet
  facet normal 0 0 1
    outer loop
      vertex -25.5355 -9.5311 2
      vertex -29.6515 -11.8485 2
      vertex -29.7387 -11.9276 2
    endloop
  endfacet
  facet normal 0 0 1
    outer loop
      vertex -25.3877 -9.47821 2
      vertex -29.7387 -11.9276 2
      vertex -29.8333 -11.9978 2
    endloop
  endfacet
  facet normal 0 0 1
    outer loop
      vertex -6.35606 -10.0846 2
      vertex -33.1 -14.6 2
      vertex -6.27841 -10.0961 2
    endloop
  endfacet
  facet normal 0 0 1
    outer loop
      vertex -33.1 -14.6 2
      vertex -29.8333 -11.9978 2
      vertex -29.9343 -12.0583 2
    endloop
  endfacet
  facet normal 0 0 1
    outer loop
      vertex -33.1 -14.6 2
      vertex -29.9343 -12.0583 2
      vertex -30.0408 -12.1087 2
    endloop
  endfacet
  facet normal 0 0 1
    outer loop
      vertex -33.1 -14.6 2
      vertex -30.0408 -12.1087 2
      vertex -30.1517 -12.1483 2
    endloop
  endfacet
  facet normal 0 0 1
    outer loop
      vertex -33.1 -14.6 2
      vertex -30.1517 -12.1483 2
      vertex -30.2659 -12.1769 2
    endloop
  endfacet
  facet normal 0 0 1
    outer loop
      vertex -33.1 -14.6 2
      vertex -30.2659 -12.1769 2
      vertex -30.3824 -12.1942 2
    endloop
  endfacet
  facet normal 0 0 1
    outer loop
      vertex -33.1 -14.6 2
      vertex -30.3824 -12.1942 2
      vertex -30.5 -12.2 2
    endloop
  endfacet
  facet normal 0 0 1
    outer loop
      vertex -31.6769 -10.7659 2
      vertex -34.6 -13.1 2
      vertex -31.6942 -10.8824 2
    endloop
  endfacet
  facet normal 0 0 1
    outer loop
      vertex 0.800003 -10.1 2
      vertex -33.1 -14.6 2
      vertex 33.1 -14.6 2
    endloop
  endfacet
  facet normal 0 0 1
    outer loop
      vertex -30.6176 -12.1942 2
      vertex -33.1 -14.6 2
      vertex -30.5 -12.2 2
    endloop
  endfacet
  facet normal 0 0 1
    outer loop
      vertex -30.7341 -12.1769 2
      vertex -33.1 -14.6 2
      vertex -30.6176 -12.1942 2
    endloop
  endfacet
  facet normal 0 0 1
    outer loop
      vertex -30.8483 -12.1483 2
      vertex -33.1 -14.6 2
      vertex -30.7341 -12.1769 2
    endloop
  endfacet
  facet normal 0 0 1
    outer loop
      vertex -30.9592 -12.1087 2
      vertex -33.1 -14.6 2
      vertex -30.8483 -12.1483 2
    endloop
  endfacet
  facet normal 0 0 1
    outer loop
      vertex -31.0657 -12.0583 2
      vertex -33.1 -14.6 2
      vertex -30.9592 -12.1087 2
    endloop
  endfacet
  facet normal 0 0 1
    outer loop
      vertex -31.1667 -11.9978 2
      vertex -33.1 -14.6 2
      vertex -31.0657 -12.0583 2
    endloop
  endfacet
  facet normal 0 0 1
    outer loop
      vertex -31.2613 -11.9276 2
      vertex -33.1 -14.6 2
      vertex -31.1667 -11.9978 2
    endloop
  endfacet
  facet normal 0 0 1
    outer loop
      vertex -31.3485 -11.8485 2
      vertex -33.1 -14.6 2
      vertex -31.2613 -11.9276 2
    endloop
  endfacet
  facet normal 0 0 1
    outer loop
      vertex -31.4276 -11.7613 2
      vertex -33.1 -14.6 2
      vertex -31.3485 -11.8485 2
    endloop
  endfacet
  facet normal 0 0 1
    outer loop
      vertex -34.6 -13.1 2
      vertex -31.4276 -11.7613 2
      vertex -31.4978 -11.6667 2
    endloop
  endfacet
  facet normal 0 0 1
    outer loop
      vertex -34.6 -13.1 2
      vertex -31.4978 -11.6667 2
      vertex -31.5583 -11.5657 2
    endloop
  endfacet
  facet normal 0 0 1
    outer loop
      vertex -34.6 -13.1 2
      vertex -31.5583 -11.5657 2
      vertex -31.6087 -11.4592 2
    endloop
  endfacet
  facet normal 0 0 1
    outer loop
      vertex -34.6 -13.1 2
      vertex -31.6087 -11.4592 2
      vertex -31.6483 -11.3483 2
    endloop
  endfacet
  facet normal 0 0 1
    outer loop
      vertex -34.6 -13.1 2
      vertex -31.6483 -11.3483 2
      vertex -31.6769 -11.2341 2
    endloop
  endfacet
  facet normal 0 0 1
    outer loop
      vertex -34.6 -13.1 2
      vertex -31.6769 -11.2341 2
      vertex -31.6942 -11.1176 2
    endloop
  endfacet
  facet normal 0 0 1
    outer loop
      vertex -31.6942 -10.8824 2
      vertex -34.6 -13.1 2
      vertex -31.7 -11 2
    endloop
  endfacet
  facet normal 0 0 1
    outer loop
      vertex -34.6 13.1 2
      vertex -33.1 14.6 2
      vertex -33.247 14.5928 2
    endloop
  endfacet
  facet normal 0 0 1
    outer loop
      vertex -31.7 -11 2
      vertex -34.6 -13.1 2
      vertex -31.6942 -11.1176 2
    endloop
  endfacet
  facet normal 0 0 1
    outer loop
      vertex -34.6 13.1 2
      vertex -33.247 14.5928 2
      vertex -33.3926 14.5712 2
    endloop
  endfacet
  facet normal 0 0 1
    outer loop
      vertex -31.4276 -11.7613 2
      vertex -34.6 -13.1 2
      vertex -33.1 -14.6 2
    endloop
  endfacet
  facet normal 0 0 1
    outer loop
      vertex -34.6 13.1 2
      vertex -33.3926 14.5712 2
      vertex -33.5354 14.5354 2
    endloop
  endfacet
  facet normal 0 0 1
    outer loop
      vertex -33.1 -14.6 2
      vertex -34.6 -13.1 2
      vertex -33.247 -14.5928 2
    endloop
  endfacet
  facet normal 0 0 1
    outer loop
      vertex -34.6 13.1 2
      vertex -33.5354 14.5354 2
      vertex -33.674 14.4858 2
    endloop
  endfacet
  facet normal 0 0 1
    outer loop
      vertex -33.247 -14.5928 2
      vertex -34.6 -13.1 2
      vertex -33.3926 -14.5712 2
    endloop
  endfacet
  facet normal 0 0 1
    outer loop
      vertex -34.6 13.1 2
      vertex -33.674 14.4858 2
      vertex -33.8071 14.4229 2
    endloop
  endfacet
  facet normal 0 0 1
    outer loop
      vertex -33.3926 -14.5712 2
      vertex -34.6 -13.1 2
      vertex -33.5354 -14.5354 2
    endloop
  endfacet
  facet normal 0 0 1
    outer loop
      vertex -34.6 13.1 2
      vertex -33.8071 14.4229 2
      vertex -33.9333 14.3472 2
    endloop
  endfacet
  facet normal 0 0 1
    outer loop
      vertex -33.5354 -14.5354 2
      vertex -34.6 -13.1 2
      vertex -33.674 -14.4858 2
    endloop
  endfacet
  facet normal 0 0 1
    outer loop
      vertex -34.6 13.1 2
      vertex -33.9333 14.3472 2
      vertex -34.0516 14.2595 2
    endloop
  endfacet
  facet normal 0 0 1
    outer loop
      vertex -33.674 -14.4858 2
      vertex -34.6 -13.1 2
      vertex -33.8071 -14.4229 2
    endloop
  endfacet
  facet normal 0 0 1
    outer loop
      vertex -34.6 13.1 2
      vertex -34.0516 14.2595 2
      vertex -34.1606 14.1606 2
    endloop
  endfacet
  facet normal 0 0 1
    outer loop
      vertex -33.8071 -14.4229 2
      vertex -34.6 -13.1 2
      vertex -33.9333 -14.3472 2
    endloop
  endfacet
  facet normal 0 0 1
    outer loop
      vertex -34.6 13.1 2
      vertex -34.1606 14.1606 2
      vertex -34.2595 14.0516 2
    endloop
  endfacet
  facet normal 0 0 1
    outer loop
      vertex -33.9333 -14.3472 2
      vertex -34.6 -13.1 2
      vertex -34.0516 -14.2595 2
    endloop
  endfacet
  facet normal 0 0 1
    outer loop
      vertex -34.6 13.1 2
      vertex -34.2595 14.0516 2
      vertex -34.3472 13.9333 2
    endloop
  endfacet
  facet normal 0 0 1
    outer loop
      vertex -34.0516 -14.2595 2
      vertex -34.6 -13.1 2
      vertex -34.1606 -14.1606 2
    endloop
  endfacet
  facet normal 0 0 1
    outer loop
      vertex -34.6 13.1 2
      vertex -34.3472 13.9333 2
      vertex -34.4229 13.8071 2
    endloop
  endfacet
  facet normal 0 0 1
    outer loop
      vertex -34.1606 -14.1606 2
      vertex -34.6 -13.1 2
      vertex -34.2595 -14.0516 2
    endloop
  endfacet
  facet normal 0 0 1
    outer loop
      vertex -34.6 13.1 2
      vertex -34.4229 13.8071 2
      vertex -34.4858 13.674 2
    endloop
  endfacet
  facet normal 0 0 1
    outer loop
      vertex -34.2595 -14.0516 2
      vertex -34.6 -13.1 2
      vertex -34.3472 -13.9333 2
    endloop
  endfacet
  facet normal 0 0 1
    outer loop
      vertex -34.6 13.1 2
      vertex -34.4858 13.674 2
      vertex -34.5354 13.5354 2
    endloop
  endfacet
  facet normal 0 0 1
    outer loop
      vertex -34.3472 -13.9333 2
      vertex -34.6 -13.1 2
      vertex -34.4229 -13.8071 2
    endloop
  endfacet
  facet normal 0 0 1
    outer loop
      vertex -34.6 13.1 2
      vertex -34.5354 13.5354 2
      vertex -34.5712 13.3926 2
    endloop
  endfacet
  facet normal 0 0 1
    outer loop
      vertex -34.4229 -13.8071 2
      vertex -34.6 -13.1 2
      vertex -34.4858 -13.674 2
    endloop
  endfacet
  facet normal 0 0 1
    outer loop
      vertex -34.6 13.1 2
      vertex -34.5712 13.3926 2
      vertex -34.5928 13.247 2
    endloop
  endfacet
  facet normal 0 0 1
    outer loop
      vertex -34.4858 -13.674 2
      vertex -34.6 -13.1 2
      vertex -34.5354 -13.5354 2
    endloop
  endfacet
  facet normal 0 0 1
    outer loop
      vertex -34.5354 -13.5354 2
      vertex -34.6 -13.1 2
      vertex -34.5712 -13.3926 2
    endloop
  endfacet
  facet normal 0 0 1
    outer loop
      vertex -34.5712 -13.3926 2
      vertex -34.6 -13.1 2
      vertex -34.5928 -13.247 2
    endloop
  endfacet
  facet normal 0.969982 -0.243175 0
    outer loop
      vertex -34.5712 13.3926 9.5
      vertex -34.5354 13.5354 2
      vertex -34.5354 13.5354 9.5
    endloop
  endfacet
  facet normal 0.969982 -0.243175 0
    outer loop
      vertex -34.5354 13.5354 2
      vertex -34.5712 13.3926 9.5
      vertex -34.5712 13.3926 2
    endloop
  endfacet
  facet normal 0.941527 0.336939 0
    outer loop
      vertex -34.4858 -13.674 9.5
      vertex -34.5354 -13.5354 2
      vertex -34.5354 -13.5354 9.5
    endloop
  endfacet
  facet normal 0.941527 0.336939 0
    outer loop
      vertex -34.5354 -13.5354 2
      vertex -34.4858 -13.674 9.5
      vertex -34.4858 -13.674 2
    endloop
  endfacet
  facet normal 0.427269 -0.904125 0
    outer loop
      vertex -33.8071 14.4229 2
      vertex -33.674 14.4858 9.5
      vertex -33.8071 14.4229 9.5
    endloop
  endfacet
  facet normal 0.427269 -0.904125 0
    outer loop
      vertex -33.674 14.4858 9.5
      vertex -33.8071 14.4229 2
      vertex -33.674 14.4858 2
    endloop
  endfacet
  facet normal 0.969982 0.243175 0
    outer loop
      vertex -34.5354 -13.5354 9.5
      vertex -34.5712 -13.3926 2
      vertex -34.5712 -13.3926 9.5
    endloop
  endfacet
  facet normal 0.969982 0.243175 0
    outer loop
      vertex -34.5712 -13.3926 2
      vertex -34.5354 -13.5354 9.5
      vertex -34.5354 -13.5354 2
    endloop
  endfacet
  facet normal 0.243175 0.969982 -0
    outer loop
      vertex -33.3926 -14.5712 2
      vertex -33.5354 -14.5354 9.5
      vertex -33.3926 -14.5712 9.5
    endloop
  endfacet
  facet normal 0.243175 0.969982 0
    outer loop
      vertex -33.5354 -14.5354 9.5
      vertex -33.3926 -14.5712 2
      vertex -33.5354 -14.5354 2
    endloop
  endfacet
  facet normal -0.803329 -0.595536 0
    outer loop
      vertex 34.3472 13.9333 2
      vertex 34.2595 14.0516 9.5
      vertex 34.2595 14.0516 2
    endloop
  endfacet
  facet normal -0.803329 -0.595536 0
    outer loop
      vertex 34.2595 14.0516 9.5
      vertex 34.3472 13.9333 2
      vertex 34.3472 13.9333 9.5
    endloop
  endfacet
  facet normal -0.857553 0.514396 0
    outer loop
      vertex 34.3472 -13.9333 2
      vertex 34.4229 -13.8071 9.5
      vertex 34.4229 -13.8071 2
    endloop
  endfacet
  facet normal -0.857553 0.514396 0
    outer loop
      vertex 34.4229 -13.8071 9.5
      vertex 34.3472 -13.9333 2
      vertex 34.3472 -13.9333 9.5
    endloop
  endfacet
  facet normal 0.998803 -0.0489209 0
    outer loop
      vertex -34.6 13.1 9.5
      vertex -34.5928 13.247 2
      vertex -34.5928 13.247 9.5
    endloop
  endfacet
  facet normal 0.998803 -0.0489209 0
    outer loop
      vertex -34.5928 13.247 2
      vertex -34.6 13.1 9.5
      vertex -34.6 13.1 2
    endloop
  endfacet
  facet normal 0.904125 -0.427269 0
    outer loop
      vertex -34.4858 13.674 9.5
      vertex -34.4229 13.8071 2
      vertex -34.4229 13.8071 9.5
    endloop
  endfacet
  facet normal 0.904125 -0.427269 0
    outer loop
      vertex -34.4229 13.8071 2
      vertex -34.4858 13.674 9.5
      vertex -34.4858 13.674 2
    endloop
  endfacet
  facet normal -0.857553 -0.514396 0
    outer loop
      vertex 34.4229 13.8071 2
      vertex 34.3472 13.9333 9.5
      vertex 34.3472 13.9333 2
    endloop
  endfacet
  facet normal -0.857553 -0.514396 0
    outer loop
      vertex 34.3472 13.9333 9.5
      vertex 34.4229 13.8071 2
      vertex 34.4229 13.8071 9.5
    endloop
  endfacet
  facet normal -0.146746 0.989174 0
    outer loop
      vertex 33.3926 -14.5712 2
      vertex 33.247 -14.5928 9.5
      vertex 33.3926 -14.5712 9.5
    endloop
  endfacet
  facet normal -0.146746 0.989174 0
    outer loop
      vertex 33.247 -14.5928 9.5
      vertex 33.3926 -14.5712 2
      vertex 33.247 -14.5928 2
    endloop
  endfacet
  facet normal 0.671962 -0.740585 0
    outer loop
      vertex -34.1606 14.1606 2
      vertex -34.0516 14.2595 9.5
      vertex -34.1606 14.1606 9.5
    endloop
  endfacet
  facet normal 0.671962 -0.740585 0
    outer loop
      vertex -34.0516 14.2595 9.5
      vertex -34.1606 14.1606 2
      vertex -34.0516 14.2595 2
    endloop
  endfacet
  facet normal 0.243175 -0.969982 0
    outer loop
      vertex -33.5354 14.5354 2
      vertex -33.3926 14.5712 9.5
      vertex -33.5354 14.5354 9.5
    endloop
  endfacet
  facet normal 0.243175 -0.969982 0
    outer loop
      vertex -33.3926 14.5712 9.5
      vertex -33.5354 14.5354 2
      vertex -33.3926 14.5712 2
    endloop
  endfacet
  facet normal -0.941527 0.336939 0
    outer loop
      vertex 34.4858 -13.674 2
      vertex 34.5354 -13.5354 9.5
      vertex 34.5354 -13.5354 2
    endloop
  endfacet
  facet normal -0.941527 0.336939 0
    outer loop
      vertex 34.5354 -13.5354 9.5
      vertex 34.4858 -13.674 2
      vertex 34.4858 -13.674 9.5
    endloop
  endfacet
  facet normal 0.427269 0.904125 -0
    outer loop
      vertex -33.674 -14.4858 2
      vertex -33.8071 -14.4229 9.5
      vertex -33.674 -14.4858 9.5
    endloop
  endfacet
  facet normal 0.427269 0.904125 0
    outer loop
      vertex -33.8071 -14.4229 9.5
      vertex -33.674 -14.4858 2
      vertex -33.8071 -14.4229 2
    endloop
  endfacet
  facet normal -0.336939 -0.941527 0
    outer loop
      vertex 33.5354 14.5354 2
      vertex 33.674 14.4858 9.5
      vertex 33.5354 14.5354 9.5
    endloop
  endfacet
  facet normal -0.336939 -0.941527 -0
    outer loop
      vertex 33.674 14.4858 9.5
      vertex 33.5354 14.5354 2
      vertex 33.674 14.4858 2
    endloop
  endfacet
  facet normal -0.243175 -0.969982 0
    outer loop
      vertex 33.3926 14.5712 2
      vertex 33.5354 14.5354 9.5
      vertex 33.3926 14.5712 9.5
    endloop
  endfacet
  facet normal -0.243175 -0.969982 -0
    outer loop
      vertex 33.5354 14.5354 9.5
      vertex 33.3926 14.5712 2
      vertex 33.5354 14.5354 2
    endloop
  endfacet
  facet normal 0.740585 -0.671962 0
    outer loop
      vertex -34.2595 14.0516 9.5
      vertex -34.1606 14.1606 2
      vertex -34.1606 14.1606 9.5
    endloop
  endfacet
  facet normal 0.740585 -0.671962 0
    outer loop
      vertex -34.1606 14.1606 2
      vertex -34.2595 14.0516 9.5
      vertex -34.2595 14.0516 2
    endloop
  endfacet
  facet normal -0.671962 -0.740585 0
    outer loop
      vertex 34.0516 14.2595 2
      vertex 34.1606 14.1606 9.5
      vertex 34.0516 14.2595 9.5
    endloop
  endfacet
  facet normal -0.671962 -0.740585 -0
    outer loop
      vertex 34.1606 14.1606 9.5
      vertex 34.0516 14.2595 2
      vertex 34.1606 14.1606 2
    endloop
  endfacet
  facet normal 0.857553 0.514396 0
    outer loop
      vertex -34.3472 -13.9333 9.5
      vertex -34.4229 -13.8071 2
      vertex -34.4229 -13.8071 9.5
    endloop
  endfacet
  facet normal 0.857553 0.514396 0
    outer loop
      vertex -34.4229 -13.8071 2
      vertex -34.3472 -13.9333 9.5
      vertex -34.3472 -13.9333 2
    endloop
  endfacet
  facet normal 0.514396 -0.857553 0
    outer loop
      vertex -33.9333 14.3472 2
      vertex -33.8071 14.4229 9.5
      vertex -33.9333 14.3472 9.5
    endloop
  endfacet
  facet normal 0.514396 -0.857553 0
    outer loop
      vertex -33.8071 14.4229 9.5
      vertex -33.9333 14.3472 2
      vertex -33.8071 14.4229 2
    endloop
  endfacet
  facet normal 0.904125 0.427269 0
    outer loop
      vertex -34.4229 -13.8071 9.5
      vertex -34.4858 -13.674 2
      vertex -34.4858 -13.674 9.5
    endloop
  endfacet
  facet normal 0.904125 0.427269 0
    outer loop
      vertex -34.4858 -13.674 2
      vertex -34.4229 -13.8071 9.5
      vertex -34.4229 -13.8071 2
    endloop
  endfacet
  facet normal -0.514396 0.857553 0
    outer loop
      vertex 33.9333 -14.3472 2
      vertex 33.8071 -14.4229 9.5
      vertex 33.9333 -14.3472 9.5
    endloop
  endfacet
  facet normal -0.514396 0.857553 0
    outer loop
      vertex 33.8071 -14.4229 9.5
      vertex 33.9333 -14.3472 2
      vertex 33.8071 -14.4229 2
    endloop
  endfacet
  facet normal -0.998803 0.0489209 0
    outer loop
      vertex 34.5928 -13.247 2
      vertex 34.6 -13.1 9.5
      vertex 34.6 -13.1 2
    endloop
  endfacet
  facet normal -0.998803 0.0489209 0
    outer loop
      vertex 34.6 -13.1 9.5
      vertex 34.5928 -13.247 2
      vertex 34.5928 -13.247 9.5
    endloop
  endfacet
  facet normal 0.941527 -0.336939 0
    outer loop
      vertex -34.5354 13.5354 9.5
      vertex -34.4858 13.674 2
      vertex -34.4858 13.674 9.5
    endloop
  endfacet
  facet normal 0.941527 -0.336939 0
    outer loop
      vertex -34.4858 13.674 2
      vertex -34.5354 13.5354 9.5
      vertex -34.5354 13.5354 2
    endloop
  endfacet
  facet normal -0.969982 0.243175 0
    outer loop
      vertex 34.5354 -13.5354 2
      vertex 34.5712 -13.3926 9.5
      vertex 34.5712 -13.3926 2
    endloop
  endfacet
  facet normal -0.969982 0.243175 0
    outer loop
      vertex 34.5712 -13.3926 9.5
      vertex 34.5354 -13.5354 2
      vertex 34.5354 -13.5354 9.5
    endloop
  endfacet
  facet normal -0.740585 0.671962 0
    outer loop
      vertex 34.1606 -14.1606 2
      vertex 34.2595 -14.0516 9.5
      vertex 34.2595 -14.0516 2
    endloop
  endfacet
  facet normal -0.740585 0.671962 0
    outer loop
      vertex 34.2595 -14.0516 9.5
      vertex 34.1606 -14.1606 2
      vertex 34.1606 -14.1606 9.5
    endloop
  endfacet
  facet normal -0.904125 -0.427269 0
    outer loop
      vertex 34.4858 13.674 2
      vertex 34.4229 13.8071 9.5
      vertex 34.4229 13.8071 2
    endloop
  endfacet
  facet normal -0.904125 -0.427269 0
    outer loop
      vertex 34.4229 13.8071 9.5
      vertex 34.4858 13.674 2
      vertex 34.4858 13.674 9.5
    endloop
  endfacet
  facet normal -0.989174 0.146746 0
    outer loop
      vertex 34.5712 -13.3926 2
      vertex 34.5928 -13.247 9.5
      vertex 34.5928 -13.247 2
    endloop
  endfacet
  facet normal -0.989174 0.146746 0
    outer loop
      vertex 34.5928 -13.247 9.5
      vertex 34.5712 -13.3926 2
      vertex 34.5712 -13.3926 9.5
    endloop
  endfacet
  facet normal -0.514396 -0.857553 0
    outer loop
      vertex 33.8071 14.4229 2
      vertex 33.9333 14.3472 9.5
      vertex 33.8071 14.4229 9.5
    endloop
  endfacet
  facet normal -0.514396 -0.857553 -0
    outer loop
      vertex 33.9333 14.3472 9.5
      vertex 33.8071 14.4229 2
      vertex 33.9333 14.3472 2
    endloop
  endfacet
  facet normal -0.595536 -0.803329 0
    outer loop
      vertex 33.9333 14.3472 2
      vertex 34.0516 14.2595 9.5
      vertex 33.9333 14.3472 9.5
    endloop
  endfacet
  facet normal -0.595536 -0.803329 -0
    outer loop
      vertex 34.0516 14.2595 9.5
      vertex 33.9333 14.3472 2
      vertex 34.0516 14.2595 2
    endloop
  endfacet
  facet normal -0.904125 0.427269 0
    outer loop
      vertex 34.4229 -13.8071 2
      vertex 34.4858 -13.674 9.5
      vertex 34.4858 -13.674 2
    endloop
  endfacet
  facet normal -0.904125 0.427269 0
    outer loop
      vertex 34.4858 -13.674 9.5
      vertex 34.4229 -13.8071 2
      vertex 34.4229 -13.8071 9.5
    endloop
  endfacet
  facet normal -0.0493276 -0.998783 0
    outer loop
      vertex 33.3 15.8 9.5
      vertex 33.545 15.7879 11
      vertex 33.3 15.8 11
    endloop
  endfacet
  facet normal -0.0493276 -0.998783 -0
    outer loop
      vertex 33.545 15.7879 11
      vertex 33.3 15.8 9.5
      vertex 33.545 15.7879 9.5
    endloop
  endfacet
  facet normal -0.243303 -0.96995 0
    outer loop
      vertex 33.7877 15.752 9.5
      vertex 34.0257 15.6923 11
      vertex 33.7877 15.752 11
    endloop
  endfacet
  facet normal -0.243303 -0.96995 -0
    outer loop
      vertex 34.0257 15.6923 11
      vertex 33.7877 15.752 9.5
      vertex 34.0257 15.6923 9.5
    endloop
  endfacet
  facet normal 0 -1 0
    outer loop
      vertex -33.3 15.8 9.5
      vertex 33.3 15.8 11
      vertex -33.3 15.8 11
    endloop
  endfacet
  facet normal 0 -1 -0
    outer loop
      vertex 33.3 15.8 11
      vertex -33.3 15.8 9.5
      vertex 33.3 15.8 9.5
    endloop
  endfacet
  facet normal -0.146327 -0.989236 0
    outer loop
      vertex 33.545 15.7879 9.5
      vertex 33.7877 15.752 11
      vertex 33.545 15.7879 11
    endloop
  endfacet
  facet normal -0.146327 -0.989236 -0
    outer loop
      vertex 33.7877 15.752 11
      vertex 33.545 15.7879 9.5
      vertex 33.7877 15.752 9.5
    endloop
  endfacet
  facet normal 0.0493276 -0.998783 0
    outer loop
      vertex -33.545 15.7879 9.5
      vertex -33.3 15.8 11
      vertex -33.545 15.7879 11
    endloop
  endfacet
  facet normal 0.0493276 -0.998783 0
    outer loop
      vertex -33.3 15.8 11
      vertex -33.545 15.7879 9.5
      vertex -33.3 15.8 9.5
    endloop
  endfacet
  facet normal 0 0 1
    outer loop
      vertex 34.5928 13.247 9.5
      vertex 35.8 13.3 9.5
      vertex 35.7879 13.545 9.5
    endloop
  endfacet
  facet normal 0 0 1
    outer loop
      vertex 35.8 13.3 9.5
      vertex 34.6 13.1 9.5
      vertex 35.8 -13.3 9.5
    endloop
  endfacet
  facet normal 0 0 1
    outer loop
      vertex 34.5712 13.3926 9.5
      vertex 35.7879 13.545 9.5
      vertex 35.752 13.7877 9.5
    endloop
  endfacet
  facet normal -0 0 1
    outer loop
      vertex 34.6 -13.1 9.5
      vertex 35.8 -13.3 9.5
      vertex 34.6 13.1 9.5
    endloop
  endfacet
  facet normal 0 0 1
    outer loop
      vertex 34.5354 13.5354 9.5
      vertex 35.752 13.7877 9.5
      vertex 35.6923 14.0257 9.5
    endloop
  endfacet
  facet normal -0 0 1
    outer loop
      vertex 34.5928 -13.247 9.5
      vertex 35.8 -13.3 9.5
      vertex 34.6 -13.1 9.5
    endloop
  endfacet
  facet normal 0 0 1
    outer loop
      vertex 34.4858 13.674 9.5
      vertex 35.6923 14.0257 9.5
      vertex 35.6097 14.2567 9.5
    endloop
  endfacet
  facet normal 0 0 1
    outer loop
      vertex 35.8 -13.3 9.5
      vertex 34.5928 -13.247 9.5
      vertex 35.7879 -13.545 9.5
    endloop
  endfacet
  facet normal 0 0 1
    outer loop
      vertex 34.4229 13.8071 9.5
      vertex 35.6097 14.2567 9.5
      vertex 35.5048 14.4785 9.5
    endloop
  endfacet
  facet normal -0 0 1
    outer loop
      vertex 34.5712 -13.3926 9.5
      vertex 35.7879 -13.545 9.5
      vertex 34.5928 -13.247 9.5
    endloop
  endfacet
  facet normal 0 0 1
    outer loop
      vertex 34.3472 13.9333 9.5
      vertex 35.5048 14.4785 9.5
      vertex 35.3787 14.6889 9.5
    endloop
  endfacet
  facet normal 0 0 1
    outer loop
      vertex 35.7879 -13.545 9.5
      vertex 34.5712 -13.3926 9.5
      vertex 35.752 -13.7877 9.5
    endloop
  endfacet
  facet normal 0 0 1
    outer loop
      vertex 34.2595 14.0516 9.5
      vertex 35.3787 14.6889 9.5
      vertex 35.2325 14.886 9.5
    endloop
  endfacet
  facet normal -0 0 1
    outer loop
      vertex 34.5354 -13.5354 9.5
      vertex 35.752 -13.7877 9.5
      vertex 34.5712 -13.3926 9.5
    endloop
  endfacet
  facet normal 0 0 1
    outer loop
      vertex 34.1606 14.1606 9.5
      vertex 35.2325 14.886 9.5
      vertex 35.0677 15.0677 9.5
    endloop
  endfacet
  facet normal 0 0 1
    outer loop
      vertex 35.752 -13.7877 9.5
      vertex 34.5354 -13.5354 9.5
      vertex 35.6923 -14.0257 9.5
    endloop
  endfacet
  facet normal 0 0 1
    outer loop
      vertex 34.1606 14.1606 9.5
      vertex 35.0677 15.0677 9.5
      vertex 34.886 15.2325 9.5
    endloop
  endfacet
  facet normal -0 0 1
    outer loop
      vertex 34.4858 -13.674 9.5
      vertex 35.6923 -14.0257 9.5
      vertex 34.5354 -13.5354 9.5
    endloop
  endfacet
  facet normal 0 0 1
    outer loop
      vertex 34.0516 14.2595 9.5
      vertex 34.886 15.2325 9.5
      vertex 34.6889 15.3787 9.5
    endloop
  endfacet
  facet normal 0 0 1
    outer loop
      vertex 35.6923 -14.0257 9.5
      vertex 34.4858 -13.674 9.5
      vertex 35.6097 -14.2567 9.5
    endloop
  endfacet
  facet normal -0 0 1
    outer loop
      vertex 34.4229 -13.8071 9.5
      vertex 35.6097 -14.2567 9.5
      vertex 34.4858 -13.674 9.5
    endloop
  endfacet
  facet normal 0 0 1
    outer loop
      vertex 35.8 13.3 9.5
      vertex 34.5928 13.247 9.5
      vertex 34.6 13.1 9.5
    endloop
  endfacet
  facet normal 0 0 1
    outer loop
      vertex 35.7879 13.545 9.5
      vertex 34.5712 13.3926 9.5
      vertex 34.5928 13.247 9.5
    endloop
  endfacet
  facet normal 0 0 1
    outer loop
      vertex 35.752 13.7877 9.5
      vertex 34.5354 13.5354 9.5
      vertex 34.5712 13.3926 9.5
    endloop
  endfacet
  facet normal 0 0 1
    outer loop
      vertex 35.6923 14.0257 9.5
      vertex 34.4858 13.674 9.5
      vertex 34.5354 13.5354 9.5
    endloop
  endfacet
  facet normal 0 0 1
    outer loop
      vertex 33.9333 14.3472 9.5
      vertex 34.6889 15.3787 9.5
      vertex 34.4785 15.5048 9.5
    endloop
  endfacet
  facet normal 0 0 1
    outer loop
      vertex 35.6097 14.2567 9.5
      vertex 34.4229 13.8071 9.5
      vertex 34.4858 13.674 9.5
    endloop
  endfacet
  facet normal 0 0 1
    outer loop
      vertex 35.5048 14.4785 9.5
      vertex 34.3472 13.9333 9.5
      vertex 34.4229 13.8071 9.5
    endloop
  endfacet
  facet normal 0 0 1
    outer loop
      vertex 35.3787 14.6889 9.5
      vertex 34.2595 14.0516 9.5
      vertex 34.3472 13.9333 9.5
    endloop
  endfacet
  facet normal 0 0 1
    outer loop
      vertex 33.8071 14.4229 9.5
      vertex 34.4785 15.5048 9.5
      vertex 34.2567 15.6097 9.5
    endloop
  endfacet
  facet normal 0 0 1
    outer loop
      vertex 35.2325 14.886 9.5
      vertex 34.1606 14.1606 9.5
      vertex 34.2595 14.0516 9.5
    endloop
  endfacet
  facet normal 0 0 1
    outer loop
      vertex 34.886 15.2325 9.5
      vertex 34.0516 14.2595 9.5
      vertex 34.1606 14.1606 9.5
    endloop
  endfacet
  facet normal 0 0 1
    outer loop
      vertex 33.674 14.4858 9.5
      vertex 34.2567 15.6097 9.5
      vertex 34.0257 15.6923 9.5
    endloop
  endfacet
  facet normal 0 0 1
    outer loop
      vertex 34.6889 15.3787 9.5
      vertex 33.9333 14.3472 9.5
      vertex 34.0516 14.2595 9.5
    endloop
  endfacet
  facet normal 0 0 1
    outer loop
      vertex 34.4785 15.5048 9.5
      vertex 33.8071 14.4229 9.5
      vertex 33.9333 14.3472 9.5
    endloop
  endfacet
  facet normal 0 0 1
    outer loop
      vertex 33.5354 14.5354 9.5
      vertex 34.0257 15.6923 9.5
      vertex 33.7877 15.752 9.5
    endloop
  endfacet
  facet normal 0 0 1
    outer loop
      vertex 34.2567 15.6097 9.5
      vertex 33.674 14.4858 9.5
      vertex 33.8071 14.4229 9.5
    endloop
  endfacet
  facet normal 0 0 1
    outer loop
      vertex 33.3926 14.5712 9.5
      vertex 33.7877 15.752 9.5
      vertex 33.545 15.7879 9.5
    endloop
  endfacet
  facet normal 0 0 1
    outer loop
      vertex 34.0257 15.6923 9.5
      vertex 33.5354 14.5354 9.5
      vertex 33.674 14.4858 9.5
    endloop
  endfacet
  facet normal 0 0 1
    outer loop
      vertex 33.7877 15.752 9.5
      vertex 33.3926 14.5712 9.5
      vertex 33.5354 14.5354 9.5
    endloop
  endfacet
  facet normal 0 0 1
    outer loop
      vertex 33.247 14.5928 9.5
      vertex 33.545 15.7879 9.5
      vertex 33.3 15.8 9.5
    endloop
  endfacet
  facet normal 0 0 1
    outer loop
      vertex 33.545 15.7879 9.5
      vertex 33.247 14.5928 9.5
      vertex 33.3926 14.5712 9.5
    endloop
  endfacet
  facet normal 0 0 1
    outer loop
      vertex 33.3 15.8 9.5
      vertex 33.1 14.6 9.5
      vertex 33.247 14.5928 9.5
    endloop
  endfacet
  facet normal 0 0 1
    outer loop
      vertex 33.3 15.8 9.5
      vertex -33.1 14.6 9.5
      vertex 33.1 14.6 9.5
    endloop
  endfacet
  facet normal -0 0 1
    outer loop
      vertex -33.3 15.8 9.5
      vertex -33.1 14.6 9.5
      vertex 33.3 15.8 9.5
    endloop
  endfacet
  facet normal 0 0 1
    outer loop
      vertex -33.3 15.8 9.5
      vertex -33.247 14.5928 9.5
      vertex -33.1 14.6 9.5
    endloop
  endfacet
  facet normal -0 0 1
    outer loop
      vertex -33.545 15.7879 9.5
      vertex -33.247 14.5928 9.5
      vertex -33.3 15.8 9.5
    endloop
  endfacet
  facet normal 0 0 1
    outer loop
      vertex -33.247 14.5928 9.5
      vertex -33.545 15.7879 9.5
      vertex -33.3926 14.5712 9.5
    endloop
  endfacet
  facet normal -0 0 1
    outer loop
      vertex -33.7877 15.752 9.5
      vertex -33.3926 14.5712 9.5
      vertex -33.545 15.7879 9.5
    endloop
  endfacet
  facet normal 0 0 1
    outer loop
      vertex -33.3926 14.5712 9.5
      vertex -33.7877 15.752 9.5
      vertex -33.5354 14.5354 9.5
    endloop
  endfacet
  facet normal -0 0 1
    outer loop
      vertex -34.0257 15.6923 9.5
      vertex -33.5354 14.5354 9.5
      vertex -33.7877 15.752 9.5
    endloop
  endfacet
  facet normal 0 0 1
    outer loop
      vertex -33.5354 14.5354 9.5
      vertex -34.0257 15.6923 9.5
      vertex -33.674 14.4858 9.5
    endloop
  endfacet
  facet normal -0 0 1
    outer loop
      vertex -34.2567 15.6097 9.5
      vertex -33.674 14.4858 9.5
      vertex -34.0257 15.6923 9.5
    endloop
  endfacet
  facet normal 0 0 1
    outer loop
      vertex -33.674 14.4858 9.5
      vertex -34.2567 15.6097 9.5
      vertex -33.8071 14.4229 9.5
    endloop
  endfacet
  facet normal -0 0 1
    outer loop
      vertex -34.4785 15.5048 9.5
      vertex -33.8071 14.4229 9.5
      vertex -34.2567 15.6097 9.5
    endloop
  endfacet
  facet normal 0 0 1
    outer loop
      vertex -33.8071 14.4229 9.5
      vertex -34.4785 15.5048 9.5
      vertex -33.9333 14.3472 9.5
    endloop
  endfacet
  facet normal -0 0 1
    outer loop
      vertex -34.6889 15.3787 9.5
      vertex -33.9333 14.3472 9.5
      vertex -34.4785 15.5048 9.5
    endloop
  endfacet
  facet normal 0 0 1
    outer loop
      vertex -33.9333 14.3472 9.5
      vertex -34.6889 15.3787 9.5
      vertex -34.0516 14.2595 9.5
    endloop
  endfacet
  facet normal -0 0 1
    outer loop
      vertex -34.886 15.2325 9.5
      vertex -34.0516 14.2595 9.5
      vertex -34.6889 15.3787 9.5
    endloop
  endfacet
  facet normal 0 0 1
    outer loop
      vertex -34.0516 14.2595 9.5
      vertex -34.886 15.2325 9.5
      vertex -34.1606 14.1606 9.5
    endloop
  endfacet
  facet normal -0 0 1
    outer loop
      vertex -35.0677 15.0677 9.5
      vertex -34.1606 14.1606 9.5
      vertex -34.886 15.2325 9.5
    endloop
  endfacet
  facet normal -0 0 1
    outer loop
      vertex -35.2325 14.886 9.5
      vertex -34.1606 14.1606 9.5
      vertex -35.0677 15.0677 9.5
    endloop
  endfacet
  facet normal 0 0 1
    outer loop
      vertex -34.1606 14.1606 9.5
      vertex -35.2325 14.886 9.5
      vertex -34.2595 14.0516 9.5
    endloop
  endfacet
  facet normal -0 0 1
    outer loop
      vertex -35.3787 14.6889 9.5
      vertex -34.2595 14.0516 9.5
      vertex -35.2325 14.886 9.5
    endloop
  endfacet
  facet normal 0 0 1
    outer loop
      vertex -34.2595 14.0516 9.5
      vertex -35.3787 14.6889 9.5
      vertex -34.3472 13.9333 9.5
    endloop
  endfacet
  facet normal 0 0 0
    outer loop
      vertex -34.6 13.1 9.5
      vertex -34.6 6.5 9.5
      vertex -34.6 -13.1 9.5
    endloop
  endfacet
  facet normal -0 0 1
    outer loop
      vertex -35.5048 14.4785 9.5
      vertex -34.3472 13.9333 9.5
      vertex -35.3787 14.6889 9.5
    endloop
  endfacet
  facet normal 0 0 1
    outer loop
      vertex -34.3472 13.9333 9.5
      vertex -35.5048 14.4785 9.5
      vertex -34.4229 13.8071 9.5
    endloop
  endfacet
  facet normal -0 0 1
    outer loop
      vertex -35.6097 14.2567 9.5
      vertex -34.4229 13.8071 9.5
      vertex -35.5048 14.4785 9.5
    endloop
  endfacet
  facet normal 0 0 1
    outer loop
      vertex -34.4229 13.8071 9.5
      vertex -35.6097 14.2567 9.5
      vertex -34.4858 13.674 9.5
    endloop
  endfacet
  facet normal -0 0 1
    outer loop
      vertex -35.6923 14.0257 9.5
      vertex -34.4858 13.674 9.5
      vertex -35.6097 14.2567 9.5
    endloop
  endfacet
  facet normal 0 0 1
    outer loop
      vertex -34.4858 13.674 9.5
      vertex -35.6923 14.0257 9.5
      vertex -34.5354 13.5354 9.5
    endloop
  endfacet
  facet normal -0 0 1
    outer loop
      vertex -35.752 13.7877 9.5
      vertex -34.5354 13.5354 9.5
      vertex -35.6923 14.0257 9.5
    endloop
  endfacet
  facet normal 0 0 1
    outer loop
      vertex -34.5354 13.5354 9.5
      vertex -35.752 13.7877 9.5
      vertex -34.5712 13.3926 9.5
    endloop
  endfacet
  facet normal -0 0 1
    outer loop
      vertex -35.7879 13.545 9.5
      vertex -34.5712 13.3926 9.5
      vertex -35.752 13.7877 9.5
    endloop
  endfacet
  facet normal 0 0 1
    outer loop
      vertex -34.5712 13.3926 9.5
      vertex -35.7879 13.545 9.5
      vertex -34.5928 13.247 9.5
    endloop
  endfacet
  facet normal -0 0 1
    outer loop
      vertex -35.8 13.3 9.5
      vertex -34.5928 13.247 9.5
      vertex -35.7879 13.545 9.5
    endloop
  endfacet
  facet normal 0 0 1
    outer loop
      vertex -34.5928 13.247 9.5
      vertex -35.8 13.3 9.5
      vertex -34.6 13.1 9.5
    endloop
  endfacet
  facet normal 0 0 1
    outer loop
      vertex -35.8 6.5 9.5
      vertex -34.6 13.1 9.5
      vertex -35.8 13.3 9.5
    endloop
  endfacet
  facet normal 0 0 1
    outer loop
      vertex -34.6 13.1 9.5
      vertex -35.8 6.5 9.5
      vertex -34.6 6.5 9.5
    endloop
  endfacet
  facet normal 0 0 1
    outer loop
      vertex 35.6097 -14.2567 9.5
      vertex 34.4229 -13.8071 9.5
      vertex 35.5048 -14.4785 9.5
    endloop
  endfacet
  facet normal -0 0 1
    outer loop
      vertex 34.3472 -13.9333 9.5
      vertex 35.5048 -14.4785 9.5
      vertex 34.4229 -13.8071 9.5
    endloop
  endfacet
  facet normal 0 0 1
    outer loop
      vertex 35.5048 -14.4785 9.5
      vertex 34.3472 -13.9333 9.5
      vertex 35.3787 -14.6889 9.5
    endloop
  endfacet
  facet normal -0 0 1
    outer loop
      vertex 34.2595 -14.0516 9.5
      vertex 35.3787 -14.6889 9.5
      vertex 34.3472 -13.9333 9.5
    endloop
  endfacet
  facet normal 0 0 1
    outer loop
      vertex 35.3787 -14.6889 9.5
      vertex 34.2595 -14.0516 9.5
      vertex 35.2325 -14.886 9.5
    endloop
  endfacet
  facet normal -0 0 1
    outer loop
      vertex 34.1606 -14.1606 9.5
      vertex 35.2325 -14.886 9.5
      vertex 34.2595 -14.0516 9.5
    endloop
  endfacet
  facet normal 0 0 1
    outer loop
      vertex 35.2325 -14.886 9.5
      vertex 34.1606 -14.1606 9.5
      vertex 35.0677 -15.0677 9.5
    endloop
  endfacet
  facet normal 0 0 1
    outer loop
      vertex 35.0677 -15.0677 9.5
      vertex 34.1606 -14.1606 9.5
      vertex 34.886 -15.2325 9.5
    endloop
  endfacet
  facet normal -0 0 1
    outer loop
      vertex 34.0516 -14.2595 9.5
      vertex 34.886 -15.2325 9.5
      vertex 34.1606 -14.1606 9.5
    endloop
  endfacet
  facet normal 0 0 1
    outer loop
      vertex 34.886 -15.2325 9.5
      vertex 34.0516 -14.2595 9.5
      vertex 34.6889 -15.3787 9.5
    endloop
  endfacet
  facet normal -0 0 1
    outer loop
      vertex 33.9333 -14.3472 9.5
      vertex 34.6889 -15.3787 9.5
      vertex 34.0516 -14.2595 9.5
    endloop
  endfacet
  facet normal 0 0 1
    outer loop
      vertex 34.6889 -15.3787 9.5
      vertex 33.9333 -14.3472 9.5
      vertex 34.4785 -15.5048 9.5
    endloop
  endfacet
  facet normal -0 0 1
    outer loop
      vertex 33.8071 -14.4229 9.5
      vertex 34.4785 -15.5048 9.5
      vertex 33.9333 -14.3472 9.5
    endloop
  endfacet
  facet normal 0 0 1
    outer loop
      vertex 34.4785 -15.5048 9.5
      vertex 33.8071 -14.4229 9.5
      vertex 34.2567 -15.6097 9.5
    endloop
  endfacet
  facet normal -0 0 1
    outer loop
      vertex 33.674 -14.4858 9.5
      vertex 34.2567 -15.6097 9.5
      vertex 33.8071 -14.4229 9.5
    endloop
  endfacet
  facet normal 0 0 1
    outer loop
      vertex 34.2567 -15.6097 9.5
      vertex 33.674 -14.4858 9.5
      vertex 34.0257 -15.6923 9.5
    endloop
  endfacet
  facet normal -0 0 1
    outer loop
      vertex 33.5354 -14.5354 9.5
      vertex 34.0257 -15.6923 9.5
      vertex 33.674 -14.4858 9.5
    endloop
  endfacet
  facet normal 0 0 1
    outer loop
      vertex 34.0257 -15.6923 9.5
      vertex 33.5354 -14.5354 9.5
      vertex 33.7877 -15.752 9.5
    endloop
  endfacet
  facet normal -0 0 1
    outer loop
      vertex 33.3926 -14.5712 9.5
      vertex 33.7877 -15.752 9.5
      vertex 33.5354 -14.5354 9.5
    endloop
  endfacet
  facet normal 0 0 1
    outer loop
      vertex 33.7877 -15.752 9.5
      vertex 33.3926 -14.5712 9.5
      vertex 33.545 -15.7879 9.5
    endloop
  endfacet
  facet normal -0 0 1
    outer loop
      vertex 33.247 -14.5928 9.5
      vertex 33.545 -15.7879 9.5
      vertex 33.3926 -14.5712 9.5
    endloop
  endfacet
  facet normal 0 0 1
    outer loop
      vertex 33.545 -15.7879 9.5
      vertex 33.247 -14.5928 9.5
      vertex 33.3 -15.8 9.5
    endloop
  endfacet
  facet normal -0 0 1
    outer loop
      vertex 33.1 -14.6 9.5
      vertex 33.3 -15.8 9.5
      vertex 33.247 -14.5928 9.5
    endloop
  endfacet
  facet normal -0 0 1
    outer loop
      vertex -33.1 -14.6 9.5
      vertex 33.3 -15.8 9.5
      vertex 33.1 -14.6 9.5
    endloop
  endfacet
  facet normal 0 0 1
    outer loop
      vertex -33.1 -14.6 9.5
      vertex -33.3 -15.8 9.5
      vertex 33.3 -15.8 9.5
    endloop
  endfacet
  facet normal 0 0 1
    outer loop
      vertex -33.247 -14.5928 9.5
      vertex -33.3 -15.8 9.5
      vertex -33.1 -14.6 9.5
    endloop
  endfacet
  facet normal 0 0 1
    outer loop
      vertex -33.545 -15.7879 9.5
      vertex -33.247 -14.5928 9.5
      vertex -33.3926 -14.5712 9.5
    endloop
  endfacet
  facet normal 0 0 1
    outer loop
      vertex -33.7877 -15.752 9.5
      vertex -33.3926 -14.5712 9.5
      vertex -33.5354 -14.5354 9.5
    endloop
  endfacet
  facet normal 0 0 1
    outer loop
      vertex -33.247 -14.5928 9.5
      vertex -33.545 -15.7879 9.5
      vertex -33.3 -15.8 9.5
    endloop
  endfacet
  facet normal 0 0 1
    outer loop
      vertex -34.0257 -15.6923 9.5
      vertex -33.5354 -14.5354 9.5
      vertex -33.674 -14.4858 9.5
    endloop
  endfacet
  facet normal 0 0 1
    outer loop
      vertex -33.3926 -14.5712 9.5
      vertex -33.7877 -15.752 9.5
      vertex -33.545 -15.7879 9.5
    endloop
  endfacet
  facet normal 0 0 1
    outer loop
      vertex -34.2567 -15.6097 9.5
      vertex -33.674 -14.4858 9.5
      vertex -33.8071 -14.4229 9.5
    endloop
  endfacet
  facet normal 0 0 1
    outer loop
      vertex -34.4785 -15.5048 9.5
      vertex -33.8071 -14.4229 9.5
      vertex -33.9333 -14.3472 9.5
    endloop
  endfacet
  facet normal 0 0 1
    outer loop
      vertex -33.5354 -14.5354 9.5
      vertex -34.0257 -15.6923 9.5
      vertex -33.7877 -15.752 9.5
    endloop
  endfacet
  facet normal 0 0 1
    outer loop
      vertex -34.6889 -15.3787 9.5
      vertex -33.9333 -14.3472 9.5
      vertex -34.0516 -14.2595 9.5
    endloop
  endfacet
  facet normal 0 0 1
    outer loop
      vertex -34.886 -15.2325 9.5
      vertex -34.0516 -14.2595 9.5
      vertex -34.1606 -14.1606 9.5
    endloop
  endfacet
  facet normal 0 0 1
    outer loop
      vertex -33.674 -14.4858 9.5
      vertex -34.2567 -15.6097 9.5
      vertex -34.0257 -15.6923 9.5
    endloop
  endfacet
  facet normal 0 0 1
    outer loop
      vertex -35.2325 -14.886 9.5
      vertex -34.1606 -14.1606 9.5
      vertex -34.2595 -14.0516 9.5
    endloop
  endfacet
  facet normal 0 0 1
    outer loop
      vertex -35.3787 -14.6889 9.5
      vertex -34.2595 -14.0516 9.5
      vertex -34.3472 -13.9333 9.5
    endloop
  endfacet
  facet normal 0 0 1
    outer loop
      vertex -35.5048 -14.4785 9.5
      vertex -34.3472 -13.9333 9.5
      vertex -34.4229 -13.8071 9.5
    endloop
  endfacet
  facet normal 0 0 1
    outer loop
      vertex -33.8071 -14.4229 9.5
      vertex -34.4785 -15.5048 9.5
      vertex -34.2567 -15.6097 9.5
    endloop
  endfacet
  facet normal 0 0 1
    outer loop
      vertex -35.6097 -14.2567 9.5
      vertex -34.4229 -13.8071 9.5
      vertex -34.4858 -13.674 9.5
    endloop
  endfacet
  facet normal 0 0 1
    outer loop
      vertex -35.6923 -14.0257 9.5
      vertex -34.4858 -13.674 9.5
      vertex -34.5354 -13.5354 9.5
    endloop
  endfacet
  facet normal 0 0 1
    outer loop
      vertex -35.752 -13.7877 9.5
      vertex -34.5354 -13.5354 9.5
      vertex -34.5712 -13.3926 9.5
    endloop
  endfacet
  facet normal 0 0 1
    outer loop
      vertex -35.7879 -13.545 9.5
      vertex -34.5712 -13.3926 9.5
      vertex -34.5928 -13.247 9.5
    endloop
  endfacet
  facet normal -0 0 0
    outer loop
      vertex -34.6 -6.5 9.5
      vertex -34.6 -13.1 9.5
      vertex -34.6 6.5 9.5
    endloop
  endfacet
  facet normal 0 0 1
    outer loop
      vertex -33.9333 -14.3472 9.5
      vertex -34.6889 -15.3787 9.5
      vertex -34.4785 -15.5048 9.5
    endloop
  endfacet
  facet normal 0 0 1
    outer loop
      vertex -35.8 -13.3 9.5
      vertex -34.5928 -13.247 9.5
      vertex -34.6 -13.1 9.5
    endloop
  endfacet
  facet normal -0 0 1
    outer loop
      vertex -35.8 -6.5 9.5
      vertex -34.6 -13.1 9.5
      vertex -34.6 -6.5 9.5
    endloop
  endfacet
  facet normal 0 0 1
    outer loop
      vertex -34.5928 -13.247 9.5
      vertex -35.8 -13.3 9.5
      vertex -35.7879 -13.545 9.5
    endloop
  endfacet
  facet normal 0 0 1
    outer loop
      vertex -34.0516 -14.2595 9.5
      vertex -34.886 -15.2325 9.5
      vertex -34.6889 -15.3787 9.5
    endloop
  endfacet
  facet normal 0 0 1
    outer loop
      vertex -34.1606 -14.1606 9.5
      vertex -35.0677 -15.0677 9.5
      vertex -34.886 -15.2325 9.5
    endloop
  endfacet
  facet normal 0 0 1
    outer loop
      vertex -34.1606 -14.1606 9.5
      vertex -35.2325 -14.886 9.5
      vertex -35.0677 -15.0677 9.5
    endloop
  endfacet
  facet normal 0 0 1
    outer loop
      vertex -34.2595 -14.0516 9.5
      vertex -35.3787 -14.6889 9.5
      vertex -35.2325 -14.886 9.5
    endloop
  endfacet
  facet normal 0 0 1
    outer loop
      vertex -34.3472 -13.9333 9.5
      vertex -35.5048 -14.4785 9.5
      vertex -35.3787 -14.6889 9.5
    endloop
  endfacet
  facet normal 0 0 1
    outer loop
      vertex -34.4229 -13.8071 9.5
      vertex -35.6097 -14.2567 9.5
      vertex -35.5048 -14.4785 9.5
    endloop
  endfacet
  facet normal 0 0 1
    outer loop
      vertex -34.4858 -13.674 9.5
      vertex -35.6923 -14.0257 9.5
      vertex -35.6097 -14.2567 9.5
    endloop
  endfacet
  facet normal 0 0 1
    outer loop
      vertex -34.5354 -13.5354 9.5
      vertex -35.752 -13.7877 9.5
      vertex -35.6923 -14.0257 9.5
    endloop
  endfacet
  facet normal 0 0 1
    outer loop
      vertex -34.6 -13.1 9.5
      vertex -35.8 -6.5 9.5
      vertex -35.8 -13.3 9.5
    endloop
  endfacet
  facet normal 0 0 1
    outer loop
      vertex -34.5712 -13.3926 9.5
      vertex -35.7879 -13.545 9.5
      vertex -35.752 -13.7877 9.5
    endloop
  endfacet
  facet normal 0.903995 -0.427543 0
    outer loop
      vertex -35.6097 14.2567 11
      vertex -35.5048 14.4785 9.5
      vertex -35.5048 14.4785 11
    endloop
  endfacet
  facet normal 0.903995 -0.427543 0
    outer loop
      vertex -35.5048 14.4785 9.5
      vertex -35.6097 14.2567 11
      vertex -35.6097 14.2567 9.5
    endloop
  endfacet
  facet normal 0 1 -0
    outer loop
      vertex 33.3 -15.8 9.5
      vertex -33.3 -15.8 11
      vertex 33.3 -15.8 11
    endloop
  endfacet
  facet normal 0 1 0
    outer loop
      vertex -33.3 -15.8 11
      vertex 33.3 -15.8 9.5
      vertex -33.3 -15.8 9.5
    endloop
  endfacet
  facet normal 0.740714 -0.67182 0
    outer loop
      vertex -35.2325 14.886 11
      vertex -35.0677 15.0677 9.5
      vertex -35.0677 15.0677 11
    endloop
  endfacet
  facet normal 0.740714 -0.67182 0
    outer loop
      vertex -35.0677 15.0677 9.5
      vertex -35.2325 14.886 11
      vertex -35.2325 14.886 9.5
    endloop
  endfacet
  facet normal -0.998783 0.0493276 0
    outer loop
      vertex 35.7879 -13.545 9.5
      vertex 35.8 -13.3 11
      vertex 35.8 -13.3 9.5
    endloop
  endfacet
  facet normal -0.998783 0.0493276 0
    outer loop
      vertex 35.8 -13.3 11
      vertex 35.7879 -13.545 9.5
      vertex 35.7879 -13.545 11
    endloop
  endfacet
  facet normal 0.336698 -0.941613 0
    outer loop
      vertex -34.2567 15.6097 9.5
      vertex -34.0257 15.6923 11
      vertex -34.2567 15.6097 11
    endloop
  endfacet
  facet normal 0.336698 -0.941613 0
    outer loop
      vertex -34.0257 15.6923 11
      vertex -34.2567 15.6097 9.5
      vertex -34.0257 15.6923 9.5
    endloop
  endfacet
  facet normal 1 -0 0
    outer loop
      vertex -35.8 -13.3 11
      vertex -35.8 -6.5 9.5
      vertex -35.8 -6.5 11
    endloop
  endfacet
  facet normal 1 0 0
    outer loop
      vertex -35.8 -6.5 9.5
      vertex -35.8 -13.3 11
      vertex -35.8 -13.3 9.5
    endloop
  endfacet
  facet normal 1 -0 0
    outer loop
      vertex -35.8 6.5 11
      vertex -35.8 13.3 9.5
      vertex -35.8 13.3 11
    endloop
  endfacet
  facet normal 1 0 0
    outer loop
      vertex -35.8 13.3 9.5
      vertex -35.8 6.5 11
      vertex -35.8 6.5 9.5
    endloop
  endfacet
  facet normal 0.0493276 0.998783 -0
    outer loop
      vertex -33.3 -15.8 9.5
      vertex -33.545 -15.7879 11
      vertex -33.3 -15.8 11
    endloop
  endfacet
  facet normal 0.0493276 0.998783 0
    outer loop
      vertex -33.545 -15.7879 11
      vertex -33.3 -15.8 9.5
      vertex -33.545 -15.7879 9.5
    endloop
  endfacet
  facet normal -0.989236 -0.146327 0
    outer loop
      vertex 35.7879 13.545 9.5
      vertex 35.752 13.7877 11
      vertex 35.752 13.7877 9.5
    endloop
  endfacet
  facet normal -0.989236 -0.146327 0
    outer loop
      vertex 35.752 13.7877 11
      vertex 35.7879 13.545 9.5
      vertex 35.7879 13.545 11
    endloop
  endfacet
  facet normal 0.243303 -0.96995 0
    outer loop
      vertex -34.0257 15.6923 9.5
      vertex -33.7877 15.752 11
      vertex -34.0257 15.6923 11
    endloop
  endfacet
  facet normal 0.243303 -0.96995 0
    outer loop
      vertex -33.7877 15.752 11
      vertex -34.0257 15.6923 9.5
      vertex -33.7877 15.752 9.5
    endloop
  endfacet
  facet normal 0.146327 -0.989236 0
    outer loop
      vertex -33.7877 15.752 9.5
      vertex -33.545 15.7879 11
      vertex -33.7877 15.752 11
    endloop
  endfacet
  facet normal 0.146327 -0.989236 0
    outer loop
      vertex -33.545 15.7879 11
      vertex -33.7877 15.752 9.5
      vertex -33.545 15.7879 9.5
    endloop
  endfacet
  facet normal 0.67182 -0.740714 0
    outer loop
      vertex -35.0677 15.0677 9.5
      vertex -34.886 15.2325 11
      vertex -35.0677 15.0677 11
    endloop
  endfacet
  facet normal 0.67182 -0.740714 0
    outer loop
      vertex -34.886 15.2325 11
      vertex -35.0677 15.0677 9.5
      vertex -34.886 15.2325 9.5
    endloop
  endfacet
  facet normal -0.427543 -0.903995 0
    outer loop
      vertex 34.2567 15.6097 9.5
      vertex 34.4785 15.5048 11
      vertex 34.2567 15.6097 11
    endloop
  endfacet
  facet normal -0.427543 -0.903995 -0
    outer loop
      vertex 34.4785 15.5048 11
      vertex 34.2567 15.6097 9.5
      vertex 34.4785 15.5048 9.5
    endloop
  endfacet
  facet normal 0.146327 0.989236 -0
    outer loop
      vertex -33.545 -15.7879 9.5
      vertex -33.7877 -15.752 11
      vertex -33.545 -15.7879 11
    endloop
  endfacet
  facet normal 0.146327 0.989236 0
    outer loop
      vertex -33.7877 -15.752 11
      vertex -33.545 -15.7879 9.5
      vertex -33.7877 -15.752 9.5
    endloop
  endfacet
  facet normal 0.336698 0.941613 -0
    outer loop
      vertex -34.0257 -15.6923 9.5
      vertex -34.2567 -15.6097 11
      vertex -34.0257 -15.6923 11
    endloop
  endfacet
  facet normal 0.336698 0.941613 0
    outer loop
      vertex -34.2567 -15.6097 11
      vertex -34.0257 -15.6923 9.5
      vertex -34.2567 -15.6097 9.5
    endloop
  endfacet
  facet normal 0.803167 -0.595754 0
    outer loop
      vertex -35.3787 14.6889 11
      vertex -35.2325 14.886 9.5
      vertex -35.2325 14.886 11
    endloop
  endfacet
  facet normal 0.803167 -0.595754 0
    outer loop
      vertex -35.2325 14.886 9.5
      vertex -35.3787 14.6889 11
      vertex -35.3787 14.6889 9.5
    endloop
  endfacet
  facet normal 0.514076 0.857745 -0
    outer loop
      vertex -34.4785 -15.5048 9.5
      vertex -34.6889 -15.3787 11
      vertex -34.4785 -15.5048 11
    endloop
  endfacet
  facet normal 0.514076 0.857745 0
    outer loop
      vertex -34.6889 -15.3787 11
      vertex -34.4785 -15.5048 9.5
      vertex -34.6889 -15.3787 9.5
    endloop
  endfacet
  facet normal 0.903995 0.427543 0
    outer loop
      vertex -35.5048 -14.4785 11
      vertex -35.6097 -14.2567 9.5
      vertex -35.6097 -14.2567 11
    endloop
  endfacet
  facet normal 0.903995 0.427543 0
    outer loop
      vertex -35.6097 -14.2567 9.5
      vertex -35.5048 -14.4785 11
      vertex -35.5048 -14.4785 9.5
    endloop
  endfacet
  facet normal 0.96995 0.243303 0
    outer loop
      vertex -35.6923 -14.0257 11
      vertex -35.752 -13.7877 9.5
      vertex -35.752 -13.7877 11
    endloop
  endfacet
  facet normal 0.96995 0.243303 0
    outer loop
      vertex -35.752 -13.7877 9.5
      vertex -35.6923 -14.0257 11
      vertex -35.6923 -14.0257 9.5
    endloop
  endfacet
  facet normal -0.0493276 0.998783 0
    outer loop
      vertex 33.545 -15.7879 9.5
      vertex 33.3 -15.8 11
      vertex 33.545 -15.7879 11
    endloop
  endfacet
  facet normal -0.0493276 0.998783 0
    outer loop
      vertex 33.3 -15.8 11
      vertex 33.545 -15.7879 9.5
      vertex 33.3 -15.8 9.5
    endloop
  endfacet
  facet normal -0.857745 0.514076 0
    outer loop
      vertex 35.3787 -14.6889 9.5
      vertex 35.5048 -14.4785 11
      vertex 35.5048 -14.4785 9.5
    endloop
  endfacet
  facet normal -0.857745 0.514076 0
    outer loop
      vertex 35.5048 -14.4785 11
      vertex 35.3787 -14.6889 9.5
      vertex 35.3787 -14.6889 11
    endloop
  endfacet
  facet normal -0.903995 -0.427543 0
    outer loop
      vertex 35.6097 14.2567 9.5
      vertex 35.5048 14.4785 11
      vertex 35.5048 14.4785 9.5
    endloop
  endfacet
  facet normal -0.903995 -0.427543 0
    outer loop
      vertex 35.5048 14.4785 11
      vertex 35.6097 14.2567 9.5
      vertex 35.6097 14.2567 11
    endloop
  endfacet
  facet normal 0.243303 0.96995 -0
    outer loop
      vertex -33.7877 -15.752 9.5
      vertex -34.0257 -15.6923 11
      vertex -33.7877 -15.752 11
    endloop
  endfacet
  facet normal 0.243303 0.96995 0
    outer loop
      vertex -34.0257 -15.6923 11
      vertex -33.7877 -15.752 9.5
      vertex -34.0257 -15.6923 9.5
    endloop
  endfacet
  facet normal -0.740714 0.67182 0
    outer loop
      vertex 35.0677 -15.0677 9.5
      vertex 35.2325 -14.886 11
      vertex 35.2325 -14.886 9.5
    endloop
  endfacet
  facet normal -0.740714 0.67182 0
    outer loop
      vertex 35.2325 -14.886 11
      vertex 35.0677 -15.0677 9.5
      vertex 35.0677 -15.0677 11
    endloop
  endfacet
  facet normal 0.857745 -0.514076 0
    outer loop
      vertex -35.5048 14.4785 11
      vertex -35.3787 14.6889 9.5
      vertex -35.3787 14.6889 11
    endloop
  endfacet
  facet normal 0.857745 -0.514076 0
    outer loop
      vertex -35.3787 14.6889 9.5
      vertex -35.5048 14.4785 11
      vertex -35.5048 14.4785 9.5
    endloop
  endfacet
  facet normal 0.998783 -0.0493276 0
    outer loop
      vertex -35.8 13.3 11
      vertex -35.7879 13.545 9.5
      vertex -35.7879 13.545 11
    endloop
  endfacet
  facet normal 0.998783 -0.0493276 0
    outer loop
      vertex -35.7879 13.545 9.5
      vertex -35.8 13.3 11
      vertex -35.8 13.3 9.5
    endloop
  endfacet
  facet normal 0.427543 -0.903995 0
    outer loop
      vertex -34.4785 15.5048 9.5
      vertex -34.2567 15.6097 11
      vertex -34.4785 15.5048 11
    endloop
  endfacet
  facet normal 0.427543 -0.903995 0
    outer loop
      vertex -34.2567 15.6097 11
      vertex -34.4785 15.5048 9.5
      vertex -34.2567 15.6097 9.5
    endloop
  endfacet
  facet normal 0.595754 0.803167 -0
    outer loop
      vertex -34.6889 -15.3787 9.5
      vertex -34.886 -15.2325 11
      vertex -34.6889 -15.3787 11
    endloop
  endfacet
  facet normal 0.595754 0.803167 0
    outer loop
      vertex -34.886 -15.2325 11
      vertex -34.6889 -15.3787 9.5
      vertex -34.886 -15.2325 9.5
    endloop
  endfacet
  facet normal -1 0 0
    outer loop
      vertex 35.8 -13.3 9.5
      vertex 35.8 13.3 11
      vertex 35.8 13.3 9.5
    endloop
  endfacet
  facet normal -1 -0 0
    outer loop
      vertex 35.8 13.3 11
      vertex 35.8 -13.3 9.5
      vertex 35.8 -13.3 11
    endloop
  endfacet
  facet normal -0.803167 0.595754 0
    outer loop
      vertex 35.2325 -14.886 9.5
      vertex 35.3787 -14.6889 11
      vertex 35.3787 -14.6889 9.5
    endloop
  endfacet
  facet normal -0.803167 0.595754 0
    outer loop
      vertex 35.3787 -14.6889 11
      vertex 35.2325 -14.886 9.5
      vertex 35.2325 -14.886 11
    endloop
  endfacet
  facet normal 0.427543 0.903995 -0
    outer loop
      vertex -34.2567 -15.6097 9.5
      vertex -34.4785 -15.5048 11
      vertex -34.2567 -15.6097 11
    endloop
  endfacet
  facet normal 0.427543 0.903995 0
    outer loop
      vertex -34.4785 -15.5048 11
      vertex -34.2567 -15.6097 9.5
      vertex -34.4785 -15.5048 9.5
    endloop
  endfacet
  facet normal 0.941613 0.336698 0
    outer loop
      vertex -35.6097 -14.2567 11
      vertex -35.6923 -14.0257 9.5
      vertex -35.6923 -14.0257 11
    endloop
  endfacet
  facet normal 0.941613 0.336698 0
    outer loop
      vertex -35.6923 -14.0257 9.5
      vertex -35.6097 -14.2567 11
      vertex -35.6097 -14.2567 9.5
    endloop
  endfacet
  facet normal -0.96995 -0.243303 0
    outer loop
      vertex 35.752 13.7877 9.5
      vertex 35.6923 14.0257 11
      vertex 35.6923 14.0257 9.5
    endloop
  endfacet
  facet normal -0.96995 -0.243303 0
    outer loop
      vertex 35.6923 14.0257 11
      vertex 35.752 13.7877 9.5
      vertex 35.752 13.7877 11
    endloop
  endfacet
  facet normal -0.803167 -0.595754 0
    outer loop
      vertex 35.3787 14.6889 9.5
      vertex 35.2325 14.886 11
      vertex 35.2325 14.886 9.5
    endloop
  endfacet
  facet normal -0.803167 -0.595754 0
    outer loop
      vertex 35.2325 14.886 11
      vertex 35.3787 14.6889 9.5
      vertex 35.3787 14.6889 11
    endloop
  endfacet
  facet normal 0.989236 0.146327 0
    outer loop
      vertex -35.752 -13.7877 11
      vertex -35.7879 -13.545 9.5
      vertex -35.7879 -13.545 11
    endloop
  endfacet
  facet normal 0.989236 0.146327 0
    outer loop
      vertex -35.7879 -13.545 9.5
      vertex -35.752 -13.7877 11
      vertex -35.752 -13.7877 9.5
    endloop
  endfacet
  facet normal 0.803167 0.595754 0
    outer loop
      vertex -35.2325 -14.886 11
      vertex -35.3787 -14.6889 9.5
      vertex -35.3787 -14.6889 11
    endloop
  endfacet
  facet normal 0.803167 0.595754 0
    outer loop
      vertex -35.3787 -14.6889 9.5
      vertex -35.2325 -14.886 11
      vertex -35.2325 -14.886 9.5
    endloop
  endfacet
  facet normal -0.336698 -0.941613 0
    outer loop
      vertex 34.0257 15.6923 9.5
      vertex 34.2567 15.6097 11
      vertex 34.0257 15.6923 11
    endloop
  endfacet
  facet normal -0.336698 -0.941613 -0
    outer loop
      vertex 34.2567 15.6097 11
      vertex 34.0257 15.6923 9.5
      vertex 34.2567 15.6097 9.5
    endloop
  endfacet
  facet normal -0.96995 0.243303 0
    outer loop
      vertex 35.6923 -14.0257 9.5
      vertex 35.752 -13.7877 11
      vertex 35.752 -13.7877 9.5
    endloop
  endfacet
  facet normal -0.96995 0.243303 0
    outer loop
      vertex 35.752 -13.7877 11
      vertex 35.6923 -14.0257 9.5
      vertex 35.6923 -14.0257 11
    endloop
  endfacet
  facet normal -0.146327 0.989236 0
    outer loop
      vertex 33.7877 -15.752 9.5
      vertex 33.545 -15.7879 11
      vertex 33.7877 -15.752 11
    endloop
  endfacet
  facet normal -0.146327 0.989236 0
    outer loop
      vertex 33.545 -15.7879 11
      vertex 33.7877 -15.752 9.5
      vertex 33.545 -15.7879 9.5
    endloop
  endfacet
  facet normal -0.336698 0.941613 0
    outer loop
      vertex 34.2567 -15.6097 9.5
      vertex 34.0257 -15.6923 11
      vertex 34.2567 -15.6097 11
    endloop
  endfacet
  facet normal -0.336698 0.941613 0
    outer loop
      vertex 34.0257 -15.6923 11
      vertex 34.2567 -15.6097 9.5
      vertex 34.0257 -15.6923 9.5
    endloop
  endfacet
  facet normal -0.243303 0.96995 0
    outer loop
      vertex 34.0257 -15.6923 9.5
      vertex 33.7877 -15.752 11
      vertex 34.0257 -15.6923 11
    endloop
  endfacet
  facet normal -0.243303 0.96995 0
    outer loop
      vertex 33.7877 -15.752 11
      vertex 34.0257 -15.6923 9.5
      vertex 33.7877 -15.752 9.5
    endloop
  endfacet
  facet normal 0.96995 -0.243303 0
    outer loop
      vertex -35.752 13.7877 11
      vertex -35.6923 14.0257 9.5
      vertex -35.6923 14.0257 11
    endloop
  endfacet
  facet normal 0.96995 -0.243303 0
    outer loop
      vertex -35.6923 14.0257 9.5
      vertex -35.752 13.7877 11
      vertex -35.752 13.7877 9.5
    endloop
  endfacet
  facet normal -0.740714 -0.67182 0
    outer loop
      vertex 35.2325 14.886 9.5
      vertex 35.0677 15.0677 11
      vertex 35.0677 15.0677 9.5
    endloop
  endfacet
  facet normal -0.740714 -0.67182 0
    outer loop
      vertex 35.0677 15.0677 11
      vertex 35.2325 14.886 9.5
      vertex 35.2325 14.886 11
    endloop
  endfacet
  facet normal -0.989236 0.146327 0
    outer loop
      vertex 35.752 -13.7877 9.5
      vertex 35.7879 -13.545 11
      vertex 35.7879 -13.545 9.5
    endloop
  endfacet
  facet normal -0.989236 0.146327 0
    outer loop
      vertex 35.7879 -13.545 11
      vertex 35.752 -13.7877 9.5
      vertex 35.752 -13.7877 11
    endloop
  endfacet
  facet normal -0.514076 -0.857745 0
    outer loop
      vertex 34.4785 15.5048 9.5
      vertex 34.6889 15.3787 11
      vertex 34.4785 15.5048 11
    endloop
  endfacet
  facet normal -0.514076 -0.857745 -0
    outer loop
      vertex 34.6889 15.3787 11
      vertex 34.4785 15.5048 9.5
      vertex 34.6889 15.3787 9.5
    endloop
  endfacet
  facet normal 0.998783 0.0493276 0
    outer loop
      vertex -35.7879 -13.545 11
      vertex -35.8 -13.3 9.5
      vertex -35.8 -13.3 11
    endloop
  endfacet
  facet normal 0.998783 0.0493276 0
    outer loop
      vertex -35.8 -13.3 9.5
      vertex -35.7879 -13.545 11
      vertex -35.7879 -13.545 9.5
    endloop
  endfacet
  facet normal 0.941613 -0.336698 0
    outer loop
      vertex -35.6923 14.0257 11
      vertex -35.6097 14.2567 9.5
      vertex -35.6097 14.2567 11
    endloop
  endfacet
  facet normal 0.941613 -0.336698 0
    outer loop
      vertex -35.6097 14.2567 9.5
      vertex -35.6923 14.0257 11
      vertex -35.6923 14.0257 9.5
    endloop
  endfacet
  facet normal 0.989236 -0.146327 0
    outer loop
      vertex -35.7879 13.545 11
      vertex -35.752 13.7877 9.5
      vertex -35.752 13.7877 11
    endloop
  endfacet
  facet normal 0.989236 -0.146327 0
    outer loop
      vertex -35.752 13.7877 9.5
      vertex -35.7879 13.545 11
      vertex -35.7879 13.545 9.5
    endloop
  endfacet
  facet normal -0.514076 0.857745 0
    outer loop
      vertex 34.6889 -15.3787 9.5
      vertex 34.4785 -15.5048 11
      vertex 34.6889 -15.3787 11
    endloop
  endfacet
  facet normal -0.514076 0.857745 0
    outer loop
      vertex 34.4785 -15.5048 11
      vertex 34.6889 -15.3787 9.5
      vertex 34.4785 -15.5048 9.5
    endloop
  endfacet
  facet normal 0.595754 -0.803167 0
    outer loop
      vertex -34.886 15.2325 9.5
      vertex -34.6889 15.3787 11
      vertex -34.886 15.2325 11
    endloop
  endfacet
  facet normal 0.595754 -0.803167 0
    outer loop
      vertex -34.6889 15.3787 11
      vertex -34.886 15.2325 9.5
      vertex -34.6889 15.3787 9.5
    endloop
  endfacet
  facet normal 0.857745 0.514076 0
    outer loop
      vertex -35.3787 -14.6889 11
      vertex -35.5048 -14.4785 9.5
      vertex -35.5048 -14.4785 11
    endloop
  endfacet
  facet normal 0.857745 0.514076 0
    outer loop
      vertex -35.5048 -14.4785 9.5
      vertex -35.3787 -14.6889 11
      vertex -35.3787 -14.6889 9.5
    endloop
  endfacet
  facet normal -0.941613 -0.336698 0
    outer loop
      vertex 35.6923 14.0257 9.5
      vertex 35.6097 14.2567 11
      vertex 35.6097 14.2567 9.5
    endloop
  endfacet
  facet normal -0.941613 -0.336698 0
    outer loop
      vertex 35.6097 14.2567 11
      vertex 35.6923 14.0257 9.5
      vertex 35.6923 14.0257 11
    endloop
  endfacet
  facet normal -0.427543 0.903995 0
    outer loop
      vertex 34.4785 -15.5048 9.5
      vertex 34.2567 -15.6097 11
      vertex 34.4785 -15.5048 11
    endloop
  endfacet
  facet normal -0.427543 0.903995 0
    outer loop
      vertex 34.2567 -15.6097 11
      vertex 34.4785 -15.5048 9.5
      vertex 34.2567 -15.6097 9.5
    endloop
  endfacet
  facet normal -0.595754 0.803167 0
    outer loop
      vertex 34.886 -15.2325 9.5
      vertex 34.6889 -15.3787 11
      vertex 34.886 -15.2325 11
    endloop
  endfacet
  facet normal -0.595754 0.803167 0
    outer loop
      vertex 34.6889 -15.3787 11
      vertex 34.886 -15.2325 9.5
      vertex 34.6889 -15.3787 9.5
    endloop
  endfacet
  facet normal 0.67182 0.740714 -0
    outer loop
      vertex -34.886 -15.2325 9.5
      vertex -35.0677 -15.0677 11
      vertex -34.886 -15.2325 11
    endloop
  endfacet
  facet normal 0.67182 0.740714 0
    outer loop
      vertex -35.0677 -15.0677 11
      vertex -34.886 -15.2325 9.5
      vertex -35.0677 -15.0677 9.5
    endloop
  endfacet
  facet normal 0.740714 0.67182 0
    outer loop
      vertex -35.0677 -15.0677 11
      vertex -35.2325 -14.886 9.5
      vertex -35.2325 -14.886 11
    endloop
  endfacet
  facet normal 0.740714 0.67182 0
    outer loop
      vertex -35.2325 -14.886 9.5
      vertex -35.0677 -15.0677 11
      vertex -35.0677 -15.0677 9.5
    endloop
  endfacet
  facet normal -0.903995 0.427543 0
    outer loop
      vertex 35.5048 -14.4785 9.5
      vertex 35.6097 -14.2567 11
      vertex 35.6097 -14.2567 9.5
    endloop
  endfacet
  facet normal -0.903995 0.427543 0
    outer loop
      vertex 35.6097 -14.2567 11
      vertex 35.5048 -14.4785 9.5
      vertex 35.5048 -14.4785 11
    endloop
  endfacet
  facet normal -0.998783 -0.0493276 0
    outer loop
      vertex 35.8 13.3 9.5
      vertex 35.7879 13.545 11
      vertex 35.7879 13.545 9.5
    endloop
  endfacet
  facet normal -0.998783 -0.0493276 0
    outer loop
      vertex 35.7879 13.545 11
      vertex 35.8 13.3 9.5
      vertex 35.8 13.3 11
    endloop
  endfacet
  facet normal -0.67182 -0.740714 0
    outer loop
      vertex 34.886 15.2325 9.5
      vertex 35.0677 15.0677 11
      vertex 34.886 15.2325 11
    endloop
  endfacet
  facet normal -0.67182 -0.740714 -0
    outer loop
      vertex 35.0677 15.0677 11
      vertex 34.886 15.2325 9.5
      vertex 35.0677 15.0677 9.5
    endloop
  endfacet
  facet normal -0.67182 0.740714 0
    outer loop
      vertex 35.0677 -15.0677 9.5
      vertex 34.886 -15.2325 11
      vertex 35.0677 -15.0677 11
    endloop
  endfacet
  facet normal -0.67182 0.740714 0
    outer loop
      vertex 34.886 -15.2325 11
      vertex 35.0677 -15.0677 9.5
      vertex 34.886 -15.2325 9.5
    endloop
  endfacet
  facet normal -0.857745 -0.514076 0
    outer loop
      vertex 35.5048 14.4785 9.5
      vertex 35.3787 14.6889 11
      vertex 35.3787 14.6889 9.5
    endloop
  endfacet
  facet normal -0.857745 -0.514076 0
    outer loop
      vertex 35.3787 14.6889 11
      vertex 35.5048 14.4785 9.5
      vertex 35.5048 14.4785 11
    endloop
  endfacet
  facet normal -0.941613 0.336698 0
    outer loop
      vertex 35.6097 -14.2567 9.5
      vertex 35.6923 -14.0257 11
      vertex 35.6923 -14.0257 9.5
    endloop
  endfacet
  facet normal -0.941613 0.336698 0
    outer loop
      vertex 35.6923 -14.0257 11
      vertex 35.6097 -14.2567 9.5
      vertex 35.6097 -14.2567 11
    endloop
  endfacet
  facet normal -0.595754 -0.803167 0
    outer loop
      vertex 34.6889 15.3787 9.5
      vertex 34.886 15.2325 11
      vertex 34.6889 15.3787 11
    endloop
  endfacet
  facet normal -0.595754 -0.803167 -0
    outer loop
      vertex 34.886 15.2325 11
      vertex 34.6889 15.3787 9.5
      vertex 34.886 15.2325 9.5
    endloop
  endfacet
  facet normal 0.514076 -0.857745 0
    outer loop
      vertex -34.6889 15.3787 9.5
      vertex -34.4785 15.5048 11
      vertex -34.6889 15.3787 11
    endloop
  endfacet
  facet normal 0.514076 -0.857745 0
    outer loop
      vertex -34.4785 15.5048 11
      vertex -34.6889 15.3787 9.5
      vertex -34.4785 15.5048 9.5
    endloop
  endfacet
  facet normal -1 0 0
    outer loop
      vertex -34.6 -6.5 9.35
      vertex -34.6 6.5 9.5
      vertex -34.6 6.5 9.35
    endloop
  endfacet
  facet normal -1 -0 0
    outer loop
      vertex -34.6 6.5 9.5
      vertex -34.6 -6.5 9.35
      vertex -34.6 -6.5 9.5
    endloop
  endfacet
  facet normal -0 0 1
    outer loop
      vertex -36.6 6.5 9.35
      vertex -34.6 -6.5 9.35
      vertex -34.6 6.5 9.35
    endloop
  endfacet
  facet normal 0 0 1
    outer loop
      vertex -34.6 -6.5 9.35
      vertex -36.6 6.5 9.35
      vertex -36.6 -6.5 9.35
    endloop
  endfacet
  facet normal 0 1 0
    outer loop
      vertex -34.6 -6.5 9.5
      vertex -34.6 -6.5 9.35
      vertex -35.8 -6.5 9.5
    endloop
  endfacet
  facet normal 0 1 -0
    outer loop
      vertex -35.8 -6.5 9.5
      vertex -36.6 -6.5 11
      vertex -35.8 -6.5 11
    endloop
  endfacet
  facet normal 0 1 0
    outer loop
      vertex -35.8 -6.5 9.5
      vertex -36.6 -6.5 9.35
      vertex -36.6 -6.5 11
    endloop
  endfacet
  facet normal 0 1 0
    outer loop
      vertex -36.6 -6.5 9.35
      vertex -35.8 -6.5 9.5
      vertex -34.6 -6.5 9.35
    endloop
  endfacet
  facet normal 0 -1 0
    outer loop
      vertex -36.6 6.5 11
      vertex -35.8 6.5 9.5
      vertex -35.8 6.5 11
    endloop
  endfacet
  facet normal 0 -1 0
    outer loop
      vertex -36.6 6.5 9.35
      vertex -35.8 6.5 9.5
      vertex -36.6 6.5 11
    endloop
  endfacet
  facet normal 0 -1 0
    outer loop
      vertex -34.6 6.5 9.35
      vertex -35.8 6.5 9.5
      vertex -36.6 6.5 9.35
    endloop
  endfacet
  facet normal 0 -1 0
    outer loop
      vertex -35.8 6.5 9.5
      vertex -34.6 6.5 9.35
      vertex -34.6 6.5 9.5
    endloop
  endfacet
endsolid OpenSCAD_Model
